timestamp,pos_x,pos_y,pos_z,force_x,force_y,force_z,adm_disp_x,adm_disp_y,adm_disp_z,adm_vel_x,adm_vel_y,adm_vel_z,ee_des_x,ee_des_y,ee_des_z,ee_vel_cmd_x,ee_vel_cmd_y,ee_vel_cmd_z,qdot_cmd_norm,tau_norm,tau_max_abs,base_x,base_y,base_yaw,base_ref_x,base_ref_y,base_ref_yaw,base_vel_cmd_x,base_vel_cmd_y,base_vel_cmd_yaw
1778249173.144106,0.641279,0.271970,0.956928,0.0000,0.0000,0.0000,0.000000,0.000000,0.000000,0.000000,0.000000,0.000000,0.641226,0.271923,0.956902,-0.000395,-0.000358,-0.000193,0.001006,40.654889,40.013293,-3.003441,1.996420,-1.572630,0.000000,0.000000,0.000000,0.000000,0.000000,0.000000
1778249173.154066,0.641279,0.271970,0.956927,0.0000,0.0000,0.0000,0.000000,0.000000,0.000000,0.000000,0.000000,0.000000,0.641226,0.271923,0.956902,-0.000397,-0.000355,-0.000189,0.000990,40.656766,40.012212,-3.003442,1.996409,-1.572617,0.000000,0.000000,0.000000,0.000000,0.000000,0.000000
1778249173.164209,0.641277,0.271970,0.956928,0.0000,0.0000,0.0000,0.000000,0.000000,0.000000,0.000000,0.000000,0.000000,0.641226,0.271923,0.956902,-0.000382,-0.000351,-0.000190,0.000972,40.654575,40.011282,-3.003443,1.996396,-1.572601,0.000000,0.000000,0.000000,0.000000,0.000000,0.000000
1778249173.174194,0.641273,0.271970,0.956928,0.0000,0.0000,0.0000,0.000000,0.000000,0.000000,0.000000,0.000000,0.000000,0.641226,0.271923,0.956902,-0.000382,-0.000351,-0.000190,0.000972,40.654575,40.011282,-3.003444,1.996384,-1.572590,0.000000,0.000000,0.000000,0.000000,0.000000,0.000000
1778249173.184553,0.641272,0.271969,0.956928,0.0000,0.0000,0.0000,0.000000,0.000000,0.000000,0.000000,0.000000,0.000000,0.641226,0.271923,0.956902,-0.000351,-0.000352,-0.000194,0.000949,40.657798,40.014923,-3.003445,1.996373,-1.572578,0.000000,0.000000,0.000000,0.000000,0.000000,0.000000
1778249173.194252,0.641269,0.271969,0.956928,0.0000,0.0000,0.0000,0.000000,0.000000,0.000000,0.000000,0.000000,0.000000,0.641226,0.271923,0.956902,-0.000340,-0.000348,-0.000192,0.000928,40.655222,40.013340,-3.003446,1.996361,-1.572566,0.000000,0.000000,0.000000,0.000000,0.000000,0.000000
1778249173.204429,0.641261,0.271967,0.956930,0.0000,0.0000,0.0000,0.000000,0.000000,0.000000,0.000000,0.000000,0.000000,0.641226,0.271923,0.956902,-0.000259,-0.000332,-0.000207,0.000868,40.662395,40.021874,-3.003446,1.996345,-1.572555,0.000000,0.000000,0.000000,0.000000,0.000000,0.000000
1778249173.214186,0.641258,0.271968,0.956928,0.0000,0.0000,0.0000,0.000000,0.000000,0.000000,0.000000,0.000000,0.000000,0.641226,0.271923,0.956902,-0.000259,-0.000332,-0.000207,0.000868,40.662395,40.021874,-3.003447,1.996332,-1.572542,0.000000,0.000000,0.000000,0.000000,0.000000,0.000000
1778249173.224428,0.641259,0.271968,0.956926,0.0000,0.0000,0.0000,0.000000,0.000000,0.000000,0.000000,0.000000,0.000000,0.641226,0.271923,0.956902,-0.000244,-0.000341,-0.000180,0.000811,40.659380,40.014572,-3.003448,1.996320,-1.572529,0.000000,0.000000,0.000000,0.000000,0.000000,0.000000
1778249173.234292,0.641259,0.271967,0.956926,0.0000,0.0000,0.0000,0.000000,0.000000,0.000000,0.000000,0.000000,0.000000,0.641226,0.271923,0.956902,-0.000244,-0.000341,-0.000180,0.000811,40.659380,40.014572,-3.003448,1.996309,-1.572516,0.000000,0.000000,0.000000,0.000000,0.000000,0.000000
1778249173.244187,0.641257,0.271964,0.956927,0.0000,0.0000,0.0000,0.000000,0.000000,0.000000,0.000000,0.000000,0.000000,0.641226,0.271923,0.956902,-0.000246,-0.000331,-0.000178,0.000795,40.652240,40.008011,-3.003449,1.996296,-1.572504,0.000000,0.000000,0.000000,0.000000,0.000000,0.000000
1778249173.254299,0.641252,0.271963,0.956928,0.0000,0.0000,0.0000,0.000000,0.000000,0.000000,0.000000,0.000000,0.000000,0.641226,0.271923,0.956902,-0.000189,-0.000303,-0.000190,0.000750,40.669203,40.026022,-3.003449,1.996280,-1.572492,0.000000,0.000000,0.000000,0.000000,0.000000,0.000000
1778249173.263950,0.641251,0.271964,0.956926,0.0000,0.0000,0.0000,0.000000,0.000000,0.000000,0.000000,0.000000,0.000000,0.641226,0.271923,0.956902,-0.000182,-0.000309,-0.000176,0.000728,40.665100,40.021693,-3.003450,1.996267,-1.572479,0.000000,0.000000,0.000000,0.000000,0.000000,0.000000
1778249173.274240,0.641251,0.271963,0.956925,0.0000,0.0000,0.0000,0.000000,0.000000,0.000000,0.000000,0.000000,0.000000,0.641226,0.271923,0.956902,-0.000184,-0.000300,-0.000175,0.000712,40.629380,39.988519,-3.003451,1.996256,-1.572465,0.000000,0.000000,0.000000,0.000000,0.000000,0.000000
1778249173.284232,0.641249,0.271959,0.956927,0.0000,0.0000,0.0000,0.000000,0.000000,0.000000,0.000000,0.000000,0.000000,0.641226,0.271923,0.956902,-0.000166,-0.000274,-0.000183,0.000694,40.652528,40.008931,-3.003451,1.996242,-1.572451,0.000000,0.000000,0.000000,0.000000,0.000000,0.000000
1778249173.294064,0.641250,0.271958,0.956925,0.0000,0.0000,0.0000,0.000000,0.000000,0.000000,0.000000,0.000000,0.000000,0.641226,0.271923,0.956902,-0.000179,-0.000263,-0.000171,0.000681,40.644199,40.002669,-3.003452,1.996231,-1.572436,0.000000,0.000000,0.000000,0.000000,0.000000,0.000000
1778249173.304440,0.641250,0.271956,0.956924,0.0000,0.0000,0.0000,0.000000,0.000000,0.000000,0.000000,0.000000,0.000000,0.641226,0.271923,0.956902,-0.000176,-0.000250,-0.000165,0.000668,40.664811,40.020651,-3.003453,1.996218,-1.572421,0.000000,0.000000,0.000000,0.000000,0.000000,0.000000
1778249173.313832,0.641251,0.271955,0.956923,0.0000,0.0000,0.0000,0.000000,0.000000,0.000000,0.000000,0.000000,0.000000,0.641226,0.271923,0.956902,-0.000184,-0.000244,-0.000153,0.000658,40.647104,40.007418,-3.003453,1.996208,-1.572404,0.000000,0.000000,0.000000,0.000000,0.000000,0.000000
1778249173.323971,0.641247,0.271953,0.956924,0.0000,0.0000,0.0000,0.000000,0.000000,0.000000,0.000000,0.000000,0.000000,0.641226,0.271923,0.956902,-0.000152,-0.000226,-0.000162,0.000641,40.663105,40.023062,-3.003454,1.996191,-1.572390,0.000000,0.000000,0.000000,0.000000,0.000000,0.000000
1778249173.334058,0.641254,0.271953,0.956918,0.0000,0.0000,0.0000,0.000000,0.000000,0.000000,0.000000,0.000000,0.000000,0.641226,0.271923,0.956902,-0.000205,-0.000223,-0.000115,0.000635,40.683368,40.035175,-3.003454,1.996180,-1.572371,0.000000,0.000000,0.000000,0.000000,0.000000,0.000000
1778249173.343836,0.641253,0.271951,0.956918,0.0000,0.0000,0.0000,0.000000,0.000000,0.000000,0.000000,0.000000,0.000000,0.641226,0.271923,0.956902,-0.000200,-0.000211,-0.000121,0.000629,40.636726,39.997362,-3.003455,1.996169,-1.572354,0.000000,0.000000,0.000000,0.000000,0.000000,0.000000
1778249173.354281,0.641253,0.271948,0.956918,0.0000,0.0000,0.0000,0.000000,0.000000,0.000000,0.000000,0.000000,0.000000,0.641226,0.271923,0.956902,-0.000197,-0.000189,-0.000117,0.000621,40.668648,40.023423,-3.003455,1.996153,-1.572338,0.000000,0.000000,0.000000,0.000000,0.000000,0.000000
1778249173.363951,0.641258,0.271947,0.956914,0.0000,0.0000,0.0000,0.000000,0.000000,0.000000,0.000000,0.000000,0.000000,0.641226,0.271923,0.956902,-0.000239,-0.000181,-0.000089,0.000622,40.650753,40.008087,-3.003456,1.996143,-1.572317,0.000000,0.000000,0.000000,0.000000,0.000000,0.000000
1778249173.374088,0.641261,0.271944,0.956914,0.0000,0.0000,0.0000,0.000000,0.000000,0.000000,0.000000,0.000000,0.000000,0.641226,0.271923,0.956902,-0.000256,-0.000160,-0.000086,0.000627,40.648045,40.005032,-3.003456,1.996132,-1.572298,0.000000,0.000000,0.000000,0.000000,0.000000,0.000000
1778249173.384171,0.641263,0.271942,0.956912,0.0000,0.0000,0.0000,0.000000,0.000000,0.000000,0.000000,0.000000,0.000000,0.641226,0.271923,0.956902,-0.000273,-0.000145,-0.000072,0.000633,40.669062,40.022168,-3.003457,1.996118,-1.572280,0.000000,0.000000,0.000000,0.000000,0.000000,0.000000
1778249173.394321,0.641263,0.271941,0.956911,0.0000,0.0000,0.0000,0.000000,0.000000,0.000000,0.000000,0.000000,0.000000,0.641226,0.271923,0.956902,-0.000274,-0.000136,-0.000063,0.000635,40.660153,40.018300,-3.003457,1.996107,-1.572260,0.000000,0.000000,0.000000,0.000000,0.000000,0.000000
1778249173.404146,0.641261,0.271940,0.956910,0.0000,0.0000,0.0000,0.000000,0.000000,0.000000,0.000000,0.000000,0.000000,0.641226,0.271923,0.956902,-0.000259,-0.000129,-0.000062,0.000631,40.668543,40.025030,-3.003457,1.996093,-1.572242,0.000000,0.000000,0.000000,0.000000,0.000000,0.000000
1778249173.414155,0.641262,0.271940,0.956909,0.0000,0.0000,0.0000,0.000000,0.000000,0.000000,0.000000,0.000000,0.000000,0.641226,0.271923,0.956902,-0.000264,-0.000126,-0.000048,0.000627,40.666086,40.022455,-3.003458,1.996080,-1.572221,0.000000,0.000000,0.000000,0.000000,0.000000,0.000000
1778249173.424152,0.641263,0.271939,0.956907,0.0000,0.0000,0.0000,0.000000,0.000000,0.000000,0.000000,0.000000,0.000000,0.641226,0.271923,0.956902,-0.000271,-0.000118,-0.000040,0.000625,40.668600,40.025186,-3.003458,1.996069,-1.572200,0.000000,0.000000,0.000000,0.000000,0.000000,0.000000
1778249173.433897,0.641260,0.271937,0.956908,0.0000,0.0000,0.0000,0.000000,0.000000,0.000000,0.000000,0.000000,0.000000,0.641226,0.271923,0.956902,-0.000248,-0.000105,-0.000047,0.000615,40.656950,40.015322,-3.003459,1.996055,-1.572180,0.000000,0.000000,0.000000,0.000000,0.000000,0.000000
1778249173.444209,0.641266,0.271935,0.956905,0.0000,0.0000,0.0000,0.000000,0.000000,0.000000,0.000000,0.000000,0.000000,0.641226,0.271923,0.956902,-0.000299,-0.000094,-0.000017,0.000623,40.671850,40.023609,-3.003460,1.996044,-1.572157,0.000000,0.000000,0.000000,0.000000,0.000000,0.000000
1778249173.454070,0.641265,0.271937,0.956903,0.0000,0.0000,0.0000,0.000000,0.000000,0.000000,0.000000,0.000000,0.000000,0.641226,0.271923,0.956902,-0.000291,-0.000108,-0.000006,0.000624,40.677507,40.035284,-3.003460,1.996031,-1.572136,0.000000,0.000000,0.000000,0.000000,0.000000,0.000000
1778249173.464300,0.641262,0.271935,0.956905,0.0000,0.0000,0.0000,0.000000,0.000000,0.000000,0.000000,0.000000,0.000000,0.641226,0.271923,0.956902,-0.000263,-0.000095,-0.000021,0.000616,40.637786,39.995822,-3.003461,1.996014,-1.572109,0.000000,0.000000,0.000000,0.000000,0.000000,0.000000
1778249173.474177,0.641259,0.271934,0.956906,0.0000,0.0000,0.0000,0.000000,0.000000,0.000000,0.000000,0.000000,0.000000,0.641226,0.271923,0.956902,-0.000263,-0.000095,-0.000021,0.000616,40.637786,39.995822,-3.003462,1.996004,-1.572092,0.000000,0.000000,0.000000,0.000000,0.000000,0.000000
1778249173.483928,0.641260,0.271933,0.956906,0.0000,0.0000,0.0000,0.000000,0.000000,0.000000,0.000000,0.000000,0.000000,0.641226,0.271923,0.956902,-0.000251,-0.000079,-0.000027,0.000597,40.666954,40.020632,-3.003463,1.995992,-1.572069,0.000000,0.000000,0.000000,0.000000,0.000000,0.000000
1778249173.494219,0.641260,0.271932,0.956907,0.0000,0.0000,0.0000,0.000000,0.000000,0.000000,0.000000,0.000000,0.000000,0.641226,0.271923,0.956902,-0.000251,-0.000073,-0.000033,0.000594,40.648451,40.006628,-3.003464,1.995982,-1.572043,0.000000,0.000000,0.000000,0.000000,0.000000,0.000000
1778249173.504032,0.641252,0.271932,0.956910,0.0000,0.0000,0.0000,0.000000,0.000000,0.000000,0.000000,0.000000,0.000000,0.641226,0.271923,0.956902,-0.000192,-0.000069,-0.000059,0.000573,40.653167,40.011704,-3.003465,1.995967,-1.572023,0.000000,0.000000,0.000000,0.000000,0.000000,0.000000
1778249173.514060,0.641252,0.271932,0.956907,0.0000,0.0000,0.0000,0.000000,0.000000,0.000000,0.000000,0.000000,0.000000,0.641226,0.271923,0.956902,-0.000189,-0.000070,-0.000036,0.000555,40.692621,40.046043,-3.003465,1.995952,-1.571998,0.000000,0.000000,0.000000,0.000000,0.000000,0.000000
1778249173.523930,0.641255,0.271930,0.956906,0.0000,0.0000,0.0000,0.000000,0.000000,0.000000,0.000000,0.000000,0.000000,0.641226,0.271923,0.956902,-0.000217,-0.000051,-0.000032,0.000551,40.633946,39.992330,-3.003466,1.995942,-1.571968,0.000000,0.000000,0.000000,0.000000,0.000000,0.000000
1778249173.533932,0.641247,0.271930,0.956909,0.0000,0.0000,0.0000,0.000000,0.000000,0.000000,0.000000,0.000000,0.000000,0.641226,0.271923,0.956902,-0.000150,-0.000057,-0.000051,0.000529,40.649780,40.010143,-3.003468,1.995925,-1.571946,0.000000,0.000000,0.000000,0.000000,0.000000,0.000000
1778249173.544271,0.641247,0.271929,0.956907,0.0000,0.0000,0.0000,0.000000,0.000000,0.000000,0.000000,0.000000,0.000000,0.641226,0.271923,0.956902,-0.000157,-0.000050,-0.000038,0.000514,40.669258,40.024438,-3.003468,1.995911,-1.571918,0.000000,0.000000,0.000000,0.000000,0.000000,0.000000
1778249173.553994,0.641255,0.271929,0.956903,0.0000,0.0000,0.0000,0.000000,0.000000,0.000000,0.000000,0.000000,0.000000,0.641226,0.271923,0.956902,-0.000216,-0.000046,-0.000005,0.000520,40.704655,40.059901,-3.003470,1.995903,-1.571884,0.000000,0.000000,0.000000,0.000000,0.000000,0.000000
1778249173.564109,0.641253,0.271931,0.956900,0.0000,0.0000,0.0000,0.000000,0.000000,0.000000,0.000000,0.000000,0.000000,0.641226,0.271923,0.956902,-0.000199,-0.000065,0.000015,0.000516,40.655714,40.013219,-3.003472,1.995884,-1.571861,0.000000,0.000000,0.000000,0.000000,0.000000,0.000000
1778249173.574149,0.641248,0.271928,0.956906,0.0000,0.0000,0.0000,0.000000,0.000000,0.000000,0.000000,0.000000,0.000000,0.641226,0.271923,0.956902,-0.000163,-0.000042,-0.000029,0.000506,40.619731,39.979289,-3.003473,1.995872,-1.571832,0.000000,0.000000,0.000000,0.000000,0.000000,0.000000
1778249173.583914,0.641239,0.271928,0.956911,0.0000,0.0000,0.0000,0.000000,0.000000,0.000000,0.000000,0.000000,0.000000,0.641226,0.271923,0.956902,-0.000095,-0.000036,-0.000067,0.000483,40.634451,39.996022,-3.003474,1.995857,-1.571807,0.000000,0.000000,0.000000,0.000000,0.000000,0.000000
1778249173.594201,0.641242,0.271928,0.956909,0.0000,0.0000,0.0000,0.000000,0.000000,0.000000,0.000000,0.000000,0.000000,0.641226,0.271923,0.956902,-0.000118,-0.000041,-0.000053,0.000475,40.685393,40.038631,-3.003475,1.995844,-1.571781,0.000000,0.000000,0.000000,0.000000,0.000000,0.000000
1778249173.603808,0.641241,0.271933,0.956907,0.0000,0.0000,0.0000,0.000000,0.000000,0.000000,0.000000,0.000000,0.000000,0.641226,0.271923,0.956902,-0.000110,-0.000078,-0.000040,0.000467,40.676341,40.034191,-3.003476,1.995830,-1.571758,0.000000,0.000000,0.000000,0.000000,0.000000,0.000000
1778249173.614225,0.641239,0.271935,0.956909,0.0000,0.0000,0.0000,0.000000,0.000000,0.000000,0.000000,0.000000,0.000000,0.641226,0.271923,0.956902,-0.000092,-0.000092,-0.000053,0.000460,40.634831,39.992558,-3.003477,1.995816,-1.571735,0.000000,0.000000,0.000000,0.000000,0.000000,0.000000
1778249173.624207,0.641237,0.271936,0.956911,0.0000,0.0000,0.0000,0.000000,0.000000,0.000000,0.000000,0.000000,0.000000,0.641226,0.271923,0.956902,-0.000082,-0.000098,-0.000065,0.000455,40.639675,39.996932,-3.003478,1.995804,-1.571709,0.000000,0.000000,0.000000,0.000000,0.000000,0.000000
1778249173.633927,0.641239,0.271937,0.956911,0.0000,0.0000,0.0000,0.000000,0.000000,0.000000,0.000000,0.000000,0.000000,0.641226,0.271923,0.956902,-0.000097,-0.000107,-0.000064,0.000457,40.657384,40.011046,-3.003479,1.995793,-1.571685,0.000000,0.000000,0.000000,0.000000,0.000000,0.000000
1778249173.644037,0.641237,0.271942,0.956909,0.0000,0.0000,0.0000,0.000000,0.000000,0.000000,0.000000,0.000000,0.000000,0.641226,0.271923,0.956902,-0.000078,-0.000143,-0.000055,0.000456,40.678984,40.037387,-3.003480,1.995781,-1.571663,0.000000,0.000000,0.000000,0.000000,0.000000,0.000000
1778249173.653972,0.641234,0.271944,0.956911,0.0000,0.0000,0.0000,0.000000,0.000000,0.000000,0.000000,0.000000,0.000000,0.641226,0.271923,0.956902,-0.000053,-0.000159,-0.000064,0.000453,40.640228,39.998454,-3.003481,1.995767,-1.571641,0.000000,0.000000,0.000000,0.000000,0.000000,0.000000
1778249173.663985,0.641231,0.271944,0.956913,0.0000,0.0000,0.0000,0.000000,0.000000,0.000000,0.000000,0.000000,0.000000,0.641226,0.271923,0.956902,-0.000036,-0.000163,-0.000077,0.000451,40.653433,40.009953,-3.003481,1.995755,-1.571617,0.000000,0.000000,0.000000,0.000000,0.000000,0.000000
1778249173.674320,0.641234,0.271945,0.956912,0.0000,0.0000,0.0000,0.000000,0.000000,0.000000,0.000000,0.000000,0.000000,0.641226,0.271923,0.956902,-0.000053,-0.000169,-0.000074,0.000454,40.656123,40.012684,-3.003482,1.995745,-1.571591,0.000000,0.000000,0.000000,0.000000,0.000000,0.000000
1778249173.684641,0.641228,0.271947,0.956914,0.0000,0.0000,0.0000,0.000000,0.000000,0.000000,0.000000,0.000000,0.000000,0.641226,0.271923,0.956902,-0.000009,-0.000181,-0.000092,0.000453,40.638844,39.999815,-3.003482,1.995728,-1.571564,0.000000,0.000000,0.000000,0.000000,0.000000,0.000000
1778249173.694479,0.641226,0.271949,0.956914,0.0000,0.0000,0.0000,0.000000,0.000000,0.000000,0.000000,0.000000,0.000000,0.641226,0.271923,0.956902,0.000006,-0.000196,-0.000085,0.000453,40.688988,40.043647,-3.003483,1.995715,-1.571540,0.000000,0.000000,0.000000,0.000000,0.000000,0.000000
1778249173.704245,0.641230,0.271951,0.956911,0.0000,0.0000,0.0000,0.000000,0.000000,0.000000,0.000000,0.000000,0.000000,0.641226,0.271923,0.956902,0.000006,-0.000196,-0.000085,0.000453,40.688988,40.043647,-3.003483,1.995706,-1.571514,0.000000,0.000000,0.000000,0.000000,0.000000,0.000000
1778249173.714519,0.641231,0.271951,0.956912,0.0000,0.0000,0.0000,0.000000,0.000000,0.000000,0.000000,0.000000,0.000000,0.641226,0.271923,0.956902,-0.000037,-0.000209,-0.000073,0.000462,40.638724,39.997656,-3.003484,1.995695,-1.571491,0.000000,0.000000,0.000000,0.000000,0.000000,0.000000
1778249173.724196,0.641223,0.271951,0.956916,0.0000,0.0000,0.0000,0.000000,0.000000,0.000000,0.000000,0.000000,0.000000,0.641226,0.271923,0.956902,0.000029,-0.000215,-0.000102,0.000463,40.645844,40.007881,-3.003484,1.995684,-1.571476,0.000000,0.000000,0.000000,0.000000,0.000000,0.000000
1778249173.734323,0.641226,0.271953,0.956912,0.0000,0.0000,0.0000,0.000000,0.000000,0.000000,0.000000,0.000000,0.000000,0.641226,0.271923,0.956902,0.000029,-0.000215,-0.000102,0.000463,40.645844,40.007881,-3.003484,1.995672,-1.571452,0.000000,0.000000,0.000000,0.000000,0.000000,0.000000
1778249173.744126,0.641226,0.271954,0.956912,0.0000,0.0000,0.0000,0.000000,0.000000,0.000000,0.000000,0.000000,0.000000,0.641226,0.271923,0.956902,0.000001,-0.000235,-0.000075,0.000469,40.637144,39.996684,-3.003485,1.995661,-1.571428,0.000000,0.000000,0.000000,0.000000,0.000000,0.000000
1778249173.754139,0.641226,0.271953,0.956912,0.0000,0.0000,0.0000,0.000000,0.000000,0.000000,0.000000,0.000000,0.000000,0.641226,0.271923,0.956902,0.000000,-0.000230,-0.000076,0.000471,40.655547,40.013235,-3.003485,1.995649,-1.571405,0.000000,0.000000,0.000000,0.000000,0.000000,0.000000
1778249173.764399,0.641228,0.271953,0.956912,0.0000,0.0000,0.0000,0.000000,0.000000,0.000000,0.000000,0.000000,0.000000,0.641226,0.271923,0.956902,-0.000011,-0.000230,-0.000071,0.000472,40.655693,40.012034,-3.003485,1.995638,-1.571381,0.000000,0.000000,0.000000,0.000000,0.000000,0.000000
1778249173.774050,0.641224,0.271955,0.956913,0.0000,0.0000,0.0000,0.000000,0.000000,0.000000,0.000000,0.000000,0.000000,0.641226,0.271923,0.956902,0.000022,-0.000240,-0.000080,0.000474,40.648765,40.009087,-3.003485,1.995626,-1.571359,0.000000,0.000000,0.000000,0.000000,0.000000,0.000000
1778249173.784500,0.641224,0.271955,0.956911,0.0000,0.0000,0.0000,0.000000,0.000000,0.000000,0.000000,0.000000,0.000000,0.641226,0.271923,0.956902,0.000020,-0.000245,-0.000066,0.000475,40.682374,40.036023,-3.003485,1.995611,-1.571336,0.000000,0.000000,0.000000,0.000000,0.000000,0.000000
1778249173.794012,0.641232,0.271955,0.956908,0.0000,0.0000,0.0000,0.000000,0.000000,0.000000,0.000000,0.000000,0.000000,0.641226,0.271923,0.956902,-0.000039,-0.000241,-0.000041,0.000476,40.657475,40.012233,-3.003486,1.995603,-1.571310,0.000000,0.000000,0.000000,0.000000,0.000000,0.000000
1778249173.804465,0.641231,0.271953,0.956909,0.0000,0.0000,0.0000,0.000000,0.000000,0.000000,0.000000,0.000000,0.000000,0.641226,0.271923,0.956902,-0.000034,-0.000228,-0.000052,0.000475,40.649191,40.006807,-3.003486,1.995591,-1.571287,0.000000,0.000000,0.000000,0.000000,0.000000,0.000000
1778249173.814247,0.641230,0.271952,0.956909,0.0000,0.0000,0.0000,0.000000,0.000000,0.000000,0.000000,0.000000,0.000000,0.641226,0.271923,0.956902,-0.000028,-0.000223,-0.000054,0.000474,40.668556,40.024046,-3.003486,1.995580,-1.571264,0.000000,0.000000,0.000000,0.000000,0.000000,0.000000
1778249173.823944,0.641227,0.271954,0.956910,0.0000,0.0000,0.0000,0.000000,0.000000,0.000000,0.000000,0.000000,0.000000,0.641226,0.271923,0.956902,-0.000007,-0.000232,-0.000056,0.000472,40.653691,40.013859,-3.003486,1.995569,-1.571241,0.000000,0.000000,0.000000,0.000000,0.000000,0.000000
1778249173.834591,0.641223,0.271954,0.956910,0.0000,0.0000,0.0000,0.000000,0.000000,0.000000,0.000000,0.000000,0.000000,0.641226,0.271923,0.956902,0.000025,-0.000235,-0.000056,0.000470,40.679236,40.035275,-3.003486,1.995551,-1.571212,0.000000,0.000000,0.000000,0.000000,0.000000,0.000000
1778249173.843784,0.641230,0.271954,0.956906,0.0000,0.0000,0.0000,0.000000,0.000000,0.000000,0.000000,0.000000,0.000000,0.641226,0.271923,0.956902,-0.000027,-0.000236,-0.000029,0.000470,40.651985,40.008490,-3.003486,1.995545,-1.571192,0.000000,0.000000,0.000000,0.000000,0.000000,0.000000
1778249173.854213,0.641232,0.271952,0.956907,0.0000,0.0000,0.0000,0.000000,0.000000,0.000000,0.000000,0.000000,0.000000,0.641226,0.271923,0.956902,-0.000039,-0.000216,-0.000038,0.000468,40.639755,39.999022,-3.003486,1.995532,-1.571162,0.000000,0.000000,0.000000,0.000000,0.000000,0.000000
1778249173.864238,0.641232,0.271949,0.956907,0.0000,0.0000,0.0000,0.000000,0.000000,0.000000,0.000000,0.000000,0.000000,0.641226,0.271923,0.956902,-0.000041,-0.000194,-0.000038,0.000464,40.674006,40.028505,-3.003486,1.995520,-1.571138,0.000000,0.000000,0.000000,0.000000,0.000000,0.000000
1778249173.873938,0.641234,0.271948,0.956906,0.0000,0.0000,0.0000,0.000000,0.000000,0.000000,0.000000,0.000000,0.000000,0.641226,0.271923,0.956902,-0.000057,-0.000190,-0.000030,0.000461,40.654077,40.011052,-3.003486,1.995511,-1.571113,0.000000,0.000000,0.000000,0.000000,0.000000,0.000000
1778249173.884416,0.641228,0.271948,0.956908,0.0000,0.0000,0.0000,0.000000,0.000000,0.000000,0.000000,0.000000,0.000000,0.641226,0.271923,0.956902,-0.000015,-0.000191,-0.000042,0.000456,40.653300,40.013972,-3.003486,1.995493,-1.571086,0.000000,0.000000,0.000000,0.000000,0.000000,0.000000
1778249173.894143,0.641227,0.271949,0.956906,0.0000,0.0000,0.0000,0.000000,0.000000,0.000000,0.000000,0.000000,0.000000,0.641226,0.271923,0.956902,-0.000001,-0.000196,-0.000029,0.000452,40.686262,40.040459,-3.003486,1.995482,-1.571069,0.000000,0.000000,0.000000,0.000000,0.000000,0.000000
1778249173.904358,0.641236,0.271948,0.956902,0.0000,0.0000,0.0000,0.000000,0.000000,0.000000,0.000000,0.000000,0.000000,0.641226,0.271923,0.956902,-0.000001,-0.000196,-0.000029,0.000452,40.686262,40.040459,-3.003486,1.995475,-1.571039,0.000000,0.000000,0.000000,0.000000,0.000000,0.000000
1778249173.913959,0.641235,0.271944,0.956905,0.0000,0.0000,0.0000,0.000000,0.000000,0.000000,0.000000,0.000000,0.000000,0.641226,0.271923,0.956902,-0.000066,-0.000162,-0.000019,0.000449,40.646061,40.004408,-3.003486,1.995465,-1.571015,0.000000,0.000000,0.000000,0.000000,0.000000,0.000000
1778249173.923813,0.641232,0.271942,0.956906,0.0000,0.0000,0.0000,0.000000,0.000000,0.000000,0.000000,0.000000,0.000000,0.641226,0.271923,0.956902,-0.000066,-0.000162,-0.000019,0.000449,40.646061,40.004408,-3.003486,1.995452,-1.570992,0.000000,0.000000,0.000000,0.000000,0.000000,0.000000
1778249173.934296,0.641235,0.271942,0.956904,0.0000,0.0000,0.0000,0.000000,0.000000,0.000000,0.000000,0.000000,0.000000,0.641226,0.271923,0.956902,-0.000062,-0.000145,-0.000011,0.000440,40.663580,40.019356,-3.003485,1.995436,-1.570953,0.000000,0.000000,0.000000,0.000000,0.000000,0.000000
1778249173.944315,0.641231,0.271943,0.956905,0.0000,0.0000,0.0000,0.000000,0.000000,0.000000,0.000000,0.000000,0.000000,0.641226,0.271923,0.956902,-0.000036,-0.000152,-0.000022,0.000437,40.645753,40.005688,-3.003485,1.995423,-1.570932,0.000000,0.000000,0.000000,0.000000,0.000000,0.000000
1778249173.954348,0.641233,0.271943,0.956904,0.0000,0.0000,0.0000,0.000000,0.000000,0.000000,0.000000,0.000000,0.000000,0.641226,0.271923,0.956902,-0.000047,-0.000155,-0.000015,0.000436,40.671284,40.024564,-3.003485,1.995413,-1.570909,0.000000,0.000000,0.000000,0.000000,0.000000,0.000000
1778249173.964180,0.641241,0.271945,0.956901,0.0000,0.0000,0.0000,0.000000,0.000000,0.000000,0.000000,0.000000,0.000000,0.641226,0.271923,0.956902,-0.000105,-0.000165,0.000010,0.000443,40.698968,40.055967,-3.003485,1.995411,-1.570891,0.000000,0.000000,0.000000,0.000000,0.000000,0.000000
1778249173.974000,0.641241,0.271949,0.956898,0.0000,0.0000,0.0000,0.000000,0.000000,0.000000,0.000000,0.000000,0.000000,0.641226,0.271923,0.956902,-0.000108,-0.000200,0.000032,0.000452,40.646432,40.001531,-3.003485,1.995396,-1.570876,0.000000,0.000000,0.000000,0.000000,0.000000,0.000000
1778249173.983773,0.641242,0.271946,0.956904,0.0000,0.0000,0.0000,0.000000,0.000000,0.000000,0.000000,0.000000,0.000000,0.641226,0.271923,0.956902,-0.000116,-0.000172,-0.000010,0.000459,40.619037,39.977537,-3.003485,1.995390,-1.570848,0.000000,0.000000,0.000000,0.000000,0.000000,0.000000
1778249173.994059,0.641238,0.271944,0.956907,0.0000,0.0000,0.0000,0.000000,0.000000,0.000000,0.000000,0.000000,0.000000,0.641226,0.271923,0.956902,-0.000084,-0.000160,-0.000039,0.000458,40.645657,40.005246,-3.003485,1.995382,-1.570829,0.000000,0.000000,0.000000,0.000000,0.000000,0.000000
1778249174.004017,0.641238,0.271944,0.956906,0.0000,0.0000,0.0000,0.000000,0.000000,0.000000,0.000000,0.000000,0.000000,0.641226,0.271923,0.956902,-0.000085,-0.000162,-0.000026,0.000457,40.679869,40.036380,-3.003485,1.995372,-1.570811,0.000000,0.000000,0.000000,0.000000,0.000000,0.000000
1778249174.014041,0.641245,0.271945,0.956902,0.0000,0.0000,0.0000,0.000000,0.000000,0.000000,0.000000,0.000000,0.000000,0.641226,0.271923,0.956902,-0.000141,-0.000165,0.000004,0.000466,40.672400,40.025361,-3.003485,1.995365,-1.570792,0.000000,0.000000,0.000000,0.000000,0.000000,0.000000
1778249174.024259,0.641251,0.271944,0.956900,0.0000,0.0000,0.0000,0.000000,0.000000,0.000000,0.000000,0.000000,0.000000,0.641226,0.271923,0.956902,-0.000187,-0.000158,0.000015,0.000481,40.653895,40.010114,-3.003485,1.995361,-1.570773,0.000000,0.000000,0.000000,0.000000,0.000000,0.000000
1778249174.034096,0.641252,0.271943,0.956901,0.0000,0.0000,0.0000,0.000000,0.000000,0.000000,0.000000,0.000000,0.000000,0.641226,0.271923,0.956902,-0.000191,-0.000155,0.000012,0.000494,40.653923,40.011715,-3.003484,1.995352,-1.570753,0.000000,0.000000,0.000000,0.000000,0.000000,0.000000
1778249174.044314,0.641251,0.271944,0.956901,0.0000,0.0000,0.0000,0.000000,0.000000,0.000000,0.000000,0.000000,0.000000,0.641226,0.271923,0.956902,-0.000181,-0.000158,0.000011,0.000501,40.661446,40.019201,-3.003484,1.995345,-1.570737,0.000000,0.000000,0.000000,0.000000,0.000000,0.000000
1778249174.054302,0.641256,0.271944,0.956899,0.0000,0.0000,0.0000,0.000000,0.000000,0.000000,0.000000,0.000000,0.000000,0.641226,0.271923,0.956902,-0.000222,-0.000157,0.000025,0.000517,40.664888,40.018287,-3.003484,1.995342,-1.570717,0.000000,0.000000,0.000000,0.000000,0.000000,0.000000
1778249174.064050,0.641260,0.271947,0.956896,0.0000,0.0000,0.0000,0.000000,0.000000,0.000000,0.000000,0.000000,0.000000,0.641226,0.271923,0.956902,-0.000251,-0.000179,0.000050,0.000537,40.690373,40.047222,-3.003484,1.995338,-1.570705,0.000000,0.000000,0.000000,0.000000,0.000000,0.000000
1778249174.074375,0.641258,0.271946,0.956897,0.0000,0.0000,0.0000,0.000000,0.000000,0.000000,0.000000,0.000000,0.000000,0.641226,0.271923,0.956902,-0.000251,-0.000179,0.000050,0.000537,40.690373,40.047222,-3.003483,1.995331,-1.570691,0.000000,0.000000,0.000000,0.000000,0.000000,0.000000
1778249174.084117,0.641261,0.271944,0.956899,0.0000,0.0000,0.0000,0.000000,0.000000,0.000000,0.000000,0.000000,0.000000,0.641226,0.271923,0.956902,-0.000257,-0.000163,0.000023,0.000562,40.643852,40.000361,-3.003483,1.995327,-1.570669,0.000000,0.000000,0.000000,0.000000,0.000000,0.000000
1778249174.094221,0.641262,0.271944,0.956899,0.0000,0.0000,0.0000,0.000000,0.000000,0.000000,0.000000,0.000000,0.000000,0.641226,0.271923,0.956902,-0.000267,-0.000157,0.000025,0.000574,40.666076,40.022826,-3.003483,1.995320,-1.570654,0.000000,0.000000,0.000000,0.000000,0.000000,0.000000
1778249174.104182,0.641267,0.271945,0.956896,0.0000,0.0000,0.0000,0.000000,0.000000,0.000000,0.000000,0.000000,0.000000,0.641226,0.271923,0.956902,-0.000305,-0.000165,0.000047,0.000595,40.712455,40.066618,-3.003483,1.995318,-1.570636,0.000000,0.000000,0.000000,0.000000,0.000000,0.000000
1778249174.114178,0.641266,0.271950,0.956893,0.0000,0.0000,0.0000,0.000000,0.000000,0.000000,0.000000,0.000000,0.000000,0.641226,0.271923,0.956902,-0.000298,-0.000201,0.000066,0.000610,40.649286,40.007596,-3.003483,1.995311,-1.570627,0.000000,0.000000,0.000000,0.000000,0.000000,0.000000
1778249174.124623,0.641268,0.271946,0.956897,0.0000,0.0000,0.0000,0.000000,0.000000,0.000000,0.000000,0.000000,0.000000,0.641226,0.271923,0.956902,-0.000298,-0.000201,0.000066,0.000610,40.649286,40.007596,-3.003483,1.995308,-1.570604,0.000000,0.000000,0.000000,0.000000,0.000000,0.000000
1778249174.134236,0.641267,0.271948,0.956895,0.0000,0.0000,0.0000,0.000000,0.000000,0.000000,0.000000,0.000000,0.000000,0.641226,0.271923,0.956902,-0.000303,-0.000190,0.000052,0.000632,40.683931,40.042683,-3.003484,1.995300,-1.570592,0.000000,0.000000,0.000000,0.000000,0.000000,0.000000
1778249174.144332,0.641267,0.271946,0.956897,0.0000,0.0000,0.0000,0.000000,0.000000,0.000000,0.000000,0.000000,0.000000,0.641226,0.271923,0.956902,-0.000304,-0.000175,0.000037,0.000637,40.642783,39.998718,-3.003484,1.995297,-1.570574,0.000000,0.000000,0.000000,0.000000,0.000000,0.000000
1778249174.154281,0.641267,0.271942,0.956901,0.0000,0.0000,10.0000,0.000000,0.000000,0.000180,0.000000,0.000000,0.018000,0.641226,0.271923,0.957082,-0.000308,-0.000143,0.019359,0.008547,40.923154,40.274133,-3.003484,1.995295,-1.570557,0.000000,0.000000,0.000000,0.000000,0.000000,0.000000
1778249174.164398,0.641264,0.271942,0.956904,0.0000,0.0000,10.0000,0.000000,0.000000,0.000180,0.000000,0.000000,0.018000,0.641226,0.271923,0.957082,-0.000308,-0.000143,0.019359,0.008547,40.923154,40.274133,-3.003484,1.995289,-1.570543,0.000000,0.000000,0.000000,0.000000,0.000000,0.000000
1778249174.174517,0.641261,0.271944,0.956913,0.0000,0.0000,10.0000,0.000000,0.000000,0.000880,0.000000,0.000000,0.039420,0.641226,0.271923,0.957782,-0.000260,-0.000157,0.045938,0.034859,41.686741,41.019268,-3.003484,1.995284,-1.570527,0.000000,0.000000,0.000000,0.000000,0.000000,0.000000
1778249174.184219,0.641255,0.271943,0.956939,0.0000,0.0000,10.0000,0.000000,0.000000,0.001336,0.000000,0.000000,0.045594,0.641226,0.271923,0.958238,-0.000211,-0.000149,0.055336,0.048447,42.015353,41.341345,-3.003484,1.995279,-1.570512,0.000000,0.000000,0.000000,0.000000,0.000000,0.000000
1778249174.193937,0.641234,0.271942,0.957002,0.0000,0.0000,10.0000,0.000000,0.000000,0.001835,0.000000,0.000000,0.049916,0.641226,0.271923,0.958737,-0.000057,-0.000146,0.062933,0.061121,42.212253,41.535587,-3.003484,1.995271,-1.570499,0.000000,0.000000,0.000000,0.000000,0.000000,0.000000
1778249174.203973,0.641216,0.271944,0.957080,0.0000,0.0000,10.0000,0.000000,0.000000,0.002365,0.000000,0.000000,0.052941,0.641226,0.271923,0.959267,0.000080,-0.000158,0.069346,0.072641,42.387652,41.702657,-3.003485,1.995268,-1.570484,0.000000,0.000000,0.000000,0.000000,0.000000,0.000000
1778249174.213847,0.641184,0.271949,0.957183,0.0000,0.0000,10.0000,0.000000,0.000000,0.002915,0.000000,0.000000,0.055059,0.641226,0.271923,0.959817,0.000316,-0.000199,0.074814,0.082972,42.529006,41.846973,-3.003485,1.995261,-1.570471,0.000000,0.000000,0.000000,0.000000,0.000000,0.000000
1778249174.224002,0.641142,0.271950,0.957326,0.0000,0.0000,10.0000,0.000000,0.000000,0.003481,0.000000,0.000000,0.056541,0.641226,0.271923,0.960383,0.000637,-0.000205,0.079469,0.092149,42.550374,41.869952,-3.003485,1.995256,-1.570457,0.000000,0.000000,0.000000,0.000000,0.000000,0.000000
1778249174.234046,0.641087,0.271950,0.957501,0.0000,0.0000,10.0000,0.000000,0.000000,0.004056,0.000000,0.000000,0.057579,0.641226,0.271923,0.960959,0.001047,-0.000208,0.083514,0.100289,42.591568,41.912438,-3.003485,1.995251,-1.570444,0.000000,0.000000,0.000000,0.000000,0.000000,0.000000
1778249174.244382,0.641026,0.271953,0.957703,0.0000,0.0000,10.0000,0.000000,0.000000,0.004056,0.000000,0.000000,0.057579,0.641226,0.271923,0.960959,0.001047,-0.000208,0.083514,0.100289,42.591568,41.912438,-3.003485,1.995244,-1.570428,0.000000,0.000000,0.000000,0.000000,0.000000,0.000000
1778249174.254074,0.640956,0.271958,0.957933,0.0000,0.0000,10.0000,0.000000,0.000000,0.005228,0.000000,0.000000,0.058814,0.641226,0.271923,0.962130,0.001911,-0.000251,0.084978,0.110940,42.531441,41.858563,-3.003485,1.995239,-1.570419,0.000000,0.000000,0.000000,0.000000,0.000000,0.000000
1778249174.264260,0.640876,0.271965,0.958195,0.0000,0.0000,10.0000,0.000000,0.000000,0.005819,0.000000,0.000000,0.059170,0.641226,0.271923,0.962722,0.002400,-0.000286,0.084966,0.114012,42.410675,41.740387,-3.003485,1.995234,-1.570404,0.000000,0.000000,0.000000,0.000000,0.000000,0.000000
1778249174.274370,0.640786,0.271970,0.958482,0.0000,0.0000,10.0000,0.000000,0.000000,0.006414,0.000000,0.000000,0.059419,0.641226,0.271923,0.963316,0.002933,-0.000317,0.084949,0.116212,42.304092,41.642396,-3.003485,1.995228,-1.570393,0.000000,0.000000,0.000000,0.000000,0.000000,0.000000
1778249174.284074,0.640687,0.271977,0.958794,0.0000,0.0000,10.0000,0.000000,0.000000,0.007009,0.000000,0.000000,0.059593,0.641226,0.271923,0.963912,0.003507,-0.000351,0.084927,0.117829,42.186863,41.529753,-3.003485,1.995224,-1.570382,0.000000,0.000000,0.000000,0.000000,0.000000,0.000000
1778249174.294432,0.640579,0.271985,0.959124,0.0000,0.0000,10.0000,0.000000,0.000000,0.007607,0.000000,0.000000,0.059715,0.641226,0.271923,0.964509,0.004119,-0.000394,0.084899,0.119057,42.110401,41.459593,-3.003485,1.995216,-1.570373,0.000000,0.000000,0.000000,0.000000,0.000000,0.000000
1778249174.304043,0.640468,0.271993,0.959472,0.0000,0.0000,10.0000,0.000000,0.000000,0.008205,0.000000,0.000000,0.059801,0.641226,0.271923,0.965107,0.004731,-0.000436,0.084867,0.120022,41.999902,41.349772,-3.003485,1.995215,-1.570360,0.000000,0.000000,0.000000,0.000000,0.000000,0.000000
1778249174.314501,0.640351,0.272005,0.959830,0.0000,0.0000,10.0000,0.000000,0.000000,0.008803,0.000000,0.000000,0.059860,0.641226,0.271923,0.965705,0.005359,-0.000505,0.084829,0.120810,41.972018,41.330381,-3.003486,1.995207,-1.570352,0.000000,0.000000,0.000000,0.000000,0.000000,0.000000
1778249174.324559,0.640229,0.272013,0.960207,0.0000,0.0000,10.0000,0.000000,0.000000,0.009402,0.000000,0.000000,0.059902,0.641226,0.271923,0.966304,0.006005,-0.000541,0.084786,0.121484,41.827361,41.189463,-3.003486,1.995205,-1.570339,0.000000,0.000000,0.000000,0.000000,0.000000,0.000000
1778249174.334189,0.640104,0.272020,0.960593,0.0000,0.0000,10.0000,0.000000,0.000000,0.010002,0.000000,0.000000,0.059932,0.641226,0.271923,0.966904,0.006653,-0.000575,0.084737,0.122080,41.813563,41.178655,-3.003486,1.995200,-1.570330,0.000000,0.000000,0.000000,0.000000,0.000000,0.000000
1778249174.344138,0.639978,0.272028,0.960985,0.0000,0.0000,10.0000,0.000000,0.000000,0.010601,0.000000,0.000000,0.059952,0.641226,0.271923,0.967503,0.007288,-0.000616,0.084685,0.122622,41.745361,41.112560,-3.003486,1.995196,-1.570319,0.000000,0.000000,0.000000,0.000000,0.000000,0.000000
1778249174.353778,0.639846,0.272040,0.961384,0.0000,0.0000,10.0000,0.000000,0.000000,0.011201,0.000000,0.000000,0.059966,0.641226,0.271923,0.968103,0.007938,-0.000677,0.084626,0.123129,41.731886,41.106608,-3.003486,1.995192,-1.570311,0.000000,0.000000,0.000000,0.000000,0.000000,0.000000
1778249174.364144,0.639709,0.272052,0.961793,0.0000,0.0000,10.0000,0.000000,0.000000,0.011801,0.000000,0.000000,0.059977,0.641226,0.271923,0.968703,0.008608,-0.000731,0.084560,0.123616,41.645268,41.022574,-3.003486,1.995189,-1.570302,0.000000,0.000000,0.000000,0.000000,0.000000,0.000000
1778249174.373947,0.639573,0.272062,0.962203,0.0000,0.0000,10.0000,0.000000,0.000000,0.012400,0.000000,0.000000,0.059984,0.641226,0.271923,0.969303,0.009254,-0.000782,0.084491,0.124087,41.658824,41.038863,-3.003486,1.995183,-1.570294,0.000000,0.000000,0.000000,0.000000,0.000000,0.000000
1778249174.384137,0.639443,0.272072,0.962615,0.0000,0.0000,10.0000,0.000000,0.000000,0.013000,0.000000,0.000000,0.059989,0.641226,0.271923,0.969902,0.009849,-0.000824,0.084423,0.124535,41.636080,41.015727,-3.003486,1.995181,-1.570283,0.000000,0.000000,0.000000,0.000000,0.000000,0.000000
1778249174.393821,0.639310,0.272083,0.963027,0.0000,0.0000,10.0000,0.000000,0.000000,0.013000,0.000000,0.000000,0.059989,0.641226,0.271923,0.969902,0.009849,-0.000824,0.084423,0.124535,41.636080,41.015727,-3.003486,1.995173,-1.570277,0.000000,0.000000,0.000000,0.000000,0.000000,0.000000
1778249174.403775,0.639148,0.272096,0.963548,0.0000,0.0000,10.0000,0.000000,0.000000,0.014200,0.000000,0.000000,0.059994,0.641226,0.271923,0.971102,0.011260,-0.000939,0.084246,0.125436,41.652180,41.038331,-3.003487,1.995173,-1.570266,0.000000,0.000000,0.000000,0.000000,0.000000,0.000000
1778249174.414702,0.639018,0.272106,0.963966,0.0000,0.0000,10.0000,0.000000,0.000000,0.014800,0.000000,0.000000,0.059996,0.641226,0.271923,0.971702,0.011812,-0.000982,0.084170,0.125874,41.585189,40.973133,-3.003487,1.995169,-1.570256,0.000000,0.000000,0.000000,0.000000,0.000000,0.000000
1778249174.424137,0.638885,0.272115,0.964390,0.0000,0.0000,10.0000,0.000000,0.000000,0.014800,0.000000,0.000000,0.059996,0.641226,0.271923,0.971702,0.011812,-0.000982,0.084170,0.125874,41.585189,40.973133,-3.003487,1.995165,-1.570248,0.000000,0.000000,0.000000,0.000000,0.000000,0.000000
1778249174.434019,0.638752,0.272120,0.964816,0.0000,0.0000,10.0000,0.000000,0.000000,0.016000,0.000000,0.000000,0.059998,0.641226,0.271923,0.972902,0.012921,-0.001028,0.084006,0.126699,41.551233,40.945627,-3.003487,1.995162,-1.570243,0.000000,0.000000,0.000000,0.000000,0.000000,0.000000
1778249174.444133,0.638623,0.272126,0.965238,0.0000,0.0000,10.0000,0.000000,0.000000,0.016000,0.000000,0.000000,0.059998,0.641226,0.271923,0.972902,0.012921,-0.001028,0.084006,0.126699,41.551233,40.945627,-3.003487,1.995158,-1.570234,0.000000,0.000000,0.000000,0.000000,0.000000,0.000000
1778249174.454470,0.638499,0.272136,0.965657,0.0000,0.0000,10.0000,0.000000,0.000000,0.017200,0.000000,0.000000,0.059999,0.641226,0.271923,0.974102,0.013906,-0.001085,0.083848,0.127452,41.584230,40.979573,-3.003487,1.995155,-1.570227,0.000000,0.000000,0.000000,0.000000,0.000000,0.000000
1778249174.464450,0.638374,0.272145,0.966077,0.0000,0.0000,10.0000,0.000000,0.000000,0.017200,0.000000,0.000000,0.059999,0.641226,0.271923,0.974102,0.013906,-0.001085,0.083848,0.127452,41.584230,40.979573,-3.003487,1.995150,-1.570221,0.000000,0.000000,0.000000,0.000000,0.000000,0.000000
1778249174.474470,0.638251,0.272153,0.966498,0.0000,0.0000,10.0000,0.000000,0.000000,0.018400,0.000000,0.000000,0.060000,0.641226,0.271923,0.975302,0.014819,-0.001149,0.083690,0.128140,41.579258,40.977874,-3.003487,1.995150,-1.570213,0.000000,0.000000,0.000000,0.000000,0.000000,0.000000
1778249174.484407,0.638131,0.272161,0.966916,0.0000,0.0000,10.0000,0.000000,0.000000,0.019000,0.000000,0.000000,0.060000,0.641226,0.271923,0.975902,0.015238,-0.001172,0.083615,0.128461,41.581014,40.980117,-3.003487,1.995144,-1.570208,0.000000,0.000000,0.000000,0.000000,0.000000,0.000000
1778249174.493777,0.638015,0.272168,0.967333,0.0000,0.0000,10.0000,0.000000,0.000000,0.019600,0.000000,0.000000,0.060000,0.641226,0.271923,0.976502,0.015628,-0.001195,0.083542,0.128765,41.574094,40.975438,-3.003487,1.995142,-1.570201,0.000000,0.000000,0.000000,0.000000,0.000000,0.000000
1778249174.503980,0.637871,0.272179,0.967853,0.0000,0.0000,10.0000,0.000000,0.000000,0.020200,0.000000,0.000000,0.060000,0.641226,0.271923,0.977102,0.016228,-0.001240,0.083427,0.129100,41.626641,41.030188,-3.003487,1.995142,-1.570193,0.000000,0.000000,0.000000,0.000000,0.000000,0.000000
1778249174.513971,0.637760,0.272186,0.968269,0.0000,0.0000,10.0000,0.000000,0.000000,0.020800,0.000000,0.000000,0.060000,0.641226,0.271923,0.977702,0.016573,-0.001259,0.083359,0.129405,41.581428,40.984746,-3.003487,1.995139,-1.570187,0.000000,0.000000,0.000000,0.000000,0.000000,0.000000
1778249174.524135,0.637644,0.272194,0.968685,0.0000,0.0000,10.0000,0.000000,0.000000,0.021400,0.000000,0.000000,0.060000,0.641226,0.271923,0.978302,0.016939,-0.001282,0.083285,0.129693,41.534970,40.942023,-3.003487,1.995131,-1.570185,0.000000,0.000000,0.000000,0.000000,0.000000,0.000000
1778249174.534312,0.637536,0.272198,0.969101,0.0000,0.0000,10.0000,0.000000,0.000000,0.022000,0.000000,0.000000,0.060000,0.641226,0.271923,0.978902,0.017252,-0.001289,0.083221,0.129959,41.631989,41.039305,-3.003487,1.995132,-1.570175,0.000000,0.000000,0.000000,0.000000,0.000000,0.000000
1778249174.544263,0.637430,0.272203,0.969514,0.0000,0.0000,10.0000,0.000000,0.000000,0.022600,0.000000,0.000000,0.060000,0.641226,0.271923,0.979502,0.017551,-0.001297,0.083158,0.130208,41.540992,40.946990,-3.003487,1.995130,-1.570168,0.000000,0.000000,0.000000,0.000000,0.000000,0.000000
1778249174.554178,0.637326,0.272207,0.969926,0.0000,0.0000,10.0000,0.000000,0.000000,0.022600,0.000000,0.000000,0.060000,0.641226,0.271923,0.979502,0.017551,-0.001297,0.083158,0.130208,41.540992,40.946990,-3.003488,1.995126,-1.570164,0.000000,0.000000,0.000000,0.000000,0.000000,0.000000
1778249174.564393,0.637220,0.272207,0.970341,0.0000,0.0000,10.0000,0.000000,0.000000,0.023200,0.000000,0.000000,0.060000,0.641226,0.271923,0.980102,0.017833,-0.001298,0.083098,0.130441,41.579567,40.989828,-3.003487,1.995123,-1.570159,0.000000,0.000000,0.000000,0.000000,0.000000,0.000000
1778249174.574212,0.637118,0.272213,0.970750,0.0000,0.0000,10.0000,0.000000,0.000000,0.024400,0.000000,0.000000,0.060000,0.641226,0.271923,0.981302,0.018378,-0.001297,0.082979,0.130875,41.621447,41.033319,-3.003487,1.995122,-1.570153,0.000000,0.000000,0.000000,0.000000,0.000000,0.000000
1778249174.584504,0.637017,0.272218,0.971159,0.0000,0.0000,10.0000,0.000000,0.000000,0.024400,0.000000,0.000000,0.060000,0.641226,0.271923,0.981302,0.018378,-0.001297,0.082979,0.130875,41.621447,41.033319,-3.003487,1.995120,-1.570148,0.000000,0.000000,0.000000,0.000000,0.000000,0.000000
1778249174.594193,0.636919,0.272222,0.971566,0.0000,0.0000,10.0000,0.000000,0.000000,0.025000,0.000000,0.000000,0.060000,0.641226,0.271923,0.981902,0.018624,-0.001305,0.082924,0.131074,41.613984,41.026443,-3.003487,1.995117,-1.570144,0.000000,0.000000,0.000000,0.000000,0.000000,0.000000
1778249174.604244,0.636827,0.272226,0.971971,0.0000,0.0000,10.0000,0.000000,0.000000,0.026200,0.000000,0.000000,0.060000,0.641226,0.271923,0.983102,0.019047,-0.001311,0.082828,0.131436,41.623177,41.037090,-3.003487,1.995116,-1.570138,0.000000,0.000000,0.000000,0.000000,0.000000,0.000000
1778249174.614369,0.636731,0.272230,0.972376,0.0000,0.0000,10.0000,0.000000,0.000000,0.026800,0.000000,0.000000,0.060000,0.641226,0.271923,0.983702,0.019255,-0.001314,0.082780,0.131603,41.625404,41.041970,-3.003487,1.995113,-1.570134,0.000000,0.000000,0.000000,0.000000,0.000000,0.000000
1778249174.624274,0.636635,0.272233,0.972783,0.0000,0.0000,10.0000,0.000000,0.000000,0.026800,0.000000,0.000000,0.060000,0.641226,0.271923,0.983702,0.019255,-0.001314,0.082780,0.131603,41.625404,41.041970,-3.003487,1.995111,-1.570130,0.000000,0.000000,0.000000,0.000000,0.000000,0.000000
1778249174.634227,0.636545,0.272240,0.973185,0.0000,0.0000,10.0000,0.000000,0.000000,0.027400,0.000000,0.000000,0.060000,0.641226,0.271923,0.984302,0.019459,-0.001316,0.082732,0.131764,41.620526,41.037642,-3.003487,1.995112,-1.570127,0.000000,0.000000,0.000000,0.000000,0.000000,0.000000
1778249174.644246,0.636458,0.272246,0.973584,0.0000,0.0000,10.0000,0.000000,0.000000,0.028000,0.000000,0.000000,0.060000,0.641226,0.271923,0.984902,0.019632,-0.001329,0.082691,0.131915,41.661674,41.077694,-3.003488,1.995109,-1.570123,0.000000,0.000000,0.000000,0.000000,0.000000,0.000000
1778249174.654285,0.636371,0.272252,0.973983,0.0000,0.0000,10.0000,0.000000,0.000000,0.028600,0.000000,0.000000,0.060000,0.641226,0.271923,0.985502,0.019787,-0.001343,0.082654,0.132056,41.653120,41.069025,-3.003488,1.995106,-1.570122,0.000000,0.000000,0.000000,0.000000,0.000000,0.000000
1778249174.664143,0.636282,0.272252,0.974390,0.0000,0.0000,10.0000,0.000000,0.000000,0.029200,0.000000,0.000000,0.060000,0.641226,0.271923,0.986102,0.019938,-0.001351,0.082618,0.132188,41.640274,41.060443,-3.003488,1.995108,-1.570118,0.000000,0.000000,0.000000,0.000000,0.000000,0.000000
1778249174.674409,0.636192,0.272255,0.974790,0.0000,0.0000,10.0000,0.000000,0.000000,0.030400,0.000000,0.000000,0.060000,0.641226,0.271923,0.987302,0.020258,-0.001337,0.082540,0.132444,41.666339,41.089530,-3.003489,1.995105,-1.570116,0.000000,0.000000,0.000000,0.000000,0.000000,0.000000
1778249174.684311,0.636109,0.272259,0.975189,0.0000,0.0000,10.0000,0.000000,0.000000,0.031000,0.000000,0.000000,0.060000,0.641226,0.271923,0.987902,0.020385,-0.001341,0.082509,0.132562,41.723663,41.146246,-3.003489,1.995107,-1.570113,0.000000,0.000000,0.000000,0.000000,0.000000,0.000000
1778249174.694336,0.636024,0.272266,0.975586,0.0000,0.0000,10.0000,0.000000,0.000000,0.031000,0.000000,0.000000,0.060000,0.641226,0.271923,0.987902,0.020385,-0.001341,0.082509,0.132562,41.723663,41.146246,-3.003490,1.995105,-1.570111,0.000000,0.000000,0.000000,0.000000,0.000000,0.000000
1778249174.704210,0.635945,0.272273,0.975984,0.0000,0.0000,10.0000,0.000000,0.000000,0.031600,0.000000,0.000000,0.060000,0.641226,0.271923,0.988502,0.020515,-0.001354,0.082476,0.132674,41.663475,41.086609,-3.003490,1.995108,-1.570113,0.000000,0.000000,0.000000,0.000000,0.000000,0.000000
1778249174.714277,0.635870,0.272282,0.976380,0.0000,0.0000,10.0000,0.000000,0.000000,0.032200,0.000000,0.000000,0.060000,0.641226,0.271923,0.989102,0.020621,-0.001368,0.082449,0.132779,41.708122,41.129897,-3.003490,1.995113,-1.570124,0.000000,0.000000,0.000000,0.000000,0.000000,0.000000
1778249174.723882,0.635785,0.272286,0.976775,0.0000,0.0000,10.0000,0.000000,0.000000,0.033400,0.000000,0.000000,0.060000,0.641226,0.271923,0.990302,0.020827,-0.001389,0.082397,0.132968,41.718885,41.148244,-3.003491,1.995112,-1.570126,0.000000,0.000000,0.000000,0.000000,0.000000,0.000000
1778249174.734242,0.635704,0.272293,0.977173,0.0000,0.0000,10.0000,0.000000,0.000000,0.034000,0.000000,0.000000,0.060000,0.641226,0.271923,0.990902,0.020935,-0.001403,0.082370,0.133061,41.733508,41.162208,-3.003491,1.995117,-1.570129,0.000000,0.000000,0.000000,0.000000,0.000000,0.000000
1778249174.744135,0.635624,0.272293,0.977572,0.0000,0.0000,10.0000,0.000000,0.000000,0.034600,0.000000,0.000000,0.060000,0.641226,0.271923,0.991502,0.021034,-0.001389,0.082345,0.133151,41.610287,41.036352,-3.003491,1.995117,-1.570128,0.000000,0.000000,0.000000,0.000000,0.000000,0.000000
1778249174.754360,0.635544,0.272286,0.977965,0.0000,0.0000,10.0000,0.000000,0.000000,0.035200,0.000000,0.000000,0.060000,0.641226,0.271923,0.992102,0.021130,-0.001350,0.082321,0.133238,41.700036,41.132924,-3.003491,1.995111,-1.570125,0.000000,0.000000,0.000000,0.000000,0.000000,0.000000
1778249174.764396,0.635464,0.272277,0.978366,0.0000,0.0000,10.0000,0.000000,0.000000,0.035800,0.000000,0.000000,0.060000,0.641226,0.271923,0.992702,0.021230,-0.001304,0.082296,0.133325,41.715884,41.147918,-3.003491,1.995116,-1.570125,0.000000,0.000000,0.000000,0.000000,0.000000,0.000000
1778249174.774135,0.635387,0.272275,0.978758,0.0000,0.0000,10.0000,0.000000,0.000000,0.036400,0.000000,0.000000,0.060000,0.641226,0.271923,0.993302,0.021310,-0.001287,0.082275,0.133407,41.705797,41.135007,-3.003491,1.995113,-1.570128,0.000000,0.000000,0.000000,0.000000,0.000000,0.000000
1778249174.784442,0.635317,0.272274,0.979149,0.0000,0.0000,10.0000,0.000000,0.000000,0.037000,0.000000,0.000000,0.060000,0.641226,0.271923,0.993902,0.021365,-0.001270,0.082261,0.133480,41.710941,41.142676,-3.003491,1.995114,-1.570127,0.000000,0.000000,0.000000,0.000000,0.000000,0.000000
1778249174.794287,0.635242,0.272276,0.979538,0.0000,0.0000,10.0000,0.000000,0.000000,0.037600,0.000000,0.000000,0.060000,0.641226,0.271923,0.994502,0.021432,-0.001265,0.082244,0.133550,41.744557,41.177143,-3.003491,1.995112,-1.570128,0.000000,0.000000,0.000000,0.000000,0.000000,0.000000
1778249174.804437,0.635171,0.272279,0.979926,0.0000,0.0000,10.0000,0.000000,0.000000,0.038200,0.000000,0.000000,0.060000,0.641226,0.271923,0.995102,0.021486,-0.001264,0.082230,0.133616,41.794080,41.228215,-3.003491,1.995114,-1.570126,0.000000,0.000000,0.000000,0.000000,0.000000,0.000000
1778249174.814171,0.635096,0.272281,0.980317,0.0000,0.0000,10.0000,0.000000,0.000000,0.038800,0.000000,0.000000,0.060000,0.641226,0.271923,0.995702,0.021552,-0.001261,0.082213,0.133680,41.717840,41.152110,-3.003492,1.995116,-1.570128,0.000000,0.000000,0.000000,0.000000,0.000000,0.000000
1778249174.823759,0.635003,0.272277,0.980807,0.0000,0.0000,10.0000,0.000000,0.000000,0.039400,0.000000,0.000000,0.060000,0.641226,0.271923,0.996302,0.021763,-0.001238,0.082158,0.133773,41.731501,41.169119,-3.003492,1.995114,-1.570126,0.000000,0.000000,0.000000,0.000000,0.000000,0.000000
1778249174.833819,0.634928,0.272274,0.981199,0.0000,0.0000,10.0000,0.000000,0.000000,0.040000,0.000000,0.000000,0.060000,0.641226,0.271923,0.996902,0.021827,-0.001218,0.082141,0.133856,41.747983,41.185874,-3.003492,1.995112,-1.570126,0.000000,0.000000,0.000000,0.000000,0.000000,0.000000
1778249174.844011,0.634859,0.272273,0.981586,0.0000,0.0000,10.0000,0.000000,0.000000,0.040600,0.000000,0.000000,0.060000,0.641226,0.271923,0.997502,0.021866,-0.001204,0.082131,0.133927,41.807603,41.244172,-3.003492,1.995115,-1.570125,0.000000,0.000000,0.000000,0.000000,0.000000,0.000000
1778249174.854557,0.634789,0.272277,0.981973,0.0000,0.0000,10.0000,0.000000,0.000000,0.041200,0.000000,0.000000,0.060000,0.641226,0.271923,0.998102,0.021909,-0.001205,0.082119,0.133990,41.757721,41.196558,-3.003491,1.995114,-1.570126,0.000000,0.000000,0.000000,0.000000,0.000000,0.000000
1778249174.863996,0.634714,0.272280,0.982361,0.0000,0.0000,10.0000,0.000000,0.000000,0.041800,0.000000,0.000000,0.060000,0.641226,0.271923,0.998702,0.021966,-0.001205,0.082104,0.134051,41.796409,41.238272,-3.003492,1.995115,-1.570129,0.000000,0.000000,0.000000,0.000000,0.000000,0.000000
1778249174.874158,0.634646,0.272277,0.982751,0.0000,0.0000,10.0000,0.000000,0.000000,0.042400,0.000000,0.000000,0.060000,0.641226,0.271923,0.999302,0.022005,-0.001185,0.082094,0.134108,41.743258,41.182078,-3.003492,1.995114,-1.570128,0.000000,0.000000,0.000000,0.000000,0.000000,0.000000
1778249174.884559,0.634576,0.272274,0.983137,0.0000,0.0000,10.0000,0.000000,0.000000,0.043000,0.000000,0.000000,0.060000,0.641226,0.271923,0.999902,0.022042,-0.001164,0.082084,0.134160,41.775093,41.218062,-3.003492,1.995112,-1.570124,0.000000,0.000000,0.000000,0.000000,0.000000,0.000000
1778249174.893861,0.634508,0.272272,0.983526,0.0000,0.0000,10.0000,0.000000,0.000000,0.043600,0.000000,0.000000,0.060000,0.641226,0.271923,1.000502,0.022079,-0.001149,0.082074,0.134211,41.791794,41.234104,-3.003492,1.995117,-1.570128,0.000000,0.000000,0.000000,0.000000,0.000000,0.000000
1778249174.903981,0.634436,0.272275,0.983912,0.0000,0.0000,10.0000,0.000000,0.000000,0.044200,0.000000,0.000000,0.060000,0.641226,0.271923,1.001102,0.022122,-0.001148,0.082063,0.134260,41.776299,41.219545,-3.003492,1.995112,-1.570128,0.000000,0.000000,0.000000,0.000000,0.000000,0.000000
1778249174.913781,0.634366,0.272278,0.984298,0.0000,0.0000,10.0000,0.000000,0.000000,0.044800,0.000000,0.000000,0.060000,0.641226,0.271923,1.001702,0.022159,-0.001147,0.082053,0.134308,41.809118,41.254863,-3.003492,1.995114,-1.570125,0.000000,0.000000,0.000000,0.000000,0.000000,0.000000
1778249174.923845,0.634316,0.272279,0.984588,0.0000,0.0000,10.0000,0.000000,0.000000,0.045400,0.000000,0.000000,0.060000,0.641226,0.271923,1.002302,0.022059,-0.001136,0.082080,0.134327,41.783806,41.228020,-3.003492,1.995117,-1.570127,0.000000,0.000000,0.000000,0.000000,0.000000,0.000000
1778249174.934462,0.634225,0.272277,0.985070,0.0000,0.0000,10.0000,0.000000,0.000000,0.046000,0.000000,0.000000,0.060000,0.641226,0.271923,1.002902,0.022233,-0.001124,0.082033,0.134381,41.788182,41.235875,-3.003492,1.995113,-1.570124,0.000000,0.000000,0.000000,0.000000,0.000000,0.000000
1778249174.943920,0.634175,0.272275,0.985361,0.0000,0.0000,10.0000,0.000000,0.000000,0.046600,0.000000,0.000000,0.060000,0.641226,0.271923,1.003502,0.022136,-0.001107,0.082060,0.134406,41.816520,41.263437,-3.003492,1.995117,-1.570123,0.000000,0.000000,0.000000,0.000000,0.000000,0.000000
1778249174.954627,0.634102,0.272277,0.985744,0.0000,0.0000,10.0000,0.000000,0.000000,0.047200,0.000000,0.000000,0.060000,0.641226,0.271923,1.004102,0.022176,-0.001103,0.082049,0.134437,41.833575,41.281569,-3.003492,1.995114,-1.570126,0.000000,0.000000,0.000000,0.000000,0.000000,0.000000
1778249174.964143,0.634023,0.272280,0.986221,0.0000,0.0000,10.0000,0.000000,0.000000,0.047800,0.000000,0.000000,0.060000,0.641226,0.271923,1.004702,0.022308,-0.001106,0.082013,0.134492,41.871834,41.320101,-3.003492,1.995116,-1.570126,0.000000,0.000000,0.000000,0.000000,0.000000,0.000000
1778249174.973772,0.633957,0.272282,0.986604,0.0000,0.0000,10.0000,0.000000,0.000000,0.048400,0.000000,0.000000,0.060000,0.641226,0.271923,1.005302,0.022328,-0.001103,0.082008,0.134539,41.843956,41.293811,-3.003492,1.995114,-1.570127,0.000000,0.000000,0.000000,0.000000,0.000000,0.000000
1778249174.984060,0.633890,0.272283,0.986990,0.0000,0.0000,10.0000,0.000000,0.000000,0.049000,0.000000,0.000000,0.060000,0.641226,0.271923,1.005902,0.022355,-0.001097,0.082000,0.134584,41.814959,41.266506,-3.003492,1.995115,-1.570124,0.000000,0.000000,0.000000,0.000000,0.000000,0.000000
1778249174.994080,0.633818,0.272290,0.987373,0.0000,0.0000,10.0000,0.000000,0.000000,0.049600,0.000000,0.000000,0.060000,0.641226,0.271923,1.006502,0.022390,-0.001110,0.081991,0.134628,41.855715,41.309377,-3.003492,1.995114,-1.570125,0.000000,0.000000,0.000000,0.000000,0.000000,0.000000
1778249175.004303,0.633752,0.272291,0.987756,0.0000,0.0000,10.0000,0.000000,0.000000,0.049600,0.000000,0.000000,0.060000,0.641226,0.271923,1.006502,0.022390,-0.001110,0.081991,0.134628,41.855715,41.309377,-3.003492,1.995113,-1.570125,0.000000,0.000000,0.000000,0.000000,0.000000,0.000000
1778249175.014214,0.633686,0.272287,0.988139,0.0000,0.0000,10.0000,0.000000,0.000000,0.050200,0.000000,0.000000,0.060000,0.641226,0.271923,1.007102,0.022409,-0.001104,0.081985,0.134668,41.841065,41.293476,-3.003492,1.995114,-1.570124,0.000000,0.000000,0.000000,0.000000,0.000000,0.000000
1778249175.024222,0.633615,0.272287,0.988522,0.0000,0.0000,10.0000,0.000000,0.000000,0.051400,0.000000,0.000000,0.060000,0.641226,0.271923,1.008302,0.022460,-0.001075,0.081972,0.134745,41.877843,41.332986,-3.003492,1.995112,-1.570125,0.000000,0.000000,0.000000,0.000000,0.000000,0.000000
1778249175.034022,0.633549,0.272293,0.988903,0.0000,0.0000,10.0000,0.000000,0.000000,0.052000,0.000000,0.000000,0.060000,0.641226,0.271923,1.008902,0.022476,-0.001085,0.081967,0.134781,41.930052,41.386696,-3.003492,1.995117,-1.570124,0.000000,0.000000,0.000000,0.000000,0.000000,0.000000
1778249175.044161,0.633482,0.272297,0.989287,0.0000,0.0000,10.0000,0.000000,0.000000,0.052600,0.000000,0.000000,0.060000,0.641226,0.271923,1.009502,0.022497,-0.001087,0.081962,0.134817,41.825764,41.281675,-3.003492,1.995112,-1.570126,0.000000,0.000000,0.000000,0.000000,0.000000,0.000000
1778249175.054402,0.633417,0.272298,0.989668,0.0000,0.0000,10.0000,0.000000,0.000000,0.053200,0.000000,0.000000,0.060000,0.641226,0.271923,1.010102,0.022510,-0.001081,0.081958,0.134850,41.879868,41.338707,-3.003492,1.995114,-1.570122,0.000000,0.000000,0.000000,0.000000,0.000000,0.000000
1778249175.064112,0.633352,0.272296,0.990051,0.0000,0.0000,10.0000,0.000000,0.000000,0.053800,0.000000,0.000000,0.060000,0.641226,0.271923,1.010702,0.022524,-0.001067,0.081954,0.134883,41.862769,41.320690,-3.003493,1.995113,-1.570124,0.000000,0.000000,0.000000,0.000000,0.000000,0.000000
1778249175.074250,0.633287,0.272294,0.990433,0.0000,0.0000,10.0000,0.000000,0.000000,0.054400,0.000000,0.000000,0.060000,0.641226,0.271923,1.011302,0.022538,-0.001054,0.081951,0.134914,41.893724,41.354517,-3.003492,1.995114,-1.570123,0.000000,0.000000,0.000000,0.000000,0.000000,0.000000
1778249175.084161,0.633218,0.272295,0.990818,0.0000,0.0000,10.0000,0.000000,0.000000,0.055000,0.000000,0.000000,0.060000,0.641226,0.271923,1.011902,0.022564,-0.001049,0.081944,0.134947,41.859413,41.320873,-3.003492,1.995115,-1.570124,0.000000,0.000000,0.000000,0.000000,0.000000,0.000000
1778249175.094072,0.633150,0.272291,0.991198,0.0000,0.0000,10.0000,0.000000,0.000000,0.055600,0.000000,0.000000,0.060000,0.641226,0.271923,1.012502,0.022582,-0.001031,0.081939,0.134981,41.904376,41.367495,-3.003492,1.995113,-1.570122,0.000000,0.000000,0.000000,0.000000,0.000000,0.000000
1778249175.104344,0.633083,0.272297,0.991580,0.0000,0.0000,10.0000,0.000000,0.000000,0.056200,0.000000,0.000000,0.060000,0.641226,0.271923,1.013102,0.022601,-0.001038,0.081934,0.135013,41.911224,41.374442,-3.003492,1.995114,-1.570124,0.000000,0.000000,0.000000,0.000000,0.000000,0.000000
1778249175.113966,0.633021,0.272299,0.991959,0.0000,0.0000,10.0000,0.000000,0.000000,0.056800,0.000000,0.000000,0.060000,0.641226,0.271923,1.013702,0.022604,-0.001035,0.081933,0.135043,41.883474,41.344207,-3.003492,1.995113,-1.570123,0.000000,0.000000,0.000000,0.000000,0.000000,0.000000
1778249175.124541,0.632974,0.272302,0.992239,0.0000,0.0000,10.0000,0.000000,0.000000,0.057400,0.000000,0.000000,0.060000,0.641226,0.271923,1.014302,0.022498,-0.001034,0.081962,0.135049,41.989355,41.453557,-3.003492,1.995112,-1.570121,0.000000,0.000000,0.000000,0.000000,0.000000,0.000000
1778249175.134442,0.632896,0.272304,0.992716,0.0000,0.0000,10.0000,0.000000,0.000000,0.057400,0.000000,0.000000,0.060000,0.641226,0.271923,1.014302,0.022498,-0.001034,0.081962,0.135049,41.989355,41.453557,-3.003493,1.995119,-1.570126,0.000000,0.000000,0.000000,0.000000,0.000000,0.000000
1778249175.144817,0.632842,0.272302,0.993000,0.0000,0.0000,10.0000,0.000000,0.000000,0.058600,0.000000,0.000000,0.060000,0.641226,0.271923,1.015502,0.022526,-0.001020,0.081954,0.135094,41.901740,41.370142,-3.003493,1.995113,-1.570122,0.000000,0.000000,0.000000,0.000000,0.000000,0.000000
1778249175.154218,0.632758,0.272306,0.993477,0.0000,0.0000,10.0000,0.000000,0.000000,0.059200,0.000000,0.000000,0.060000,0.641226,0.271923,1.016102,0.022652,-0.001024,0.081920,0.135134,41.941223,41.409793,-3.003492,1.995114,-1.570120,0.000000,0.000000,0.000000,0.000000,0.000000,0.000000
1778249175.164642,0.632710,0.272308,0.993762,0.0000,0.0000,10.0000,0.000000,0.000000,0.059800,0.000000,0.000000,0.060000,0.641226,0.271923,1.016702,0.022555,-0.001020,0.081946,0.135148,41.933156,41.399774,-3.003493,1.995115,-1.570125,0.000000,0.000000,0.000000,0.000000,0.000000,0.000000
1778249175.174104,0.632633,0.272303,0.994235,0.0000,0.0000,10.0000,0.000000,0.000000,0.060400,0.000000,0.000000,0.060000,0.641226,0.271923,1.017302,0.022658,-0.001004,0.081918,0.135186,41.954623,41.422018,-3.003493,1.995116,-1.570122,0.000000,0.000000,0.000000,0.000000,0.000000,0.000000
1778249175.184484,0.632569,0.272307,0.994611,0.0000,0.0000,10.0000,0.000000,0.000000,0.061000,0.000000,0.000000,0.060000,0.641226,0.271923,1.017902,0.022664,-0.001006,0.081917,0.135218,41.929943,41.398237,-3.003493,1.995114,-1.570123,0.000000,0.000000,0.000000,0.000000,0.000000,0.000000
1778249175.193914,0.632505,0.272307,0.994991,0.0000,0.0000,10.0000,0.000000,0.000000,0.061600,0.000000,0.000000,0.060000,0.641226,0.271923,1.018502,0.022672,-0.001000,0.081914,0.135249,41.911358,41.383599,-3.003493,1.995114,-1.570123,0.000000,0.000000,0.000000,0.000000,0.000000,0.000000
1778249175.204124,0.632415,0.272312,0.995467,0.0000,0.0000,10.0000,0.000000,0.000000,0.062200,0.000000,0.000000,0.060000,0.641226,0.271923,1.019102,0.022806,-0.001008,0.081877,0.135303,41.948092,41.421941,-3.003493,1.995113,-1.570126,0.000000,0.000000,0.000000,0.000000,0.000000,0.000000
1778249175.214114,0.632349,0.272310,0.995847,0.0000,0.0000,10.0000,0.000000,0.000000,0.062200,0.000000,0.000000,0.060000,0.641226,0.271923,1.019102,0.022806,-0.001008,0.081877,0.135303,41.948092,41.421941,-3.003493,1.995117,-1.570120,0.000000,0.000000,0.000000,0.000000,0.000000,0.000000
1778249175.224326,0.632279,0.272314,0.996224,0.0000,0.0000,10.0000,0.000000,0.000000,0.063400,0.000000,0.000000,0.060000,0.641226,0.271923,1.020302,0.022835,-0.000998,0.081869,0.135391,41.928205,41.401837,-3.003493,1.995112,-1.570123,0.000000,0.000000,0.000000,0.000000,0.000000,0.000000
1778249175.234366,0.632213,0.272316,0.996601,0.0000,0.0000,10.0000,0.000000,0.000000,0.064000,0.000000,0.000000,0.060000,0.641226,0.271923,1.020902,0.022844,-0.000997,0.081867,0.135427,42.007175,41.483556,-3.003493,1.995112,-1.570125,0.000000,0.000000,0.000000,0.000000,0.000000,0.000000
1778249175.243964,0.632131,0.272318,0.997074,0.0000,0.0000,10.0000,0.000000,0.000000,0.064600,0.000000,0.000000,0.060000,0.641226,0.271923,1.021502,0.022954,-0.000997,0.081836,0.135480,41.961181,41.438650,-3.003493,1.995113,-1.570124,0.000000,0.000000,0.000000,0.000000,0.000000,0.000000
1778249175.254194,0.632072,0.272314,0.997453,0.0000,0.0000,10.0000,0.000000,0.000000,0.065200,0.000000,0.000000,0.060000,0.641226,0.271923,1.022102,0.022947,-0.000980,0.081838,0.135522,41.951257,41.426681,-3.003493,1.995114,-1.570121,0.000000,0.000000,0.000000,0.000000,0.000000,0.000000
1778249175.264048,0.632009,0.272312,0.997830,0.0000,0.0000,10.0000,0.000000,0.000000,0.065800,0.000000,0.000000,0.060000,0.641226,0.271923,1.022702,0.022946,-0.000969,0.081838,0.135557,41.944893,41.423583,-3.003493,1.995113,-1.570121,0.000000,0.000000,0.000000,0.000000,0.000000,0.000000
1778249175.274250,0.631941,0.272316,0.998205,0.0000,0.0000,10.0000,0.000000,0.000000,0.066400,0.000000,0.000000,0.060000,0.641226,0.271923,1.023302,0.022958,-0.000973,0.081835,0.135590,42.021984,41.502368,-3.003493,1.995112,-1.570126,0.000000,0.000000,0.000000,0.000000,0.000000,0.000000
1778249175.287162,0.631880,0.272314,0.998581,0.0000,0.0000,10.0000,0.000000,0.000000,0.067000,0.000000,0.000000,0.060000,0.641226,0.271923,1.023902,0.022955,-0.000962,0.081836,0.135618,42.020274,41.499141,-3.003493,1.995116,-1.570119,0.000000,0.000000,0.000000,0.000000,0.000000,0.000000
1778249175.293877,0.631813,0.272319,0.998956,0.0000,0.0000,10.0000,0.000000,0.000000,0.067600,0.000000,0.000000,0.060000,0.641226,0.271923,1.024502,0.022963,-0.000967,0.081834,0.135645,41.952254,41.432751,-3.003493,1.995111,-1.570122,0.000000,0.000000,0.000000,0.000000,0.000000,0.000000
1778249175.304387,0.631748,0.272321,0.999331,0.0000,0.0000,10.0000,0.000000,0.000000,0.068200,0.000000,0.000000,0.060000,0.641226,0.271923,1.025102,0.022967,-0.000964,0.081833,0.135671,42.046697,41.530043,-3.003493,1.995114,-1.570123,0.000000,0.000000,0.000000,0.000000,0.000000,0.000000
1778249175.313880,0.631686,0.272320,0.999711,0.0000,0.0000,10.0000,0.000000,0.000000,0.068800,0.000000,0.000000,0.060000,0.641226,0.271923,1.025702,0.022968,-0.000957,0.081833,0.135696,41.976825,41.456248,-3.003493,1.995116,-1.570121,0.000000,0.000000,0.000000,0.000000,0.000000,0.000000
1778249175.324593,0.631621,0.272326,1.000082,0.0000,0.0000,10.0000,0.000000,0.000000,0.069400,0.000000,0.000000,0.060000,0.641226,0.271923,1.026302,0.022971,-0.000965,0.081832,0.135719,42.026041,41.511126,-3.003493,1.995112,-1.570119,0.000000,0.000000,0.000000,0.000000,0.000000,0.000000
1778249175.334429,0.631558,0.272329,1.000459,0.0000,0.0000,10.0000,0.000000,0.000000,0.070000,0.000000,0.000000,0.060000,0.641226,0.271923,1.026902,0.022972,-0.000965,0.081831,0.135742,42.019487,41.502638,-3.003493,1.995115,-1.570126,0.000000,0.000000,0.000000,0.000000,0.000000,0.000000
1778249175.344049,0.631497,0.272326,1.000834,0.0000,0.0000,10.0000,0.000000,0.000000,0.070600,0.000000,0.000000,0.060000,0.641226,0.271923,1.027502,0.022967,-0.000951,0.081833,0.135763,42.013326,41.497765,-3.003493,1.995115,-1.570122,0.000000,0.000000,0.000000,0.000000,0.000000,0.000000
1778249175.354022,0.631430,0.272330,1.001206,0.0000,0.0000,10.0000,0.000000,0.000000,0.070600,0.000000,0.000000,0.060000,0.641226,0.271923,1.027502,0.022967,-0.000951,0.081833,0.135763,42.013326,41.497765,-3.003493,1.995112,-1.570120,0.000000,0.000000,0.000000,0.000000,0.000000,0.000000
1778249175.363990,0.631367,0.272333,1.001579,0.0000,0.0000,10.0000,0.000000,0.000000,0.071800,0.000000,0.000000,0.060000,0.641226,0.271923,1.028702,0.022972,-0.000956,0.081831,0.135807,42.086552,41.573886,-3.003493,1.995114,-1.570123,0.000000,0.000000,0.000000,0.000000,0.000000,0.000000
1778249175.374048,0.631302,0.272332,1.001955,0.0000,0.0000,10.0000,0.000000,0.000000,0.071800,0.000000,0.000000,0.060000,0.641226,0.271923,1.028702,0.022972,-0.000956,0.081831,0.135807,42.086552,41.573886,-3.003493,1.995115,-1.570120,0.000000,0.000000,0.000000,0.000000,0.000000,0.000000
1778249175.385865,0.631236,0.272334,1.002331,0.0000,0.0000,10.0000,0.000000,0.000000,0.073000,0.000000,0.000000,0.060000,0.641226,0.271923,1.029902,0.022982,-0.000945,0.081829,0.135851,42.030404,41.520141,-3.003493,1.995113,-1.570120,0.000000,0.000000,0.000000,0.000000,0.000000,0.000000
1778249175.394305,0.631172,0.272337,1.002706,0.0000,0.0000,10.0000,0.000000,0.000000,0.073600,0.000000,0.000000,0.060000,0.641226,0.271923,1.030502,0.022984,-0.000946,0.081828,0.135874,42.075530,41.564856,-3.003493,1.995114,-1.570124,0.000000,0.000000,0.000000,0.000000,0.000000,0.000000
1778249175.404449,0.631110,0.272334,1.003079,0.0000,0.0000,10.0000,0.000000,0.000000,0.074200,0.000000,0.000000,0.060000,0.641226,0.271923,1.031102,0.022980,-0.000935,0.081829,0.135895,42.033837,41.523242,-3.003493,1.995116,-1.570119,0.000000,0.000000,0.000000,0.000000,0.000000,0.000000
1778249175.413732,0.631024,0.272346,1.003546,0.0000,0.0000,10.0000,0.000000,0.000000,0.074800,0.000000,0.000000,0.060000,0.641226,0.271923,1.031702,0.023082,-0.000957,0.081800,0.135936,42.029657,41.522110,-3.003493,1.995112,-1.570124,0.000000,0.000000,0.000000,0.000000,0.000000,0.000000
1778249175.423725,0.630957,0.272352,1.003919,0.0000,0.0000,10.0000,0.000000,0.000000,0.075400,0.000000,0.000000,0.060000,0.641226,0.271923,1.032302,0.023088,-0.000966,0.081799,0.135971,42.079011,41.572472,-3.003493,1.995114,-1.570123,0.000000,0.000000,0.000000,0.000000,0.000000,0.000000
1778249175.434002,0.630896,0.272350,1.004293,0.0000,0.0000,10.0000,0.000000,0.000000,0.076000,0.000000,0.000000,0.060000,0.641226,0.271923,1.032902,0.023082,-0.000955,0.081800,0.136001,42.051184,41.543197,-3.003494,1.995113,-1.570122,0.000000,0.000000,0.000000,0.000000,0.000000,0.000000
1778249175.444009,0.630836,0.272345,1.004665,0.0000,0.0000,10.0000,0.000000,0.000000,0.076600,0.000000,0.000000,0.060000,0.641226,0.271923,1.033502,0.023074,-0.000939,0.081803,0.136026,42.087163,41.580865,-3.003494,1.995115,-1.570120,0.000000,0.000000,0.000000,0.000000,0.000000,0.000000
1778249175.454400,0.630772,0.272348,1.005037,0.0000,0.0000,10.0000,0.000000,0.000000,0.077200,0.000000,0.000000,0.060000,0.641226,0.271923,1.034102,0.023074,-0.000939,0.081803,0.136049,42.081376,41.576431,-3.003493,1.995114,-1.570122,0.000000,0.000000,0.000000,0.000000,0.000000,0.000000
1778249175.464251,0.630707,0.272352,1.005412,0.0000,0.0000,10.0000,0.000000,0.000000,0.077800,0.000000,0.000000,0.060000,0.641226,0.271923,1.034702,0.023077,-0.000942,0.081802,0.136072,42.078518,41.575180,-3.003493,1.995116,-1.570123,0.000000,0.000000,0.000000,0.000000,0.000000,0.000000
1778249175.474709,0.630637,0.272354,1.005785,0.0000,0.0000,10.0000,0.000000,0.000000,0.078400,0.000000,0.000000,0.060000,0.641226,0.271923,1.035302,0.023089,-0.000940,0.081799,0.136097,42.069849,41.569350,-3.003493,1.995112,-1.570120,0.000000,0.000000,0.000000,0.000000,0.000000,0.000000
1778249175.484244,0.630574,0.272358,1.006158,0.0000,0.0000,10.0000,0.000000,0.000000,0.079000,0.000000,0.000000,0.060000,0.641226,0.271923,1.035902,0.023087,-0.000942,0.081799,0.136120,42.111242,41.607895,-3.003493,1.995115,-1.570120,0.000000,0.000000,0.000000,0.000000,0.000000,0.000000
1778249175.494183,0.630512,0.272362,1.006528,0.0000,0.0000,10.0000,0.000000,0.000000,0.079000,0.000000,0.000000,0.060000,0.641226,0.271923,1.035902,0.023087,-0.000942,0.081799,0.136120,42.111242,41.607895,-3.003493,1.995113,-1.570122,0.000000,0.000000,0.000000,0.000000,0.000000,0.000000
1778249175.504555,0.630446,0.272364,1.006903,0.0000,0.0000,10.0000,0.000000,0.000000,0.080200,0.000000,0.000000,0.060000,0.641226,0.271923,1.037102,0.023085,-0.000945,0.081800,0.136162,42.095846,41.597314,-3.003493,1.995115,-1.570121,0.000000,0.000000,0.000000,0.000000,0.000000,0.000000
1778249175.514149,0.630381,0.272365,1.007275,0.0000,0.0000,10.0000,0.000000,0.000000,0.080800,0.000000,0.000000,0.060000,0.641226,0.271923,1.037702,0.023086,-0.000940,0.081799,0.136183,42.093019,41.592794,-3.003494,1.995113,-1.570121,0.000000,0.000000,0.000000,0.000000,0.000000,0.000000
1778249175.524444,0.630320,0.272363,1.007647,0.0000,0.0000,10.0000,0.000000,0.000000,0.081400,0.000000,0.000000,0.060000,0.641226,0.271923,1.038302,0.023079,-0.000931,0.081801,0.136203,42.142147,41.643223,-3.003494,1.995114,-1.570121,0.000000,0.000000,0.000000,0.000000,0.000000,0.000000
1778249175.533765,0.630260,0.272363,1.008018,0.0000,0.0000,10.0000,0.000000,0.000000,0.082000,0.000000,0.000000,0.060000,0.641226,0.271923,1.038902,0.023071,-0.000926,0.081804,0.136221,42.086827,41.586316,-3.003493,1.995116,-1.570119,0.000000,0.000000,0.000000,0.000000,0.000000,0.000000
1778249175.543930,0.630197,0.272372,1.008384,0.0000,0.0000,10.0000,0.000000,0.000000,0.082600,0.000000,0.000000,0.060000,0.641226,0.271923,1.039502,0.023065,-0.000940,0.081805,0.136238,42.140869,41.644578,-3.003493,1.995112,-1.570122,0.000000,0.000000,0.000000,0.000000,0.000000,0.000000
1778249175.553774,0.630118,0.272373,1.008849,0.0000,0.0000,10.0000,0.000000,0.000000,0.083200,0.000000,0.000000,0.060000,0.641226,0.271923,1.040102,0.023144,-0.000938,0.081783,0.136272,42.165350,41.671060,-3.003493,1.995118,-1.570120,0.000000,0.000000,0.000000,0.000000,0.000000,0.000000
1778249175.563741,0.630053,0.272370,1.009225,0.0000,0.0000,10.0000,0.000000,0.000000,0.083800,0.000000,0.000000,0.060000,0.641226,0.271923,1.040702,0.023147,-0.000927,0.081782,0.136303,42.075605,41.579527,-3.003494,1.995113,-1.570119,0.000000,0.000000,0.000000,0.000000,0.000000,0.000000
1778249175.573901,0.630004,0.272375,1.009502,0.0000,0.0000,10.0000,0.000000,0.000000,0.083800,0.000000,0.000000,0.060000,0.641226,0.271923,1.040702,0.023147,-0.000927,0.081782,0.136303,42.075605,41.579527,-3.003494,1.995114,-1.570121,0.000000,0.000000,0.000000,0.000000,0.000000,0.000000
1778249175.585017,0.629941,0.272374,1.009875,0.0000,0.0000,10.0000,0.000000,0.000000,0.085000,0.000000,0.000000,0.060000,0.641226,0.271923,1.041902,0.023064,-0.000923,0.081806,0.136327,42.117091,41.623528,-3.003494,1.995115,-1.570120,0.000000,0.000000,0.000000,0.000000,0.000000,0.000000
1778249175.593825,0.629862,0.272375,1.010340,0.0000,0.0000,10.0000,0.000000,0.000000,0.085600,0.000000,0.000000,0.060000,0.641226,0.271923,1.042502,0.023143,-0.000920,0.081784,0.136359,42.100538,41.606097,-3.003494,1.995114,-1.570120,0.000000,0.000000,0.000000,0.000000,0.000000,0.000000
1778249175.606222,0.629797,0.272375,1.010706,0.0000,0.0000,10.0000,0.000000,0.000000,0.086200,0.000000,0.000000,0.060000,0.641226,0.271923,1.043102,0.023139,-0.000916,0.081785,0.136386,42.153375,41.662158,-3.003494,1.995112,-1.570118,0.000000,0.000000,0.000000,0.000000,0.000000,0.000000
1778249175.613955,0.629738,0.272374,1.011074,0.0000,0.0000,10.0000,0.000000,0.000000,0.086800,0.000000,0.000000,0.060000,0.641226,0.271923,1.043702,0.023128,-0.000907,0.081788,0.136408,42.202690,41.712556,-3.003494,1.995116,-1.570117,0.000000,0.000000,0.000000,0.000000,0.000000,0.000000
1778249175.624776,0.629673,0.272377,1.011447,0.0000,0.0000,10.0000,0.000000,0.000000,0.087400,0.000000,0.000000,0.060000,0.641226,0.271923,1.044302,0.023129,-0.000909,0.081788,0.136430,42.117008,41.627659,-3.003494,1.995116,-1.570123,0.000000,0.000000,0.000000,0.000000,0.000000,0.000000
1778249175.634613,0.629607,0.272375,1.011817,0.0000,0.0000,10.0000,0.000000,0.000000,0.088000,0.000000,0.000000,0.060000,0.641226,0.271923,1.044902,0.023130,-0.000900,0.081787,0.136452,42.146405,41.657666,-3.003494,1.995113,-1.570121,0.000000,0.000000,0.000000,0.000000,0.000000,0.000000
1778249175.644136,0.629544,0.272379,1.012187,0.0000,0.0000,10.0000,0.000000,0.000000,0.088600,0.000000,0.000000,0.060000,0.641226,0.271923,1.045502,0.023127,-0.000903,0.081788,0.136473,42.167176,41.677572,-3.003494,1.995114,-1.570122,0.000000,0.000000,0.000000,0.000000,0.000000,0.000000
1778249175.654461,0.629482,0.272383,1.012552,0.0000,0.0000,10.0000,0.000000,0.000000,0.088600,0.000000,0.000000,0.060000,0.641226,0.271923,1.045502,0.023127,-0.000903,0.081788,0.136473,42.167176,41.677572,-3.003494,1.995113,-1.570121,0.000000,0.000000,0.000000,0.000000,0.000000,0.000000
1778249175.664044,0.629418,0.272385,1.012921,0.0000,0.0000,10.0000,0.000000,0.000000,0.089800,0.000000,0.000000,0.060000,0.641226,0.271923,1.046702,0.023116,-0.000906,0.081791,0.136510,42.150535,41.662677,-3.003494,1.995113,-1.570121,0.000000,0.000000,0.000000,0.000000,0.000000,0.000000
1778249175.674214,0.629355,0.272383,1.013290,0.0000,0.0000,10.0000,0.000000,0.000000,0.090400,0.000000,0.000000,0.060000,0.641226,0.271923,1.047302,0.023112,-0.000897,0.081793,0.136528,42.208576,41.723962,-3.003494,1.995113,-1.570119,0.000000,0.000000,0.000000,0.000000,0.000000,0.000000
1778249175.684580,0.629287,0.272383,1.013663,0.0000,0.0000,10.0000,0.000000,0.000000,0.091000,0.000000,0.000000,0.060000,0.641226,0.271923,1.047902,0.023119,-0.000891,0.081791,0.136548,42.116497,41.633307,-3.003494,1.995115,-1.570124,0.000000,0.000000,0.000000,0.000000,0.000000,0.000000
1778249175.694639,0.629221,0.272380,1.014033,0.0000,0.0000,10.0000,0.000000,0.000000,0.091000,0.000000,0.000000,0.060000,0.641226,0.271923,1.047902,0.023119,-0.000891,0.081791,0.136548,42.116497,41.633307,-3.003494,1.995112,-1.570121,0.000000,0.000000,0.000000,0.000000,0.000000,0.000000
1778249175.703822,0.629145,0.272385,1.014491,0.0000,0.0000,10.0000,0.000000,0.000000,0.092200,0.000000,0.000000,0.060000,0.641226,0.271923,1.049102,0.023185,-0.000887,0.081772,0.136602,42.225941,41.742103,-3.003494,1.995115,-1.570120,0.000000,0.000000,0.000000,0.000000,0.000000,0.000000
1778249175.714145,0.629087,0.272387,1.014857,0.0000,0.0000,10.0000,0.000000,0.000000,0.092800,0.000000,0.000000,0.060000,0.641226,0.271923,1.049702,0.023170,-0.000885,0.081776,0.136628,42.221346,41.737344,-3.003494,1.995116,-1.570119,0.000000,0.000000,0.000000,0.000000,0.000000,0.000000
1778249175.724171,0.629038,0.272387,1.015132,0.0000,0.0000,10.0000,0.000000,0.000000,0.093400,0.000000,0.000000,0.060000,0.641226,0.271923,1.050302,0.023095,-0.000880,0.081798,0.136637,42.180364,41.699364,-3.003494,1.995113,-1.570120,0.000000,0.000000,0.000000,0.000000,0.000000,0.000000
1778249175.733918,0.628976,0.272384,1.015502,0.0000,0.0000,10.0000,0.000000,0.000000,0.094000,0.000000,0.000000,0.060000,0.641226,0.271923,1.050902,0.023090,-0.000869,0.081799,0.136649,42.211288,41.731052,-3.003494,1.995113,-1.570120,0.000000,0.000000,0.000000,0.000000,0.000000,0.000000
1778249175.744446,0.628914,0.272381,1.015873,0.0000,0.0000,10.0000,0.000000,0.000000,0.094600,0.000000,0.000000,0.060000,0.641226,0.271923,1.051502,0.023085,-0.000859,0.081801,0.136662,42.182807,41.701143,-3.003494,1.995118,-1.570118,0.000000,0.000000,0.000000,0.000000,0.000000,0.000000
1778249175.754267,0.628829,0.272390,1.016329,0.0000,0.0000,10.0000,0.000000,0.000000,0.095200,0.000000,0.000000,0.060000,0.641226,0.271923,1.052102,0.023162,-0.000873,0.081779,0.136693,42.176145,41.698567,-3.003494,1.995110,-1.570123,0.000000,0.000000,0.000000,0.000000,0.000000,0.000000
1778249175.764010,0.628764,0.272390,1.016700,0.0000,0.0000,10.0000,0.000000,0.000000,0.095800,0.000000,0.000000,0.060000,0.641226,0.271923,1.052702,0.023161,-0.000868,0.081779,0.136720,42.222742,41.746643,-3.003494,1.995117,-1.570120,0.000000,0.000000,0.000000,0.000000,0.000000,0.000000
1778249175.774085,0.628697,0.272388,1.017069,0.0000,0.0000,10.0000,0.000000,0.000000,0.096400,0.000000,0.000000,0.060000,0.641226,0.271923,1.053302,0.023164,-0.000861,0.081778,0.136745,42.166093,41.687586,-3.003494,1.995112,-1.570118,0.000000,0.000000,0.000000,0.000000,0.000000,0.000000
1778249175.784014,0.628638,0.272390,1.017429,0.0000,0.0000,10.0000,0.000000,0.000000,0.097000,0.000000,0.000000,0.060000,0.641226,0.271923,1.053902,0.023149,-0.000860,0.081782,0.136766,42.247718,41.770508,-3.003494,1.995111,-1.570122,0.000000,0.000000,0.000000,0.000000,0.000000,0.000000
1778249175.793883,0.628583,0.272389,1.017792,0.0000,0.0000,10.0000,0.000000,0.000000,0.097600,0.000000,0.000000,0.060000,0.641226,0.271923,1.054502,0.023128,-0.000853,0.081788,0.136782,42.260384,41.782963,-3.003494,1.995116,-1.570120,0.000000,0.000000,0.000000,0.000000,0.000000,0.000000
1778249175.804402,0.628517,0.272396,1.018158,0.0000,0.0000,10.0000,0.000000,0.000000,0.097600,0.000000,0.000000,0.060000,0.641226,0.271923,1.054502,0.023128,-0.000853,0.081788,0.136782,42.260384,41.782963,-3.003494,1.995113,-1.570121,0.000000,0.000000,0.000000,0.000000,0.000000,0.000000
1778249175.813885,0.628450,0.272402,1.018529,0.0000,0.0000,10.0000,0.000000,0.000000,0.098800,0.000000,0.000000,0.060000,0.641226,0.271923,1.055702,0.023132,-0.000867,0.081787,0.136818,42.213604,41.739786,-3.003494,1.995118,-1.570118,0.000000,0.000000,0.000000,0.000000,0.000000,0.000000
1778249175.824584,0.628382,0.272405,1.018892,0.0000,0.0000,10.0000,0.000000,0.000000,0.099400,0.000000,0.000000,0.060000,0.641226,0.271923,1.056302,0.023134,-0.000869,0.081787,0.136837,42.235865,41.763913,-3.003495,1.995112,-1.570119,0.000000,0.000000,0.000000,0.000000,0.000000,0.000000
1778249175.834111,0.628311,0.272400,1.019347,0.0000,0.0000,10.0000,0.000000,0.000000,0.100000,0.000000,0.000000,0.060000,0.641226,0.271923,1.056902,0.023184,-0.000856,0.081773,0.136867,42.263942,41.790879,-3.003495,1.995115,-1.570120,0.000000,0.000000,0.000000,0.000000,0.000000,0.000000
1778249175.843851,0.628248,0.272402,1.019712,0.0000,0.0000,10.0000,0.000000,0.000000,0.100600,0.000000,0.000000,0.060000,0.641226,0.271923,1.057502,0.023178,-0.000857,0.081774,0.136892,42.250395,41.778875,-3.003495,1.995114,-1.570120,0.000000,0.000000,0.000000,0.000000,0.000000,0.000000
1778249175.854313,0.628185,0.272408,1.020075,0.0000,0.0000,10.0000,0.000000,0.000000,0.101200,0.000000,0.000000,0.060000,0.641226,0.271923,1.058102,0.023171,-0.000863,0.081776,0.136914,42.281777,41.810770,-3.003495,1.995113,-1.570124,0.000000,0.000000,0.000000,0.000000,0.000000,0.000000
1778249175.864123,0.628119,0.272415,1.020440,0.0000,0.0000,10.0000,0.000000,0.000000,0.101800,0.000000,0.000000,0.060000,0.641226,0.271923,1.058702,0.023170,-0.000870,0.081777,0.136935,42.278217,41.811363,-3.003495,1.995115,-1.570123,0.000000,0.000000,0.000000,0.000000,0.000000,0.000000
1778249175.874157,0.628054,0.272417,1.020810,0.0000,0.0000,10.0000,0.000000,0.000000,0.102400,0.000000,0.000000,0.060000,0.641226,0.271923,1.059302,0.023170,-0.000870,0.081776,0.136956,42.203098,41.733218,-3.003495,1.995119,-1.570123,0.000000,0.000000,0.000000,0.000000,0.000000,0.000000
1778249175.884539,0.627990,0.272416,1.021171,0.0000,0.0000,10.0000,0.000000,0.000000,0.102400,0.000000,0.000000,0.060000,0.641226,0.271923,1.059302,0.023170,-0.000870,0.081776,0.136956,42.203098,41.733218,-3.003495,1.995111,-1.570120,0.000000,0.000000,0.000000,0.000000,0.000000,0.000000
1778249175.894033,0.627929,0.272418,1.021536,0.0000,0.0000,10.0000,0.000000,0.000000,0.103600,0.000000,0.000000,0.060000,0.641226,0.271923,1.060502,0.023155,-0.000862,0.081781,0.136992,42.298770,41.831314,-3.003495,1.995115,-1.570121,0.000000,0.000000,0.000000,0.000000,0.000000,0.000000
1778249175.904896,0.627868,0.272415,1.021901,0.0000,0.0000,10.0000,0.000000,0.000000,0.104200,0.000000,0.000000,0.060000,0.641226,0.271923,1.061102,0.023146,-0.000852,0.081784,0.137009,42.258804,41.790621,-3.003495,1.995116,-1.570120,0.000000,0.000000,0.000000,0.000000,0.000000,0.000000
1778249175.914208,0.627808,0.272418,1.022260,0.0000,0.0000,10.0000,0.000000,0.000000,0.104800,0.000000,0.000000,0.060000,0.641226,0.271923,1.061702,0.023133,-0.000853,0.081787,0.137023,42.315828,41.849384,-3.003495,1.995113,-1.570122,0.000000,0.000000,0.000000,0.000000,0.000000,0.000000
1778249175.924265,0.627746,0.272416,1.022624,0.0000,0.0000,10.0000,0.000000,0.000000,0.105400,0.000000,0.000000,0.060000,0.641226,0.271923,1.062302,0.023125,-0.000847,0.081790,0.137038,42.273640,41.809678,-3.003495,1.995113,-1.570121,0.000000,0.000000,0.000000,0.000000,0.000000,0.000000
1778249175.936381,0.627681,0.272415,1.022991,0.0000,0.0000,10.0000,0.000000,0.000000,0.105400,0.000000,0.000000,0.060000,0.641226,0.271923,1.062302,0.023125,-0.000847,0.081790,0.137038,42.273640,41.809678,-3.003495,1.995114,-1.570121,0.000000,0.000000,0.000000,0.000000,0.000000,0.000000
1778249175.944559,0.627617,0.272415,1.023357,0.0000,0.0000,10.0000,0.000000,0.000000,0.106600,0.000000,0.000000,0.060000,0.641226,0.271923,1.063502,0.023120,-0.000836,0.081791,0.137071,42.276956,41.813600,-3.003495,1.995117,-1.570119,0.000000,0.000000,0.000000,0.000000,0.000000,0.000000
1778249175.956549,0.627551,0.272419,1.023715,0.0000,0.0000,10.0000,0.000000,0.000000,0.106600,0.000000,0.000000,0.060000,0.641226,0.271923,1.063502,0.023120,-0.000836,0.081791,0.137071,42.276956,41.813600,-3.003495,1.995110,-1.570121,0.000000,0.000000,0.000000,0.000000,0.000000,0.000000
1778249175.964103,0.627490,0.272418,1.024079,0.0000,0.0000,10.0000,0.000000,0.000000,0.107800,0.000000,0.000000,0.060000,0.641226,0.271923,1.064702,0.023107,-0.000833,0.081795,0.137104,42.353065,41.892429,-3.003495,1.995116,-1.570120,0.000000,0.000000,0.000000,0.000000,0.000000,0.000000
1778249175.974260,0.627426,0.272418,1.024444,0.0000,0.0000,10.0000,0.000000,0.000000,0.108400,0.000000,0.000000,0.060000,0.641226,0.271923,1.065302,0.023105,-0.000829,0.081795,0.137120,42.288681,41.826730,-3.003495,1.995116,-1.570121,0.000000,0.000000,0.000000,0.000000,0.000000,0.000000
1778249175.984154,0.627364,0.272418,1.024805,0.0000,0.0000,10.0000,0.000000,0.000000,0.109000,0.000000,0.000000,0.060000,0.641226,0.271923,1.065902,0.023095,-0.000825,0.081798,0.137136,42.312088,41.851391,-3.003495,1.995112,-1.570118,0.000000,0.000000,0.000000,0.000000,0.000000,0.000000
1778249175.995704,0.627318,0.272419,1.025080,0.0000,0.0000,10.0000,0.000000,0.000000,0.109600,0.000000,0.000000,0.060000,0.641226,0.271923,1.066502,0.023026,-0.000822,0.081818,0.137138,42.317959,41.858185,-3.003495,1.995115,-1.570121,0.000000,0.000000,0.000000,0.000000,0.000000,0.000000
1778249176.003799,0.627237,0.272424,1.025533,0.0000,0.0000,10.0000,0.000000,0.000000,0.110200,0.000000,0.000000,0.060000,0.641226,0.271923,1.067102,0.023085,-0.000828,0.081801,0.137158,42.292521,41.834291,-3.003495,1.995114,-1.570122,0.000000,0.000000,0.000000,0.000000,0.000000,0.000000
1778249176.013779,0.627171,0.272420,1.025899,0.0000,0.0000,10.0000,0.000000,0.000000,0.110800,0.000000,0.000000,0.060000,0.641226,0.271923,1.067702,0.023086,-0.000817,0.081801,0.137178,42.308832,41.853048,-3.003495,1.995116,-1.570119,0.000000,0.000000,0.000000,0.000000,0.000000,0.000000
1778249176.024013,0.627104,0.272420,1.026263,0.0000,0.0000,10.0000,0.000000,0.000000,0.111400,0.000000,0.000000,0.060000,0.641226,0.271923,1.068302,0.023087,-0.000813,0.081801,0.137199,42.302510,41.846161,-3.003495,1.995113,-1.570117,0.000000,0.000000,0.000000,0.000000,0.000000,0.000000
1778249176.034447,0.627040,0.272423,1.026624,0.0000,0.0000,10.0000,0.000000,0.000000,0.111400,0.000000,0.000000,0.060000,0.641226,0.271923,1.068302,0.023087,-0.000813,0.081801,0.137199,42.302510,41.846161,-3.003495,1.995114,-1.570122,0.000000,0.000000,0.000000,0.000000,0.000000,0.000000
1778249176.044376,0.626993,0.272426,1.026893,0.0000,0.0000,10.0000,0.000000,0.000000,0.112000,0.000000,0.000000,0.060000,0.641226,0.271923,1.068902,0.023081,-0.000814,0.081802,0.137217,42.404125,41.948329,-3.003495,1.995117,-1.570119,0.000000,0.000000,0.000000,0.000000,0.000000,0.000000
1778249176.054651,0.626913,0.272431,1.027343,0.0000,0.0000,10.0000,0.000000,0.000000,0.113200,0.000000,0.000000,0.060000,0.641226,0.271923,1.070102,0.023068,-0.000819,0.081806,0.137243,42.356831,41.902636,-3.003496,1.995111,-1.570120,0.000000,0.000000,0.000000,0.000000,0.000000,0.000000
1778249176.064410,0.626868,0.272430,1.027616,0.0000,0.0000,10.0000,0.000000,0.000000,0.113800,0.000000,0.000000,0.060000,0.641226,0.271923,1.070702,0.022999,-0.000812,0.081825,0.137249,42.370857,41.916792,-3.003496,1.995112,-1.570120,0.000000,0.000000,0.000000,0.000000,0.000000,0.000000
1778249176.074131,0.626793,0.272429,1.028068,0.0000,0.0000,10.0000,0.000000,0.000000,0.114400,0.000000,0.000000,0.060000,0.641226,0.271923,1.071302,0.023047,-0.000808,0.081812,0.137269,42.342226,41.887361,-3.003496,1.995116,-1.570120,0.000000,0.000000,0.000000,0.000000,0.000000,0.000000
1778249176.086864,0.626728,0.272425,1.028431,0.0000,0.0000,10.0000,0.000000,0.000000,0.114400,0.000000,0.000000,0.060000,0.641226,0.271923,1.071302,0.023047,-0.000808,0.081812,0.137269,42.342226,41.887361,-3.003496,1.995115,-1.570120,0.000000,0.000000,0.000000,0.000000,0.000000,0.000000
1778249176.094068,0.626659,0.272426,1.028797,0.0000,0.0000,10.0000,0.000000,0.000000,0.115600,0.000000,0.000000,0.060000,0.641226,0.271923,1.072502,0.023050,-0.000796,0.081811,0.137310,42.338207,41.888822,-3.003496,1.995115,-1.570122,0.000000,0.000000,0.000000,0.000000,0.000000,0.000000
1778249176.106279,0.626591,0.272425,1.029161,0.0000,0.0000,10.0000,0.000000,0.000000,0.116200,0.000000,0.000000,0.060000,0.641226,0.271923,1.073102,0.023051,-0.000790,0.081811,0.137330,42.358000,41.907490,-3.003496,1.995115,-1.570119,0.000000,0.000000,0.000000,0.000000,0.000000,0.000000
1778249176.114047,0.626526,0.272431,1.029520,0.0000,0.0000,10.0000,0.000000,0.000000,0.116800,0.000000,0.000000,0.060000,0.641226,0.271923,1.073702,0.023048,-0.000796,0.081812,0.137349,42.372711,41.922753,-3.003496,1.995114,-1.570124,0.000000,0.000000,0.000000,0.000000,0.000000,0.000000
1778249176.124160,0.626464,0.272428,1.029881,0.0000,0.0000,10.0000,0.000000,0.000000,0.117400,0.000000,0.000000,0.060000,0.641226,0.271923,1.074302,0.023040,-0.000789,0.081814,0.137367,42.355983,41.905793,-3.003496,1.995117,-1.570119,0.000000,0.000000,0.000000,0.000000,0.000000,0.000000
1778249176.134463,0.626402,0.272430,1.030238,0.0000,0.0000,10.0000,0.000000,0.000000,0.117400,0.000000,0.000000,0.060000,0.641226,0.271923,1.074302,0.023040,-0.000789,0.081814,0.137367,42.355983,41.905793,-3.003496,1.995112,-1.570120,0.000000,0.000000,0.000000,0.000000,0.000000,0.000000
1778249176.144217,0.626340,0.272426,1.030599,0.0000,0.0000,10.0000,0.000000,0.000000,0.118600,0.000000,0.000000,0.060000,0.641226,0.271923,1.075502,0.023023,-0.000778,0.081819,0.137399,42.408440,41.961218,-3.003496,1.995115,-1.570120,0.000000,0.000000,0.000000,0.000000,0.000000,0.000000
1778249176.153774,0.626252,0.272424,1.031055,0.0000,0.0000,10.0000,0.000000,0.000000,0.119200,0.000000,0.000000,0.060000,0.641226,0.271923,1.076102,0.023091,-0.000773,0.081800,0.137430,42.360885,41.916699,-3.003496,1.995116,-1.570121,0.000000,0.000000,0.000000,0.000000,0.000000,0.000000
1778249176.163970,0.626184,0.272425,1.031415,0.0000,0.0000,10.0000,0.000000,0.000000,0.119800,0.000000,0.000000,0.060000,0.641226,0.271923,1.076702,0.023092,-0.000771,0.081800,0.137457,42.391373,41.947206,-3.003496,1.995112,-1.570123,0.000000,0.000000,0.000000,0.000000,0.000000,0.000000
1778249176.173969,0.626123,0.272430,1.031775,0.0000,0.0000,10.0000,0.000000,0.000000,0.120400,0.000000,0.000000,0.060000,0.641226,0.271923,1.077302,0.023082,-0.000775,0.081802,0.137480,42.439030,41.993212,-3.003496,1.995117,-1.570121,0.000000,0.000000,0.000000,0.000000,0.000000,0.000000
1778249176.184271,0.626060,0.272431,1.032135,0.0000,0.0000,10.0000,0.000000,0.000000,0.121000,0.000000,0.000000,0.060000,0.641226,0.271923,1.077902,0.023075,-0.000773,0.081804,0.137500,42.368596,41.923548,-3.003496,1.995114,-1.570121,0.000000,0.000000,0.000000,0.000000,0.000000,0.000000
1778249176.194024,0.625999,0.272430,1.032495,0.0000,0.0000,10.0000,0.000000,0.000000,0.121600,0.000000,0.000000,0.060000,0.641226,0.271923,1.078502,0.023066,-0.000768,0.081807,0.137518,42.362893,41.918888,-3.003496,1.995114,-1.570118,0.000000,0.000000,0.000000,0.000000,0.000000,0.000000
1778249176.203950,0.625934,0.272430,1.032855,0.0000,0.0000,10.0000,0.000000,0.000000,0.122200,0.000000,0.000000,0.060000,0.641226,0.271923,1.079102,0.023062,-0.000765,0.081808,0.137535,42.398634,41.957806,-3.003497,1.995114,-1.570121,0.000000,0.000000,0.000000,0.000000,0.000000,0.000000
1778249176.213618,0.625850,0.272425,1.033310,0.0000,0.0000,10.0000,0.000000,0.000000,0.122800,0.000000,0.000000,0.060000,0.641226,0.271923,1.079702,0.023122,-0.000755,0.081791,0.137566,42.396957,41.954502,-3.003497,1.995116,-1.570122,0.000000,0.000000,0.000000,0.000000,0.000000,0.000000
1778249176.223929,0.625800,0.272426,1.033578,0.0000,0.0000,10.0000,0.000000,0.000000,0.123400,0.000000,0.000000,0.060000,0.641226,0.271923,1.080302,0.023061,-0.000753,0.081808,0.137580,42.407868,41.967642,-3.003497,1.995111,-1.570122,0.000000,0.000000,0.000000,0.000000,0.000000,0.000000
1778249176.233862,0.625722,0.272431,1.034025,0.0000,0.0000,10.0000,0.000000,0.000000,0.124000,0.000000,0.000000,0.060000,0.641226,0.271923,1.080902,0.023109,-0.000757,0.081795,0.137606,42.462381,42.023441,-3.003496,1.995115,-1.570120,0.000000,0.000000,0.000000,0.000000,0.000000,0.000000
1778249176.243918,0.625659,0.272435,1.034385,0.0000,0.0000,10.0000,0.000000,0.000000,0.124600,0.000000,0.000000,0.060000,0.641226,0.271923,1.081502,0.023103,-0.000760,0.081797,0.137628,42.403963,41.964323,-3.003497,1.995114,-1.570120,0.000000,0.000000,0.000000,0.000000,0.000000,0.000000
1778249176.254394,0.625600,0.272434,1.034742,0.0000,0.0000,10.0000,0.000000,0.000000,0.125200,0.000000,0.000000,0.060000,0.641226,0.271923,1.082102,0.023090,-0.000755,0.081800,0.137646,42.401520,41.961680,-3.003497,1.995114,-1.570121,0.000000,0.000000,0.000000,0.000000,0.000000,0.000000
1778249176.264564,0.625535,0.272428,1.035106,0.0000,0.0000,10.0000,0.000000,0.000000,0.125800,0.000000,0.000000,0.060000,0.641226,0.271923,1.082702,0.023087,-0.000743,0.081801,0.137665,42.374073,41.937449,-3.003497,1.995114,-1.570117,0.000000,0.000000,0.000000,0.000000,0.000000,0.000000
1778249176.274296,0.625466,0.272428,1.035467,0.0000,0.0000,10.0000,0.000000,0.000000,0.125800,0.000000,0.000000,0.060000,0.641226,0.271923,1.082702,0.023087,-0.000743,0.081801,0.137665,42.374073,41.937449,-3.003497,1.995114,-1.570119,0.000000,0.000000,0.000000,0.000000,0.000000,0.000000
1778249176.284339,0.625399,0.272430,1.035826,0.0000,0.0000,10.0000,0.000000,0.000000,0.127000,0.000000,0.000000,0.060000,0.641226,0.271923,1.083902,0.023088,-0.000740,0.081801,0.137702,42.425249,41.989015,-3.003497,1.995113,-1.570121,0.000000,0.000000,0.000000,0.000000,0.000000,0.000000
1778249176.294294,0.625338,0.272431,1.036183,0.0000,0.0000,10.0000,0.000000,0.000000,0.127600,0.000000,0.000000,0.060000,0.641226,0.271923,1.084502,0.023078,-0.000738,0.081804,0.137719,42.474187,42.037563,-3.003497,1.995114,-1.570120,0.000000,0.000000,0.000000,0.000000,0.000000,0.000000
1778249176.303890,0.625278,0.272434,1.036539,0.0000,0.0000,10.0000,0.000000,0.000000,0.128200,0.000000,0.000000,0.060000,0.641226,0.271923,1.085102,0.023066,-0.000739,0.081807,0.137734,42.415479,41.979473,-3.003497,1.995114,-1.570120,0.000000,0.000000,0.000000,0.000000,0.000000,0.000000
1778249176.314551,0.625212,0.272430,1.036896,0.0000,0.0000,10.0000,0.000000,0.000000,0.128800,0.000000,0.000000,0.060000,0.641226,0.271923,1.085702,0.023063,-0.000731,0.081808,0.137750,42.438327,42.006737,-3.003497,1.995110,-1.570118,0.000000,0.000000,0.000000,0.000000,0.000000,0.000000
1778249176.324090,0.625146,0.272430,1.037259,0.0000,0.0000,10.0000,0.000000,0.000000,0.129400,0.000000,0.000000,0.060000,0.641226,0.271923,1.086302,0.023062,-0.000727,0.081808,0.137766,42.437905,42.005534,-3.003497,1.995117,-1.570119,0.000000,0.000000,0.000000,0.000000,0.000000,0.000000
1778249176.333909,0.625076,0.272433,1.037617,0.0000,0.0000,10.0000,0.000000,0.000000,0.129400,0.000000,0.000000,0.060000,0.641226,0.271923,1.086302,0.023062,-0.000727,0.081808,0.137766,42.437905,42.005534,-3.003497,1.995113,-1.570123,0.000000,0.000000,0.000000,0.000000,0.000000,0.000000
1778249176.343850,0.625014,0.272439,1.037971,0.0000,0.0000,10.0000,0.000000,0.000000,0.130600,0.000000,0.000000,0.060000,0.641226,0.271923,1.087502,0.023055,-0.000734,0.081810,0.137800,42.491670,42.060030,-3.003497,1.995113,-1.570123,0.000000,0.000000,0.000000,0.000000,0.000000,0.000000
1778249176.354221,0.624936,0.272441,1.038416,0.0000,0.0000,10.0000,0.000000,0.000000,0.131200,0.000000,0.000000,0.060000,0.641226,0.271923,1.088102,0.023100,-0.000735,0.081798,0.137826,42.514196,42.084707,-3.003497,1.995116,-1.570119,0.000000,0.000000,0.000000,0.000000,0.000000,0.000000
1778249176.364213,0.624869,0.272436,1.038778,0.0000,0.0000,10.0000,0.000000,0.000000,0.131800,0.000000,0.000000,0.060000,0.641226,0.271923,1.088702,0.023099,-0.000725,0.081798,0.137850,42.435469,42.006880,-3.003497,1.995116,-1.570120,0.000000,0.000000,0.000000,0.000000,0.000000,0.000000
1778249176.373979,0.624809,0.272430,1.039138,0.0000,0.0000,10.0000,0.000000,0.000000,0.131800,0.000000,0.000000,0.060000,0.641226,0.271923,1.088702,0.023099,-0.000725,0.081798,0.137850,42.435469,42.006880,-3.003497,1.995114,-1.570119,0.000000,0.000000,0.000000,0.000000,0.000000,0.000000
1778249176.384264,0.624747,0.272432,1.039494,0.0000,0.0000,10.0000,0.000000,0.000000,0.133000,0.000000,0.000000,0.060000,0.641226,0.271923,1.089902,0.023080,-0.000713,0.081803,0.137888,42.451145,42.022908,-3.003497,1.995113,-1.570120,0.000000,0.000000,0.000000,0.000000,0.000000,0.000000
1778249176.394021,0.624685,0.272438,1.039850,0.0000,0.0000,10.0000,0.000000,0.000000,0.133000,0.000000,0.000000,0.060000,0.641226,0.271923,1.089902,0.023080,-0.000713,0.081803,0.137888,42.451145,42.022908,-3.003497,1.995116,-1.570119,0.000000,0.000000,0.000000,0.000000,0.000000,0.000000
1778249176.404070,0.624619,0.272444,1.040204,0.0000,0.0000,10.0000,0.000000,0.000000,0.134200,0.000000,0.000000,0.060000,0.641226,0.271923,1.091102,0.023067,-0.000724,0.081807,0.137920,42.454831,42.028422,-3.003497,1.995112,-1.570120,0.000000,0.000000,0.000000,0.000000,0.000000,0.000000
1778249176.414508,0.624554,0.272445,1.040562,0.0000,0.0000,10.0000,0.000000,0.000000,0.134200,0.000000,0.000000,0.060000,0.641226,0.271923,1.091102,0.023067,-0.000724,0.081807,0.137920,42.454831,42.028422,-3.003498,1.995115,-1.570121,0.000000,0.000000,0.000000,0.000000,0.000000,0.000000
1778249176.424430,0.624489,0.272440,1.040920,0.0000,0.0000,10.0000,0.000000,0.000000,0.134800,0.000000,0.000000,0.060000,0.641226,0.271923,1.091702,0.023062,-0.000723,0.081808,0.137936,42.481502,42.056593,-3.003498,1.995113,-1.570120,0.000000,0.000000,0.000000,0.000000,0.000000,0.000000
1778249176.434678,0.624428,0.272439,1.041275,0.0000,0.0000,10.0000,0.000000,0.000000,0.136000,0.000000,0.000000,0.060000,0.641226,0.271923,1.092902,0.023048,-0.000709,0.081812,0.137968,42.524463,42.098505,-3.003498,1.995113,-1.570122,0.000000,0.000000,0.000000,0.000000,0.000000,0.000000
1778249176.444285,0.624367,0.272440,1.041630,0.0000,0.0000,10.0000,0.000000,0.000000,0.136600,0.000000,0.000000,0.060000,0.641226,0.271923,1.093502,0.023038,-0.000707,0.081815,0.137982,42.474795,42.050058,-3.003497,1.995116,-1.570120,0.000000,0.000000,0.000000,0.000000,0.000000,0.000000
1778249176.454125,0.624299,0.272442,1.041986,0.0000,0.0000,10.0000,0.000000,0.000000,0.137200,0.000000,0.000000,0.060000,0.641226,0.271923,1.094102,0.023038,-0.000706,0.081815,0.137997,42.465206,42.044014,-3.003498,1.995113,-1.570120,0.000000,0.000000,0.000000,0.000000,0.000000,0.000000
1778249176.464313,0.624234,0.272446,1.042340,0.0000,0.0000,10.0000,0.000000,0.000000,0.137800,0.000000,0.000000,0.060000,0.641226,0.271923,1.094702,0.023033,-0.000709,0.081817,0.138013,42.534957,42.112521,-3.003498,1.995113,-1.570119,0.000000,0.000000,0.000000,0.000000,0.000000,0.000000
1778249176.474204,0.624169,0.272449,1.042697,0.0000,0.0000,10.0000,0.000000,0.000000,0.138400,0.000000,0.000000,0.060000,0.641226,0.271923,1.095302,0.023028,-0.000711,0.081818,0.138028,42.479259,42.056830,-3.003498,1.995115,-1.570120,0.000000,0.000000,0.000000,0.000000,0.000000,0.000000
1778249176.484658,0.624104,0.272449,1.043052,0.0000,0.0000,10.0000,0.000000,0.000000,0.139000,0.000000,0.000000,0.060000,0.641226,0.271923,1.095902,0.023023,-0.000707,0.081819,0.138044,42.492375,42.071471,-3.003498,1.995113,-1.570120,0.000000,0.000000,0.000000,0.000000,0.000000,0.000000
1778249176.494222,0.624044,0.272449,1.043406,0.0000,0.0000,10.0000,0.000000,0.000000,0.139600,0.000000,0.000000,0.060000,0.641226,0.271923,1.096502,0.023012,-0.000704,0.081823,0.138058,42.529077,42.108020,-3.003498,1.995115,-1.570120,0.000000,0.000000,0.000000,0.000000,0.000000,0.000000
1778249176.504153,0.623978,0.272451,1.043760,0.0000,0.0000,10.0000,0.000000,0.000000,0.140000,0.000000,0.000000,0.000000,0.641226,0.271923,1.096902,0.026240,-0.000804,0.080844,0.138614,42.480482,42.063325,-3.003498,1.995114,-1.570122,0.000000,0.000000,0.000000,0.000000,0.000000,0.000000
1778249176.514614,0.623914,0.272450,1.044116,0.0000,0.0000,10.0000,0.000000,0.000000,0.140000,0.000000,0.000000,0.000000,0.641226,0.271923,1.096902,0.026240,-0.000804,0.080844,0.138614,42.480482,42.063325,-3.003498,1.995114,-1.570119,0.000000,0.000000,0.000000,0.000000,0.000000,0.000000
1778249176.524194,0.623849,0.272450,1.044469,0.0000,0.0000,10.0000,0.000000,0.000000,0.140000,0.000000,0.000000,0.000000,0.641226,0.271923,1.096902,0.026739,-0.000812,0.080681,0.139392,42.473702,42.059815,-3.003498,1.995112,-1.570119,0.000000,0.000000,0.000000,0.000000,0.000000,0.000000
1778249176.534497,0.623787,0.272448,1.044825,0.0000,0.0000,10.0000,0.000000,0.000000,0.140000,0.000000,0.000000,0.000000,0.641226,0.271923,1.096902,0.026990,-0.000813,0.080597,0.139675,42.472438,42.057442,-3.003498,1.995116,-1.570120,0.000000,0.000000,0.000000,0.000000,0.000000,0.000000
1778249176.543759,0.623727,0.272444,1.045177,0.0000,0.0000,10.0000,0.000000,0.000000,0.140000,0.000000,0.000000,0.000000,0.641226,0.271923,1.096902,0.027239,-0.000812,0.080513,0.139916,42.459665,42.045790,-3.003498,1.995115,-1.570118,0.000000,0.000000,0.000000,0.000000,0.000000,0.000000
1778249176.553899,0.623668,0.272449,1.045526,0.0000,0.0000,10.0000,0.000000,0.000000,0.140000,0.000000,0.000000,0.000000,0.641226,0.271923,1.096902,0.027487,-0.000823,0.080429,0.140127,42.491176,42.079339,-3.003498,1.995113,-1.570121,0.000000,0.000000,0.000000,0.000000,0.000000,0.000000
1778249176.564325,0.623598,0.272449,1.045963,0.0000,0.0000,10.0000,0.000000,0.000000,0.140000,0.000000,0.000000,0.000000,0.641226,0.271923,1.096902,0.027797,-0.000830,0.080322,0.140328,42.512594,42.100021,-3.003498,1.995117,-1.570117,0.000000,0.000000,0.000000,0.000000,0.000000,0.000000
1778249176.574341,0.623553,0.272454,1.046223,0.0000,0.0000,10.0000,0.000000,0.000000,0.140000,0.000000,0.000000,0.000000,0.641226,0.271923,1.096902,0.027987,-0.000841,0.080256,0.140500,42.471111,42.060725,-3.003498,1.995111,-1.570117,0.000000,0.000000,0.000000,0.000000,0.000000,0.000000
1778249176.584076,0.623490,0.272447,1.046658,0.0000,0.0000,10.0000,0.000000,0.000000,0.140000,0.000000,0.000000,0.000000,0.641226,0.271923,1.096902,0.028294,-0.000836,0.080148,0.140674,42.506249,42.096048,-3.003499,1.995116,-1.570118,0.000000,0.000000,0.000000,0.000000,0.000000,0.000000
1778249176.593924,0.623440,0.272444,1.047006,0.0000,0.0000,10.0000,0.000000,0.000000,0.140000,0.000000,0.000000,0.000000,0.641226,0.271923,1.096902,0.028539,-0.000836,0.080061,0.140837,42.483394,42.072713,-3.003499,1.995115,-1.570120,0.000000,0.000000,0.000000,0.000000,0.000000,0.000000
1778249176.603852,0.623394,0.272445,1.047351,0.0000,0.0000,10.0000,0.000000,0.000000,0.140000,0.000000,0.000000,0.000000,0.641226,0.271923,1.096902,0.028781,-0.000842,0.079975,0.140992,42.476102,42.065464,-3.003498,1.995112,-1.570120,0.000000,0.000000,0.000000,0.000000,0.000000,0.000000
1778249176.614416,0.623348,0.272451,1.047690,0.0000,0.0000,10.0000,0.000000,0.000000,0.140000,0.000000,0.000000,0.000000,0.641226,0.271923,1.096902,0.029023,-0.000858,0.079887,0.141142,42.530499,42.122495,-3.003498,1.995114,-1.570121,0.000000,0.000000,0.000000,0.000000,0.000000,0.000000
1778249176.624038,0.623306,0.272454,1.048031,0.0000,0.0000,10.0000,0.000000,0.000000,0.140000,0.000000,0.000000,0.000000,0.641226,0.271923,1.096902,0.029261,-0.000868,0.079800,0.141286,42.547929,42.138415,-3.003498,1.995117,-1.570118,0.000000,0.000000,0.000000,0.000000,0.000000,0.000000
1778249176.634817,0.623262,0.272456,1.048372,0.0000,0.0000,10.0000,0.000000,0.000000,0.140000,0.000000,0.000000,0.000000,0.641226,0.271923,1.096902,0.029506,-0.000876,0.079710,0.141428,42.467951,42.060791,-3.003499,1.995114,-1.570119,0.000000,0.000000,0.000000,0.000000,0.000000,0.000000
1778249176.644017,0.623219,0.272451,1.048714,0.0000,0.0000,10.0000,0.000000,0.000000,0.140000,0.000000,0.000000,0.000000,0.641226,0.271923,1.096902,0.029753,-0.000872,0.079618,0.141569,42.492045,42.087490,-3.003499,1.995114,-1.570118,0.000000,0.000000,0.000000,0.000000,0.000000,0.000000
1778249176.654254,0.623177,0.272447,1.049056,0.0000,0.0000,10.0000,0.000000,0.000000,0.140000,0.000000,0.000000,0.000000,0.641226,0.271923,1.096902,0.030000,-0.000872,0.079525,0.141709,42.494192,42.088282,-3.003499,1.995114,-1.570120,0.000000,0.000000,0.000000,0.000000,0.000000,0.000000
1778249176.664278,0.623138,0.272442,1.049395,0.0000,0.0000,10.0000,0.000000,0.000000,0.140000,0.000000,0.000000,0.000000,0.641226,0.271923,1.096902,0.030244,-0.000869,0.079433,0.141847,42.502722,42.098129,-3.003499,1.995113,-1.570116,0.000000,0.000000,0.000000,0.000000,0.000000,0.000000
1778249176.674029,0.623100,0.272443,1.049733,0.0000,0.0000,10.0000,0.000000,0.000000,0.140000,0.000000,0.000000,0.000000,0.641226,0.271923,1.096902,0.030244,-0.000869,0.079433,0.141847,42.502722,42.098129,-3.003499,1.995116,-1.570120,0.000000,0.000000,0.000000,0.000000,0.000000,0.000000
1778249176.684474,0.623064,0.272440,1.050067,0.0000,0.0000,10.0000,0.000000,0.000000,0.140000,0.000000,0.000000,0.000000,0.641226,0.271923,1.096902,0.030731,-0.000876,0.079246,0.142119,42.509838,42.105211,-3.003499,1.995113,-1.570118,0.000000,0.000000,0.000000,0.000000,0.000000,0.000000
1778249176.693774,0.623026,0.272444,1.050482,0.0000,0.0000,10.0000,0.000000,0.000000,0.140000,0.000000,0.000000,0.000000,0.641226,0.271923,1.096902,0.031025,-0.000888,0.079131,0.142262,42.562526,42.158341,-3.003499,1.995113,-1.570121,0.000000,0.000000,0.000000,0.000000,0.000000,0.000000
1778249176.703945,0.622998,0.272444,1.050815,0.0000,0.0000,10.0000,0.000000,0.000000,0.140000,0.000000,0.000000,0.000000,0.641226,0.271923,1.096902,0.031261,-0.000893,0.079038,0.142399,42.538022,42.135270,-3.003499,1.995116,-1.570118,0.000000,0.000000,0.000000,0.000000,0.000000,0.000000
1778249176.714203,0.622966,0.272442,1.051149,0.0000,0.0000,10.0000,0.000000,0.000000,0.140000,0.000000,0.000000,0.000000,0.641226,0.271923,1.096902,0.031505,-0.000896,0.078941,0.142535,42.482576,42.081318,-3.003499,1.995114,-1.570119,0.000000,0.000000,0.000000,0.000000,0.000000,0.000000
1778249176.724035,0.622937,0.272432,1.051481,0.0000,0.0000,10.0000,0.000000,0.000000,0.140000,0.000000,0.000000,0.000000,0.641226,0.271923,1.096902,0.031748,-0.000885,0.078843,0.142669,42.491635,42.091225,-3.003499,1.995112,-1.570116,0.000000,0.000000,0.000000,0.000000,0.000000,0.000000
1778249176.734281,0.622910,0.272433,1.051811,0.0000,0.0000,10.0000,0.000000,0.000000,0.140000,0.000000,0.000000,0.000000,0.641226,0.271923,1.096902,0.031987,-0.000891,0.078747,0.142800,42.551439,42.150094,-3.003499,1.995115,-1.570118,0.000000,0.000000,0.000000,0.000000,0.000000,0.000000
1778249176.744300,0.622884,0.272432,1.052140,0.0000,0.0000,10.0000,0.000000,0.000000,0.140000,0.000000,0.000000,0.000000,0.641226,0.271923,1.096902,0.031987,-0.000891,0.078747,0.142800,42.551439,42.150094,-3.003499,1.995113,-1.570118,0.000000,0.000000,0.000000,0.000000,0.000000,0.000000
1778249176.754273,0.622857,0.272431,1.052469,0.0000,0.0000,10.0000,0.000000,0.000000,0.140000,0.000000,0.000000,0.000000,0.641226,0.271923,1.096902,0.032473,-0.000899,0.078548,0.143060,42.534257,42.134787,-3.003499,1.995115,-1.570119,0.000000,0.000000,0.000000,0.000000,0.000000,0.000000
1778249176.764371,0.622838,0.272427,1.052792,0.0000,0.0000,10.0000,0.000000,0.000000,0.140000,0.000000,0.000000,0.000000,0.641226,0.271923,1.096902,0.032473,-0.000899,0.078548,0.143060,42.534257,42.134787,-3.003499,1.995114,-1.570117,0.000000,0.000000,0.000000,0.000000,0.000000,0.000000
1778249176.774373,0.622817,0.272430,1.053115,0.0000,0.0000,10.0000,0.000000,0.000000,0.140000,0.000000,0.000000,0.000000,0.641226,0.271923,1.096902,0.032941,-0.000907,0.078352,0.143312,42.546952,42.149272,-3.003499,1.995113,-1.570121,0.000000,0.000000,0.000000,0.000000,0.000000,0.000000
1778249176.784305,0.622796,0.272426,1.053441,0.0000,0.0000,10.0000,0.000000,0.000000,0.140000,0.000000,0.000000,0.000000,0.641226,0.271923,1.096902,0.033184,-0.000907,0.078250,0.143437,42.587953,42.192529,-3.003499,1.995117,-1.570118,0.000000,0.000000,0.000000,0.000000,0.000000,0.000000
1778249176.794251,0.622776,0.272422,1.053769,0.0000,0.0000,10.0000,0.000000,0.000000,0.140000,0.000000,0.000000,0.000000,0.641226,0.271923,1.096902,0.033428,-0.000904,0.078146,0.143562,42.510811,42.112504,-3.003499,1.995117,-1.570119,0.000000,0.000000,0.000000,0.000000,0.000000,0.000000
1778249176.804340,0.622759,0.272418,1.054087,0.0000,0.0000,10.0000,0.000000,0.000000,0.140000,0.000000,0.000000,0.000000,0.641226,0.271923,1.096902,0.033428,-0.000904,0.078146,0.143562,42.510811,42.112504,-3.003499,1.995109,-1.570118,0.000000,0.000000,0.000000,0.000000,0.000000,0.000000
1778249176.814317,0.622745,0.272418,1.054414,0.0000,0.0000,10.0000,0.000000,0.000000,0.140000,0.000000,0.000000,0.000000,0.641226,0.271923,1.096902,0.033663,-0.000902,0.078045,0.143686,42.565232,42.169800,-3.003499,1.995119,-1.570119,0.000000,0.000000,0.000000,0.000000,0.000000,0.000000
1778249176.824091,0.622728,0.272421,1.054731,0.0000,0.0000,10.0000,0.000000,0.000000,0.140000,0.000000,0.000000,0.000000,0.641226,0.271923,1.096902,0.034143,-0.000920,0.077836,0.143930,42.577365,42.181651,-3.003499,1.995111,-1.570121,0.000000,0.000000,0.000000,0.000000,0.000000,0.000000
1778249176.834232,0.622721,0.272417,1.055049,0.0000,0.0000,10.0000,0.000000,0.000000,0.140000,0.000000,0.000000,0.000000,0.641226,0.271923,1.096902,0.034371,-0.000919,0.077735,0.144050,42.610918,42.214712,-3.003499,1.995118,-1.570116,0.000000,0.000000,0.000000,0.000000,0.000000,0.000000
1778249176.844205,0.622706,0.272417,1.055369,0.0000,0.0000,10.0000,0.000000,0.000000,0.140000,0.000000,0.000000,0.000000,0.641226,0.271923,1.096902,0.034616,-0.000923,0.077627,0.144170,42.493462,42.100121,-3.003500,1.995115,-1.570118,0.000000,0.000000,0.000000,0.000000,0.000000,0.000000
1778249176.854335,0.622693,0.272413,1.055688,0.0000,0.0000,10.0000,0.000000,0.000000,0.140000,0.000000,0.000000,0.000000,0.641226,0.271923,1.096902,0.034859,-0.000921,0.077518,0.144289,42.612442,42.221429,-3.003499,1.995117,-1.570119,0.000000,0.000000,0.000000,0.000000,0.000000,0.000000
1778249176.864306,0.622682,0.272409,1.056008,0.0000,0.0000,10.0000,0.000000,0.000000,0.140000,0.000000,0.000000,0.000000,0.641226,0.271923,1.096902,0.035102,-0.000920,0.077408,0.144409,42.576583,42.181989,-3.003499,1.995117,-1.570117,0.000000,0.000000,0.000000,0.000000,0.000000,0.000000
1778249176.874173,0.622675,0.272410,1.056321,0.0000,0.0000,10.0000,0.000000,0.000000,0.140000,0.000000,0.000000,0.000000,0.641226,0.271923,1.096902,0.035102,-0.000920,0.077408,0.144409,42.576583,42.181989,-3.003499,1.995115,-1.570116,0.000000,0.000000,0.000000,0.000000,0.000000,0.000000
1778249176.884332,0.622671,0.272417,1.056633,0.0000,0.0000,10.0000,0.000000,0.000000,0.140000,0.000000,0.000000,0.000000,0.641226,0.271923,1.096902,0.035570,-0.000947,0.077194,0.144643,42.580852,42.188056,-3.003500,1.995114,-1.570121,0.000000,0.000000,0.000000,0.000000,0.000000,0.000000
1778249176.894110,0.622668,0.272413,1.056947,0.0000,0.0000,10.0000,0.000000,0.000000,0.140000,0.000000,0.000000,0.000000,0.641226,0.271923,1.096902,0.035805,-0.000945,0.077085,0.144758,42.562897,42.172007,-3.003500,1.995114,-1.570119,0.000000,0.000000,0.000000,0.000000,0.000000,0.000000
1778249176.904164,0.622663,0.272407,1.057260,0.0000,0.0000,10.0000,0.000000,0.000000,0.140000,0.000000,0.000000,0.000000,0.641226,0.271923,1.096902,0.036045,-0.000940,0.076973,0.144873,42.605115,42.215266,-3.003500,1.995115,-1.570118,0.000000,0.000000,0.000000,0.000000,0.000000,0.000000
1778249176.914224,0.622657,0.272403,1.057572,0.0000,0.0000,10.0000,0.000000,0.000000,0.140000,0.000000,0.000000,0.000000,0.641226,0.271923,1.096902,0.036288,-0.000939,0.076859,0.144988,42.585406,42.196064,-3.003500,1.995113,-1.570120,0.000000,0.000000,0.000000,0.000000,0.000000,0.000000
1778249176.924073,0.622656,0.272401,1.057882,0.0000,0.0000,10.0000,0.000000,0.000000,0.140000,0.000000,0.000000,0.000000,0.641226,0.271923,1.096902,0.036525,-0.000942,0.076747,0.145102,42.643062,42.252806,-3.003500,1.995116,-1.570121,0.000000,0.000000,0.000000,0.000000,0.000000,0.000000
1778249176.934220,0.622659,0.272400,1.058190,0.0000,0.0000,10.0000,0.000000,0.000000,0.140000,0.000000,0.000000,0.000000,0.641226,0.271923,1.096902,0.036756,-0.000945,0.076636,0.145214,42.577199,42.186085,-3.003500,1.995113,-1.570118,0.000000,0.000000,0.000000,0.000000,0.000000,0.000000
1778249176.943919,0.622657,0.272405,1.058494,0.0000,0.0000,10.0000,0.000000,0.000000,0.140000,0.000000,0.000000,0.000000,0.641226,0.271923,1.096902,0.036995,-0.000961,0.076521,0.145326,42.625690,42.238102,-3.003500,1.995112,-1.570121,0.000000,0.000000,0.000000,0.000000,0.000000,0.000000
1778249176.954108,0.622662,0.272399,1.058806,0.0000,0.0000,10.0000,0.000000,0.000000,0.140000,0.000000,0.000000,0.000000,0.641226,0.271923,1.096902,0.037233,-0.000955,0.076406,0.145437,42.594926,42.206811,-3.003500,1.995118,-1.570116,0.000000,0.000000,0.000000,0.000000,0.000000,0.000000
1778249176.964120,0.622667,0.272392,1.059113,0.0000,0.0000,10.0000,0.000000,0.000000,0.140000,0.000000,0.000000,0.000000,0.641226,0.271923,1.096902,0.037467,-0.000948,0.076291,0.145547,42.572888,42.184669,-3.003500,1.995113,-1.570115,0.000000,0.000000,0.000000,0.000000,0.000000,0.000000
1778249176.973910,0.622671,0.272388,1.059417,0.0000,0.0000,10.0000,0.000000,0.000000,0.140000,0.000000,0.000000,0.000000,0.641226,0.271923,1.096902,0.037706,-0.000944,0.076173,0.145656,42.615790,42.230278,-3.003500,1.995112,-1.570114,0.000000,0.000000,0.000000,0.000000,0.000000,0.000000
1778249176.984046,0.622676,0.272384,1.059724,0.0000,0.0000,10.0000,0.000000,0.000000,0.140000,0.000000,0.000000,0.000000,0.641226,0.271923,1.096902,0.037948,-0.000943,0.076053,0.145766,42.621109,42.236104,-3.003500,1.995117,-1.570120,0.000000,0.000000,0.000000,0.000000,0.000000,0.000000
1778249176.994014,0.622682,0.272384,1.060029,0.0000,0.0000,10.0000,0.000000,0.000000,0.140000,0.000000,0.000000,0.000000,0.641226,0.271923,1.096902,0.038188,-0.000949,0.075933,0.145874,42.551035,42.164636,-3.003500,1.995111,-1.570119,0.000000,0.000000,0.000000,0.000000,0.000000,0.000000
1778249177.003921,0.622691,0.272381,1.060329,0.0000,0.0000,10.0000,0.000000,0.000000,0.140000,0.000000,0.000000,0.000000,0.641226,0.271923,1.096902,0.038422,-0.000950,0.075815,0.145982,42.634481,42.249808,-3.003500,1.995112,-1.570116,0.000000,0.000000,0.000000,0.000000,0.000000,0.000000
1778249177.014139,0.622710,0.272379,1.060629,0.0000,0.0000,10.0000,0.000000,0.000000,0.140000,0.000000,0.000000,0.000000,0.641226,0.271923,1.096902,0.038645,-0.000953,0.075701,0.146086,42.652138,42.264423,-3.003500,1.995117,-1.570118,0.000000,0.000000,0.000000,0.000000,0.000000,0.000000
1778249177.023970,0.622722,0.272376,1.060926,0.0000,0.0000,10.0000,0.000000,0.000000,0.140000,0.000000,0.000000,0.000000,0.641226,0.271923,1.096902,0.038876,-0.000952,0.075583,0.146189,42.577846,42.193204,-3.003500,1.995108,-1.570118,0.000000,0.000000,0.000000,0.000000,0.000000,0.000000
1778249177.034094,0.622741,0.272372,1.061224,0.0000,0.0000,10.0000,0.000000,0.000000,0.140000,0.000000,0.000000,0.000000,0.641226,0.271923,1.096902,0.039100,-0.000950,0.075467,0.146291,42.656774,42.272705,-3.003500,1.995117,-1.570119,0.000000,0.000000,0.000000,0.000000,0.000000,0.000000
1778249177.044073,0.622758,0.272366,1.061520,0.0000,0.0000,10.0000,0.000000,0.000000,0.140000,0.000000,0.000000,0.000000,0.641226,0.271923,1.096902,0.039329,-0.000944,0.075348,0.146392,42.625828,42.241039,-3.003500,1.995113,-1.570119,0.000000,0.000000,0.000000,0.000000,0.000000,0.000000
1778249177.054028,0.622777,0.272361,1.061818,0.0000,0.0000,10.0000,0.000000,0.000000,0.140000,0.000000,0.000000,0.000000,0.641226,0.271923,1.096902,0.039559,-0.000939,0.075228,0.146492,42.608667,42.225996,-3.003500,1.995115,-1.570118,0.000000,0.000000,0.000000,0.000000,0.000000,0.000000
1778249177.064259,0.622792,0.272356,1.062114,0.0000,0.0000,10.0000,0.000000,0.000000,0.140000,0.000000,0.000000,0.000000,0.641226,0.271923,1.096902,0.039798,-0.000936,0.075102,0.146593,42.607003,42.225503,-3.003500,1.995114,-1.570117,0.000000,0.000000,0.000000,0.000000,0.000000,0.000000
1778249177.074080,0.622809,0.272354,1.062409,0.0000,0.0000,10.0000,0.000000,0.000000,0.140000,0.000000,0.000000,0.000000,0.641226,0.271923,1.096902,0.040033,-0.000937,0.074976,0.146693,42.632248,42.249901,-3.003500,1.995114,-1.570117,0.000000,0.000000,0.000000,0.000000,0.000000,0.000000
1778249177.084068,0.622827,0.272350,1.062704,0.0000,0.0000,10.0000,0.000000,0.000000,0.140000,0.000000,0.000000,0.000000,0.641226,0.271923,1.096902,0.040271,-0.000934,0.074849,0.146793,42.634594,42.254171,-3.003500,1.995115,-1.570117,0.000000,0.000000,0.000000,0.000000,0.000000,0.000000
1778249177.094050,0.622849,0.272345,1.062996,0.0000,0.0000,10.0000,0.000000,0.000000,0.140000,0.000000,0.000000,0.000000,0.641226,0.271923,1.096902,0.040501,-0.000931,0.074725,0.146892,42.664745,42.284049,-3.003500,1.995116,-1.570115,0.000000,0.000000,0.000000,0.000000,0.000000,0.000000
1778249177.103954,0.622875,0.272340,1.063286,0.0000,0.0000,10.0000,0.000000,0.000000,0.140000,0.000000,0.000000,0.000000,0.641226,0.271923,1.096902,0.040727,-0.000927,0.074602,0.146989,42.640253,42.258415,-3.003500,1.995114,-1.570116,0.000000,0.000000,0.000000,0.000000,0.000000,0.000000
1778249177.114038,0.622902,0.272335,1.063574,0.0000,0.0000,10.0000,0.000000,0.000000,0.140000,0.000000,0.000000,0.000000,0.641226,0.271923,1.096902,0.040951,-0.000921,0.074480,0.147084,42.650929,42.270936,-3.003500,1.995113,-1.570117,0.000000,0.000000,0.000000,0.000000,0.000000,0.000000
1778249177.124042,0.622929,0.272328,1.063863,0.0000,0.0000,10.0000,0.000000,0.000000,0.140000,0.000000,0.000000,0.000000,0.641226,0.271923,1.096902,0.041178,-0.000913,0.074354,0.147178,42.678106,42.298806,-3.003500,1.995115,-1.570116,0.000000,0.000000,0.000000,0.000000,0.000000,0.000000
1778249177.134077,0.622958,0.272323,1.064153,0.0000,0.0000,10.0000,0.000000,0.000000,0.140000,0.000000,0.000000,0.000000,0.641226,0.271923,1.096902,0.041407,-0.000906,0.074227,0.147272,42.622808,42.242948,-3.003500,1.995115,-1.570117,0.000000,0.000000,0.000000,0.000000,0.000000,0.000000
1778249177.144122,0.622987,0.272319,1.064435,0.0000,0.0000,0.0000,0.000000,0.000000,0.140000,0.000000,0.000000,0.000000,0.641226,0.271923,1.096902,0.041629,-0.000905,0.074103,0.147364,42.682939,42.303544,-3.003500,1.995111,-1.570119,0.000000,0.000000,0.000000,0.000000,0.000000,0.000000
1778249177.153978,0.623022,0.272316,1.064718,0.0000,0.0000,0.0000,0.000000,0.000000,0.140000,0.000000,0.000000,0.000000,0.641226,0.271923,1.096902,0.041845,-0.000905,0.073981,0.147454,42.721199,42.343219,-3.003500,1.995117,-1.570119,0.000000,0.000000,0.000000,0.000000,0.000000,0.000000
1778249177.164425,0.623055,0.272307,1.065007,0.0000,0.0000,0.0000,0.000000,0.000000,0.140000,0.000000,0.000000,0.000000,0.641226,0.271923,1.096902,0.042074,-0.000891,0.073851,0.147544,42.604414,42.227170,-3.003501,1.995115,-1.570118,0.000000,0.000000,0.000000,0.000000,0.000000,0.000000
1778249177.174110,0.623089,0.272299,1.065291,0.0000,0.0000,0.0000,0.000000,0.000000,0.140000,0.000000,0.000000,0.000000,0.641226,0.271923,1.096902,0.042299,-0.000879,0.073722,0.147634,42.626104,42.248666,-3.003501,1.995112,-1.570115,0.000000,0.000000,0.000000,0.000000,0.000000,0.000000
1778249177.184122,0.623124,0.272292,1.065575,0.0000,0.0000,0.0000,0.000000,0.000000,0.140000,0.000000,0.000000,0.000000,0.641226,0.271923,1.096902,0.042525,-0.000869,0.073593,0.147723,42.665031,42.288666,-3.003501,1.995115,-1.570119,0.000000,0.000000,0.000000,0.000000,0.000000,0.000000
1778249177.194133,0.623160,0.272287,1.065859,0.0000,0.0000,0.0000,0.000000,0.000000,0.140000,0.000000,0.000000,0.000000,0.641226,0.271923,1.096902,0.042751,-0.000862,0.073461,0.147811,42.666050,42.289247,-3.003500,1.995115,-1.570117,0.000000,0.000000,0.000000,0.000000,0.000000,0.000000
1778249177.204043,0.623199,0.272286,1.066137,0.0000,0.0000,0.0000,0.000000,0.000000,0.140000,0.000000,0.000000,0.000000,0.641226,0.271923,1.096902,0.042971,-0.000865,0.073333,0.147897,42.671589,42.294889,-3.003500,1.995113,-1.570118,0.000000,0.000000,0.000000,0.000000,0.000000,0.000000
1778249177.214238,0.623241,0.272284,1.066414,0.0000,0.0000,0.0000,0.000000,0.000000,0.140000,0.000000,0.000000,0.000000,0.641226,0.271923,1.096902,0.043186,-0.000868,0.073207,0.147982,42.733332,42.358064,-3.003500,1.995116,-1.570115,0.000000,0.000000,0.000000,0.000000,0.000000,0.000000
1778249177.224096,0.623282,0.272278,1.066693,0.0000,0.0000,0.0000,0.000000,0.000000,0.140000,0.000000,0.000000,0.000000,0.641226,0.271923,1.096902,0.043408,-0.000859,0.073076,0.148066,42.642769,42.265203,-3.003501,1.995112,-1.570118,0.000000,0.000000,0.000000,0.000000,0.000000,0.000000
1778249177.233999,0.623327,0.272273,1.066965,0.0000,0.0000,0.0000,0.000000,0.000000,0.140000,0.000000,0.000000,0.000000,0.641226,0.271923,1.096902,0.043617,-0.000853,0.072951,0.148148,42.705104,42.330669,-3.003501,1.995113,-1.570115,0.000000,0.000000,0.000000,0.000000,0.000000,0.000000
1778249177.244114,0.623376,0.272262,1.067245,0.0000,0.0000,0.0000,0.000000,0.000000,0.140000,0.000000,0.000000,0.000000,0.641226,0.271923,1.096902,0.043831,-0.000832,0.072823,0.148229,42.667934,42.291052,-3.003501,1.995118,-1.570118,0.000000,0.000000,0.000000,0.000000,0.000000,0.000000
1778249177.254076,0.623414,0.272252,1.067520,0.0000,0.0000,0.0000,0.000000,0.000000,0.140000,0.000000,0.000000,0.000000,0.641226,0.271923,1.096902,0.044062,-0.000814,0.072683,0.148311,42.644183,42.272336,-3.003501,1.995111,-1.570118,0.000000,0.000000,0.000000,0.000000,0.000000,0.000000
1778249177.264169,0.623459,0.272245,1.067796,0.0000,0.0000,0.0000,0.000000,0.000000,0.140000,0.000000,0.000000,0.000000,0.641226,0.271923,1.096902,0.044286,-0.000803,0.072547,0.148393,42.721014,42.348041,-3.003500,1.995116,-1.570115,0.000000,0.000000,0.000000,0.000000,0.000000,0.000000
1778249177.274119,0.623508,0.272244,1.068069,0.0000,0.0000,0.0000,0.000000,0.000000,0.140000,0.000000,0.000000,0.000000,0.641226,0.271923,1.096902,0.044501,-0.000807,0.072415,0.148473,42.664024,42.288101,-3.003500,1.995113,-1.570119,0.000000,0.000000,0.000000,0.000000,0.000000,0.000000
1778249177.283993,0.623562,0.272239,1.068334,0.0000,0.0000,0.0000,0.000000,0.000000,0.140000,0.000000,0.000000,0.000000,0.641226,0.271923,1.096902,0.044701,-0.000801,0.072292,0.148550,42.753335,42.379172,-3.003500,1.995114,-1.570118,0.000000,0.000000,0.000000,0.000000,0.000000,0.000000
1778249177.294263,0.623615,0.272232,1.068605,0.0000,0.0000,0.0000,0.000000,0.000000,0.140000,0.000000,0.000000,0.000000,0.641226,0.271923,1.096902,0.044912,-0.000788,0.072162,0.148626,42.684684,42.311276,-3.003500,1.995113,-1.570116,0.000000,0.000000,0.000000,0.000000,0.000000,0.000000
1778249177.303999,0.623668,0.272227,1.068874,0.0000,0.0000,0.0000,0.000000,0.000000,0.140000,0.000000,0.000000,0.000000,0.641226,0.271923,1.096902,0.045123,-0.000781,0.072030,0.148701,42.705177,42.332781,-3.003500,1.995114,-1.570117,0.000000,0.000000,0.000000,0.000000,0.000000,0.000000
1778249177.314139,0.623720,0.272218,1.069143,0.0000,0.0000,0.0000,0.000000,0.000000,0.140000,0.000000,0.000000,0.000000,0.641226,0.271923,1.096902,0.045340,-0.000765,0.071893,0.148776,42.699483,42.328635,-3.003500,1.995114,-1.570117,0.000000,0.000000,0.000000,0.000000,0.000000,0.000000
1778249177.324141,0.623774,0.272212,1.069410,0.0000,0.0000,0.0000,0.000000,0.000000,0.140000,0.000000,0.000000,0.000000,0.641226,0.271923,1.096902,0.045554,-0.000754,0.071758,0.148850,42.732665,42.360806,-3.003500,1.995115,-1.570114,0.000000,0.000000,0.000000,0.000000,0.000000,0.000000
1778249177.333964,0.623828,0.272205,1.069676,0.0000,0.0000,0.0000,0.000000,0.000000,0.140000,0.000000,0.000000,0.000000,0.641226,0.271923,1.096902,0.045768,-0.000742,0.071622,0.148924,42.711338,42.340477,-3.003500,1.995113,-1.570115,0.000000,0.000000,0.000000,0.000000,0.000000,0.000000
1778249177.344213,0.623886,0.272196,1.069941,0.0000,0.0000,0.0000,0.000000,0.000000,0.140000,0.000000,0.000000,0.000000,0.641226,0.271923,1.096902,0.045978,-0.000725,0.071488,0.148996,42.780928,42.411091,-3.003500,1.995117,-1.570114,0.000000,0.000000,0.000000,0.000000,0.000000,0.000000
1778249177.354054,0.623945,0.272193,1.070205,0.0000,0.0000,0.0000,0.000000,0.000000,0.140000,0.000000,0.000000,0.000000,0.641226,0.271923,1.096902,0.046188,-0.000723,0.071353,0.149068,42.706915,42.334932,-3.003501,1.995116,-1.570120,0.000000,0.000000,0.000000,0.000000,0.000000,0.000000
1778249177.364169,0.624003,0.272185,1.070467,0.0000,0.0000,0.0000,0.000000,0.000000,0.140000,0.000000,0.000000,0.000000,0.641226,0.271923,1.096902,0.046399,-0.000706,0.071215,0.149138,42.684659,42.314929,-3.003500,1.995110,-1.570116,0.000000,0.000000,0.000000,0.000000,0.000000,0.000000
1778249177.374173,0.624069,0.272184,1.070730,0.0000,0.0000,0.0000,0.000000,0.000000,0.140000,0.000000,0.000000,0.000000,0.641226,0.271923,1.096902,0.046600,-0.000710,0.071084,0.149207,42.770072,42.398611,-3.003500,1.995119,-1.570118,0.000000,0.000000,0.000000,0.000000,0.000000,0.000000
1778249177.384054,0.624129,0.272180,1.070988,0.0000,0.0000,0.0000,0.000000,0.000000,0.140000,0.000000,0.000000,0.000000,0.641226,0.271923,1.096902,0.046807,-0.000703,0.070948,0.149275,42.705562,42.336188,-3.003501,1.995111,-1.570117,0.000000,0.000000,0.000000,0.000000,0.000000,0.000000
1778249177.393888,0.624194,0.272172,1.071247,0.0000,0.0000,0.0000,0.000000,0.000000,0.140000,0.000000,0.000000,0.000000,0.641226,0.271923,1.096902,0.047011,-0.000689,0.070813,0.149342,42.769924,42.400224,-3.003501,1.995115,-1.570119,0.000000,0.000000,0.000000,0.000000,0.000000,0.000000
1778249177.404134,0.624264,0.272165,1.071505,0.0000,0.0000,0.0000,0.000000,0.000000,0.140000,0.000000,0.000000,0.000000,0.641226,0.271923,1.096902,0.047207,-0.000675,0.070683,0.149407,42.731984,42.361771,-3.003501,1.995115,-1.570119,0.000000,0.000000,0.000000,0.000000,0.000000,0.000000
1778249177.414212,0.624333,0.272160,1.071761,0.0000,0.0000,0.0000,0.000000,0.000000,0.140000,0.000000,0.000000,0.000000,0.641226,0.271923,1.096902,0.047406,-0.000666,0.070549,0.149471,42.733562,42.364364,-3.003501,1.995115,-1.570119,0.000000,0.000000,0.000000,0.000000,0.000000,0.000000
1778249177.424202,0.624395,0.272153,1.072018,0.0000,0.0000,0.0000,0.000000,0.000000,0.140000,0.000000,0.000000,0.000000,0.641226,0.271923,1.096902,0.047621,-0.000652,0.070405,0.149535,42.726112,42.359476,-3.003501,1.995112,-1.570117,0.000000,0.000000,0.000000,0.000000,0.000000,0.000000
1778249177.434036,0.624465,0.272151,1.072273,0.0000,0.0000,0.0000,0.000000,0.000000,0.140000,0.000000,0.000000,0.000000,0.641226,0.271923,1.096902,0.047822,-0.000651,0.070269,0.149599,42.799594,42.431387,-3.003501,1.995118,-1.570116,0.000000,0.000000,0.000000,0.000000,0.000000,0.000000
1778249177.444087,0.624538,0.272146,1.072524,0.0000,0.0000,0.0000,0.000000,0.000000,0.140000,0.000000,0.000000,0.000000,0.641226,0.271923,1.096902,0.048013,-0.000642,0.070138,0.149660,42.751011,42.381304,-3.003501,1.995114,-1.570117,0.000000,0.000000,0.000000,0.000000,0.000000,0.000000
1778249177.454021,0.624608,0.272139,1.072778,0.0000,0.0000,0.0000,0.000000,0.000000,0.140000,0.000000,0.000000,0.000000,0.641226,0.271923,1.096902,0.048218,-0.000628,0.069998,0.149721,42.726291,42.360114,-3.003501,1.995113,-1.570116,0.000000,0.000000,0.000000,0.000000,0.000000,0.000000
1778249177.463893,0.624678,0.272132,1.073032,0.0000,0.0000,0.0000,0.000000,0.000000,0.140000,0.000000,0.000000,0.000000,0.641226,0.271923,1.096902,0.048427,-0.000612,0.069853,0.149783,42.737301,42.371888,-3.003501,1.995115,-1.570117,0.000000,0.000000,0.000000,0.000000,0.000000,0.000000
1778249177.474370,0.624748,0.272126,1.073285,0.0000,0.0000,0.0000,0.000000,0.000000,0.140000,0.000000,0.000000,0.000000,0.641226,0.271923,1.096902,0.048638,-0.000600,0.069707,0.149844,42.782943,42.417350,-3.003501,1.995115,-1.570116,0.000000,0.000000,0.000000,0.000000,0.000000,0.000000
1778249177.484022,0.624825,0.272121,1.073535,0.0000,0.0000,0.0000,0.000000,0.000000,0.140000,0.000000,0.000000,0.000000,0.641226,0.271923,1.096902,0.048833,-0.000589,0.069570,0.149903,42.758486,42.390487,-3.003501,1.995114,-1.570118,0.000000,0.000000,0.000000,0.000000,0.000000,0.000000
1778249177.493954,0.624902,0.272117,1.073781,0.0000,0.0000,0.0000,0.000000,0.000000,0.140000,0.000000,0.000000,0.000000,0.641226,0.271923,1.096902,0.049024,-0.000583,0.069436,0.149961,42.766253,42.399285,-3.003501,1.995113,-1.570119,0.000000,0.000000,0.000000,0.000000,0.000000,0.000000
1778249177.504037,0.624980,0.272105,1.074030,0.0000,0.0000,0.0000,0.000000,0.000000,0.140000,0.000000,0.000000,0.000000,0.641226,0.271923,1.096902,0.049221,-0.000554,0.069296,0.150018,42.752625,42.387197,-3.003501,1.995115,-1.570117,0.000000,0.000000,0.000000,0.000000,0.000000,0.000000
1778249177.514033,0.625058,0.272101,1.074275,0.0000,0.0000,0.0000,0.000000,0.000000,0.140000,0.000000,0.000000,0.000000,0.641226,0.271923,1.096902,0.049418,-0.000546,0.069156,0.150074,42.776639,42.410470,-3.003501,1.995113,-1.570118,0.000000,0.000000,0.000000,0.000000,0.000000,0.000000
1778249177.524263,0.625141,0.272095,1.074520,0.0000,0.0000,0.0000,0.000000,0.000000,0.140000,0.000000,0.000000,0.000000,0.641226,0.271923,1.096902,0.049604,-0.000532,0.069023,0.150128,42.778017,42.411590,-3.003501,1.995115,-1.570116,0.000000,0.000000,0.000000,0.000000,0.000000,0.000000
1778249177.534084,0.625225,0.272090,1.074762,0.0000,0.0000,0.0000,0.000000,0.000000,0.140000,0.000000,0.000000,0.000000,0.641226,0.271923,1.096902,0.049788,-0.000521,0.068890,0.150181,42.766869,42.400534,-3.003501,1.995112,-1.570115,0.000000,0.000000,0.000000,0.000000,0.000000,0.000000
1778249177.543822,0.625305,0.272083,1.075003,0.0000,0.0000,0.0000,0.000000,0.000000,0.140000,0.000000,0.000000,0.000000,0.641226,0.271923,1.096902,0.049984,-0.000504,0.068749,0.150234,42.801660,42.437686,-3.003501,1.995114,-1.570116,0.000000,0.000000,0.000000,0.000000,0.000000,0.000000
1778249177.554159,0.625387,0.272079,1.075247,0.0000,0.0000,0.0000,0.000000,0.000000,0.140000,0.000000,0.000000,0.000000,0.641226,0.271923,1.096902,0.049984,-0.000504,0.068749,0.150234,42.801660,42.437686,-3.003501,1.995114,-1.570118,0.000000,0.000000,0.000000,0.000000,0.000000,0.000000
1778249177.564090,0.625472,0.272073,1.075485,0.0000,0.0000,0.0000,0.000000,0.000000,0.140000,0.000000,0.000000,0.000000,0.641226,0.271923,1.096902,0.050366,-0.000482,0.068469,0.150337,42.811599,42.446907,-3.003501,1.995112,-1.570117,0.000000,0.000000,0.000000,0.000000,0.000000,0.000000
1778249177.574104,0.625563,0.272070,1.075720,0.0000,0.0000,0.0000,0.000000,0.000000,0.140000,0.000000,0.000000,0.000000,0.641226,0.271923,1.096902,0.050538,-0.000475,0.068342,0.150385,42.870483,42.506130,-3.003501,1.995116,-1.570115,0.000000,0.000000,0.000000,0.000000,0.000000,0.000000
1778249177.584094,0.625650,0.272065,1.075961,0.0000,0.0000,0.0000,0.000000,0.000000,0.140000,0.000000,0.000000,0.000000,0.641226,0.271923,1.096902,0.050729,-0.000462,0.068201,0.150434,42.753791,42.389224,-3.003502,1.995114,-1.570119,0.000000,0.000000,0.000000,0.000000,0.000000,0.000000
1778249177.594170,0.625737,0.272053,1.076199,0.0000,0.0000,0.0000,0.000000,0.000000,0.140000,0.000000,0.000000,0.000000,0.641226,0.271923,1.096902,0.050919,-0.000428,0.068059,0.150482,42.836749,42.474535,-3.003502,1.995115,-1.570116,0.000000,0.000000,0.000000,0.000000,0.000000,0.000000
1778249177.604179,0.625825,0.272044,1.076439,0.0000,0.0000,0.0000,0.000000,0.000000,0.140000,0.000000,0.000000,0.000000,0.641226,0.271923,1.096902,0.051115,-0.000404,0.067913,0.150531,42.816532,42.454893,-3.003502,1.995118,-1.570116,0.000000,0.000000,0.000000,0.000000,0.000000,0.000000
1778249177.614041,0.625917,0.272040,1.076675,0.0000,0.0000,0.0000,0.000000,0.000000,0.140000,0.000000,0.000000,0.000000,0.641226,0.271923,1.096902,0.051297,-0.000392,0.067775,0.150578,42.780935,42.415952,-3.003502,1.995115,-1.570118,0.000000,0.000000,0.000000,0.000000,0.000000,0.000000
1778249177.624279,0.626008,0.272032,1.076907,0.0000,0.0000,0.0000,0.000000,0.000000,0.140000,0.000000,0.000000,0.000000,0.641226,0.271923,1.096902,0.051297,-0.000392,0.067775,0.150578,42.780935,42.415952,-3.003502,1.995109,-1.570117,0.000000,0.000000,0.000000,0.000000,0.000000,0.000000
1778249177.634012,0.626105,0.272031,1.077141,0.0000,0.0000,0.0000,0.000000,0.000000,0.140000,0.000000,0.000000,0.000000,0.641226,0.271923,1.096902,0.051655,-0.000370,0.067503,0.150668,42.871988,42.509005,-3.003502,1.995115,-1.570117,0.000000,0.000000,0.000000,0.000000,0.000000,0.000000
1778249177.643906,0.626202,0.272031,1.077372,0.0000,0.0000,0.0000,0.000000,0.000000,0.140000,0.000000,0.000000,0.000000,0.641226,0.271923,1.096902,0.051827,-0.000372,0.067370,0.150711,42.814356,42.449985,-3.003502,1.995116,-1.570117,0.000000,0.000000,0.000000,0.000000,0.000000,0.000000
1778249177.654048,0.626298,0.272024,1.077602,0.0000,0.0000,0.0000,0.000000,0.000000,0.140000,0.000000,0.000000,0.000000,0.641226,0.271923,1.096902,0.052005,-0.000354,0.067234,0.150753,42.809195,42.446832,-3.003502,1.995111,-1.570115,0.000000,0.000000,0.000000,0.000000,0.000000,0.000000
1778249177.664048,0.626397,0.272017,1.077833,0.0000,0.0000,0.0000,0.000000,0.000000,0.140000,0.000000,0.000000,0.000000,0.641226,0.271923,1.096902,0.052180,-0.000331,0.067098,0.150794,42.867181,42.505882,-3.003502,1.995113,-1.570119,0.000000,0.000000,0.000000,0.000000,0.000000,0.000000
1778249177.674270,0.626495,0.272010,1.078064,0.0000,0.0000,0.0000,0.000000,0.000000,0.140000,0.000000,0.000000,0.000000,0.641226,0.271923,1.096902,0.052360,-0.000309,0.066958,0.150835,42.852842,42.492045,-3.003502,1.995114,-1.570120,0.000000,0.000000,0.000000,0.000000,0.000000,0.000000
1778249177.683891,0.626595,0.271999,1.078296,0.0000,0.0000,0.0000,0.000000,0.000000,0.140000,0.000000,0.000000,0.000000,0.641226,0.271923,1.096902,0.052542,-0.000272,0.066815,0.150876,42.783366,42.421656,-3.003502,1.995116,-1.570117,0.000000,0.000000,0.000000,0.000000,0.000000,0.000000
1778249177.693839,0.626695,0.271993,1.078523,0.0000,0.0000,0.0000,0.000000,0.000000,0.140000,0.000000,0.000000,0.000000,0.641226,0.271923,1.096902,0.052717,-0.000254,0.066677,0.150916,42.791522,42.429167,-3.003502,1.995115,-1.570118,0.000000,0.000000,0.000000,0.000000,0.000000,0.000000
1778249177.703921,0.626819,0.271985,1.078807,0.0000,0.0000,0.0000,0.000000,0.000000,0.140000,0.000000,0.000000,0.000000,0.641226,0.271923,1.096902,0.052944,-0.000227,0.066497,0.150958,42.805495,42.445535,-3.003503,1.995113,-1.570119,0.000000,0.000000,0.000000,0.000000,0.000000,0.000000
1778249177.713903,0.626921,0.271976,1.079033,0.0000,0.0000,0.0000,0.000000,0.000000,0.140000,0.000000,0.000000,0.000000,0.641226,0.271923,1.096902,0.053122,-0.000197,0.066355,0.150999,42.890996,42.530714,-3.003503,1.995116,-1.570115,0.000000,0.000000,0.000000,0.000000,0.000000,0.000000
1778249177.723748,0.627031,0.271970,1.079253,0.0000,0.0000,0.0000,0.000000,0.000000,0.140000,0.000000,0.000000,0.000000,0.641226,0.271923,1.096902,0.053272,-0.000178,0.066235,0.151037,42.867195,42.504435,-3.003503,1.995115,-1.570116,0.000000,0.000000,0.000000,0.000000,0.000000,0.000000
1778249177.733819,0.627141,0.271965,1.079471,0.0000,0.0000,0.0000,0.000000,0.000000,0.140000,0.000000,0.000000,0.000000,0.641226,0.271923,1.096902,0.053423,-0.000162,0.066113,0.151072,42.842742,42.480534,-3.003503,1.995111,-1.570117,0.000000,0.000000,0.000000,0.000000,0.000000,0.000000
1778249177.744183,0.627247,0.271957,1.079691,0.0000,0.0000,0.0000,0.000000,0.000000,0.140000,0.000000,0.000000,0.000000,0.641226,0.271923,1.096902,0.053589,-0.000132,0.065979,0.151107,42.897200,42.538674,-3.003503,1.995115,-1.570117,0.000000,0.000000,0.000000,0.000000,0.000000,0.000000
1778249177.754528,0.627352,0.271953,1.079913,0.0000,0.0000,0.0000,0.000000,0.000000,0.140000,0.000000,0.000000,0.000000,0.641226,0.271923,1.096902,0.053765,-0.000117,0.065836,0.151141,42.873090,42.512886,-3.003503,1.995115,-1.570118,0.000000,0.000000,0.000000,0.000000,0.000000,0.000000
1778249177.764234,0.627461,0.271947,1.080133,0.0000,0.0000,0.0000,0.000000,0.000000,0.140000,0.000000,0.000000,0.000000,0.641226,0.271923,1.096902,0.053765,-0.000117,0.065836,0.151141,42.873090,42.512886,-3.003503,1.995115,-1.570117,0.000000,0.000000,0.000000,0.000000,0.000000,0.000000
1778249177.774148,0.627569,0.271939,1.080353,0.0000,0.0000,0.0000,0.000000,0.000000,0.140000,0.000000,0.000000,0.000000,0.641226,0.271923,1.096902,0.054103,-0.000063,0.065558,0.151208,42.850928,42.492632,-3.003503,1.995114,-1.570116,0.000000,0.000000,0.000000,0.000000,0.000000,0.000000
1778249177.783747,0.627676,0.271933,1.080573,0.0000,0.0000,0.0000,0.000000,0.000000,0.140000,0.000000,0.000000,0.000000,0.641226,0.271923,1.096902,0.054279,-0.000040,0.065412,0.151242,42.898945,42.539819,-3.003503,1.995117,-1.570116,0.000000,0.000000,0.000000,0.000000,0.000000,0.000000
1778249177.793684,0.627789,0.271931,1.080787,0.0000,0.0000,0.0000,0.000000,0.000000,0.140000,0.000000,0.000000,0.000000,0.641226,0.271923,1.096902,0.054435,-0.000032,0.065283,0.151273,42.896014,42.535260,-3.003503,1.995114,-1.570119,0.000000,0.000000,0.000000,0.000000,0.000000,0.000000
1778249177.803861,0.627937,0.271920,1.081053,0.0000,0.0000,0.0000,0.000000,0.000000,0.140000,0.000000,0.000000,0.000000,0.641226,0.271923,1.096902,0.054614,0.000011,0.065133,0.151305,42.927099,42.566196,-3.003503,1.995115,-1.570114,0.000000,0.000000,0.000000,0.000000,0.000000,0.000000
1778249177.814251,0.628052,0.271921,1.081265,0.0000,0.0000,0.0000,0.000000,0.000000,0.140000,0.000000,0.000000,0.000000,0.641226,0.271923,1.096902,0.054767,0.000008,0.065004,0.151335,42.899096,42.539889,-3.003503,1.995115,-1.570117,0.000000,0.000000,0.000000,0.000000,0.000000,0.000000
1778249177.824153,0.628163,0.271910,1.081482,0.0000,0.0000,0.0000,0.000000,0.000000,0.140000,0.000000,0.000000,0.000000,0.641226,0.271923,1.096902,0.054943,0.000052,0.064856,0.151365,42.849012,42.491926,-3.003503,1.995113,-1.570119,0.000000,0.000000,0.000000,0.000000,0.000000,0.000000
1778249177.834354,0.628280,0.271902,1.081696,0.0000,0.0000,0.0000,0.000000,0.000000,0.140000,0.000000,0.000000,0.000000,0.641226,0.271923,1.096902,0.055102,0.000087,0.064720,0.151394,42.936637,42.578523,-3.003503,1.995116,-1.570118,0.000000,0.000000,0.000000,0.000000,0.000000,0.000000
1778249177.844124,0.628399,0.271895,1.081909,0.0000,0.0000,0.0000,0.000000,0.000000,0.140000,0.000000,0.000000,0.000000,0.641226,0.271923,1.096902,0.055258,0.000118,0.064588,0.151423,42.847370,42.486045,-3.003503,1.995113,-1.570121,0.000000,0.000000,0.000000,0.000000,0.000000,0.000000
1778249177.854064,0.628518,0.271890,1.082115,0.0000,0.0000,0.0000,0.000000,0.000000,0.140000,0.000000,0.000000,0.000000,0.641226,0.271923,1.096902,0.055402,0.000143,0.064464,0.151449,42.914555,42.556043,-3.003503,1.995113,-1.570117,0.000000,0.000000,0.000000,0.000000,0.000000,0.000000
1778249177.864165,0.628634,0.271891,1.082324,0.0000,0.0000,0.0000,0.000000,0.000000,0.140000,0.000000,0.000000,0.000000,0.641226,0.271923,1.096902,0.055402,0.000143,0.064464,0.151449,42.914555,42.556043,-3.003503,1.995113,-1.570119,0.000000,0.000000,0.000000,0.000000,0.000000,0.000000
1778249177.874122,0.628755,0.271887,1.082534,0.0000,0.0000,0.0000,0.000000,0.000000,0.140000,0.000000,0.000000,0.000000,0.641226,0.271923,1.096902,0.055718,0.000161,0.064191,0.151501,42.891435,42.533559,-3.003503,1.995117,-1.570119,0.000000,0.000000,0.000000,0.000000,0.000000,0.000000
1778249177.884225,0.628874,0.271877,1.082743,0.0000,0.0000,0.0000,0.000000,0.000000,0.140000,0.000000,0.000000,0.000000,0.641226,0.271923,1.096902,0.055718,0.000161,0.064191,0.151501,42.891435,42.533559,-3.003503,1.995113,-1.570118,0.000000,0.000000,0.000000,0.000000,0.000000,0.000000
1778249177.894148,0.628999,0.271871,1.082948,0.0000,0.0000,0.0000,0.000000,0.000000,0.140000,0.000000,0.000000,0.000000,0.641226,0.271923,1.096902,0.056018,0.000238,0.063929,0.151550,42.962962,42.604467,-3.003503,1.995116,-1.570114,0.000000,0.000000,0.000000,0.000000,0.000000,0.000000
1778249177.904238,0.629123,0.271871,1.083150,0.0000,0.0000,0.0000,0.000000,0.000000,0.140000,0.000000,0.000000,0.000000,0.641226,0.271923,1.096902,0.056159,0.000239,0.063805,0.151573,42.909943,42.552045,-3.003503,1.995115,-1.570121,0.000000,0.000000,0.000000,0.000000,0.000000,0.000000
1778249177.914276,0.629247,0.271861,1.083357,0.0000,0.0000,0.0000,0.000000,0.000000,0.140000,0.000000,0.000000,0.000000,0.641226,0.271923,1.096902,0.056311,0.000292,0.063671,0.151595,42.904666,42.547159,-3.003503,1.995115,-1.570116,0.000000,0.000000,0.000000,0.000000,0.000000,0.000000
1778249177.924207,0.629373,0.271857,1.083561,0.0000,0.0000,0.0000,0.000000,0.000000,0.140000,0.000000,0.000000,0.000000,0.641226,0.271923,1.096902,0.056311,0.000292,0.063671,0.151595,42.904666,42.547159,-3.003503,1.995114,-1.570115,0.000000,0.000000,0.000000,0.000000,0.000000,0.000000
1778249177.934329,0.629494,0.271860,1.083762,0.0000,0.0000,0.0000,0.000000,0.000000,0.140000,0.000000,0.000000,0.000000,0.641226,0.271923,1.096902,0.056609,0.000301,0.063406,0.151638,42.928508,42.570581,-3.003503,1.995113,-1.570116,0.000000,0.000000,0.000000,0.000000,0.000000,0.000000
1778249177.944578,0.629623,0.271861,1.083959,0.0000,0.0000,0.0000,0.000000,0.000000,0.140000,0.000000,0.000000,0.000000,0.641226,0.271923,1.096902,0.056609,0.000301,0.063406,0.151638,42.928508,42.570581,-3.003503,1.995112,-1.570117,0.000000,0.000000,0.000000,0.000000,0.000000,0.000000
1778249177.954154,0.629759,0.271853,1.084159,0.0000,0.0000,0.0000,0.000000,0.000000,0.140000,0.000000,0.000000,0.000000,0.641226,0.271923,1.096902,0.056859,0.000348,0.063182,0.151677,42.938988,42.579518,-3.003503,1.995119,-1.570115,0.000000,0.000000,0.000000,0.000000,0.000000,0.000000
1778249177.964267,0.629883,0.271847,1.084357,0.0000,0.0000,0.0000,0.000000,0.000000,0.140000,0.000000,0.000000,0.000000,0.641226,0.271923,1.096902,0.057007,0.000381,0.063048,0.151695,42.898459,42.541984,-3.003503,1.995111,-1.570116,0.000000,0.000000,0.000000,0.000000,0.000000,0.000000
1778249177.973958,0.630013,0.271845,1.084556,0.0000,0.0000,0.0000,0.000000,0.000000,0.140000,0.000000,0.000000,0.000000,0.641226,0.271923,1.096902,0.057146,0.000395,0.062922,0.151714,42.990233,42.633565,-3.003504,1.995113,-1.570116,0.000000,0.000000,0.000000,0.000000,0.000000,0.000000
1778249177.983858,0.630143,0.271844,1.084757,0.0000,0.0000,0.0000,0.000000,0.000000,0.140000,0.000000,0.000000,0.000000,0.641226,0.271923,1.096902,0.057295,0.000409,0.062786,0.151732,42.932667,42.576012,-3.003504,1.995117,-1.570117,0.000000,0.000000,0.000000,0.000000,0.000000,0.000000
1778249177.995962,0.630272,0.271846,1.084952,0.0000,0.0000,0.0000,0.000000,0.000000,0.140000,0.000000,0.000000,0.000000,0.641226,0.271923,1.096902,0.057438,0.000401,0.062655,0.151749,42.957795,42.600435,-3.003504,1.995113,-1.570118,0.000000,0.000000,0.000000,0.000000,0.000000,0.000000
1778249178.003805,0.630437,0.271849,1.085196,0.0000,0.0000,0.0000,0.000000,0.000000,0.140000,0.000000,0.000000,0.000000,0.641226,0.271923,1.096902,0.057607,0.000394,0.062500,0.151767,42.969169,42.612601,-3.003504,1.995113,-1.570117,0.000000,0.000000,0.000000,0.000000,0.000000,0.000000
1778249178.014553,0.630571,0.271847,1.085391,0.0000,0.0000,0.0000,0.000000,0.000000,0.140000,0.000000,0.000000,0.000000,0.641226,0.271923,1.096902,0.057607,0.000394,0.062500,0.151767,42.969169,42.612601,-3.003504,1.995115,-1.570117,0.000000,0.000000,0.000000,0.000000,0.000000,0.000000
1778249178.024132,0.630709,0.271843,1.085584,0.0000,0.0000,0.0000,0.000000,0.000000,0.140000,0.000000,0.000000,0.000000,0.641226,0.271923,1.096902,0.057740,0.000409,0.062377,0.151783,42.984251,42.627970,-3.003504,1.995116,-1.570116,0.000000,0.000000,0.000000,0.000000,0.000000,0.000000
1778249178.034380,0.630842,0.271839,1.085775,0.0000,0.0000,0.0000,0.000000,0.000000,0.140000,0.000000,0.000000,0.000000,0.641226,0.271923,1.096902,0.057862,0.000439,0.062264,0.151799,42.973842,42.615783,-3.003504,1.995112,-1.570115,0.000000,0.000000,0.000000,0.000000,0.000000,0.000000
1778249178.044218,0.630978,0.271839,1.085966,0.0000,0.0000,0.0000,0.000000,0.000000,0.140000,0.000000,0.000000,0.000000,0.641226,0.271923,1.096902,0.058121,0.000476,0.062022,0.151828,43.033696,42.677306,-3.003503,1.995113,-1.570117,0.000000,0.000000,0.000000,0.000000,0.000000,0.000000
1778249178.053783,0.631119,0.271838,1.086157,0.0000,0.0000,0.0000,0.000000,0.000000,0.140000,0.000000,0.000000,0.000000,0.641226,0.271923,1.096902,0.058238,0.000488,0.061912,0.151841,42.991176,42.632995,-3.003503,1.995117,-1.570115,0.000000,0.000000,0.000000,0.000000,0.000000,0.000000
1778249178.063927,0.631291,0.271841,1.086392,0.0000,0.0000,0.0000,0.000000,0.000000,0.140000,0.000000,0.000000,0.000000,0.641226,0.271923,1.096902,0.058391,0.000482,0.061768,0.151855,42.947153,42.591372,-3.003504,1.995110,-1.570115,0.000000,0.000000,0.000000,0.000000,0.000000,0.000000
1778249178.074044,0.631430,0.271838,1.086581,0.0000,0.0000,0.0000,0.000000,0.000000,0.140000,0.000000,0.000000,0.000000,0.641226,0.271923,1.096902,0.058513,0.000507,0.061652,0.151867,43.031356,42.676713,-3.003504,1.995116,-1.570117,0.000000,0.000000,0.000000,0.000000,0.000000,0.000000
1778249178.084102,0.631568,0.271835,1.086774,0.0000,0.0000,0.0000,0.000000,0.000000,0.140000,0.000000,0.000000,0.000000,0.641226,0.271923,1.096902,0.058658,0.000536,0.061514,0.151880,42.959760,42.602612,-3.003504,1.995118,-1.570112,0.000000,0.000000,0.000000,0.000000,0.000000,0.000000
1778249178.094563,0.631709,0.271840,1.086956,0.0000,0.0000,0.0000,0.000000,0.000000,0.140000,0.000000,0.000000,0.000000,0.641226,0.271923,1.096902,0.058763,0.000512,0.061414,0.151891,43.045188,42.689956,-3.003504,1.995111,-1.570116,0.000000,0.000000,0.000000,0.000000,0.000000,0.000000
1778249178.104305,0.631854,0.271841,1.087143,0.0000,0.0000,0.0000,0.000000,0.000000,0.140000,0.000000,0.000000,0.000000,0.641226,0.271923,1.096902,0.058876,0.000514,0.061306,0.151902,42.988241,42.630702,-3.003504,1.995116,-1.570116,0.000000,0.000000,0.000000,0.000000,0.000000,0.000000
1778249178.114328,0.631997,0.271839,1.087327,0.0000,0.0000,0.0000,0.000000,0.000000,0.140000,0.000000,0.000000,0.000000,0.641226,0.271923,1.096902,0.058989,0.000534,0.061197,0.151912,42.992547,42.637127,-3.003504,1.995112,-1.570115,0.000000,0.000000,0.000000,0.000000,0.000000,0.000000
1778249178.124262,0.632140,0.271836,1.087514,0.0000,0.0000,0.0000,0.000000,0.000000,0.140000,0.000000,0.000000,0.000000,0.641226,0.271923,1.096902,0.059115,0.000567,0.061074,0.151922,42.994041,42.638309,-3.003504,1.995115,-1.570115,0.000000,0.000000,0.000000,0.000000,0.000000,0.000000
1778249178.134674,0.632283,0.271836,1.087696,0.0000,0.0000,0.0000,0.000000,0.000000,0.140000,0.000000,0.000000,0.000000,0.641226,0.271923,1.096902,0.059224,0.000573,0.060968,0.151931,43.012428,42.655549,-3.003504,1.995112,-1.570116,0.000000,0.000000,0.000000,0.000000,0.000000,0.000000
1778249178.144603,0.632428,0.271839,1.087874,0.0000,0.0000,0.0000,0.000000,0.000000,0.140000,0.000000,0.000000,0.000000,0.641226,0.271923,1.096902,0.059323,0.000567,0.060873,0.151939,43.074204,42.719070,-3.003504,1.995111,-1.570117,0.000000,0.000000,0.000000,0.000000,0.000000,0.000000
1778249178.153823,0.632576,0.271836,1.088059,0.0000,0.0000,0.0000,0.000000,0.000000,0.140000,0.000000,0.000000,0.000000,0.641226,0.271923,1.096902,0.059440,0.000593,0.060758,0.151948,42.998743,42.642191,-3.003504,1.995119,-1.570119,0.000000,0.000000,0.000000,0.000000,0.000000,0.000000
1778249178.164594,0.632718,0.271833,1.088239,0.0000,0.0000,0.0000,0.000000,0.000000,0.140000,0.000000,0.000000,0.000000,0.641226,0.271923,1.096902,0.059558,0.000630,0.060642,0.151956,43.006209,42.650218,-3.003504,1.995114,-1.570117,0.000000,0.000000,0.000000,0.000000,0.000000,0.000000
1778249178.176140,0.632862,0.271835,1.088417,0.0000,0.0000,0.0000,0.000000,0.000000,0.140000,0.000000,0.000000,0.000000,0.641226,0.271923,1.096902,0.059673,0.000628,0.060529,0.151964,43.107708,42.753236,-3.003504,1.995111,-1.570116,0.000000,0.000000,0.000000,0.000000,0.000000,0.000000
1778249178.184230,0.633012,0.271837,1.088595,0.0000,0.0000,0.0000,0.000000,0.000000,0.140000,0.000000,0.000000,0.000000,0.641226,0.271923,1.096902,0.059765,0.000621,0.060438,0.151971,43.106993,42.750020,-3.003504,1.995116,-1.570118,0.000000,0.000000,0.000000,0.000000,0.000000,0.000000
1778249178.195006,0.633164,0.271834,1.088772,0.0000,0.0000,0.0000,0.000000,0.000000,0.140000,0.000000,0.000000,0.000000,0.641226,0.271923,1.096902,0.059850,0.000658,0.060353,0.151977,43.032172,42.675355,-3.003505,1.995114,-1.570117,0.000000,0.000000,0.000000,0.000000,0.000000,0.000000
1778249178.203848,0.633352,0.271829,1.088998,0.0000,0.0000,0.0000,0.000000,0.000000,0.140000,0.000000,0.000000,0.000000,0.641226,0.271923,1.096902,0.059055,0.000706,0.059284,0.151235,43.016853,42.661814,-3.003504,1.995115,-1.570116,0.000000,0.000000,0.000000,0.000000,0.000000,0.000000
1778249178.214061,0.633498,0.271828,1.089176,0.0000,0.0000,0.0000,0.000000,0.000000,0.140000,0.000000,0.000000,0.000000,0.641226,0.271923,1.096902,0.057965,0.000712,0.057949,0.149760,43.005788,42.650338,-3.003504,1.995113,-1.570116,0.000000,0.000000,0.000000,0.000000,0.000000,0.000000
1778249178.223876,0.633645,0.271830,1.089350,0.0000,0.0000,0.0000,0.000000,0.000000,0.140000,0.000000,0.000000,0.000000,0.641226,0.271923,1.096902,0.056860,0.000699,0.056645,0.147792,43.041267,42.685456,-3.003504,1.995115,-1.570117,0.000000,0.000000,0.000000,0.000000,0.000000,0.000000
1778249178.234904,0.633796,0.271827,1.089525,0.0000,0.0000,0.0000,0.000000,0.000000,0.140000,0.000000,0.000000,0.000000,0.641226,0.271923,1.096902,0.055731,0.000715,0.055332,0.145475,42.976102,42.619759,-3.003504,1.995116,-1.570115,0.000000,0.000000,0.000000,0.000000,0.000000,0.000000
1778249178.244203,0.633944,0.271832,1.089695,0.0000,0.0000,0.0000,0.000000,0.000000,0.140000,0.000000,0.000000,0.000000,0.641226,0.271923,1.096902,0.054621,0.000678,0.054052,0.142943,42.965940,42.610220,-3.003504,1.995113,-1.570120,0.000000,0.000000,0.000000,0.000000,0.000000,0.000000
1778249178.254122,0.634091,0.271828,1.089869,0.0000,0.0000,0.0000,0.000000,0.000000,0.140000,0.000000,0.000000,0.000000,0.641226,0.271923,1.096902,0.053514,0.000709,0.052752,0.140258,42.920585,42.564153,-3.003505,1.995114,-1.570118,0.000000,0.000000,0.000000,0.000000,0.000000,0.000000
1778249178.264078,0.634238,0.271825,1.090034,0.0000,0.0000,0.0000,0.000000,0.000000,0.140000,0.000000,0.000000,0.000000,0.641226,0.271923,1.096902,0.052415,0.000733,0.051510,0.137496,42.933168,42.578120,-3.003505,1.995110,-1.570114,0.000000,0.000000,0.000000,0.000000,0.000000,0.000000
1778249178.274502,0.634389,0.271825,1.090201,0.0000,0.0000,0.0000,0.000000,0.000000,0.140000,0.000000,0.000000,0.000000,0.641226,0.271923,1.096902,0.051279,0.000735,0.050261,0.134664,42.927264,42.569667,-3.003505,1.995119,-1.570118,0.000000,0.000000,0.000000,0.000000,0.000000,0.000000
1778249178.284681,0.634531,0.271823,1.090360,0.0000,0.0000,0.0000,0.000000,0.000000,0.140000,0.000000,0.000000,0.000000,0.641226,0.271923,1.096902,0.050218,0.000745,0.049063,0.131835,42.886890,42.531010,-3.003505,1.995109,-1.570115,0.000000,0.000000,0.000000,0.000000,0.000000,0.000000
1778249178.293999,0.634679,0.271827,1.090522,0.0000,0.0000,0.0000,0.000000,0.000000,0.140000,0.000000,0.000000,0.000000,0.641226,0.271923,1.096902,0.049108,0.000721,0.047849,0.128982,42.933502,42.574707,-3.003505,1.995118,-1.570116,0.000000,0.000000,0.000000,0.000000,0.000000,0.000000
1778249178.304207,0.634788,0.271830,1.090633,0.0000,0.0000,0.0000,0.000000,0.000000,0.140000,0.000000,0.000000,0.000000,0.641226,0.271923,1.096902,0.048292,0.000697,0.047015,0.126382,42.904809,42.546644,-3.003505,1.995110,-1.570118,0.000000,0.000000,0.000000,0.000000,0.000000,0.000000
1778249178.313984,0.634934,0.271829,1.090790,0.0000,0.0000,0.0000,0.000000,0.000000,0.140000,0.000000,0.000000,0.000000,0.641226,0.271923,1.096902,0.048292,0.000697,0.047015,0.126382,42.904809,42.546644,-3.003505,1.995119,-1.570118,0.000000,0.000000,0.000000,0.000000,0.000000,0.000000
1778249178.324972,0.635070,0.271824,1.090938,0.0000,0.0000,0.0000,0.000000,0.000000,0.140000,0.000000,0.000000,0.000000,0.641226,0.271923,1.096902,0.046172,0.000737,0.044728,0.121034,42.837425,42.480461,-3.003505,1.995109,-1.570116,0.000000,0.000000,0.000000,0.000000,0.000000,0.000000
1778249178.335186,0.635207,0.271822,1.091089,0.0000,0.0000,0.0000,0.000000,0.000000,0.140000,0.000000,0.000000,0.000000,0.641226,0.271923,1.096902,0.045143,0.000757,0.043598,0.118356,42.863249,42.505220,-3.003505,1.995116,-1.570117,0.000000,0.000000,0.000000,0.000000,0.000000,0.000000
1778249178.343863,0.635340,0.271820,1.091235,0.0000,0.0000,0.0000,0.000000,0.000000,0.140000,0.000000,0.000000,0.000000,0.641226,0.271923,1.096902,0.044146,0.000772,0.042505,0.115701,42.789667,42.432474,-3.003505,1.995113,-1.570116,0.000000,0.000000,0.000000,0.000000,0.000000,0.000000
1778249178.353886,0.635469,0.271820,1.091377,0.0000,0.0000,0.0000,0.000000,0.000000,0.140000,0.000000,0.000000,0.000000,0.641226,0.271923,1.096902,0.043179,0.000774,0.041441,0.113086,42.835302,42.477556,-3.003505,1.995113,-1.570113,0.000000,0.000000,0.000000,0.000000,0.000000,0.000000
1778249178.364869,0.635569,0.271821,1.091479,0.0000,0.0000,0.0000,0.000000,0.000000,0.140000,0.000000,0.000000,0.000000,0.641226,0.271923,1.096902,0.042428,0.000761,0.040671,0.110701,42.856098,42.496366,-3.003505,1.995117,-1.570119,0.000000,0.000000,0.000000,0.000000,0.000000,0.000000
1778249178.373796,0.635728,0.271817,1.091647,0.0000,0.0000,0.0000,0.000000,0.000000,0.140000,0.000000,0.000000,0.000000,0.641226,0.271923,1.096902,0.041239,0.000795,0.039412,0.108105,42.782092,42.424008,-3.003505,1.995113,-1.570117,0.000000,0.000000,0.000000,0.000000,0.000000,0.000000
1778249178.384070,0.635850,0.271820,1.091777,0.0000,0.0000,0.0000,0.000000,0.000000,0.140000,0.000000,0.000000,0.000000,0.641226,0.271923,1.096902,0.040326,0.000772,0.038438,0.105588,42.839803,42.482483,-3.003505,1.995113,-1.570116,0.000000,0.000000,0.000000,0.000000,0.000000,0.000000
1778249178.393949,0.635971,0.271824,1.091904,0.0000,0.0000,0.0000,0.000000,0.000000,0.140000,0.000000,0.000000,0.000000,0.641226,0.271923,1.096902,0.039414,0.000743,0.037483,0.103133,42.824666,42.465641,-3.003505,1.995114,-1.570117,0.000000,0.000000,0.000000,0.000000,0.000000,0.000000
1778249178.404106,0.636095,0.271820,1.092028,0.0000,0.0000,0.0000,0.000000,0.000000,0.140000,0.000000,0.000000,0.000000,0.641226,0.271923,1.096902,0.038486,0.000772,0.036559,0.100727,42.803243,42.442040,-3.003506,1.995112,-1.570117,0.000000,0.000000,0.000000,0.000000,0.000000,0.000000
1778249178.413924,0.636219,0.271818,1.092146,0.0000,0.0000,0.0000,0.000000,0.000000,0.140000,0.000000,0.000000,0.000000,0.641226,0.271923,1.096902,0.037558,0.000786,0.035670,0.098368,42.831349,42.470369,-3.003505,1.995115,-1.570114,0.000000,0.000000,0.000000,0.000000,0.000000,0.000000
1778249178.424126,0.636331,0.271817,1.092266,0.0000,0.0000,0.0000,0.000000,0.000000,0.140000,0.000000,0.000000,0.000000,0.641226,0.271923,1.096902,0.036714,0.000796,0.034775,0.096073,42.779361,42.418992,-3.003506,1.995113,-1.570117,0.000000,0.000000,0.000000,0.000000,0.000000,0.000000
1778249178.434762,0.636445,0.271810,1.092378,0.0000,0.0000,0.0000,0.000000,0.000000,0.140000,0.000000,0.000000,0.000000,0.641226,0.271923,1.096902,0.035860,0.000846,0.033931,0.093839,42.782133,42.423221,-3.003506,1.995111,-1.570114,0.000000,0.000000,0.000000,0.000000,0.000000,0.000000
1778249178.443870,0.636558,0.271811,1.092491,0.0000,0.0000,0.0000,0.000000,0.000000,0.140000,0.000000,0.000000,0.000000,0.641226,0.271923,1.096902,0.035011,0.000834,0.033084,0.091647,42.810428,42.449086,-3.003505,1.995118,-1.570118,0.000000,0.000000,0.000000,0.000000,0.000000,0.000000
1778249178.454138,0.636663,0.271812,1.092597,0.0000,0.0000,0.0000,0.000000,0.000000,0.140000,0.000000,0.000000,0.000000,0.641226,0.271923,1.096902,0.034228,0.000828,0.032291,0.089531,42.764658,42.403872,-3.003506,1.995109,-1.570115,0.000000,0.000000,0.000000,0.000000,0.000000,0.000000
1778249178.464103,0.636771,0.271817,1.092698,0.0000,0.0000,0.0000,0.000000,0.000000,0.140000,0.000000,0.000000,0.000000,0.641226,0.271923,1.096902,0.033415,0.000793,0.031535,0.087470,42.888755,42.528385,-3.003506,1.995116,-1.570115,0.000000,0.000000,0.000000,0.000000,0.000000,0.000000
1778249178.474191,0.636879,0.271821,1.092798,0.0000,0.0000,0.0000,0.000000,0.000000,0.140000,0.000000,0.000000,0.000000,0.641226,0.271923,1.096902,0.032603,0.000764,0.030782,0.085448,42.834866,42.472500,-3.003506,1.995115,-1.570116,0.000000,0.000000,0.000000,0.000000,0.000000,0.000000
1778249178.484913,0.636981,0.271826,1.092898,0.0000,0.0000,0.0000,0.000000,0.000000,0.140000,0.000000,0.000000,0.000000,0.641226,0.271923,1.096902,0.031838,0.000722,0.030031,0.083472,42.756418,42.395120,-3.003506,1.995115,-1.570118,0.000000,0.000000,0.000000,0.000000,0.000000,0.000000
1778249178.494652,0.637078,0.271829,1.092996,0.0000,0.0000,0.0000,0.000000,0.000000,0.140000,0.000000,0.000000,0.000000,0.641226,0.271923,1.096902,0.031111,0.000700,0.029295,0.081550,42.797484,42.438274,-3.003506,1.995114,-1.570119,0.000000,0.000000,0.000000,0.000000,0.000000,0.000000
1778249178.504035,0.637176,0.271827,1.093094,0.0000,0.0000,0.0000,0.000000,0.000000,0.140000,0.000000,0.000000,0.000000,0.641226,0.271923,1.096902,0.030381,0.000720,0.028562,0.079667,42.802707,42.440277,-3.003507,1.995116,-1.570119,0.000000,0.000000,0.000000,0.000000,0.000000,0.000000
1778249178.514142,0.637267,0.271825,1.093189,0.0000,0.0000,0.0000,0.000000,0.000000,0.140000,0.000000,0.000000,0.000000,0.641226,0.271923,1.096902,0.029699,0.000736,0.027849,0.077836,42.751196,42.389334,-3.003507,1.995116,-1.570120,0.000000,0.000000,0.000000,0.000000,0.000000,0.000000
1778249178.524163,0.637362,0.271822,1.093277,0.0000,0.0000,0.0000,0.000000,0.000000,0.140000,0.000000,0.000000,0.000000,0.641226,0.271923,1.096902,0.029699,0.000736,0.027849,0.077836,42.751196,42.389334,-3.003507,1.995112,-1.570116,0.000000,0.000000,0.000000,0.000000,0.000000,0.000000
1778249178.534268,0.637454,0.271827,1.093364,0.0000,0.0000,0.0000,0.000000,0.000000,0.140000,0.000000,0.000000,0.000000,0.641226,0.271923,1.096902,0.028295,0.000720,0.026536,0.074306,42.830352,42.469274,-3.003507,1.995114,-1.570116,0.000000,0.000000,0.000000,0.000000,0.000000,0.000000
1778249178.544130,0.637544,0.271833,1.093448,0.0000,0.0000,0.0000,0.000000,0.000000,0.140000,0.000000,0.000000,0.000000,0.641226,0.271923,1.096902,0.027618,0.000672,0.025906,0.072605,42.822742,42.458966,-3.003507,1.995116,-1.570116,0.000000,0.000000,0.000000,0.000000,0.000000,0.000000
1778249178.553885,0.637655,0.271838,1.093551,0.0000,0.0000,0.0000,0.000000,0.000000,0.140000,0.000000,0.000000,0.000000,0.641226,0.271923,1.096902,0.026789,0.000637,0.025131,0.070817,42.751214,42.387859,-3.003507,1.995112,-1.570119,0.000000,0.000000,0.000000,0.000000,0.000000,0.000000
1778249178.563873,0.637733,0.271835,1.093634,0.0000,0.0000,0.0000,0.000000,0.000000,0.140000,0.000000,0.000000,0.000000,0.641226,0.271923,1.096902,0.026198,0.000660,0.024511,0.069128,42.786129,42.426578,-3.003507,1.995113,-1.570115,0.000000,0.000000,0.000000,0.000000,0.000000,0.000000
1778249178.573889,0.637816,0.271838,1.093714,0.0000,0.0000,0.0000,0.000000,0.000000,0.140000,0.000000,0.000000,0.000000,0.641226,0.271923,1.096902,0.025577,0.000636,0.023913,0.067501,42.848987,42.485916,-3.003507,1.995118,-1.570116,0.000000,0.000000,0.000000,0.000000,0.000000,0.000000
1778249178.584075,0.637898,0.271842,1.093789,0.0000,0.0000,0.0000,0.000000,0.000000,0.140000,0.000000,0.000000,0.000000,0.641226,0.271923,1.096902,0.024965,0.000608,0.023351,0.065935,42.775039,42.411821,-3.003507,1.995112,-1.570118,0.000000,0.000000,0.000000,0.000000,0.000000,0.000000
1778249178.594197,0.637979,0.271839,1.093865,0.0000,0.0000,0.0000,0.000000,0.000000,0.140000,0.000000,0.000000,0.000000,0.641226,0.271923,1.096902,0.024355,0.000626,0.022777,0.064408,42.788688,42.425349,-3.003507,1.995114,-1.570119,0.000000,0.000000,0.000000,0.000000,0.000000,0.000000
1778249178.604199,0.638060,0.271839,1.093939,0.0000,0.0000,0.0000,0.000000,0.000000,0.140000,0.000000,0.000000,0.000000,0.641226,0.271923,1.096902,0.023751,0.000624,0.022227,0.062919,42.821775,42.456842,-3.003507,1.995116,-1.570116,0.000000,0.000000,0.000000,0.000000,0.000000,0.000000
1778249178.614220,0.638139,0.271847,1.094004,0.0000,0.0000,0.0000,0.000000,0.000000,0.140000,0.000000,0.000000,0.000000,0.641226,0.271923,1.096902,0.023156,0.000572,0.021734,0.061481,42.802903,42.437775,-3.003507,1.995114,-1.570117,0.000000,0.000000,0.000000,0.000000,0.000000,0.000000
1778249178.624136,0.638212,0.271848,1.094074,0.0000,0.0000,0.0000,0.000000,0.000000,0.140000,0.000000,0.000000,0.000000,0.641226,0.271923,1.096902,0.022607,0.000559,0.021212,0.060087,42.800712,42.438892,-3.003507,1.995115,-1.570115,0.000000,0.000000,0.000000,0.000000,0.000000,0.000000
1778249178.634385,0.638282,0.271848,1.094145,0.0000,0.0000,0.0000,0.000000,0.000000,0.140000,0.000000,0.000000,0.000000,0.641226,0.271923,1.096902,0.022082,0.000558,0.020681,0.058729,42.747223,42.384056,-3.003507,1.995115,-1.570113,0.000000,0.000000,0.000000,0.000000,0.000000,0.000000
1778249178.644042,0.638349,0.271854,1.094212,0.0000,0.0000,0.0000,0.000000,0.000000,0.140000,0.000000,0.000000,0.000000,0.641226,0.271923,1.096902,0.021584,0.000514,0.020176,0.057417,42.740476,42.376836,-3.003507,1.995115,-1.570116,0.000000,0.000000,0.000000,0.000000,0.000000,0.000000
1778249178.654043,0.638418,0.271859,1.094274,0.0000,0.0000,0.0000,0.000000,0.000000,0.140000,0.000000,0.000000,0.000000,0.641226,0.271923,1.096902,0.021066,0.000481,0.019713,0.056145,42.806627,42.442240,-3.003508,1.995113,-1.570118,0.000000,0.000000,0.000000,0.000000,0.000000,0.000000
1778249178.664196,0.638489,0.271861,1.094335,0.0000,0.0000,0.0000,0.000000,0.000000,0.140000,0.000000,0.000000,0.000000,0.641226,0.271923,1.096902,0.020534,0.000466,0.019255,0.054897,42.813547,42.449034,-3.003508,1.995114,-1.570116,0.000000,0.000000,0.000000,0.000000,0.000000,0.000000
1778249178.674098,0.638553,0.271860,1.094399,0.0000,0.0000,0.0000,0.000000,0.000000,0.140000,0.000000,0.000000,0.000000,0.641226,0.271923,1.096902,0.020049,0.000469,0.018776,0.053677,42.749191,42.385622,-3.003508,1.995116,-1.570118,0.000000,0.000000,0.000000,0.000000,0.000000,0.000000
1778249178.684142,0.638609,0.271858,1.094461,0.0000,0.0000,0.0000,0.000000,0.000000,0.140000,0.000000,0.000000,0.000000,0.641226,0.271923,1.096902,0.019633,0.000487,0.018311,0.052511,42.759825,42.398415,-3.003508,1.995110,-1.570117,0.000000,0.000000,0.000000,0.000000,0.000000,0.000000
1778249178.694143,0.638673,0.271862,1.094518,0.0000,0.0000,0.0000,0.000000,0.000000,0.140000,0.000000,0.000000,0.000000,0.641226,0.271923,1.096902,0.019150,0.000457,0.017883,0.051367,42.868547,42.503889,-3.003507,1.995115,-1.570117,0.000000,0.000000,0.000000,0.000000,0.000000,0.000000
1778249178.703902,0.638738,0.271865,1.094573,0.0000,0.0000,0.0000,0.000000,0.000000,0.140000,0.000000,0.000000,0.000000,0.641226,0.271923,1.096902,0.018666,0.000429,0.017470,0.050245,42.750627,42.384370,-3.003508,1.995117,-1.570117,0.000000,0.000000,0.000000,0.000000,0.000000,0.000000
1778249178.714057,0.638798,0.271867,1.094624,0.0000,0.0000,0.0000,0.000000,0.000000,0.140000,0.000000,0.000000,0.000000,0.641226,0.271923,1.096902,0.018213,0.000415,0.017083,0.049161,42.842467,42.479836,-3.003508,1.995110,-1.570118,0.000000,0.000000,0.000000,0.000000,0.000000,0.000000
1778249178.723974,0.638859,0.271867,1.094682,0.0000,0.0000,0.0000,0.000000,0.000000,0.140000,0.000000,0.000000,0.000000,0.641226,0.271923,1.096902,0.017756,0.000415,0.016648,0.048084,42.768906,42.401821,-3.003508,1.995118,-1.570116,0.000000,0.000000,0.000000,0.000000,0.000000,0.000000
1778249178.734116,0.638917,0.271869,1.094733,0.0000,0.0000,0.0000,0.000000,0.000000,0.140000,0.000000,0.000000,0.000000,0.641226,0.271923,1.096902,0.017319,0.000402,0.016267,0.047040,42.736740,42.370739,-3.003508,1.995114,-1.570115,0.000000,0.000000,0.000000,0.000000,0.000000,0.000000
1778249178.743728,0.638972,0.271873,1.094784,0.0000,0.0000,0.0000,0.000000,0.000000,0.140000,0.000000,0.000000,0.000000,0.641226,0.271923,1.096902,0.016907,0.000370,0.015886,0.046030,42.828020,42.465371,-3.003508,1.995112,-1.570118,0.000000,0.000000,0.000000,0.000000,0.000000,0.000000
1778249178.753656,0.639027,0.271880,1.094836,0.0000,0.0000,0.0000,0.000000,0.000000,0.140000,0.000000,0.000000,0.000000,0.641226,0.271923,1.096902,0.016498,0.000321,0.015496,0.045040,42.756996,42.390871,-3.003508,1.995117,-1.570119,0.000000,0.000000,0.000000,0.000000,0.000000,0.000000
1778249178.763921,0.639080,0.271879,1.094884,0.0000,0.0000,0.0000,0.000000,0.000000,0.140000,0.000000,0.000000,0.000000,0.641226,0.271923,1.096902,0.016102,0.000328,0.015136,0.044082,42.740324,42.375663,-3.003508,1.995113,-1.570118,0.000000,0.000000,0.000000,0.000000,0.000000,0.000000
1778249178.774083,0.639132,0.271877,1.094933,0.0000,0.0000,0.0000,0.000000,0.000000,0.140000,0.000000,0.000000,0.000000,0.641226,0.271923,1.096902,0.015710,0.000340,0.014771,0.043147,42.785270,42.420408,-3.003508,1.995114,-1.570116,0.000000,0.000000,0.000000,0.000000,0.000000,0.000000
1778249178.784067,0.639183,0.271880,1.094981,0.0000,0.0000,0.0000,0.000000,0.000000,0.140000,0.000000,0.000000,0.000000,0.641226,0.271923,1.096902,0.015329,0.000322,0.014412,0.042234,42.807742,42.441580,-3.003508,1.995117,-1.570117,0.000000,0.000000,0.000000,0.000000,0.000000,0.000000
1778249178.794118,0.639232,0.271885,1.095023,0.0000,0.0000,0.0000,0.000000,0.000000,0.140000,0.000000,0.000000,0.000000,0.641226,0.271923,1.096902,0.014959,0.000284,0.014098,0.041357,42.764294,42.397041,-3.003508,1.995115,-1.570116,0.000000,0.000000,0.000000,0.000000,0.000000,0.000000
1778249178.803677,0.639293,0.271890,1.095073,0.0000,0.0000,0.0000,0.000000,0.000000,0.140000,0.000000,0.000000,0.000000,0.641226,0.271923,1.096902,0.014498,0.000242,0.013721,0.040448,42.794830,42.428792,-3.003509,1.995112,-1.570118,0.000000,0.000000,0.000000,0.000000,0.000000,0.000000
1778249178.813872,0.639343,0.271890,1.095115,0.0000,0.0000,0.0000,0.000000,0.000000,0.140000,0.000000,0.000000,0.000000,0.641226,0.271923,1.096902,0.014124,0.000244,0.013408,0.039575,42.828389,42.463786,-3.003509,1.995117,-1.570116,0.000000,0.000000,0.000000,0.000000,0.000000,0.000000
1778249178.823850,0.639386,0.271886,1.095161,0.0000,0.0000,0.0000,0.000000,0.000000,0.140000,0.000000,0.000000,0.000000,0.641226,0.271923,1.096902,0.013800,0.000277,0.013062,0.038735,42.697303,42.330472,-3.003509,1.995111,-1.570116,0.000000,0.000000,0.000000,0.000000,0.000000,0.000000
1778249178.833942,0.639429,0.271886,1.095201,0.0000,0.0000,0.0000,0.000000,0.000000,0.140000,0.000000,0.000000,0.000000,0.641226,0.271923,1.096902,0.013479,0.000277,0.012762,0.037937,42.755968,42.391576,-3.003509,1.995112,-1.570113,0.000000,0.000000,0.000000,0.000000,0.000000,0.000000
1778249178.844280,0.639472,0.271888,1.095242,0.0000,0.0000,0.0000,0.000000,0.000000,0.140000,0.000000,0.000000,0.000000,0.641226,0.271923,1.096902,0.013161,0.000260,0.012451,0.037165,42.808533,42.443224,-3.003509,1.995117,-1.570120,0.000000,0.000000,0.000000,0.000000,0.000000,0.000000
1778249178.854056,0.639514,0.271886,1.095279,0.0000,0.0000,0.0000,0.000000,0.000000,0.140000,0.000000,0.000000,0.000000,0.641226,0.271923,1.096902,0.012841,0.000274,0.012172,0.036421,42.778884,42.410500,-3.003508,1.995111,-1.570116,0.000000,0.000000,0.000000,0.000000,0.000000,0.000000
1778249178.864356,0.639559,0.271897,1.095311,0.0000,0.0000,0.0000,0.000000,0.000000,0.140000,0.000000,0.000000,0.000000,0.641226,0.271923,1.096902,0.012510,0.000192,0.011936,0.035708,42.825099,42.459007,-3.003508,1.995113,-1.570116,0.000000,0.000000,0.000000,0.000000,0.000000,0.000000
1778249178.874074,0.639603,0.271900,1.095347,0.0000,0.0000,0.0000,0.000000,0.000000,0.140000,0.000000,0.000000,0.000000,0.641226,0.271923,1.096902,0.012179,0.000171,0.011667,0.035005,42.823962,42.457402,-3.003509,1.995117,-1.570117,0.000000,0.000000,0.000000,0.000000,0.000000,0.000000
1778249178.884054,0.639637,0.271902,1.095387,0.0000,0.0000,0.0000,0.000000,0.000000,0.140000,0.000000,0.000000,0.000000,0.641226,0.271923,1.096902,0.011920,0.000159,0.011367,0.034328,42.698678,42.333896,-3.003509,1.995112,-1.570118,0.000000,0.000000,0.000000,0.000000,0.000000,0.000000
1778249178.894154,0.639676,0.271896,1.095421,0.0000,0.0000,0.0000,0.000000,0.000000,0.140000,0.000000,0.000000,0.000000,0.641226,0.271923,1.096902,0.011628,0.000200,0.011106,0.033670,42.805641,42.439567,-3.003509,1.995115,-1.570119,0.000000,0.000000,0.000000,0.000000,0.000000,0.000000
1778249178.904089,0.639716,0.271898,1.095456,0.0000,0.0000,0.0000,0.000000,0.000000,0.140000,0.000000,0.000000,0.000000,0.641226,0.271923,1.096902,0.011326,0.000182,0.010847,0.033022,42.797587,42.430361,-3.003509,1.995114,-1.570115,0.000000,0.000000,0.000000,0.000000,0.000000,0.000000
1778249178.914070,0.639755,0.271903,1.095487,0.0000,0.0000,0.0000,0.000000,0.000000,0.140000,0.000000,0.000000,0.000000,0.641226,0.271923,1.096902,0.011038,0.000146,0.010612,0.032396,42.753886,42.385709,-3.003509,1.995113,-1.570118,0.000000,0.000000,0.000000,0.000000,0.000000,0.000000
1778249178.924259,0.639790,0.271905,1.095520,0.0000,0.0000,0.0000,0.000000,0.000000,0.140000,0.000000,0.000000,0.000000,0.641226,0.271923,1.096902,0.010772,0.000129,0.010366,0.031790,42.743062,42.375151,-3.003509,1.995113,-1.570116,0.000000,0.000000,0.000000,0.000000,0.000000,0.000000
1778249178.934246,0.639823,0.271910,1.095551,0.0000,0.0000,0.0000,0.000000,0.000000,0.140000,0.000000,0.000000,0.000000,0.641226,0.271923,1.096902,0.010527,0.000097,0.010137,0.031212,42.777004,42.410842,-3.003509,1.995113,-1.570119,0.000000,0.000000,0.000000,0.000000,0.000000,0.000000
1778249178.943973,0.639860,0.271912,1.095583,0.0000,0.0000,0.0000,0.000000,0.000000,0.140000,0.000000,0.000000,0.000000,0.641226,0.271923,1.096902,0.010252,0.000084,0.009896,0.030639,42.783390,42.415424,-3.003509,1.995115,-1.570120,0.000000,0.000000,0.000000,0.000000,0.000000,0.000000
1778249178.954103,0.639892,0.271906,1.095611,0.0000,0.0000,0.0000,0.000000,0.000000,0.140000,0.000000,0.000000,0.000000,0.641226,0.271923,1.096902,0.010252,0.000084,0.009896,0.030639,42.783390,42.415424,-3.003509,1.995112,-1.570115,0.000000,0.000000,0.000000,0.000000,0.000000,0.000000
1778249178.964122,0.639924,0.271910,1.095640,0.0000,0.0000,0.0000,0.000000,0.000000,0.140000,0.000000,0.000000,0.000000,0.641226,0.271923,1.096902,0.009767,0.000093,0.009466,0.029564,42.841367,42.473950,-3.003509,1.995117,-1.570117,0.000000,0.000000,0.000000,0.000000,0.000000,0.000000
1778249178.974196,0.639957,0.271914,1.095666,0.0000,0.0000,0.0000,0.000000,0.000000,0.140000,0.000000,0.000000,0.000000,0.641226,0.271923,1.096902,0.009522,0.000064,0.009271,0.029052,42.754250,42.386081,-3.003509,1.995111,-1.570118,0.000000,0.000000,0.000000,0.000000,0.000000,0.000000
1778249178.984331,0.639987,0.271918,1.095693,0.0000,0.0000,0.0000,0.000000,0.000000,0.140000,0.000000,0.000000,0.000000,0.641226,0.271923,1.096902,0.009522,0.000064,0.009271,0.029052,42.754250,42.386081,-3.003509,1.995113,-1.570120,0.000000,0.000000,0.000000,0.000000,0.000000,0.000000
1778249178.994073,0.640016,0.271917,1.095724,0.0000,0.0000,0.0000,0.000000,0.000000,0.140000,0.000000,0.000000,0.000000,0.641226,0.271923,1.096902,0.009079,0.000041,0.008840,0.028074,42.756781,42.389375,-3.003510,1.995114,-1.570117,0.000000,0.000000,0.000000,0.000000,0.000000,0.000000
1778249179.004194,0.640045,0.271917,1.095749,0.0000,0.0000,0.0000,0.000000,0.000000,0.140000,0.000000,0.000000,0.000000,0.641226,0.271923,1.096902,0.008863,0.000043,0.008647,0.027608,42.812358,42.445256,-3.003510,1.995113,-1.570119,0.000000,0.000000,0.000000,0.000000,0.000000,0.000000
1778249179.013953,0.640075,0.271917,1.095776,0.0000,0.0000,0.0000,0.000000,0.000000,0.140000,0.000000,0.000000,0.000000,0.641226,0.271923,1.096902,0.008637,0.000041,0.008448,0.027149,42.764869,42.397324,-3.003510,1.995114,-1.570118,0.000000,0.000000,0.000000,0.000000,0.000000,0.000000
1778249179.024148,0.640102,0.271916,1.095801,0.0000,0.0000,0.0000,0.000000,0.000000,0.140000,0.000000,0.000000,0.000000,0.641226,0.271923,1.096902,0.008433,0.000050,0.008262,0.026709,42.799102,42.432210,-3.003510,1.995114,-1.570118,0.000000,0.000000,0.000000,0.000000,0.000000,0.000000
1778249179.034418,0.640126,0.271916,1.095829,0.0000,0.0000,0.0000,0.000000,0.000000,0.140000,0.000000,0.000000,0.000000,0.641226,0.271923,1.096902,0.008254,0.000051,0.008047,0.026281,42.786042,42.419279,-3.003509,1.995116,-1.570118,0.000000,0.000000,0.000000,0.000000,0.000000,0.000000
1778249179.044097,0.640146,0.271920,1.095856,0.0000,0.0000,0.0000,0.000000,0.000000,0.140000,0.000000,0.000000,0.000000,0.641226,0.271923,1.096902,0.008104,0.000017,0.007848,0.025878,42.749939,42.383668,-3.003509,1.995113,-1.570119,0.000000,0.000000,0.000000,0.000000,0.000000,0.000000
1778249179.054463,0.640174,0.271919,1.095881,0.0000,0.0000,0.0000,0.000000,0.000000,0.140000,0.000000,0.000000,0.000000,0.641226,0.271923,1.096902,0.008104,0.000017,0.007848,0.025878,42.749939,42.383668,-3.003509,1.995115,-1.570116,0.000000,0.000000,0.000000,0.000000,0.000000,0.000000
1778249179.064112,0.640198,0.271922,1.095904,0.0000,0.0000,0.0000,0.000000,0.000000,0.140000,0.000000,0.000000,0.000000,0.641226,0.271923,1.096902,0.007716,0.000006,0.007483,0.025088,42.751925,42.383329,-3.003509,1.995114,-1.570119,0.000000,0.000000,0.000000,0.000000,0.000000,0.000000
1778249179.074310,0.640223,0.271923,1.095926,0.0000,0.0000,0.0000,0.000000,0.000000,0.140000,0.000000,0.000000,0.000000,0.641226,0.271923,1.096902,0.007527,-0.000005,0.007322,0.024714,42.803677,42.436879,-3.003509,1.995112,-1.570118,0.000000,0.000000,0.000000,0.000000,0.000000,0.000000
1778249179.084242,0.640250,0.271922,1.095949,0.0000,0.0000,0.0000,0.000000,0.000000,0.140000,0.000000,0.000000,0.000000,0.641226,0.271923,1.096902,0.007324,0.000004,0.007146,0.024341,42.779130,42.410305,-3.003509,1.995116,-1.570116,0.000000,0.000000,0.000000,0.000000,0.000000,0.000000
1778249179.093692,0.640270,0.271926,1.095972,0.0000,0.0000,0.0000,0.000000,0.000000,0.140000,0.000000,0.000000,0.000000,0.641226,0.271923,1.096902,0.007171,-0.000023,0.006975,0.023986,42.718576,42.350799,-3.003509,1.995115,-1.570119,0.000000,0.000000,0.000000,0.000000,0.000000,0.000000
1778249179.103930,0.640296,0.271929,1.095998,0.0000,0.0000,0.0000,0.000000,0.000000,0.140000,0.000000,0.000000,0.000000,0.641226,0.271923,1.096902,0.006976,-0.000048,0.006780,0.023625,42.760960,42.395270,-3.003509,1.995113,-1.570118,0.000000,0.000000,0.000000,0.000000,0.000000,0.000000
1778249179.113806,0.640318,0.271932,1.096019,0.0000,0.0000,0.0000,0.000000,0.000000,0.140000,0.000000,0.000000,0.000000,0.641226,0.271923,1.096902,0.006814,-0.000068,0.006621,0.023282,42.795522,42.427355,-3.003509,1.995113,-1.570119,0.000000,0.000000,0.000000,0.000000,0.000000,0.000000
1778249179.124191,0.640343,0.271935,1.096037,0.0000,0.0000,0.0000,0.000000,0.000000,0.140000,0.000000,0.000000,0.000000,0.641226,0.271923,1.096902,0.006626,-0.000089,0.006486,0.022951,42.826573,42.458075,-3.003509,1.995115,-1.570119,0.000000,0.000000,0.000000,0.000000,0.000000,0.000000
1778249179.134361,0.640368,0.271937,1.096056,0.0000,0.0000,0.0000,0.000000,0.000000,0.140000,0.000000,0.000000,0.000000,0.641226,0.271923,1.096902,0.006626,-0.000089,0.006486,0.022951,42.826573,42.458075,-3.003509,1.995116,-1.570118,0.000000,0.000000,0.000000,0.000000,0.000000,0.000000
1778249179.144327,0.640387,0.271938,1.096076,0.0000,0.0000,0.0000,0.000000,0.000000,0.140000,0.000000,0.000000,0.000000,0.641226,0.271923,1.096902,0.006441,-0.000109,0.006344,0.022627,42.795092,42.426308,-3.003509,1.995113,-1.570116,0.000000,0.000000,0.000000,0.000000,0.000000,0.000000
1778249179.154367,0.640403,0.271944,1.096097,0.0000,0.0000,0.0000,0.000000,0.000000,0.140000,0.000000,0.000000,0.000000,0.641226,0.271923,1.096902,0.006177,-0.000156,0.006035,0.022033,42.765015,42.398252,-3.003509,1.995113,-1.570122,0.000000,0.000000,0.000000,0.000000,0.000000,0.000000
1778249179.164404,0.640424,0.271945,1.096117,0.0000,0.0000,0.0000,0.000000,0.000000,0.140000,0.000000,0.000000,0.000000,0.641226,0.271923,1.096902,0.006020,-0.000170,0.005893,0.021749,42.790075,42.422337,-3.003509,1.995114,-1.570119,0.000000,0.000000,0.000000,0.000000,0.000000,0.000000
1778249179.173910,0.640444,0.271948,1.096135,0.0000,0.0000,0.0000,0.000000,0.000000,0.140000,0.000000,0.000000,0.000000,0.641226,0.271923,1.096902,0.005870,-0.000191,0.005756,0.021474,42.766330,42.396417,-3.003509,1.995115,-1.570120,0.000000,0.000000,0.000000,0.000000,0.000000,0.000000
1778249179.184592,0.640459,0.271942,1.096155,0.0000,0.0000,0.0000,0.000000,0.000000,0.140000,0.000000,0.000000,0.000000,0.641226,0.271923,1.096902,0.005870,-0.000191,0.005756,0.021474,42.766330,42.396417,-3.003510,1.995112,-1.570117,0.000000,0.000000,0.000000,0.000000,0.000000,0.000000
1778249179.194062,0.640480,0.271939,1.096177,0.0000,0.0000,0.0000,0.000000,0.000000,0.140000,0.000000,0.000000,0.000000,0.641226,0.271923,1.096902,0.005597,-0.000123,0.005437,0.020945,42.781529,42.413534,-3.003509,1.995111,-1.570117,0.000000,0.000000,0.000000,0.000000,0.000000,0.000000
1778249179.204282,0.640501,0.271940,1.096193,0.0000,0.0000,0.0000,0.000000,0.000000,0.140000,0.000000,0.000000,0.000000,0.641226,0.271923,1.096902,0.005597,-0.000123,0.005437,0.020945,42.781529,42.413534,-3.003509,1.995113,-1.570117,0.000000,0.000000,0.000000,0.000000,0.000000,0.000000
1778249179.214044,0.640521,0.271942,1.096211,0.0000,0.0000,0.0000,0.000000,0.000000,0.140000,0.000000,0.000000,0.000000,0.641226,0.271923,1.096902,0.005291,-0.000144,0.005183,0.020434,42.774865,42.404681,-3.003509,1.995117,-1.570117,0.000000,0.000000,0.000000,0.000000,0.000000,0.000000
1778249179.223856,0.640537,0.271945,1.096225,0.0000,0.0000,0.0000,0.000000,0.000000,0.140000,0.000000,0.000000,0.000000,0.641226,0.271923,1.096902,0.005169,-0.000165,0.005078,0.020201,42.735610,42.367503,-3.003509,1.995113,-1.570119,0.000000,0.000000,0.000000,0.000000,0.000000,0.000000
1778249179.233933,0.640557,0.271949,1.096242,0.0000,0.0000,0.0000,0.000000,0.000000,0.140000,0.000000,0.000000,0.000000,0.641226,0.271923,1.096902,0.005020,-0.000196,0.004949,0.019968,42.793815,42.426120,-3.003509,1.995113,-1.570120,0.000000,0.000000,0.000000,0.000000,0.000000,0.000000
1778249179.243857,0.640575,0.271950,1.096258,0.0000,0.0000,0.0000,0.000000,0.000000,0.140000,0.000000,0.000000,0.000000,0.641226,0.271923,1.096902,0.004888,-0.000204,0.004835,0.019746,42.832995,42.465073,-3.003509,1.995117,-1.570117,0.000000,0.000000,0.000000,0.000000,0.000000,0.000000
1778249179.253934,0.640593,0.271951,1.096272,0.0000,0.0000,0.0000,0.000000,0.000000,0.140000,0.000000,0.000000,0.000000,0.641226,0.271923,1.096902,0.004749,-0.000214,0.004723,0.019530,42.770703,42.400333,-3.003509,1.995116,-1.570117,0.000000,0.000000,0.000000,0.000000,0.000000,0.000000
1778249179.264115,0.640608,0.271952,1.096286,0.0000,0.0000,0.0000,0.000000,0.000000,0.140000,0.000000,0.000000,0.000000,0.641226,0.271923,1.096902,0.004638,-0.000217,0.004619,0.019329,42.718293,42.349173,-3.003509,1.995114,-1.570117,0.000000,0.000000,0.000000,0.000000,0.000000,0.000000
1778249179.273905,0.640626,0.271945,1.096301,0.0000,0.0000,0.0000,0.000000,0.000000,0.140000,0.000000,0.000000,0.000000,0.641226,0.271923,1.096902,0.004500,-0.000170,0.004510,0.019131,42.788485,42.418910,-3.003509,1.995113,-1.570115,0.000000,0.000000,0.000000,0.000000,0.000000,0.000000
1778249179.284083,0.640644,0.271940,1.096316,0.0000,0.0000,0.0000,0.000000,0.000000,0.140000,0.000000,0.000000,0.000000,0.641226,0.271923,1.096902,0.004369,-0.000130,0.004399,0.018936,42.779058,42.409576,-3.003509,1.995115,-1.570117,0.000000,0.000000,0.000000,0.000000,0.000000,0.000000
1778249179.294103,0.640657,0.271942,1.096330,0.0000,0.0000,0.0000,0.000000,0.000000,0.140000,0.000000,0.000000,0.000000,0.641226,0.271923,1.096902,0.004270,-0.000144,0.004289,0.018754,42.765051,42.397048,-3.003509,1.995115,-1.570117,0.000000,0.000000,0.000000,0.000000,0.000000,0.000000
1778249179.304270,0.640664,0.271953,1.096344,0.0000,0.0000,0.0000,0.000000,0.000000,0.140000,0.000000,0.000000,0.000000,0.641226,0.271923,1.096902,0.004270,-0.000144,0.004289,0.018754,42.765051,42.397048,-3.003509,1.995116,-1.570119,0.000000,0.000000,0.000000,0.000000,0.000000,0.000000
1778249179.314310,0.640674,0.271960,1.096356,0.0000,0.0000,0.0000,0.000000,0.000000,0.140000,0.000000,0.000000,0.000000,0.641226,0.271923,1.096902,0.004144,-0.000276,0.004100,0.018447,42.779959,42.410576,-3.003509,1.995113,-1.570120,0.000000,0.000000,0.000000,0.000000,0.000000,0.000000
1778249179.324162,0.640690,0.271954,1.096369,0.0000,0.0000,0.0000,0.000000,0.000000,0.140000,0.000000,0.000000,0.000000,0.641226,0.271923,1.096902,0.004024,-0.000237,0.004001,0.018296,42.761067,42.391761,-3.003510,1.995113,-1.570119,0.000000,0.000000,0.000000,0.000000,0.000000,0.000000
1778249179.334176,0.640705,0.271952,1.096380,0.0000,0.0000,0.0000,0.000000,0.000000,0.140000,0.000000,0.000000,0.000000,0.641226,0.271923,1.096902,0.003909,-0.000219,0.003917,0.018147,42.775233,42.404523,-3.003509,1.995114,-1.570121,0.000000,0.000000,0.000000,0.000000,0.000000,0.000000
1778249179.343935,0.640718,0.271947,1.096390,0.0000,0.0000,0.0000,0.000000,0.000000,0.140000,0.000000,0.000000,0.000000,0.641226,0.271923,1.096902,0.003909,-0.000219,0.003917,0.018147,42.775233,42.404523,-3.003509,1.995113,-1.570119,0.000000,0.000000,0.000000,0.000000,0.000000,0.000000
1778249179.354110,0.640730,0.271943,1.096403,0.0000,0.0000,0.0000,0.000000,0.000000,0.140000,0.000000,0.000000,0.000000,0.641226,0.271923,1.096902,0.003723,-0.000154,0.003744,0.017870,42.764987,42.396321,-3.003509,1.995115,-1.570113,0.000000,0.000000,0.000000,0.000000,0.000000,0.000000
1778249179.364016,0.640732,0.271954,1.096417,0.0000,0.0000,0.0000,0.000000,0.000000,0.140000,0.000000,0.000000,0.000000,0.641226,0.271923,1.096902,0.003712,-0.000237,0.003637,0.017752,42.739787,42.373091,-3.003509,1.995115,-1.570120,0.000000,0.000000,0.000000,0.000000,0.000000,0.000000
1778249179.373847,0.640740,0.271953,1.096430,0.0000,0.0000,0.0000,0.000000,0.000000,0.140000,0.000000,0.000000,0.000000,0.641226,0.271923,1.096902,0.003650,-0.000229,0.003545,0.017640,42.775644,42.407041,-3.003509,1.995112,-1.570118,0.000000,0.000000,0.000000,0.000000,0.000000,0.000000
1778249179.384077,0.640757,0.271952,1.096437,0.0000,0.0000,0.0000,0.000000,0.000000,0.140000,0.000000,0.000000,0.000000,0.641226,0.271923,1.096902,0.003520,-0.000219,0.003491,0.017522,42.854535,42.483581,-3.003509,1.995114,-1.570118,0.000000,0.000000,0.000000,0.000000,0.000000,0.000000
1778249179.393915,0.640774,0.271952,1.096447,0.0000,0.0000,0.0000,0.000000,0.000000,0.140000,0.000000,0.000000,0.000000,0.641226,0.271923,1.096902,0.003397,-0.000217,0.003416,0.017400,42.792504,42.425122,-3.003509,1.995114,-1.570118,0.000000,0.000000,0.000000,0.000000,0.000000,0.000000
1778249179.403926,0.640785,0.271956,1.096460,0.0000,0.0000,0.0000,0.000000,0.000000,0.140000,0.000000,0.000000,0.000000,0.641226,0.271923,1.096902,0.003314,-0.000249,0.003317,0.017278,42.746541,42.376502,-3.003509,1.995114,-1.570119,0.000000,0.000000,0.000000,0.000000,0.000000,0.000000
1778249179.413804,0.640795,0.271958,1.096467,0.0000,0.0000,0.0000,0.000000,0.000000,0.140000,0.000000,0.000000,0.000000,0.641226,0.271923,1.096902,0.003237,-0.000262,0.003263,0.017169,42.788032,42.418725,-3.003509,1.995111,-1.570119,0.000000,0.000000,0.000000,0.000000,0.000000,0.000000
1778249179.423982,0.640805,0.271956,1.096480,0.0000,0.0000,0.0000,0.000000,0.000000,0.140000,0.000000,0.000000,0.000000,0.641226,0.271923,1.096902,0.003158,-0.000250,0.003167,0.017060,42.793974,42.426214,-3.003510,1.995118,-1.570120,0.000000,0.000000,0.000000,0.000000,0.000000,0.000000
1778249179.433992,0.640813,0.271953,1.096493,0.0000,0.0000,0.0000,0.000000,0.000000,0.140000,0.000000,0.000000,0.000000,0.641226,0.271923,1.096902,0.003102,-0.000223,0.003069,0.016956,42.711385,42.342594,-3.003510,1.995112,-1.570117,0.000000,0.000000,0.000000,0.000000,0.000000,0.000000
1778249179.444183,0.640825,0.271957,1.096502,0.0000,0.0000,0.0000,0.000000,0.000000,0.140000,0.000000,0.000000,0.000000,0.641226,0.271923,1.096902,0.003012,-0.000259,0.003005,0.016855,42.801133,42.432191,-3.003509,1.995115,-1.570120,0.000000,0.000000,0.000000,0.000000,0.000000,0.000000
1778249179.454373,0.640834,0.271958,1.096510,0.0000,0.0000,0.0000,0.000000,0.000000,0.140000,0.000000,0.000000,0.000000,0.641226,0.271923,1.096902,0.002945,-0.000265,0.002945,0.016762,42.771471,42.402833,-3.003510,1.995111,-1.570120,0.000000,0.000000,0.000000,0.000000,0.000000,0.000000
1778249179.464147,0.640848,0.271955,1.096519,0.0000,0.0000,0.0000,0.000000,0.000000,0.140000,0.000000,0.000000,0.000000,0.641226,0.271923,1.096902,0.002842,-0.000240,0.002877,0.016666,42.779298,42.408545,-3.003509,1.995115,-1.570114,0.000000,0.000000,0.000000,0.000000,0.000000,0.000000
1778249179.474389,0.640860,0.271957,1.096524,0.0000,0.0000,0.0000,0.000000,0.000000,0.140000,0.000000,0.000000,0.000000,0.641226,0.271923,1.096902,0.002751,-0.000257,0.002837,0.016577,42.771744,42.402585,-3.003510,1.995113,-1.570117,0.000000,0.000000,0.000000,0.000000,0.000000,0.000000
1778249179.484090,0.640866,0.271950,1.096535,0.0000,0.0000,0.0000,0.000000,0.000000,0.140000,0.000000,0.000000,0.000000,0.641226,0.271923,1.096902,0.002703,-0.000206,0.002751,0.016492,42.753191,42.385320,-3.003510,1.995113,-1.570117,0.000000,0.000000,0.000000,0.000000,0.000000,0.000000
1778249179.494215,0.640874,0.271949,1.096543,0.0000,0.0000,0.0000,0.000000,0.000000,0.140000,0.000000,0.000000,0.000000,0.641226,0.271923,1.096902,0.002647,-0.000194,0.002691,0.016414,42.833621,42.464563,-3.003510,1.995112,-1.570118,0.000000,0.000000,0.000000,0.000000,0.000000,0.000000
1778249179.504296,0.640888,0.271954,1.096549,0.0000,0.0000,0.0000,0.000000,0.000000,0.140000,0.000000,0.000000,0.000000,0.641226,0.271923,1.096902,0.002535,-0.000232,0.002647,0.016332,42.782969,42.411507,-3.003509,1.995115,-1.570118,0.000000,0.000000,0.000000,0.000000,0.000000,0.000000
1778249179.513724,0.640900,0.271958,1.096555,0.0000,0.0000,0.0000,0.000000,0.000000,0.140000,0.000000,0.000000,0.000000,0.641226,0.271923,1.096902,0.002450,-0.000261,0.002602,0.016253,42.752917,42.382466,-3.003510,1.995114,-1.570118,0.000000,0.000000,0.000000,0.000000,0.000000,0.000000
1778249179.524148,0.640911,0.271960,1.096563,0.0000,0.0000,0.0000,0.000000,0.000000,0.140000,0.000000,0.000000,0.000000,0.641226,0.271923,1.096902,0.002364,-0.000279,0.002545,0.016176,42.788146,42.418019,-3.003510,1.995111,-1.570119,0.000000,0.000000,0.000000,0.000000,0.000000,0.000000
1778249179.533877,0.640922,0.271957,1.096570,0.0000,0.0000,0.0000,0.000000,0.000000,0.140000,0.000000,0.000000,0.000000,0.641226,0.271923,1.096902,0.002285,-0.000258,0.002489,0.016100,42.777987,42.408366,-3.003510,1.995114,-1.570117,0.000000,0.000000,0.000000,0.000000,0.000000,0.000000
1778249179.544029,0.640928,0.271958,1.096580,0.0000,0.0000,0.0000,0.000000,0.000000,0.140000,0.000000,0.000000,0.000000,0.641226,0.271923,1.096902,0.002237,-0.000262,0.002417,0.016029,42.769296,42.401170,-3.003510,1.995114,-1.570116,0.000000,0.000000,0.000000,0.000000,0.000000,0.000000
1778249179.554133,0.640934,0.271960,1.096588,0.0000,0.0000,0.0000,0.000000,0.000000,0.140000,0.000000,0.000000,0.000000,0.641226,0.271923,1.096902,0.002237,-0.000262,0.002417,0.016029,42.769296,42.401170,-3.003510,1.995114,-1.570120,0.000000,0.000000,0.000000,0.000000,0.000000,0.000000
1778249179.564091,0.640944,0.271954,1.096594,0.0000,0.0000,0.0000,0.000000,0.000000,0.140000,0.000000,0.000000,0.000000,0.641226,0.271923,1.096902,0.002115,-0.000233,0.002313,0.015901,42.776221,42.405577,-3.003510,1.995112,-1.570117,0.000000,0.000000,0.000000,0.000000,0.000000,0.000000
1778249179.574296,0.640952,0.271957,1.096601,0.0000,0.0000,0.0000,0.000000,0.000000,0.140000,0.000000,0.000000,0.000000,0.641226,0.271923,1.096902,0.002057,-0.000255,0.002256,0.015840,42.768444,42.398851,-3.003510,1.995115,-1.570119,0.000000,0.000000,0.000000,0.000000,0.000000,0.000000
1778249179.584120,0.640956,0.271961,1.096607,0.0000,0.0000,0.0000,0.000000,0.000000,0.140000,0.000000,0.000000,0.000000,0.641226,0.271923,1.096902,0.002031,-0.000290,0.002212,0.015788,42.782785,42.412919,-3.003510,1.995112,-1.570123,0.000000,0.000000,0.000000,0.000000,0.000000,0.000000
1778249179.594079,0.640962,0.271964,1.096613,0.0000,0.0000,0.0000,0.000000,0.000000,0.140000,0.000000,0.000000,0.000000,0.641226,0.271923,1.096902,0.001981,-0.000310,0.002168,0.015738,42.826564,42.457639,-3.003510,1.995116,-1.570118,0.000000,0.000000,0.000000,0.000000,0.000000,0.000000
1778249179.604141,0.640968,0.271961,1.096622,0.0000,0.0000,0.0000,0.000000,0.000000,0.140000,0.000000,0.000000,0.000000,0.641226,0.271923,1.096902,0.001935,-0.000286,0.002102,0.015688,42.747212,42.375815,-3.003510,1.995113,-1.570121,0.000000,0.000000,0.000000,0.000000,0.000000,0.000000
1778249179.614449,0.640976,0.271953,1.096629,0.0000,0.0000,0.0000,0.000000,0.000000,0.140000,0.000000,0.000000,0.000000,0.641226,0.271923,1.096902,0.001880,-0.000231,0.002051,0.015638,42.792075,42.423409,-3.003510,1.995112,-1.570115,0.000000,0.000000,0.000000,0.000000,0.000000,0.000000
1778249179.624251,0.640985,0.271953,1.096637,0.0000,0.0000,0.0000,0.000000,0.000000,0.140000,0.000000,0.000000,0.000000,0.641226,0.271923,1.096902,0.001810,-0.000225,0.001991,0.015585,42.778942,42.406328,-3.003510,1.995116,-1.570118,0.000000,0.000000,0.000000,0.000000,0.000000,0.000000
1778249179.634139,0.640987,0.271949,1.096640,0.0000,0.0000,0.0000,0.000000,0.000000,0.140000,0.000000,0.000000,0.000000,0.641226,0.271923,1.096902,0.001794,-0.000199,0.001963,0.015543,42.723843,42.357284,-3.003510,1.995109,-1.570116,0.000000,0.000000,0.000000,0.000000,0.000000,0.000000
1778249179.644108,0.640996,0.271950,1.096648,0.0000,0.0000,0.0000,0.000000,0.000000,0.140000,0.000000,0.000000,0.000000,0.641226,0.271923,1.096902,0.001731,-0.000205,0.001903,0.015497,42.847951,42.477634,-3.003510,1.995120,-1.570119,0.000000,0.000000,0.000000,0.000000,0.000000,0.000000
1778249179.653812,0.641003,0.271951,1.096654,0.0000,0.0000,0.0000,0.000000,0.000000,0.140000,0.000000,0.000000,0.000000,0.641226,0.271923,1.096902,0.001676,-0.000212,0.001860,0.015451,42.723114,42.351890,-3.003510,1.995114,-1.570119,0.000000,0.000000,0.000000,0.000000,0.000000,0.000000
1778249179.664292,0.641006,0.271950,1.096658,0.0000,0.0000,0.0000,0.000000,0.000000,0.140000,0.000000,0.000000,0.000000,0.641226,0.271923,1.096902,0.001651,-0.000205,0.001831,0.015413,42.767557,42.399953,-3.003510,1.995112,-1.570118,0.000000,0.000000,0.000000,0.000000,0.000000,0.000000
1778249179.674120,0.641009,0.271948,1.096669,0.0000,0.0000,0.0000,0.000000,0.000000,0.140000,0.000000,0.000000,0.000000,0.641226,0.271923,1.096902,0.001634,-0.000192,0.001749,0.015375,42.766717,42.396767,-3.003510,1.995117,-1.570119,0.000000,0.000000,0.000000,0.000000,0.000000,0.000000
1778249179.684317,0.641019,0.271950,1.096670,0.0000,0.0000,0.0000,0.000000,0.000000,0.140000,0.000000,0.000000,0.000000,0.641226,0.271923,1.096902,0.001559,-0.000204,0.001742,0.015337,42.814620,42.442315,-3.003510,1.995114,-1.570116,0.000000,0.000000,0.000000,0.000000,0.000000,0.000000
1778249179.694026,0.641028,0.271952,1.096671,0.0000,0.0000,0.0000,0.000000,0.000000,0.140000,0.000000,0.000000,0.000000,0.641226,0.271923,1.096902,0.001488,-0.000222,0.001734,0.015300,42.785623,42.414881,-3.003510,1.995113,-1.570119,0.000000,0.000000,0.000000,0.000000,0.000000,0.000000
1778249179.704411,0.641035,0.271952,1.096676,0.0000,0.0000,0.0000,0.000000,0.000000,0.140000,0.000000,0.000000,0.000000,0.641226,0.271923,1.096902,0.001437,-0.000221,0.001693,0.015263,42.780325,42.409017,-3.003510,1.995114,-1.570119,0.000000,0.000000,0.000000,0.000000,0.000000,0.000000
1778249179.714128,0.641041,0.271953,1.096680,0.0000,0.0000,0.0000,0.000000,0.000000,0.140000,0.000000,0.000000,0.000000,0.641226,0.271923,1.096902,0.001437,-0.000221,0.001693,0.015263,42.780325,42.409017,-3.003510,1.995115,-1.570119,0.000000,0.000000,0.000000,0.000000,0.000000,0.000000
1778249179.724187,0.641044,0.271951,1.096686,0.0000,0.0000,0.0000,0.000000,0.000000,0.140000,0.000000,0.000000,0.000000,0.641226,0.271923,1.096902,0.001367,-0.000214,0.001622,0.015197,42.767546,42.397864,-3.003510,1.995116,-1.570119,0.000000,0.000000,0.000000,0.000000,0.000000,0.000000
1778249179.734249,0.641048,0.271948,1.096690,0.0000,0.0000,0.0000,0.000000,0.000000,0.140000,0.000000,0.000000,0.000000,0.641226,0.271923,1.096902,0.001367,-0.000214,0.001622,0.015197,42.767546,42.397864,-3.003510,1.995115,-1.570118,0.000000,0.000000,0.000000,0.000000,0.000000,0.000000
1778249179.744049,0.641051,0.271947,1.096695,0.0000,0.0000,0.0000,0.000000,0.000000,0.140000,0.000000,0.000000,0.000000,0.641226,0.271923,1.096902,0.001318,-0.000183,0.001552,0.015140,42.774723,42.405125,-3.003510,1.995113,-1.570117,0.000000,0.000000,0.000000,0.000000,0.000000,0.000000
1778249179.754050,0.641055,0.271948,1.096700,0.0000,0.0000,0.0000,0.000000,0.000000,0.140000,0.000000,0.000000,0.000000,0.641226,0.271923,1.096902,0.001287,-0.000187,0.001518,0.015113,42.792122,42.420811,-3.003510,1.995113,-1.570117,0.000000,0.000000,0.000000,0.000000,0.000000,0.000000
1778249179.764580,0.641061,0.271951,1.096701,0.0000,0.0000,0.0000,0.000000,0.000000,0.140000,0.000000,0.000000,0.000000,0.641226,0.271923,1.096902,0.001241,-0.000214,0.001511,0.015087,42.833320,42.462877,-3.003510,1.995114,-1.570116,0.000000,0.000000,0.000000,0.000000,0.000000,0.000000
1778249179.774102,0.641070,0.271952,1.096704,0.0000,0.0000,0.0000,0.000000,0.000000,0.140000,0.000000,0.000000,0.000000,0.641226,0.271923,1.096902,0.001174,-0.000222,0.001487,0.015059,42.766225,42.394806,-3.003510,1.995116,-1.570117,0.000000,0.000000,0.000000,0.000000,0.000000,0.000000
1778249179.784142,0.641069,0.271953,1.096707,0.0000,0.0000,0.0000,0.000000,0.000000,0.140000,0.000000,0.000000,0.000000,0.641226,0.271923,1.096902,0.001179,-0.000224,0.001465,0.015037,42.748333,42.380947,-3.003511,1.995111,-1.570119,0.000000,0.000000,0.000000,0.000000,0.000000,0.000000
1778249179.794097,0.641076,0.271950,1.096715,0.0000,0.0000,0.0000,0.000000,0.000000,0.140000,0.000000,0.000000,0.000000,0.641226,0.271923,1.096902,0.001132,-0.000207,0.001406,0.015010,42.781714,42.409527,-3.003511,1.995116,-1.570118,0.000000,0.000000,0.000000,0.000000,0.000000,0.000000
1778249179.803972,0.641081,0.271952,1.096714,0.0000,0.0000,0.0000,0.000000,0.000000,0.140000,0.000000,0.000000,0.000000,0.641226,0.271923,1.096902,0.001095,-0.000218,0.001411,0.014988,42.783086,42.413906,-3.003511,1.995113,-1.570119,0.000000,0.000000,0.000000,0.000000,0.000000,0.000000
1778249179.814168,0.641085,0.271948,1.096721,0.0000,0.0000,0.0000,0.000000,0.000000,0.140000,0.000000,0.000000,0.000000,0.641226,0.271923,1.096902,0.001060,-0.000193,0.001358,0.014962,42.777876,42.405513,-3.003511,1.995115,-1.570119,0.000000,0.000000,0.000000,0.000000,0.000000,0.000000
1778249179.824072,0.641088,0.271951,1.096723,0.0000,0.0000,0.0000,0.000000,0.000000,0.140000,0.000000,0.000000,0.000000,0.641226,0.271923,1.096902,0.001036,-0.000213,0.001343,0.014940,42.782318,42.412311,-3.003511,1.995113,-1.570117,0.000000,0.000000,0.000000,0.000000,0.000000,0.000000
1778249179.834463,0.641092,0.271953,1.096727,0.0000,0.0000,0.0000,0.000000,0.000000,0.140000,0.000000,0.000000,0.000000,0.641226,0.271923,1.096902,0.001036,-0.000213,0.001343,0.014940,42.782318,42.412311,-3.003511,1.995114,-1.570119,0.000000,0.000000,0.000000,0.000000,0.000000,0.000000
1778249179.844844,0.641089,0.271950,1.096736,0.0000,0.0000,0.0000,0.000000,0.000000,0.140000,0.000000,0.000000,0.000000,0.641226,0.271923,1.096902,0.001011,-0.000224,0.001314,0.014919,42.784147,42.414284,-3.003511,1.995113,-1.570119,0.000000,0.000000,0.000000,0.000000,0.000000,0.000000
1778249179.854150,0.641093,0.271949,1.096740,0.0000,0.0000,0.0000,0.000000,0.000000,0.140000,0.000000,0.000000,0.000000,0.641226,0.271923,1.096902,0.001005,-0.000196,0.001215,0.014878,42.835488,42.465466,-3.003511,1.995117,-1.570119,0.000000,0.000000,0.000000,0.000000,0.000000,0.000000
1778249179.864789,0.641092,0.271946,1.096747,0.0000,0.0000,0.0000,0.000000,0.000000,0.140000,0.000000,0.000000,0.000000,0.641226,0.271923,1.096902,0.001007,-0.000174,0.001166,0.014859,42.743199,42.372171,-3.003511,1.995116,-1.570116,0.000000,0.000000,0.000000,0.000000,0.000000,0.000000
1778249179.874117,0.641092,0.271951,1.096749,0.0000,0.0000,0.0000,0.000000,0.000000,0.140000,0.000000,0.000000,0.000000,0.641226,0.271923,1.096902,0.001010,-0.000214,0.001151,0.014844,42.810369,42.439899,-3.003510,1.995109,-1.570117,0.000000,0.000000,0.000000,0.000000,0.000000,0.000000
1778249179.884247,0.641099,0.271954,1.096752,0.0000,0.0000,0.0000,0.000000,0.000000,0.140000,0.000000,0.000000,0.000000,0.641226,0.271923,1.096902,0.000952,-0.000235,0.001123,0.014824,42.836018,42.465660,-3.003511,1.995116,-1.570116,0.000000,0.000000,0.000000,0.000000,0.000000,0.000000
1778249179.894232,0.641104,0.271958,1.096757,0.0000,0.0000,0.0000,0.000000,0.000000,0.140000,0.000000,0.000000,0.000000,0.641226,0.271923,1.096902,0.000920,-0.000261,0.001093,0.014804,42.714523,42.341804,-3.003511,1.995118,-1.570116,0.000000,0.000000,0.000000,0.000000,0.000000,0.000000
1778249179.904034,0.641107,0.271955,1.096758,0.0000,0.0000,0.0000,0.000000,0.000000,0.140000,0.000000,0.000000,0.000000,0.641226,0.271923,1.096902,0.000896,-0.000239,0.001083,0.014786,42.779629,42.409276,-3.003511,1.995110,-1.570116,0.000000,0.000000,0.000000,0.000000,0.000000,0.000000
1778249179.913900,0.641114,0.271949,1.096764,0.0000,0.0000,0.0000,0.000000,0.000000,0.140000,0.000000,0.000000,0.000000,0.641226,0.271923,1.096902,0.000842,-0.000199,0.001035,0.014763,42.838347,42.468116,-3.003511,1.995118,-1.570114,0.000000,0.000000,0.000000,0.000000,0.000000,0.000000
1778249179.923783,0.641119,0.271955,1.096767,0.0000,0.0000,0.0000,0.000000,0.000000,0.140000,0.000000,0.000000,0.000000,0.641226,0.271923,1.096902,0.000806,-0.000244,0.001013,0.014742,42.743783,42.370735,-3.003511,1.995112,-1.570118,0.000000,0.000000,0.000000,0.000000,0.000000,0.000000
1778249179.933766,0.641122,0.271960,1.096765,0.0000,0.0000,0.0000,0.000000,0.000000,0.140000,0.000000,0.000000,0.000000,0.641226,0.271923,1.096902,0.000787,-0.000276,0.001025,0.014725,42.787328,42.416920,-3.003511,1.995111,-1.570121,0.000000,0.000000,0.000000,0.000000,0.000000,0.000000
1778249179.944353,0.641126,0.271962,1.096768,0.0000,0.0000,0.0000,0.000000,0.000000,0.140000,0.000000,0.000000,0.000000,0.641226,0.271923,1.096902,0.000751,-0.000293,0.001005,0.014708,42.812403,42.441864,-3.003511,1.995115,-1.570117,0.000000,0.000000,0.000000,0.000000,0.000000,0.000000
1778249179.954365,0.641127,0.271962,1.096774,0.0000,0.0000,0.0000,0.000000,0.000000,0.140000,0.000000,0.000000,0.000000,0.641226,0.271923,1.096902,0.000747,-0.000295,0.000960,0.014692,42.741834,42.372037,-3.003512,1.995113,-1.570118,0.000000,0.000000,0.000000,0.000000,0.000000,0.000000
1778249179.964001,0.641128,0.271958,1.096779,0.0000,0.0000,0.0000,0.000000,0.000000,0.140000,0.000000,0.000000,0.000000,0.641226,0.271923,1.096902,0.000739,-0.000264,0.000925,0.014676,42.790976,42.421855,-3.003512,1.995114,-1.570119,0.000000,0.000000,0.000000,0.000000,0.000000,0.000000
1778249179.974444,0.641130,0.271956,1.096783,0.0000,0.0000,0.0000,0.000000,0.000000,0.140000,0.000000,0.000000,0.000000,0.641226,0.271923,1.096902,0.000722,-0.000252,0.000898,0.014660,42.781714,42.409209,-3.003511,1.995115,-1.570118,0.000000,0.000000,0.000000,0.000000,0.000000,0.000000
1778249179.984094,0.641135,0.271955,1.096782,0.0000,0.0000,0.0000,0.000000,0.000000,0.140000,0.000000,0.000000,0.000000,0.641226,0.271923,1.096902,0.000686,-0.000243,0.000900,0.014645,42.784206,42.413080,-3.003511,1.995113,-1.570115,0.000000,0.000000,0.000000,0.000000,0.000000,0.000000
1778249179.994226,0.641138,0.271960,1.096784,0.0000,0.0000,0.0000,0.000000,0.000000,0.140000,0.000000,0.000000,0.000000,0.641226,0.271923,1.096902,0.000660,-0.000279,0.000886,0.014631,42.832682,42.462825,-3.003512,1.995114,-1.570117,0.000000,0.000000,0.000000,0.000000,0.000000,0.000000
1778249180.006714,0.641137,0.271963,1.096789,0.0000,0.0000,0.0000,0.000000,0.000000,0.140000,0.000000,0.000000,0.000000,0.641226,0.271923,1.096902,0.000660,-0.000279,0.000886,0.014631,42.832682,42.462825,-3.003512,1.995113,-1.570119,0.000000,0.000000,0.000000,0.000000,0.000000,0.000000
1778249180.014290,0.641136,0.271958,1.096793,0.0000,0.0000,0.0000,0.000000,0.000000,0.140000,0.000000,0.000000,0.000000,0.641226,0.271923,1.096902,0.000676,-0.000268,0.000818,0.014606,42.791038,42.420766,-3.003512,1.995111,-1.570119,0.000000,0.000000,0.000000,0.000000,0.000000,0.000000
1778249180.025249,0.641143,0.271957,1.096794,0.0000,0.0000,0.0000,0.000000,0.000000,0.140000,0.000000,0.000000,0.000000,0.641226,0.271923,1.096902,0.000623,-0.000260,0.000814,0.014592,42.841005,42.469987,-3.003512,1.995114,-1.570117,0.000000,0.000000,0.000000,0.000000,0.000000,0.000000
1778249180.034213,0.641149,0.271958,1.096796,0.0000,0.0000,0.0000,0.000000,0.000000,0.140000,0.000000,0.000000,0.000000,0.641226,0.271923,1.096902,0.000585,-0.000264,0.000793,0.014576,42.749722,42.376712,-3.003512,1.995114,-1.570119,0.000000,0.000000,0.000000,0.000000,0.000000,0.000000
1778249180.044416,0.641155,0.271951,1.096798,0.0000,0.0000,0.0000,0.000000,0.000000,0.140000,0.000000,0.000000,0.000000,0.641226,0.271923,1.096902,0.000535,-0.000215,0.000781,0.014560,42.815666,42.444698,-3.003512,1.995112,-1.570116,0.000000,0.000000,0.000000,0.000000,0.000000,0.000000
1778249180.053856,0.641157,0.271950,1.096804,0.0000,0.0000,0.0000,0.000000,0.000000,0.140000,0.000000,0.000000,0.000000,0.641226,0.271923,1.096902,0.000521,-0.000202,0.000738,0.014544,42.742242,42.371655,-3.003512,1.995116,-1.570120,0.000000,0.000000,0.000000,0.000000,0.000000,0.000000
1778249180.063730,0.641157,0.271945,1.096809,0.0000,0.0000,0.0000,0.000000,0.000000,0.140000,0.000000,0.000000,0.000000,0.641226,0.271923,1.096902,0.000518,-0.000168,0.000700,0.014529,42.750852,42.379469,-3.003512,1.995112,-1.570118,0.000000,0.000000,0.000000,0.000000,0.000000,0.000000
1778249180.074225,0.641162,0.271944,1.096808,0.0000,0.0000,0.0000,0.000000,0.000000,0.140000,0.000000,0.000000,0.000000,0.641226,0.271923,1.096902,0.000482,-0.000161,0.000708,0.014515,42.850837,42.479802,-3.003511,1.995116,-1.570120,0.000000,0.000000,0.000000,0.000000,0.000000,0.000000
1778249180.083951,0.641163,0.271948,1.096812,0.0000,0.0000,0.0000,0.000000,0.000000,0.140000,0.000000,0.000000,0.000000,0.641226,0.271923,1.096902,0.000478,-0.000189,0.000673,0.014502,42.784176,42.414214,-3.003511,1.995116,-1.570118,0.000000,0.000000,0.000000,0.000000,0.000000,0.000000
1778249180.093914,0.641158,0.271957,1.096817,0.0000,0.0000,0.0000,0.000000,0.000000,0.140000,0.000000,0.000000,0.000000,0.641226,0.271923,1.096902,0.000510,-0.000255,0.000641,0.014491,42.746715,42.376041,-3.003512,1.995114,-1.570120,0.000000,0.000000,0.000000,0.000000,0.000000,0.000000
1778249180.104063,0.641164,0.271954,1.096818,0.0000,0.0000,0.0000,0.000000,0.000000,0.140000,0.000000,0.000000,0.000000,0.641226,0.271923,1.096902,0.000470,-0.000238,0.000634,0.014479,42.790665,42.418546,-3.003512,1.995114,-1.570116,0.000000,0.000000,0.000000,0.000000,0.000000,0.000000
1778249180.114459,0.641167,0.271953,1.096819,0.0000,0.0000,0.0000,0.000000,0.000000,0.140000,0.000000,0.000000,0.000000,0.641226,0.271923,1.096902,0.000445,-0.000223,0.000621,0.014468,42.812965,42.443399,-3.003512,1.995115,-1.570116,0.000000,0.000000,0.000000,0.000000,0.000000,0.000000
1778249180.124162,0.641169,0.271951,1.096823,0.0000,0.0000,0.0000,0.000000,0.000000,0.140000,0.000000,0.000000,0.000000,0.641226,0.271923,1.096902,0.000433,-0.000213,0.000591,0.014455,42.754737,42.382471,-3.003512,1.995113,-1.570119,0.000000,0.000000,0.000000,0.000000,0.000000,0.000000
1778249180.134177,0.641173,0.271947,1.096825,0.0000,0.0000,0.0000,0.000000,0.000000,0.140000,0.000000,0.000000,0.000000,0.641226,0.271923,1.096902,0.000400,-0.000179,0.000577,0.014443,42.777978,42.406658,-3.003512,1.995114,-1.570116,0.000000,0.000000,0.000000,0.000000,0.000000,0.000000
1778249180.143928,0.641175,0.271944,1.096829,0.0000,0.0000,0.0000,0.000000,0.000000,0.140000,0.000000,0.000000,0.000000,0.641226,0.271923,1.096902,0.000386,-0.000163,0.000549,0.014431,42.758042,42.386991,-3.003512,1.995114,-1.570116,0.000000,0.000000,0.000000,0.000000,0.000000,0.000000
1778249180.154295,0.641178,0.271946,1.096829,0.0000,0.0000,0.0000,0.000000,0.000000,0.140000,0.000000,0.000000,0.000000,0.641226,0.271923,1.096902,0.000361,-0.000178,0.000549,0.014419,42.800788,42.428221,-3.003512,1.995115,-1.570118,0.000000,0.000000,0.000000,0.000000,0.000000,0.000000
1778249180.164304,0.641180,0.271948,1.096827,0.0000,0.0000,0.0000,0.000000,0.000000,0.140000,0.000000,0.000000,0.000000,0.641226,0.271923,1.096902,0.000361,-0.000178,0.000549,0.014419,42.800788,42.428221,-3.003512,1.995111,-1.570116,0.000000,0.000000,0.000000,0.000000,0.000000,0.000000
1778249180.174253,0.641180,0.271951,1.096833,0.0000,0.0000,0.0000,0.000000,0.000000,0.140000,0.000000,0.000000,0.000000,0.641226,0.271923,1.096902,0.000352,-0.000213,0.000521,0.014399,42.756355,42.384295,-3.003512,1.995118,-1.570119,0.000000,0.000000,0.000000,0.000000,0.000000,0.000000
1778249180.183977,0.641179,0.271947,1.096835,0.0000,0.0000,0.0000,0.000000,0.000000,0.140000,0.000000,0.000000,0.000000,0.641226,0.271923,1.096902,0.000354,-0.000183,0.000506,0.014390,42.746213,42.374877,-3.003512,1.995115,-1.570116,0.000000,0.000000,0.000000,0.000000,0.000000,0.000000
1778249180.193667,0.641186,0.271949,1.096833,0.0000,0.0000,0.0000,0.000000,0.000000,0.140000,0.000000,0.000000,0.000000,0.641226,0.271923,1.096902,0.000307,-0.000198,0.000516,0.014379,42.799500,42.427235,-3.003512,1.995113,-1.570118,0.000000,0.000000,0.000000,0.000000,0.000000,0.000000
1778249180.204324,0.641192,0.271946,1.096833,0.0000,0.0000,0.0000,0.000000,0.000000,0.140000,0.000000,0.000000,0.000000,0.641226,0.271923,1.096902,0.000260,-0.000177,0.000520,0.014368,42.818731,42.447179,-3.003512,1.995116,-1.570118,0.000000,0.000000,0.000000,0.000000,0.000000,0.000000
1778249180.213907,0.641191,0.271944,1.096836,0.0000,0.0000,0.0000,0.000000,0.000000,0.140000,0.000000,0.000000,0.000000,0.641226,0.271923,1.096902,0.000267,-0.000162,0.000498,0.014358,42.749977,42.379615,-3.003512,1.995114,-1.570119,0.000000,0.000000,0.000000,0.000000,0.000000,0.000000
1778249180.224187,0.641193,0.271944,1.096838,0.0000,0.0000,0.0000,0.000000,0.000000,0.140000,0.000000,0.000000,0.000000,0.641226,0.271923,1.096902,0.000250,-0.000160,0.000484,0.014348,42.810466,42.438136,-3.003512,1.995115,-1.570118,0.000000,0.000000,0.000000,0.000000,0.000000,0.000000
1778249180.234175,0.641195,0.271948,1.096837,0.0000,0.0000,0.0000,0.000000,0.000000,0.140000,0.000000,0.000000,0.000000,0.641226,0.271923,1.096902,0.000234,-0.000192,0.000488,0.014338,42.788250,42.416511,-3.003512,1.995113,-1.570117,0.000000,0.000000,0.000000,0.000000,0.000000,0.000000
1778249180.244042,0.641197,0.271948,1.096837,0.0000,0.0000,0.0000,0.000000,0.000000,0.140000,0.000000,0.000000,0.000000,0.641226,0.271923,1.096902,0.000223,-0.000189,0.000491,0.014329,42.831955,42.462249,-3.003512,1.995116,-1.570116,0.000000,0.000000,0.000000,0.000000,0.000000,0.000000
1778249180.254052,0.641195,0.271950,1.096842,0.0000,0.0000,0.0000,0.000000,0.000000,0.140000,0.000000,0.000000,0.000000,0.641226,0.271923,1.096902,0.000233,-0.000206,0.000452,0.014320,42.788237,42.415962,-3.003512,1.995116,-1.570115,0.000000,0.000000,0.000000,0.000000,0.000000,0.000000
1778249180.264289,0.641191,0.271953,1.096844,0.0000,0.0000,0.0000,0.000000,0.000000,0.140000,0.000000,0.000000,0.000000,0.641226,0.271923,1.096902,0.000270,-0.000228,0.000439,0.014312,42.739329,42.370685,-3.003512,1.995111,-1.570118,0.000000,0.000000,0.000000,0.000000,0.000000,0.000000
1778249180.274022,0.641193,0.271953,1.096848,0.0000,0.0000,0.0000,0.000000,0.000000,0.140000,0.000000,0.000000,0.000000,0.641226,0.271923,1.096902,0.000255,-0.000224,0.000407,0.014304,42.833142,42.462235,-3.003512,1.995119,-1.570119,0.000000,0.000000,0.000000,0.000000,0.000000,0.000000
1778249180.284439,0.641194,0.271951,1.096848,0.0000,0.0000,0.0000,0.000000,0.000000,0.140000,0.000000,0.000000,0.000000,0.641226,0.271923,1.096902,0.000243,-0.000213,0.000406,0.014295,42.738835,42.365936,-3.003512,1.995109,-1.570119,0.000000,0.000000,0.000000,0.000000,0.000000,0.000000
1778249180.294031,0.641200,0.271954,1.096847,0.0000,0.0000,0.0000,0.000000,0.000000,0.140000,0.000000,0.000000,0.000000,0.641226,0.271923,1.096902,0.000199,-0.000237,0.000417,0.014285,42.861472,42.490223,-3.003512,1.995117,-1.570119,0.000000,0.000000,0.000000,0.000000,0.000000,0.000000
1778249180.304323,0.641205,0.271956,1.096849,0.0000,0.0000,0.0000,0.000000,0.000000,0.140000,0.000000,0.000000,0.000000,0.641226,0.271923,1.096902,0.000163,-0.000247,0.000401,0.014275,42.739225,42.365253,-3.003512,1.995117,-1.570121,0.000000,0.000000,0.000000,0.000000,0.000000,0.000000
1778249180.314227,0.641205,0.271954,1.096848,0.0000,0.0000,0.0000,0.000000,0.000000,0.140000,0.000000,0.000000,0.000000,0.641226,0.271923,1.096902,0.000162,-0.000238,0.000406,0.014266,42.775888,42.404868,-3.003512,1.995113,-1.570119,0.000000,0.000000,0.000000,0.000000,0.000000,0.000000
1778249180.324100,0.641204,0.271957,1.096850,0.0000,0.0000,0.0000,0.000000,0.000000,0.140000,0.000000,0.000000,0.000000,0.641226,0.271923,1.096902,0.000167,-0.000258,0.000391,0.014257,42.794232,42.424294,-3.003512,1.995115,-1.570119,0.000000,0.000000,0.000000,0.000000,0.000000,0.000000
1778249180.334121,0.641207,0.271956,1.096852,0.0000,0.0000,0.0000,0.000000,0.000000,0.140000,0.000000,0.000000,0.000000,0.641226,0.271923,1.096902,0.000167,-0.000258,0.000391,0.014257,42.794232,42.424294,-3.003512,1.995115,-1.570121,0.000000,0.000000,0.000000,0.000000,0.000000,0.000000
1778249180.344814,0.641211,0.271950,1.096850,0.0000,0.0000,0.0000,0.000000,0.000000,0.140000,0.000000,0.000000,0.000000,0.641226,0.271923,1.096902,0.000117,-0.000205,0.000392,0.014239,42.765147,42.393999,-3.003512,1.995112,-1.570120,0.000000,0.000000,0.000000,0.000000,0.000000,0.000000
1778249180.354680,0.641215,0.271943,1.096852,0.0000,0.0000,0.0000,0.000000,0.000000,0.140000,0.000000,0.000000,0.000000,0.641226,0.271923,1.096902,0.000087,-0.000149,0.000380,0.014230,42.819296,42.447000,-3.003512,1.995114,-1.570119,0.000000,0.000000,0.000000,0.000000,0.000000,0.000000
1778249180.364554,0.641217,0.271940,1.096853,0.0000,0.0000,0.0000,0.000000,0.000000,0.140000,0.000000,0.000000,0.000000,0.641226,0.271923,1.096902,0.000068,-0.000128,0.000370,0.014221,42.778539,42.406900,-3.003512,1.995116,-1.570118,0.000000,0.000000,0.000000,0.000000,0.000000,0.000000
1778249180.374082,0.641218,0.271942,1.096853,0.0000,0.0000,0.0000,0.000000,0.000000,0.140000,0.000000,0.000000,0.000000,0.641226,0.271923,1.096902,0.000064,-0.000147,0.000370,0.014212,42.799323,42.427931,-3.003512,1.995114,-1.570116,0.000000,0.000000,0.000000,0.000000,0.000000,0.000000
1778249180.383894,0.641220,0.271949,1.096853,0.0000,0.0000,0.0000,0.000000,0.000000,0.140000,0.000000,0.000000,0.000000,0.641226,0.271923,1.096902,0.000047,-0.000196,0.000372,0.014203,42.802543,42.429905,-3.003512,1.995116,-1.570118,0.000000,0.000000,0.000000,0.000000,0.000000,0.000000
1778249180.394064,0.641219,0.271952,1.096850,0.0000,0.0000,0.0000,0.000000,0.000000,0.140000,0.000000,0.000000,0.000000,0.641226,0.271923,1.096902,0.000056,-0.000223,0.000392,0.014196,42.840828,42.471563,-3.003512,1.995111,-1.570118,0.000000,0.000000,0.000000,0.000000,0.000000,0.000000
1778249180.404289,0.641217,0.271954,1.096855,0.0000,0.0000,0.0000,0.000000,0.000000,0.140000,0.000000,0.000000,0.000000,0.641226,0.271923,1.096902,0.000074,-0.000237,0.000352,0.014188,42.816198,42.444886,-3.003512,1.995119,-1.570117,0.000000,0.000000,0.000000,0.000000,0.000000,0.000000
1778249180.413856,0.641215,0.271959,1.096856,0.0000,0.0000,0.0000,0.000000,0.000000,0.140000,0.000000,0.000000,0.000000,0.641226,0.271923,1.096902,0.000083,-0.000273,0.000343,0.014180,42.768347,42.395911,-3.003512,1.995114,-1.570123,0.000000,0.000000,0.000000,0.000000,0.000000,0.000000
1778249180.424047,0.641221,0.271956,1.096858,0.0000,0.0000,0.0000,0.000000,0.000000,0.140000,0.000000,0.000000,0.000000,0.641226,0.271923,1.096902,0.000044,-0.000246,0.000334,0.014171,42.798999,42.425024,-3.003512,1.995113,-1.570122,0.000000,0.000000,0.000000,0.000000,0.000000,0.000000
1778249180.434520,0.641229,0.271953,1.096855,0.0000,0.0000,0.0000,0.000000,0.000000,0.140000,0.000000,0.000000,0.000000,0.641226,0.271923,1.096902,-0.000022,-0.000229,0.000357,0.014161,42.828227,42.455139,-3.003512,1.995114,-1.570116,0.000000,0.000000,0.000000,0.000000,0.000000,0.000000
1778249180.444247,0.641230,0.271956,1.096857,0.0000,0.0000,0.0000,0.000000,0.000000,0.140000,0.000000,0.000000,0.000000,0.641226,0.271923,1.096902,-0.000026,-0.000249,0.000341,0.014152,42.753712,42.382219,-3.003512,1.995115,-1.570117,0.000000,0.000000,0.000000,0.000000,0.000000,0.000000
1778249180.454152,0.641222,0.271959,1.096860,0.0000,0.0000,0.0000,0.000000,0.000000,0.140000,0.000000,0.000000,0.000000,0.641226,0.271923,1.096902,-0.000026,-0.000249,0.000341,0.014152,42.753712,42.382219,-3.003512,1.995112,-1.570122,0.000000,0.000000,0.000000,0.000000,0.000000,0.000000
1778249180.464169,0.641223,0.271957,1.096861,0.0000,0.0000,0.0000,0.000000,0.000000,0.140000,0.000000,0.000000,0.000000,0.641226,0.271923,1.096902,0.000026,-0.000254,0.000306,0.014137,42.815358,42.443646,-3.003512,1.995113,-1.570119,0.000000,0.000000,0.000000,0.000000,0.000000,0.000000
1778249180.474074,0.641227,0.271956,1.096863,0.0000,0.0000,0.0000,0.000000,0.000000,0.140000,0.000000,0.000000,0.000000,0.641226,0.271923,1.096902,0.000026,-0.000254,0.000306,0.014137,42.815358,42.443646,-3.003512,1.995116,-1.570121,0.000000,0.000000,0.000000,0.000000,0.000000,0.000000
1778249180.484601,0.641226,0.271953,1.096862,0.0000,0.0000,0.0000,0.000000,0.000000,0.140000,0.000000,0.000000,0.000000,0.641226,0.271923,1.096902,0.000003,-0.000225,0.000305,0.014120,42.769116,42.398869,-3.003512,1.995111,-1.570121,0.000000,0.000000,0.000000,0.000000,0.000000,0.000000
1778249180.493984,0.641229,0.271955,1.096863,0.0000,0.0000,0.0000,0.000000,0.000000,0.140000,0.000000,0.000000,0.000000,0.641226,0.271923,1.096902,-0.000015,-0.000239,0.000297,0.014112,42.824313,42.451792,-3.003512,1.995116,-1.570121,0.000000,0.000000,0.000000,0.000000,0.000000,0.000000
1778249180.506276,0.641231,0.271955,1.096863,0.0000,0.0000,0.0000,0.000000,0.000000,0.140000,0.000000,0.000000,0.000000,0.641226,0.271923,1.096902,-0.000035,-0.000243,0.000294,0.014104,42.792089,42.418504,-3.003512,1.995113,-1.570118,0.000000,0.000000,0.000000,0.000000,0.000000,0.000000
1778249180.514115,0.641231,0.271960,1.096861,0.0000,0.0000,0.0000,0.000000,0.000000,0.140000,0.000000,0.000000,0.000000,0.641226,0.271923,1.096902,-0.000037,-0.000277,0.000310,0.014096,42.819542,42.448088,-3.003513,1.995114,-1.570122,0.000000,0.000000,0.000000,0.000000,0.000000,0.000000
1778249180.524539,0.641229,0.271959,1.096865,0.0000,0.0000,0.0000,0.000000,0.000000,0.140000,0.000000,0.000000,0.000000,0.641226,0.271923,1.096902,-0.000022,-0.000274,0.000281,0.014088,42.769442,42.397633,-3.003513,1.995113,-1.570118,0.000000,0.000000,0.000000,0.000000,0.000000,0.000000
1778249180.534359,0.641225,0.271963,1.096867,0.0000,0.0000,0.0000,0.000000,0.000000,0.140000,0.000000,0.000000,0.000000,0.641226,0.271923,1.096902,0.000010,-0.000305,0.000264,0.014081,42.756964,42.386987,-3.003513,1.995112,-1.570119,0.000000,0.000000,0.000000,0.000000,0.000000,0.000000
1778249180.544055,0.641223,0.271963,1.096870,0.0000,0.0000,0.0000,0.000000,0.000000,0.140000,0.000000,0.000000,0.000000,0.641226,0.271923,1.096902,0.000025,-0.000302,0.000239,0.014074,42.802865,42.432271,-3.003513,1.995116,-1.570121,0.000000,0.000000,0.000000,0.000000,0.000000,0.000000
1778249180.554231,0.641225,0.271961,1.096871,0.0000,0.0000,0.0000,0.000000,0.000000,0.140000,0.000000,0.000000,0.000000,0.641226,0.271923,1.096902,0.000009,-0.000289,0.000233,0.014066,42.794252,42.420045,-3.003513,1.995114,-1.570120,0.000000,0.000000,0.000000,0.000000,0.000000,0.000000
1778249180.564188,0.641226,0.271961,1.096869,0.0000,0.0000,0.0000,0.000000,0.000000,0.140000,0.000000,0.000000,0.000000,0.641226,0.271923,1.096902,0.000001,-0.000289,0.000250,0.014058,42.777464,42.406704,-3.003513,1.995110,-1.570119,0.000000,0.000000,0.000000,0.000000,0.000000,0.000000
1778249180.574384,0.641231,0.271964,1.096870,0.0000,0.0000,0.0000,0.000000,0.000000,0.140000,0.000000,0.000000,0.000000,0.641226,0.271923,1.096902,-0.000031,-0.000307,0.000245,0.014050,42.847041,42.473978,-3.003513,1.995117,-1.570122,0.000000,0.000000,0.000000,0.000000,0.000000,0.000000
1778249180.584923,0.641230,0.271963,1.096869,0.0000,0.0000,0.0000,0.000000,0.000000,0.140000,0.000000,0.000000,0.000000,0.641226,0.271923,1.096902,-0.000026,-0.000305,0.000246,0.014042,42.734087,42.361420,-3.003513,1.995114,-1.570119,0.000000,0.000000,0.000000,0.000000,0.000000,0.000000
1778249180.594338,0.641230,0.271965,1.096869,0.0000,0.0000,0.0000,0.000000,0.000000,0.140000,0.000000,0.000000,0.000000,0.641226,0.271923,1.096902,-0.000028,-0.000313,0.000251,0.014034,42.858745,42.489158,-3.003513,1.995112,-1.570119,0.000000,0.000000,0.000000,0.000000,0.000000,0.000000
1778249180.603936,0.641229,0.271963,1.096872,0.0000,0.0000,0.0000,0.000000,0.000000,0.140000,0.000000,0.000000,0.000000,0.641226,0.271923,1.096902,-0.000020,-0.000302,0.000224,0.014026,42.734531,42.360572,-3.003513,1.995116,-1.570119,0.000000,0.000000,0.000000,0.000000,0.000000,0.000000
1778249180.613766,0.641234,0.271963,1.096868,0.0000,0.0000,0.0000,0.000000,0.000000,0.140000,0.000000,0.000000,0.000000,0.641226,0.271923,1.096902,-0.000058,-0.000299,0.000254,0.014018,42.816995,42.445158,-3.003513,1.995112,-1.570119,0.000000,0.000000,0.000000,0.000000,0.000000,0.000000
1778249180.625479,0.641238,0.271962,1.096870,0.0000,0.0000,0.0000,0.000000,0.000000,0.140000,0.000000,0.000000,0.000000,0.641226,0.271923,1.096902,-0.000058,-0.000299,0.000254,0.014018,42.816995,42.445158,-3.003513,1.995116,-1.570119,0.000000,0.000000,0.000000,0.000000,0.000000,0.000000
1778249180.634220,0.641234,0.271961,1.096872,0.0000,0.0000,0.0000,0.000000,0.000000,0.140000,0.000000,0.000000,0.000000,0.641226,0.271923,1.096902,-0.000054,-0.000290,0.000225,0.014002,42.736342,42.365688,-3.003513,1.995113,-1.570119,0.000000,0.000000,0.000000,0.000000,0.000000,0.000000
1778249180.643772,0.641233,0.271961,1.096873,0.0000,0.0000,0.0000,0.000000,0.000000,0.140000,0.000000,0.000000,0.000000,0.641226,0.271923,1.096902,-0.000053,-0.000289,0.000215,0.013994,42.831309,42.459697,-3.003513,1.995115,-1.570118,0.000000,0.000000,0.000000,0.000000,0.000000,0.000000
1778249180.654013,0.641238,0.271962,1.096871,0.0000,0.0000,0.0000,0.000000,0.000000,0.140000,0.000000,0.000000,0.000000,0.641226,0.271923,1.096902,-0.000085,-0.000298,0.000231,0.013985,42.807242,42.433045,-3.003513,1.995113,-1.570121,0.000000,0.000000,0.000000,0.000000,0.000000,0.000000
1778249180.664290,0.641241,0.271958,1.096870,0.0000,0.0000,0.0000,0.000000,0.000000,0.140000,0.000000,0.000000,0.000000,0.641226,0.271923,1.096902,-0.000107,-0.000268,0.000244,0.013977,42.804901,42.433030,-3.003513,1.995113,-1.570120,0.000000,0.000000,0.000000,0.000000,0.000000,0.000000
1778249180.674111,0.641238,0.271960,1.096872,0.0000,0.0000,0.0000,0.000000,0.000000,0.140000,0.000000,0.000000,0.000000,0.641226,0.271923,1.096902,-0.000090,-0.000278,0.000230,0.013969,42.824874,42.454100,-3.003513,1.995116,-1.570122,0.000000,0.000000,0.000000,0.000000,0.000000,0.000000
1778249180.684191,0.641237,0.271960,1.096874,0.0000,0.0000,0.0000,0.000000,0.000000,0.140000,0.000000,0.000000,0.000000,0.641226,0.271923,1.096902,-0.000082,-0.000280,0.000211,0.013961,42.754016,42.380972,-3.003513,1.995112,-1.570121,0.000000,0.000000,0.000000,0.000000,0.000000,0.000000
1778249180.694226,0.641241,0.271961,1.096873,0.0000,0.0000,0.0000,0.000000,0.000000,0.140000,0.000000,0.000000,0.000000,0.641226,0.271923,1.096902,-0.000106,-0.000285,0.000220,0.013953,42.820318,42.447957,-3.003513,1.995114,-1.570119,0.000000,0.000000,0.000000,0.000000,0.000000,0.000000
1778249180.704115,0.641242,0.271960,1.096874,0.0000,0.0000,0.0000,0.000000,0.000000,0.140000,0.000000,0.000000,0.000000,0.641226,0.271923,1.096902,-0.000117,-0.000278,0.000209,0.013945,42.770996,42.396967,-3.003513,1.995112,-1.570120,0.000000,0.000000,0.000000,0.000000,0.000000,0.000000
1778249180.714149,0.641243,0.271960,1.096872,0.0000,0.0000,0.0000,0.000000,0.000000,0.140000,0.000000,0.000000,0.000000,0.641226,0.271923,1.096902,-0.000122,-0.000278,0.000230,0.013938,42.838086,42.466564,-3.003513,1.995114,-1.570120,0.000000,0.000000,0.000000,0.000000,0.000000,0.000000
1778249180.724047,0.641243,0.271958,1.096874,0.0000,0.0000,0.0000,0.000000,0.000000,0.140000,0.000000,0.000000,0.000000,0.641226,0.271923,1.096902,-0.000125,-0.000266,0.000209,0.013930,42.804862,42.431666,-3.003513,1.995116,-1.570121,0.000000,0.000000,0.000000,0.000000,0.000000,0.000000
1778249180.734289,0.641243,0.271956,1.096875,0.0000,0.0000,0.0000,0.000000,0.000000,0.140000,0.000000,0.000000,0.000000,0.641226,0.271923,1.096902,-0.000121,-0.000248,0.000204,0.013922,42.745970,42.372572,-3.003513,1.995115,-1.570119,0.000000,0.000000,0.000000,0.000000,0.000000,0.000000
1778249180.743821,0.641242,0.271954,1.096875,0.0000,0.0000,0.0000,0.000000,0.000000,0.140000,0.000000,0.000000,0.000000,0.641226,0.271923,1.096902,-0.000116,-0.000232,0.000202,0.013914,42.789219,42.417795,-3.003513,1.995113,-1.570119,0.000000,0.000000,0.000000,0.000000,0.000000,0.000000
1778249180.754250,0.641241,0.271951,1.096878,0.0000,0.0000,0.0000,0.000000,0.000000,0.140000,0.000000,0.000000,0.000000,0.641226,0.271923,1.096902,-0.000109,-0.000215,0.000181,0.013907,42.781436,42.408587,-3.003513,1.995116,-1.570118,0.000000,0.000000,0.000000,0.000000,0.000000,0.000000
1778249180.764444,0.641239,0.271958,1.096876,0.0000,0.0000,0.0000,0.000000,0.000000,0.140000,0.000000,0.000000,0.000000,0.641226,0.271923,1.096902,-0.000094,-0.000265,0.000194,0.013899,42.793289,42.420979,-3.003513,1.995114,-1.570122,0.000000,0.000000,0.000000,0.000000,0.000000,0.000000
1778249180.774066,0.641241,0.271956,1.096875,0.0000,0.0000,0.0000,0.000000,0.000000,0.140000,0.000000,0.000000,0.000000,0.641226,0.271923,1.096902,-0.000106,-0.000251,0.000203,0.013892,42.807206,42.434361,-3.003513,1.995113,-1.570119,0.000000,0.000000,0.000000,0.000000,0.000000,0.000000
1778249180.784053,0.641240,0.271957,1.096875,0.0000,0.0000,0.0000,0.000000,0.000000,0.140000,0.000000,0.000000,0.000000,0.641226,0.271923,1.096902,-0.000100,-0.000260,0.000206,0.013885,42.788488,42.414982,-3.003513,1.995114,-1.570121,0.000000,0.000000,0.000000,0.000000,0.000000,0.000000
1778249180.793776,0.641241,0.271955,1.096871,0.0000,0.0000,0.0000,0.000000,0.000000,0.140000,0.000000,0.000000,0.000000,0.641226,0.271923,1.096902,-0.000112,-0.000244,0.000232,0.013878,42.838529,42.466570,-3.003513,1.995112,-1.570118,0.000000,0.000000,0.000000,0.000000,0.000000,0.000000
1778249180.804036,0.641241,0.271955,1.096874,0.0000,0.0000,0.0000,0.000000,0.000000,0.140000,0.000000,0.000000,0.000000,0.641226,0.271923,1.096902,-0.000111,-0.000238,0.000214,0.013870,42.794182,42.420521,-3.003513,1.995117,-1.570121,0.000000,0.000000,0.000000,0.000000,0.000000,0.000000
1778249180.814336,0.641238,0.271953,1.096874,0.0000,0.0000,0.0000,0.000000,0.000000,0.140000,0.000000,0.000000,0.000000,0.641226,0.271923,1.096902,-0.000086,-0.000224,0.000214,0.013863,42.790882,42.419547,-3.003513,1.995112,-1.570120,0.000000,0.000000,0.000000,0.000000,0.000000,0.000000
1778249180.823807,0.641239,0.271954,1.096874,0.0000,0.0000,0.0000,0.000000,0.000000,0.140000,0.000000,0.000000,0.000000,0.641226,0.271923,1.096902,-0.000094,-0.000237,0.000210,0.013855,42.830437,42.456567,-3.003513,1.995115,-1.570120,0.000000,0.000000,0.000000,0.000000,0.000000,0.000000
1778249180.833812,0.641240,0.271956,1.096874,0.0000,0.0000,0.0000,0.000000,0.000000,0.140000,0.000000,0.000000,0.000000,0.641226,0.271923,1.096902,-0.000104,-0.000250,0.000213,0.013847,42.798268,42.425358,-3.003513,1.995114,-1.570118,0.000000,0.000000,0.000000,0.000000,0.000000,0.000000
1778249180.844057,0.641240,0.271959,1.096872,0.0000,0.0000,0.0000,0.000000,0.000000,0.140000,0.000000,0.000000,0.000000,0.641226,0.271923,1.096902,-0.000098,-0.000269,0.000224,0.013840,42.802418,42.430648,-3.003513,1.995113,-1.570118,0.000000,0.000000,0.000000,0.000000,0.000000,0.000000
1778249180.853946,0.641238,0.271961,1.096872,0.0000,0.0000,0.0000,0.000000,0.000000,0.140000,0.000000,0.000000,0.000000,0.641226,0.271923,1.096902,-0.000090,-0.000284,0.000225,0.013832,42.837889,42.467260,-3.003513,1.995116,-1.570119,0.000000,0.000000,0.000000,0.000000,0.000000,0.000000
1778249180.864320,0.641234,0.271961,1.096878,0.0000,0.0000,0.0000,0.000000,0.000000,0.140000,0.000000,0.000000,0.000000,0.641226,0.271923,1.096902,-0.000090,-0.000284,0.000225,0.013832,42.837889,42.467260,-3.003513,1.995117,-1.570120,0.000000,0.000000,0.000000,0.000000,0.000000,0.000000
1778249180.873956,0.641232,0.271960,1.096877,0.0000,0.0000,0.0000,0.000000,0.000000,0.140000,0.000000,0.000000,0.000000,0.641226,0.271923,1.096902,-0.000054,-0.000285,0.000184,0.013825,42.740332,42.367909,-3.003513,1.995112,-1.570120,0.000000,0.000000,0.000000,0.000000,0.000000,0.000000
1778249180.883965,0.641236,0.271959,1.096879,0.0000,0.0000,0.0000,0.000000,0.000000,0.140000,0.000000,0.000000,0.000000,0.641226,0.271923,1.096902,-0.000068,-0.000269,0.000172,0.013810,42.770531,42.397227,-3.003513,1.995115,-1.570117,0.000000,0.000000,0.000000,0.000000,0.000000,0.000000
1778249180.894233,0.641237,0.271964,1.096877,0.0000,0.0000,0.0000,0.000000,0.000000,0.140000,0.000000,0.000000,0.000000,0.641226,0.271923,1.096902,-0.000078,-0.000308,0.000190,0.013802,42.821055,42.447963,-3.003513,1.995112,-1.570121,0.000000,0.000000,0.000000,0.000000,0.000000,0.000000
1778249180.903971,0.641243,0.271966,1.096875,0.0000,0.0000,0.0000,0.000000,0.000000,0.140000,0.000000,0.000000,0.000000,0.641226,0.271923,1.096902,-0.000122,-0.000326,0.000207,0.013794,42.843579,42.469005,-3.003513,1.995115,-1.570120,0.000000,0.000000,0.000000,0.000000,0.000000,0.000000
1778249180.914053,0.641244,0.271967,1.096874,0.0000,0.0000,0.0000,0.000000,0.000000,0.140000,0.000000,0.000000,0.000000,0.641226,0.271923,1.096902,-0.000129,-0.000334,0.000213,0.013786,42.787261,42.414260,-3.003513,1.995113,-1.570120,0.000000,0.000000,0.000000,0.000000,0.000000,0.000000
1778249180.924880,0.641241,0.271967,1.096877,0.0000,0.0000,0.0000,0.000000,0.000000,0.140000,0.000000,0.000000,0.000000,0.641226,0.271923,1.096902,-0.000129,-0.000334,0.000213,0.013786,42.787261,42.414260,-3.003513,1.995115,-1.570119,0.000000,0.000000,0.000000,0.000000,0.000000,0.000000
1778249180.934432,0.641239,0.271967,1.096879,0.0000,0.0000,0.0000,0.000000,0.000000,0.140000,0.000000,0.000000,0.000000,0.641226,0.271923,1.096902,-0.000093,-0.000333,0.000172,0.013771,42.796783,42.423805,-3.003513,1.995114,-1.570120,0.000000,0.000000,0.000000,0.000000,0.000000,0.000000
1778249180.943732,0.641241,0.271968,1.096878,0.0000,0.0000,0.0000,0.000000,0.000000,0.140000,0.000000,0.000000,0.000000,0.641226,0.271923,1.096902,-0.000107,-0.000341,0.000181,0.013763,42.831175,42.457979,-3.003513,1.995115,-1.570119,0.000000,0.000000,0.000000,0.000000,0.000000,0.000000
1778249180.954010,0.641243,0.271967,1.096878,0.0000,0.0000,0.0000,0.000000,0.000000,0.140000,0.000000,0.000000,0.000000,0.641226,0.271923,1.096902,-0.000126,-0.000331,0.000181,0.013755,42.796732,42.422950,-3.003513,1.995114,-1.570120,0.000000,0.000000,0.000000,0.000000,0.000000,0.000000
1778249180.963934,0.641240,0.271969,1.096879,0.0000,0.0000,0.0000,0.000000,0.000000,0.140000,0.000000,0.000000,0.000000,0.641226,0.271923,1.096902,-0.000102,-0.000349,0.000178,0.013747,42.774868,42.403056,-3.003513,1.995112,-1.570122,0.000000,0.000000,0.000000,0.000000,0.000000,0.000000
1778249180.974281,0.641241,0.271965,1.096879,0.0000,0.0000,0.0000,0.000000,0.000000,0.140000,0.000000,0.000000,0.000000,0.641226,0.271923,1.096902,-0.000110,-0.000320,0.000171,0.013739,42.819933,42.447268,-3.003513,1.995115,-1.570118,0.000000,0.000000,0.000000,0.000000,0.000000,0.000000
1778249180.984046,0.641242,0.271962,1.096881,0.0000,0.0000,0.0000,0.000000,0.000000,0.140000,0.000000,0.000000,0.000000,0.641226,0.271923,1.096902,-0.000119,-0.000297,0.000159,0.013731,42.793478,42.419597,-3.003513,1.995114,-1.570118,0.000000,0.000000,0.000000,0.000000,0.000000,0.000000
1778249180.994037,0.641241,0.271966,1.096879,0.0000,0.0000,0.0000,0.000000,0.000000,0.140000,0.000000,0.000000,0.000000,0.641226,0.271923,1.096902,-0.000108,-0.000328,0.000172,0.013724,42.809066,42.436714,-3.003513,1.995113,-1.570121,0.000000,0.000000,0.000000,0.000000,0.000000,0.000000
1778249181.004329,0.641245,0.271965,1.096878,0.0000,0.0000,0.0000,0.000000,0.000000,0.140000,0.000000,0.000000,0.000000,0.641226,0.271923,1.096902,-0.000142,-0.000318,0.000178,0.013716,42.842910,42.468824,-3.003513,1.995117,-1.570121,0.000000,0.000000,0.000000,0.000000,0.000000,0.000000
1778249181.014071,0.641241,0.271967,1.096881,0.0000,0.0000,0.0000,0.000000,0.000000,0.140000,0.000000,0.000000,0.000000,0.641226,0.271923,1.096902,-0.000106,-0.000330,0.000162,0.013709,42.748171,42.375901,-3.003513,1.995112,-1.570121,0.000000,0.000000,0.000000,0.000000,0.000000,0.000000
1778249181.024189,0.641239,0.271964,1.096882,0.0000,0.0000,0.0000,0.000000,0.000000,0.140000,0.000000,0.000000,0.000000,0.641226,0.271923,1.096902,-0.000094,-0.000306,0.000154,0.013701,42.798959,42.425720,-3.003514,1.995113,-1.570120,0.000000,0.000000,0.000000,0.000000,0.000000,0.000000
1778249181.034194,0.641241,0.271963,1.096883,0.0000,0.0000,0.0000,0.000000,0.000000,0.140000,0.000000,0.000000,0.000000,0.641226,0.271923,1.096902,-0.000094,-0.000306,0.000154,0.013701,42.798959,42.425720,-3.003514,1.995116,-1.570117,0.000000,0.000000,0.000000,0.000000,0.000000,0.000000
1778249181.044111,0.641243,0.271962,1.096882,0.0000,0.0000,0.0000,0.000000,0.000000,0.140000,0.000000,0.000000,0.000000,0.641226,0.271923,1.096902,-0.000122,-0.000295,0.000152,0.013686,42.795086,42.421787,-3.003514,1.995113,-1.570116,0.000000,0.000000,0.000000,0.000000,0.000000,0.000000
1778249181.054268,0.641240,0.271969,1.096881,0.0000,0.0000,0.0000,0.000000,0.000000,0.140000,0.000000,0.000000,0.000000,0.641226,0.271923,1.096902,-0.000104,-0.000350,0.000155,0.013679,42.811553,42.437943,-3.003514,1.995114,-1.570124,0.000000,0.000000,0.000000,0.000000,0.000000,0.000000
1778249181.063653,0.641240,0.271967,1.096881,0.0000,0.0000,0.0000,0.000000,0.000000,0.140000,0.000000,0.000000,0.000000,0.641226,0.271923,1.096902,-0.000100,-0.000331,0.000157,0.013672,42.806816,42.433758,-3.003514,1.995113,-1.570118,0.000000,0.000000,0.000000,0.000000,0.000000,0.000000
1778249181.074012,0.641240,0.271970,1.096881,0.0000,0.0000,0.0000,0.000000,0.000000,0.140000,0.000000,0.000000,0.000000,0.641226,0.271923,1.096902,-0.000098,-0.000352,0.000157,0.013664,42.809205,42.436173,-3.003514,1.995114,-1.570120,0.000000,0.000000,0.000000,0.000000,0.000000,0.000000
1778249181.084158,0.641240,0.271969,1.096880,0.0000,0.0000,0.0000,0.000000,0.000000,0.140000,0.000000,0.000000,0.000000,0.641226,0.271923,1.096902,-0.000101,-0.000348,0.000166,0.013657,42.826628,42.453935,-3.003514,1.995113,-1.570118,0.000000,0.000000,0.000000,0.000000,0.000000,0.000000
1778249181.093817,0.641238,0.271970,1.096882,0.0000,0.0000,0.0000,0.000000,0.000000,0.140000,0.000000,0.000000,0.000000,0.641226,0.271923,1.096902,-0.000083,-0.000353,0.000153,0.013650,42.761285,42.389605,-3.003514,1.995115,-1.570120,0.000000,0.000000,0.000000,0.000000,0.000000,0.000000
1778249181.104046,0.641235,0.271965,1.096883,0.0000,0.0000,0.0000,0.000000,0.000000,0.140000,0.000000,0.000000,0.000000,0.641226,0.271923,1.096902,-0.000064,-0.000314,0.000146,0.013643,42.799567,42.426725,-3.003514,1.995112,-1.570118,0.000000,0.000000,0.000000,0.000000,0.000000,0.000000
1778249181.113742,0.641238,0.271967,1.096881,0.0000,0.0000,0.0000,0.000000,0.000000,0.140000,0.000000,0.000000,0.000000,0.641226,0.271923,1.096902,-0.000084,-0.000336,0.000160,0.013635,42.842229,42.468221,-3.003514,1.995113,-1.570119,0.000000,0.000000,0.000000,0.000000,0.000000,0.000000
1778249181.123695,0.641240,0.271970,1.096880,0.0000,0.0000,0.0000,0.000000,0.000000,0.140000,0.000000,0.000000,0.000000,0.641226,0.271923,1.096902,-0.000098,-0.000358,0.000167,0.013628,42.815125,42.441743,-3.003514,1.995114,-1.570118,0.000000,0.000000,0.000000,0.000000,0.000000,0.000000
1778249181.133692,0.641238,0.271973,1.096880,0.0000,0.0000,0.0000,0.000000,0.000000,0.140000,0.000000,0.000000,0.000000,0.641226,0.271923,1.096902,-0.000088,-0.000376,0.000165,0.013621,42.793472,42.420587,-3.003514,1.995113,-1.570118,0.000000,0.000000,0.000000,0.000000,0.000000,0.000000
1778249181.143729,0.641239,0.271970,1.096880,0.0000,0.0000,0.0000,0.000000,0.000000,0.140000,0.000000,0.000000,0.000000,0.641226,0.271923,1.096902,-0.000093,-0.000357,0.000163,0.013613,42.821536,42.446723,-3.003514,1.995114,-1.570117,0.000000,0.000000,0.000000,0.000000,0.000000,0.000000
1778249181.153804,0.641236,0.271965,1.096882,0.0000,0.0000,0.0000,0.000000,0.000000,0.140000,0.000000,0.000000,0.000000,0.641226,0.271923,1.096902,-0.000070,-0.000319,0.000155,0.013606,42.800853,42.429195,-3.003514,1.995112,-1.570117,0.000000,0.000000,0.000000,0.000000,0.000000,0.000000
1778249181.163885,0.641234,0.271960,1.096886,0.0000,0.0000,0.0000,0.000000,0.000000,0.140000,0.000000,0.000000,0.000000,0.641226,0.271923,1.096902,-0.000058,-0.000279,0.000119,0.013598,42.805676,42.431586,-3.003514,1.995114,-1.570119,0.000000,0.000000,0.000000,0.000000,0.000000,0.000000
1778249181.173776,0.641237,0.271967,1.096884,0.0000,0.0000,0.0000,0.000000,0.000000,0.140000,0.000000,0.000000,0.000000,0.641226,0.271923,1.096902,-0.000078,-0.000329,0.000140,0.013590,42.829878,42.456176,-3.003513,1.995113,-1.570119,0.000000,0.000000,0.000000,0.000000,0.000000,0.000000
1778249181.183823,0.641240,0.271972,1.096882,0.0000,0.0000,0.0000,0.000000,0.000000,0.140000,0.000000,0.000000,0.000000,0.641226,0.271923,1.096902,-0.000099,-0.000371,0.000155,0.013582,42.839859,42.466234,-3.003513,1.995115,-1.570118,0.000000,0.000000,0.000000,0.000000,0.000000,0.000000
1778249181.194044,0.641238,0.271973,1.096883,0.0000,0.0000,0.0000,0.000000,0.000000,0.140000,0.000000,0.000000,0.000000,0.641226,0.271923,1.096902,-0.000088,-0.000374,0.000144,0.013574,42.781062,42.408600,-3.003514,1.995114,-1.570120,0.000000,0.000000,0.000000,0.000000,0.000000,0.000000
1778249181.204062,0.641236,0.271972,1.096885,0.0000,0.0000,0.0000,0.000000,0.000000,0.140000,0.000000,0.000000,0.000000,0.641226,0.271923,1.096902,-0.000068,-0.000366,0.000133,0.013567,42.795132,42.421879,-3.003514,1.995113,-1.570121,0.000000,0.000000,0.000000,0.000000,0.000000,0.000000
1778249181.214144,0.641235,0.271969,1.096887,0.0000,0.0000,0.0000,0.000000,0.000000,0.140000,0.000000,0.000000,0.000000,0.641226,0.271923,1.096902,-0.000068,-0.000366,0.000133,0.013567,42.795132,42.421879,-3.003514,1.995115,-1.570119,0.000000,0.000000,0.000000,0.000000,0.000000,0.000000
1778249181.224332,0.641235,0.271970,1.096886,0.0000,0.0000,0.0000,0.000000,0.000000,0.140000,0.000000,0.000000,0.000000,0.641226,0.271923,1.096902,-0.000065,-0.000348,0.000116,0.013559,42.791730,42.418741,-3.003514,1.995114,-1.570120,0.000000,0.000000,0.000000,0.000000,0.000000,0.000000
1778249181.234123,0.641233,0.271972,1.096886,0.0000,0.0000,0.0000,0.000000,0.000000,0.140000,0.000000,0.000000,0.000000,0.641226,0.271923,1.096902,-0.000047,-0.000366,0.000119,0.013545,42.804467,42.432535,-3.003514,1.995114,-1.570121,0.000000,0.000000,0.000000,0.000000,0.000000,0.000000
1778249181.244476,0.641231,0.271971,1.096889,0.0000,0.0000,0.0000,0.000000,0.000000,0.140000,0.000000,0.000000,0.000000,0.641226,0.271923,1.096902,-0.000034,-0.000360,0.000101,0.013538,42.796652,42.423216,-3.003514,1.995115,-1.570120,0.000000,0.000000,0.000000,0.000000,0.000000,0.000000
1778249181.254189,0.641231,0.271967,1.096888,0.0000,0.0000,0.0000,0.000000,0.000000,0.140000,0.000000,0.000000,0.000000,0.641226,0.271923,1.096902,-0.000035,-0.000334,0.000106,0.013530,42.806909,42.432152,-3.003514,1.995113,-1.570117,0.000000,0.000000,0.000000,0.000000,0.000000,0.000000
1778249181.264005,0.641233,0.271969,1.096884,0.0000,0.0000,0.0000,0.000000,0.000000,0.140000,0.000000,0.000000,0.000000,0.641226,0.271923,1.096902,-0.000048,-0.000344,0.000133,0.013523,42.826762,42.453414,-3.003514,1.995113,-1.570118,0.000000,0.000000,0.000000,0.000000,0.000000,0.000000
1778249181.274035,0.641235,0.271966,1.096886,0.0000,0.0000,0.0000,0.000000,0.000000,0.140000,0.000000,0.000000,0.000000,0.641226,0.271923,1.096902,-0.000048,-0.000344,0.000133,0.013523,42.826762,42.453414,-3.003514,1.995116,-1.570120,0.000000,0.000000,0.000000,0.000000,0.000000,0.000000
1778249181.284178,0.641233,0.271967,1.096886,0.0000,0.0000,0.0000,0.000000,0.000000,0.140000,0.000000,0.000000,0.000000,0.641226,0.271923,1.096902,-0.000045,-0.000335,0.000124,0.013508,42.781607,42.408163,-3.003514,1.995114,-1.570122,0.000000,0.000000,0.000000,0.000000,0.000000,0.000000
1778249181.294383,0.641230,0.271965,1.096887,0.0000,0.0000,0.0000,0.000000,0.000000,0.140000,0.000000,0.000000,0.000000,0.641226,0.271923,1.096902,-0.000025,-0.000315,0.000117,0.013501,42.786600,42.414732,-3.003514,1.995112,-1.570119,0.000000,0.000000,0.000000,0.000000,0.000000,0.000000
1778249181.303944,0.641227,0.271963,1.096887,0.0000,0.0000,0.0000,0.000000,0.000000,0.140000,0.000000,0.000000,0.000000,0.641226,0.271923,1.096902,-0.000003,-0.000305,0.000113,0.013494,42.828983,42.457523,-3.003514,1.995113,-1.570120,0.000000,0.000000,0.000000,0.000000,0.000000,0.000000
1778249181.314188,0.641228,0.271967,1.096886,0.0000,0.0000,0.0000,0.000000,0.000000,0.140000,0.000000,0.000000,0.000000,0.641226,0.271923,1.096902,-0.000011,-0.000331,0.000119,0.013487,42.814390,42.440717,-3.003514,1.995115,-1.570122,0.000000,0.000000,0.000000,0.000000,0.000000,0.000000
1778249181.324336,0.641228,0.271965,1.096886,0.0000,0.0000,0.0000,0.000000,0.000000,0.140000,0.000000,0.000000,0.000000,0.641226,0.271923,1.096902,-0.000014,-0.000320,0.000125,0.013480,42.785231,42.411221,-3.003514,1.995113,-1.570118,0.000000,0.000000,0.000000,0.000000,0.000000,0.000000
1778249181.334194,0.641231,0.271966,1.096883,0.0000,0.0000,0.0000,0.000000,0.000000,0.140000,0.000000,0.000000,0.000000,0.641226,0.271923,1.096902,-0.000037,-0.000322,0.000141,0.013472,42.874213,42.500214,-3.003514,1.995114,-1.570119,0.000000,0.000000,0.000000,0.000000,0.000000,0.000000
1778249181.344162,0.641234,0.271963,1.096885,0.0000,0.0000,0.0000,0.000000,0.000000,0.140000,0.000000,0.000000,0.000000,0.641226,0.271923,1.096902,-0.000054,-0.000299,0.000129,0.013464,42.781322,42.406277,-3.003514,1.995117,-1.570119,0.000000,0.000000,0.000000,0.000000,0.000000,0.000000
1778249181.354087,0.641231,0.271962,1.096883,0.0000,0.0000,0.0000,0.000000,0.000000,0.140000,0.000000,0.000000,0.000000,0.641226,0.271923,1.096902,-0.000032,-0.000291,0.000143,0.013457,42.796442,42.425934,-3.003514,1.995110,-1.570120,0.000000,0.000000,0.000000,0.000000,0.000000,0.000000
1778249181.364182,0.641231,0.271960,1.096886,0.0000,0.0000,0.0000,0.000000,0.000000,0.140000,0.000000,0.000000,0.000000,0.641226,0.271923,1.096902,-0.000037,-0.000282,0.000120,0.013450,42.828030,42.453221,-3.003514,1.995118,-1.570120,0.000000,0.000000,0.000000,0.000000,0.000000,0.000000
1778249181.374331,0.641229,0.271959,1.096885,0.0000,0.0000,0.0000,0.000000,0.000000,0.140000,0.000000,0.000000,0.000000,0.641226,0.271923,1.096902,-0.000022,-0.000276,0.000131,0.013443,42.776970,42.405134,-3.003514,1.995112,-1.570120,0.000000,0.000000,0.000000,0.000000,0.000000,0.000000
1778249181.383760,0.641230,0.271959,1.096887,0.0000,0.0000,0.0000,0.000000,0.000000,0.140000,0.000000,0.000000,0.000000,0.641226,0.271923,1.096902,-0.000025,-0.000276,0.000115,0.013435,42.813623,42.439183,-3.003514,1.995114,-1.570121,0.000000,0.000000,0.000000,0.000000,0.000000,0.000000
1778249181.394054,0.641233,0.271961,1.096885,0.0000,0.0000,0.0000,0.000000,0.000000,0.140000,0.000000,0.000000,0.000000,0.641226,0.271923,1.096902,-0.000048,-0.000284,0.000127,0.013428,42.835380,42.462301,-3.003514,1.995114,-1.570120,0.000000,0.000000,0.000000,0.000000,0.000000,0.000000
1778249181.404418,0.641237,0.271961,1.096883,0.0000,0.0000,0.0000,0.000000,0.000000,0.140000,0.000000,0.000000,0.000000,0.641226,0.271923,1.096902,-0.000077,-0.000287,0.000145,0.013420,42.837899,42.461098,-3.003514,1.995115,-1.570119,0.000000,0.000000,0.000000,0.000000,0.000000,0.000000
1778249181.413769,0.641243,0.271964,1.096878,0.0000,0.0000,0.0000,0.000000,0.000000,0.140000,0.000000,0.000000,0.000000,0.641226,0.271923,1.096902,-0.000121,-0.000307,0.000179,0.013412,42.814667,42.440486,-3.003514,1.995114,-1.570120,0.000000,0.000000,0.000000,0.000000,0.000000,0.000000
1778249181.423970,0.641242,0.271960,1.096880,0.0000,0.0000,0.0000,0.000000,0.000000,0.140000,0.000000,0.000000,0.000000,0.641226,0.271923,1.096902,-0.000116,-0.000279,0.000166,0.013404,42.781095,42.408557,-3.003514,1.995113,-1.570119,0.000000,0.000000,0.000000,0.000000,0.000000,0.000000
1778249181.433909,0.641238,0.271957,1.096884,0.0000,0.0000,0.0000,0.000000,0.000000,0.140000,0.000000,0.000000,0.000000,0.641226,0.271923,1.096902,-0.000084,-0.000258,0.000137,0.013396,42.799057,42.426342,-3.003514,1.995113,-1.570119,0.000000,0.000000,0.000000,0.000000,0.000000,0.000000
1778249181.443782,0.641237,0.271957,1.096884,0.0000,0.0000,0.0000,0.000000,0.000000,0.140000,0.000000,0.000000,0.000000,0.641226,0.271923,1.096902,-0.000077,-0.000260,0.000137,0.013389,42.819007,42.445411,-3.003514,1.995113,-1.570119,0.000000,0.000000,0.000000,0.000000,0.000000,0.000000
1778249181.453958,0.641238,0.271958,1.096883,0.0000,0.0000,0.0000,0.000000,0.000000,0.140000,0.000000,0.000000,0.000000,0.641226,0.271923,1.096902,-0.000084,-0.000264,0.000144,0.013382,42.822104,42.448123,-3.003514,1.995113,-1.570119,0.000000,0.000000,0.000000,0.000000,0.000000,0.000000
1778249181.464358,0.641239,0.271958,1.096882,0.0000,0.0000,0.0000,0.000000,0.000000,0.140000,0.000000,0.000000,0.000000,0.641226,0.271923,1.096902,-0.000093,-0.000265,0.000150,0.013374,42.818593,42.444555,-3.003514,1.995113,-1.570119,0.000000,0.000000,0.000000,0.000000,0.000000,0.000000
1778249181.474057,0.641240,0.271958,1.096882,0.0000,0.0000,0.0000,0.000000,0.000000,0.140000,0.000000,0.000000,0.000000,0.641226,0.271923,1.096902,-0.000102,-0.000263,0.000153,0.013367,42.816133,42.442192,-3.003514,1.995114,-1.570119,0.000000,0.000000,0.000000,0.000000,0.000000,0.000000
1778249181.484198,0.641241,0.271957,1.096881,0.0000,0.0000,0.0000,0.000000,0.000000,0.140000,0.000000,0.000000,0.000000,0.641226,0.271923,1.096902,-0.000111,-0.000253,0.000159,0.013359,42.835340,42.460996,-3.003514,1.995115,-1.570119,0.000000,0.000000,0.000000,0.000000,0.000000,0.000000
1778249181.494263,0.641242,0.271955,1.096881,0.0000,0.0000,0.0000,0.000000,0.000000,0.140000,0.000000,0.000000,0.000000,0.641226,0.271923,1.096902,-0.000115,-0.000246,0.000160,0.013352,42.809705,42.435786,-3.003514,1.995113,-1.570118,0.000000,0.000000,0.000000,0.000000,0.000000,0.000000
1778249181.503965,0.641241,0.271958,1.096881,0.0000,0.0000,0.0000,0.000000,0.000000,0.140000,0.000000,0.000000,0.000000,0.641226,0.271923,1.096902,-0.000109,-0.000268,0.000161,0.013345,42.810283,42.437113,-3.003514,1.995113,-1.570120,0.000000,0.000000,0.000000,0.000000,0.000000,0.000000
1778249181.514184,0.641243,0.271963,1.096878,0.0000,0.0000,0.0000,0.000000,0.000000,0.140000,0.000000,0.000000,0.000000,0.641226,0.271923,1.096902,-0.000124,-0.000299,0.000185,0.013337,42.881883,42.508594,-3.003514,1.995116,-1.570119,0.000000,0.000000,0.000000,0.000000,0.000000,0.000000
1778249181.523868,0.641241,0.271963,1.096880,0.0000,0.0000,0.0000,0.000000,0.000000,0.140000,0.000000,0.000000,0.000000,0.641226,0.271923,1.096902,-0.000106,-0.000300,0.000164,0.013330,42.773802,42.400514,-3.003515,1.995113,-1.570121,0.000000,0.000000,0.000000,0.000000,0.000000,0.000000
1778249181.534232,0.641242,0.271954,1.096884,0.0000,0.0000,0.0000,0.000000,0.000000,0.140000,0.000000,0.000000,0.000000,0.641226,0.271923,1.096902,-0.000113,-0.000233,0.000136,0.013323,42.763502,42.388228,-3.003515,1.995112,-1.570117,0.000000,0.000000,0.000000,0.000000,0.000000,0.000000
1778249181.544018,0.641238,0.271958,1.096883,0.0000,0.0000,0.0000,0.000000,0.000000,0.140000,0.000000,0.000000,0.000000,0.641226,0.271923,1.096902,-0.000089,-0.000263,0.000143,0.013315,42.792655,42.419707,-3.003514,1.995113,-1.570119,0.000000,0.000000,0.000000,0.000000,0.000000,0.000000
1778249181.554022,0.641236,0.271960,1.096885,0.0000,0.0000,0.0000,0.000000,0.000000,0.140000,0.000000,0.000000,0.000000,0.641226,0.271923,1.096902,-0.000069,-0.000282,0.000126,0.013309,42.792451,42.418706,-3.003514,1.995114,-1.570120,0.000000,0.000000,0.000000,0.000000,0.000000,0.000000
1778249181.564301,0.641240,0.271957,1.096884,0.0000,0.0000,0.0000,0.000000,0.000000,0.140000,0.000000,0.000000,0.000000,0.641226,0.271923,1.096902,-0.000069,-0.000282,0.000126,0.013309,42.792451,42.418706,-3.003514,1.995114,-1.570120,0.000000,0.000000,0.000000,0.000000,0.000000,0.000000
1778249181.574245,0.641241,0.271955,1.096884,0.0000,0.0000,0.0000,0.000000,0.000000,0.140000,0.000000,0.000000,0.000000,0.641226,0.271923,1.096902,-0.000106,-0.000241,0.000140,0.013294,42.811673,42.437625,-3.003514,1.995114,-1.570120,0.000000,0.000000,0.000000,0.000000,0.000000,0.000000
1778249181.584129,0.641244,0.271957,1.096881,0.0000,0.0000,0.0000,0.000000,0.000000,0.140000,0.000000,0.000000,0.000000,0.641226,0.271923,1.096902,-0.000128,-0.000255,0.000160,0.013287,42.856303,42.481067,-3.003514,1.995114,-1.570121,0.000000,0.000000,0.000000,0.000000,0.000000,0.000000
1778249181.594554,0.641247,0.271959,1.096878,0.0000,0.0000,0.0000,0.000000,0.000000,0.140000,0.000000,0.000000,0.000000,0.641226,0.271923,1.096902,-0.000154,-0.000269,0.000181,0.013279,42.831323,42.456327,-3.003514,1.995115,-1.570118,0.000000,0.000000,0.000000,0.000000,0.000000,0.000000
1778249181.604093,0.641244,0.271963,1.096877,0.0000,0.0000,0.0000,0.000000,0.000000,0.140000,0.000000,0.000000,0.000000,0.641226,0.271923,1.096902,-0.000129,-0.000300,0.000186,0.013272,42.805182,42.432408,-3.003514,1.995114,-1.570119,0.000000,0.000000,0.000000,0.000000,0.000000,0.000000
1778249181.613948,0.641242,0.271961,1.096879,0.0000,0.0000,0.0000,0.000000,0.000000,0.140000,0.000000,0.000000,0.000000,0.641226,0.271923,1.096902,-0.000113,-0.000288,0.000172,0.013265,42.776314,42.403460,-3.003514,1.995113,-1.570119,0.000000,0.000000,0.000000,0.000000,0.000000,0.000000
1778249181.623779,0.641244,0.271961,1.096878,0.0000,0.0000,0.0000,0.000000,0.000000,0.140000,0.000000,0.000000,0.000000,0.641226,0.271923,1.096902,-0.000132,-0.000290,0.000184,0.013258,42.841974,42.467440,-3.003514,1.995114,-1.570122,0.000000,0.000000,0.000000,0.000000,0.000000,0.000000
1778249181.634418,0.641247,0.271962,1.096877,0.0000,0.0000,0.0000,0.000000,0.000000,0.140000,0.000000,0.000000,0.000000,0.641226,0.271923,1.096902,-0.000154,-0.000298,0.000192,0.013250,42.818675,42.444114,-3.003514,1.995114,-1.570121,0.000000,0.000000,0.000000,0.000000,0.000000,0.000000
1778249181.644156,0.641245,0.271965,1.096877,0.0000,0.0000,0.0000,0.000000,0.000000,0.140000,0.000000,0.000000,0.000000,0.641226,0.271923,1.096902,-0.000140,-0.000315,0.000192,0.013243,42.804763,42.429685,-3.003514,1.995112,-1.570122,0.000000,0.000000,0.000000,0.000000,0.000000,0.000000
1778249181.654234,0.641245,0.271967,1.096874,0.0000,0.0000,0.0000,0.000000,0.000000,0.140000,0.000000,0.000000,0.000000,0.641226,0.271923,1.096902,-0.000137,-0.000331,0.000208,0.013236,42.831991,42.458987,-3.003514,1.995114,-1.570120,0.000000,0.000000,0.000000,0.000000,0.000000,0.000000
1778249181.663991,0.641246,0.271968,1.096876,0.0000,0.0000,0.0000,0.000000,0.000000,0.140000,0.000000,0.000000,0.000000,0.641226,0.271923,1.096902,-0.000137,-0.000331,0.000208,0.013236,42.831991,42.458987,-3.003514,1.995117,-1.570122,0.000000,0.000000,0.000000,0.000000,0.000000,0.000000
1778249181.674182,0.641243,0.271964,1.096876,0.0000,0.0000,0.0000,0.000000,0.000000,0.140000,0.000000,0.000000,0.000000,0.641226,0.271923,1.096902,-0.000125,-0.000310,0.000195,0.013222,42.777524,42.403696,-3.003514,1.995112,-1.570122,0.000000,0.000000,0.000000,0.000000,0.000000,0.000000
1778249181.684016,0.641244,0.271958,1.096877,0.0000,0.0000,0.0000,0.000000,0.000000,0.140000,0.000000,0.000000,0.000000,0.641226,0.271923,1.096902,-0.000128,-0.000265,0.000188,0.013215,42.817364,42.443179,-3.003514,1.995113,-1.570118,0.000000,0.000000,0.000000,0.000000,0.000000,0.000000
1778249181.694047,0.641244,0.271959,1.096878,0.0000,0.0000,0.0000,0.000000,0.000000,0.140000,0.000000,0.000000,0.000000,0.641226,0.271923,1.096902,-0.000132,-0.000270,0.000180,0.013207,42.853320,42.478335,-3.003514,1.995116,-1.570120,0.000000,0.000000,0.000000,0.000000,0.000000,0.000000
1778249181.704362,0.641240,0.271963,1.096876,0.0000,0.0000,0.0000,0.000000,0.000000,0.140000,0.000000,0.000000,0.000000,0.641226,0.271923,1.096902,-0.000104,-0.000300,0.000195,0.013201,42.807122,42.432882,-3.003514,1.995111,-1.570121,0.000000,0.000000,0.000000,0.000000,0.000000,0.000000
1778249181.714073,0.641242,0.271963,1.096875,0.0000,0.0000,0.0000,0.000000,0.000000,0.140000,0.000000,0.000000,0.000000,0.641226,0.271923,1.096902,-0.000114,-0.000299,0.000201,0.013194,42.862450,42.489032,-3.003514,1.995116,-1.570119,0.000000,0.000000,0.000000,0.000000,0.000000,0.000000
1778249181.724162,0.641242,0.271961,1.096878,0.0000,0.0000,0.0000,0.000000,0.000000,0.140000,0.000000,0.000000,0.000000,0.641226,0.271923,1.096902,-0.000114,-0.000290,0.000180,0.013186,42.785022,42.409774,-3.003514,1.995114,-1.570118,0.000000,0.000000,0.000000,0.000000,0.000000,0.000000
1778249181.734103,0.641240,0.271965,1.096876,0.0000,0.0000,0.0000,0.000000,0.000000,0.140000,0.000000,0.000000,0.000000,0.641226,0.271923,1.096902,-0.000100,-0.000318,0.000194,0.013179,42.828504,42.455570,-3.003514,1.995113,-1.570119,0.000000,0.000000,0.000000,0.000000,0.000000,0.000000
1778249181.744102,0.641242,0.271965,1.096877,0.0000,0.0000,0.0000,0.000000,0.000000,0.140000,0.000000,0.000000,0.000000,0.641226,0.271923,1.096902,-0.000115,-0.000314,0.000188,0.013172,42.844470,42.470997,-3.003514,1.995116,-1.570120,0.000000,0.000000,0.000000,0.000000,0.000000,0.000000
1778249181.754463,0.641243,0.271960,1.096880,0.0000,0.0000,0.0000,0.000000,0.000000,0.140000,0.000000,0.000000,0.000000,0.641226,0.271923,1.096902,-0.000121,-0.000281,0.000165,0.013164,42.777951,42.403000,-3.003515,1.995114,-1.570119,0.000000,0.000000,0.000000,0.000000,0.000000,0.000000
1778249181.764278,0.641243,0.271962,1.096880,0.0000,0.0000,0.0000,0.000000,0.000000,0.140000,0.000000,0.000000,0.000000,0.641226,0.271923,1.096902,-0.000121,-0.000281,0.000165,0.013164,42.777951,42.403000,-3.003515,1.995113,-1.570121,0.000000,0.000000,0.000000,0.000000,0.000000,0.000000
1778249181.773833,0.641241,0.271961,1.096882,0.0000,0.0000,0.0000,0.000000,0.000000,0.140000,0.000000,0.000000,0.000000,0.641226,0.271923,1.096902,-0.000106,-0.000284,0.000149,0.013149,42.817448,42.444908,-3.003515,1.995114,-1.570119,0.000000,0.000000,0.000000,0.000000,0.000000,0.000000
1778249181.784522,0.641239,0.271964,1.096882,0.0000,0.0000,0.0000,0.000000,0.000000,0.140000,0.000000,0.000000,0.000000,0.641226,0.271923,1.096902,-0.000097,-0.000312,0.000150,0.013142,42.855158,42.481221,-3.003515,1.995113,-1.570123,0.000000,0.000000,0.000000,0.000000,0.000000,0.000000
1778249181.793965,0.641244,0.271961,1.096883,0.0000,0.0000,0.0000,0.000000,0.000000,0.140000,0.000000,0.000000,0.000000,0.641226,0.271923,1.096902,-0.000133,-0.000289,0.000140,0.013134,42.793043,42.416098,-3.003515,1.995115,-1.570122,0.000000,0.000000,0.000000,0.000000,0.000000,0.000000
1778249181.804372,0.641247,0.271957,1.096880,0.0000,0.0000,0.0000,0.000000,0.000000,0.140000,0.000000,0.000000,0.000000,0.641226,0.271923,1.096902,-0.000152,-0.000257,0.000164,0.013126,42.819575,42.444479,-3.003515,1.995113,-1.570121,0.000000,0.000000,0.000000,0.000000,0.000000,0.000000
1778249181.814313,0.641248,0.271955,1.096881,0.0000,0.0000,0.0000,0.000000,0.000000,0.140000,0.000000,0.000000,0.000000,0.641226,0.271923,1.096902,-0.000160,-0.000241,0.000159,0.013119,42.845236,42.471524,-3.003515,1.995113,-1.570120,0.000000,0.000000,0.000000,0.000000,0.000000,0.000000
1778249181.824271,0.641246,0.271955,1.096883,0.0000,0.0000,0.0000,0.000000,0.000000,0.140000,0.000000,0.000000,0.000000,0.641226,0.271923,1.096902,-0.000147,-0.000241,0.000144,0.013111,42.797012,42.422051,-3.003515,1.995115,-1.570120,0.000000,0.000000,0.000000,0.000000,0.000000,0.000000
1778249181.834399,0.641245,0.271952,1.096882,0.0000,0.0000,0.0000,0.000000,0.000000,0.140000,0.000000,0.000000,0.000000,0.641226,0.271923,1.096902,-0.000138,-0.000223,0.000151,0.013104,42.841294,42.467418,-3.003515,1.995114,-1.570120,0.000000,0.000000,0.000000,0.000000,0.000000,0.000000
1778249181.844049,0.641246,0.271951,1.096884,0.0000,0.0000,0.0000,0.000000,0.000000,0.140000,0.000000,0.000000,0.000000,0.641226,0.271923,1.096902,-0.000149,-0.000211,0.000137,0.013097,42.811549,42.436549,-3.003515,1.995115,-1.570120,0.000000,0.000000,0.000000,0.000000,0.000000,0.000000
1778249181.854263,0.641248,0.271951,1.096883,0.0000,0.0000,0.0000,0.000000,0.000000,0.140000,0.000000,0.000000,0.000000,0.641226,0.271923,1.096902,-0.000161,-0.000212,0.000144,0.013089,42.862658,42.488272,-3.003515,1.995114,-1.570119,0.000000,0.000000,0.000000,0.000000,0.000000,0.000000
1778249181.864006,0.641246,0.271952,1.096885,0.0000,0.0000,0.0000,0.000000,0.000000,0.140000,0.000000,0.000000,0.000000,0.641226,0.271923,1.096902,-0.000149,-0.000222,0.000133,0.013082,42.776150,42.401810,-3.003515,1.995117,-1.570119,0.000000,0.000000,0.000000,0.000000,0.000000,0.000000
1778249181.875097,0.641242,0.271957,1.096884,0.0000,0.0000,0.0000,0.000000,0.000000,0.140000,0.000000,0.000000,0.000000,0.641226,0.271923,1.096902,-0.000115,-0.000253,0.000139,0.013075,42.796880,42.423998,-3.003515,1.995112,-1.570122,0.000000,0.000000,0.000000,0.000000,0.000000,0.000000
1778249181.884711,0.641246,0.271954,1.096884,0.0000,0.0000,0.0000,0.000000,0.000000,0.140000,0.000000,0.000000,0.000000,0.641226,0.271923,1.096902,-0.000147,-0.000233,0.000135,0.013068,42.831217,42.455313,-3.003515,1.995115,-1.570117,0.000000,0.000000,0.000000,0.000000,0.000000,0.000000
1778249181.893803,0.641244,0.271955,1.096887,0.0000,0.0000,0.0000,0.000000,0.000000,0.140000,0.000000,0.000000,0.000000,0.641226,0.271923,1.096902,-0.000133,-0.000241,0.000117,0.013060,42.801499,42.425760,-3.003516,1.995115,-1.570120,0.000000,0.000000,0.000000,0.000000,0.000000,0.000000
1778249181.903887,0.641240,0.271959,1.096884,0.0000,0.0000,0.0000,0.000000,0.000000,0.140000,0.000000,0.000000,0.000000,0.641226,0.271923,1.096902,-0.000100,-0.000270,0.000137,0.013053,42.832058,42.459430,-3.003515,1.995112,-1.570120,0.000000,0.000000,0.000000,0.000000,0.000000,0.000000
1778249181.913926,0.641243,0.271960,1.096886,0.0000,0.0000,0.0000,0.000000,0.000000,0.140000,0.000000,0.000000,0.000000,0.641226,0.271923,1.096902,-0.000121,-0.000277,0.000121,0.013046,42.852119,42.476039,-3.003515,1.995118,-1.570122,0.000000,0.000000,0.000000,0.000000,0.000000,0.000000
1778249181.924081,0.641240,0.271961,1.096885,0.0000,0.0000,0.0000,0.000000,0.000000,0.140000,0.000000,0.000000,0.000000,0.641226,0.271923,1.096902,-0.000102,-0.000290,0.000126,0.013039,42.783103,42.408737,-3.003515,1.995111,-1.570118,0.000000,0.000000,0.000000,0.000000,0.000000,0.000000
1778249181.933999,0.641244,0.271964,1.096883,0.0000,0.0000,0.0000,0.000000,0.000000,0.140000,0.000000,0.000000,0.000000,0.641226,0.271923,1.096902,-0.000129,-0.000308,0.000141,0.013032,42.880123,42.505654,-3.003515,1.995117,-1.570120,0.000000,0.000000,0.000000,0.000000,0.000000,0.000000
1778249181.944608,0.641244,0.271964,1.096885,0.0000,0.0000,0.0000,0.000000,0.000000,0.140000,0.000000,0.000000,0.000000,0.641226,0.271923,1.096902,-0.000131,-0.000310,0.000132,0.013024,42.788659,42.414074,-3.003515,1.995113,-1.570120,0.000000,0.000000,0.000000,0.000000,0.000000,0.000000
1778249181.954572,0.641244,0.271968,1.096886,0.0000,0.0000,0.0000,0.000000,0.000000,0.140000,0.000000,0.000000,0.000000,0.641226,0.271923,1.096902,-0.000128,-0.000337,0.000123,0.013017,42.841983,42.468690,-3.003515,1.995114,-1.570121,0.000000,0.000000,0.000000,0.000000,0.000000,0.000000
1778249181.964164,0.641240,0.271970,1.096887,0.0000,0.0000,0.0000,0.000000,0.000000,0.140000,0.000000,0.000000,0.000000,0.641226,0.271923,1.096902,-0.000105,-0.000352,0.000114,0.013010,42.815774,42.441009,-3.003515,1.995112,-1.570122,0.000000,0.000000,0.000000,0.000000,0.000000,0.000000
1778249181.974061,0.641242,0.271968,1.096888,0.0000,0.0000,0.0000,0.000000,0.000000,0.140000,0.000000,0.000000,0.000000,0.641226,0.271923,1.096902,-0.000118,-0.000341,0.000108,0.013003,42.849390,42.474837,-3.003515,1.995115,-1.570119,0.000000,0.000000,0.000000,0.000000,0.000000,0.000000
1778249181.983718,0.641243,0.271969,1.096888,0.0000,0.0000,0.0000,0.000000,0.000000,0.140000,0.000000,0.000000,0.000000,0.641226,0.271923,1.096902,-0.000123,-0.000345,0.000107,0.012996,42.804178,42.428003,-3.003515,1.995116,-1.570121,0.000000,0.000000,0.000000,0.000000,0.000000,0.000000
1778249181.993909,0.641242,0.271963,1.096888,0.0000,0.0000,0.0000,0.000000,0.000000,0.140000,0.000000,0.000000,0.000000,0.641226,0.271923,1.096902,-0.000119,-0.000305,0.000106,0.012988,42.759254,42.385414,-3.003516,1.995111,-1.570119,0.000000,0.000000,0.000000,0.000000,0.000000,0.000000
1778249182.003937,0.641240,0.271967,1.096887,0.0000,0.0000,0.0000,0.000000,0.000000,0.140000,0.000000,0.000000,0.000000,0.641226,0.271923,1.096902,-0.000104,-0.000331,0.000111,0.012981,42.850393,42.476617,-3.003515,1.995113,-1.570121,0.000000,0.000000,0.000000,0.000000,0.000000,0.000000
1778249182.014053,0.641245,0.271967,1.096887,0.0000,0.0000,0.0000,0.000000,0.000000,0.140000,0.000000,0.000000,0.000000,0.641226,0.271923,1.096902,-0.000137,-0.000334,0.000114,0.012973,42.832882,42.455969,-3.003515,1.995115,-1.570121,0.000000,0.000000,0.000000,0.000000,0.000000,0.000000
1778249182.024711,0.641245,0.271967,1.096886,0.0000,0.0000,0.0000,0.000000,0.000000,0.140000,0.000000,0.000000,0.000000,0.641226,0.271923,1.096902,-0.000135,-0.000332,0.000124,0.012966,42.779327,42.404124,-3.003516,1.995114,-1.570120,0.000000,0.000000,0.000000,0.000000,0.000000,0.000000
1778249182.034024,0.641244,0.271967,1.096883,0.0000,0.0000,0.0000,0.000000,0.000000,0.140000,0.000000,0.000000,0.000000,0.641226,0.271923,1.096902,-0.000135,-0.000332,0.000124,0.012966,42.779327,42.404124,-3.003515,1.995111,-1.570121,0.000000,0.000000,0.000000,0.000000,0.000000,0.000000
1778249182.044228,0.641400,0.272023,1.096994,0.0000,0.0000,0.0000,0.000000,0.000000,0.140000,0.000000,0.000000,0.000000,0.641226,0.271923,1.096902,-0.001298,-0.000755,-0.000692,0.012899,42.772217,42.392773,-3.003516,1.995117,-1.570118,0.000000,0.000000,0.000000,0.000000,0.000000,0.000000
1778249182.054178,0.641408,0.272031,1.097000,0.0000,0.0000,0.0000,0.000000,0.000000,0.140000,0.000000,0.000000,0.000000,0.641226,0.271923,1.096902,-0.001358,-0.000814,-0.000731,0.012890,42.765004,42.387959,-3.003516,1.995114,-1.570122,0.000000,0.000000,0.000000,0.000000,0.000000,0.000000
1778249182.064276,0.641416,0.272030,1.097005,0.0000,0.0000,0.0000,0.000000,0.000000,0.140000,0.000000,0.000000,0.000000,0.641226,0.271923,1.096902,-0.001419,-0.000801,-0.000772,0.012903,42.778116,42.401201,-3.003516,1.995113,-1.570119,0.000000,0.000000,0.000000,0.000000,0.000000,0.000000
1778249182.074189,0.641419,0.272031,1.097011,0.0000,0.0000,0.0000,0.000000,0.000000,0.140000,0.000000,0.000000,0.000000,0.641226,0.271923,1.096902,-0.001446,-0.000812,-0.000819,0.012923,42.791457,42.414480,-3.003516,1.995114,-1.570119,0.000000,0.000000,0.000000,0.000000,0.000000,0.000000
1778249182.083731,0.641428,0.272039,1.097012,0.0000,0.0000,0.0000,0.000000,0.000000,0.140000,0.000000,0.000000,0.000000,0.641226,0.271923,1.096902,-0.001511,-0.000870,-0.000822,0.012944,42.828878,42.449575,-3.003516,1.995115,-1.570121,0.000000,0.000000,0.000000,0.000000,0.000000,0.000000
1778249182.093802,0.641429,0.272041,1.097011,0.0000,0.0000,0.0000,0.000000,0.000000,0.140000,0.000000,0.000000,0.000000,0.641226,0.271923,1.096902,-0.001521,-0.000888,-0.000818,0.012960,42.801987,42.425631,-3.003516,1.995113,-1.570119,0.000000,0.000000,0.000000,0.000000,0.000000,0.000000
1778249182.104077,0.641439,0.272043,1.097008,0.0000,0.0000,0.0000,0.000000,0.000000,0.140000,0.000000,0.000000,0.000000,0.641226,0.271923,1.096902,-0.001590,-0.000901,-0.000794,0.012975,42.870536,42.491961,-3.003516,1.995116,-1.570121,0.000000,0.000000,0.000000,0.000000,0.000000,0.000000
1778249182.114151,0.641442,0.272046,1.097007,0.0000,0.0000,0.0000,0.000000,0.000000,0.140000,0.000000,0.000000,0.000000,0.641226,0.271923,1.096902,-0.001590,-0.000901,-0.000794,0.012975,42.870536,42.491961,-3.003516,1.995115,-1.570121,0.000000,0.000000,0.000000,0.000000,0.000000,0.000000
1778249182.124254,0.641437,0.272045,1.097009,0.0000,0.0000,0.0000,0.000000,0.000000,0.140000,0.000000,0.000000,0.000000,0.641226,0.271923,1.096902,-0.001580,-0.000915,-0.000799,0.012989,42.779887,42.405608,-3.003516,1.995113,-1.570120,0.000000,0.000000,0.000000,0.000000,0.000000,0.000000
1778249182.134512,0.641437,0.272040,1.097009,0.0000,0.0000,0.0000,0.000000,0.000000,0.140000,0.000000,0.000000,0.000000,0.641226,0.271923,1.096902,-0.001580,-0.000915,-0.000799,0.012989,42.779887,42.405608,-3.003516,1.995115,-1.570119,0.000000,0.000000,0.000000,0.000000,0.000000,0.000000
1778249182.144247,0.641436,0.272041,1.097008,0.0000,0.0000,0.0000,0.000000,0.000000,0.140000,0.000000,0.000000,0.000000,0.641226,0.271923,1.096902,-0.001568,-0.000887,-0.000790,0.012983,42.785730,42.408524,-3.003516,1.995116,-1.570120,0.000000,0.000000,0.000000,0.000000,0.000000,0.000000
