timestamp,pos_x,pos_y,pos_z,force_x,force_y,force_z,adm_disp_x,adm_disp_y,adm_disp_z,adm_vel_x,adm_vel_y,adm_vel_z,ee_des_x,ee_des_y,ee_des_z,ee_vel_cmd_x,ee_vel_cmd_y,ee_vel_cmd_z,qdot_cmd_norm,tau_norm,tau_max_abs,base_x,base_y,base_yaw,base_ref_x,base_ref_y,base_ref_yaw,base_vel_cmd_x,base_vel_cmd_y,base_vel_cmd_yaw
1778249160.296249,0.642736,0.271363,0.963904,0.0000,0.0000,0.0000,0.000000,0.000000,0.000000,0.000000,0.000000,0.000000,0.642708,0.271316,0.963886,-0.000209,-0.000349,-0.000131,0.000747,40.912095,40.280104,-3.004099,1.996945,-1.574856,0.000000,0.000000,0.000000,0.000000,0.000000,0.000000
1778249160.305942,0.642741,0.271364,0.963901,0.0000,0.0000,0.0000,0.000000,0.000000,0.000000,0.000000,0.000000,0.000000,0.642708,0.271316,0.963886,-0.000242,-0.000357,-0.000114,0.000736,40.887244,40.254812,-3.004100,1.996937,-1.574846,0.000000,0.000000,0.000000,0.000000,0.000000,0.000000
1778249160.315842,0.642748,0.271362,0.963901,0.0000,0.0000,0.0000,0.000000,0.000000,0.000000,0.000000,0.000000,0.000000,0.642708,0.271316,0.963886,-0.000298,-0.000341,-0.000111,0.000745,40.874890,40.242935,-3.004101,1.996933,-1.574836,0.000000,0.000000,0.000000,0.000000,0.000000,0.000000
1778249160.325653,0.642744,0.271357,0.963905,0.0000,0.0000,0.0000,0.000000,0.000000,0.000000,0.000000,0.000000,0.000000,0.642708,0.271316,0.963886,-0.000269,-0.000307,-0.000143,0.000742,40.862452,40.236259,-3.004101,1.996924,-1.574830,0.000000,0.000000,0.000000,0.000000,0.000000,0.000000
1778249160.335629,0.642737,0.271355,0.963906,0.0000,0.0000,0.0000,0.000000,0.000000,0.000000,0.000000,0.000000,0.000000,0.642708,0.271316,0.963886,-0.000214,-0.000289,-0.000152,0.000719,40.910843,40.281130,-3.004101,1.996908,-1.574824,0.000000,0.000000,0.000000,0.000000,0.000000,0.000000
1778249160.346063,0.642741,0.271357,0.963902,0.0000,0.0000,0.0000,0.000000,0.000000,0.000000,0.000000,0.000000,0.000000,0.642708,0.271316,0.963886,-0.000245,-0.000306,-0.000117,0.000710,40.911613,40.279456,-3.004102,1.996898,-1.574814,0.000000,0.000000,0.000000,0.000000,0.000000,0.000000
1778249160.356369,0.642749,0.271357,0.963899,0.0000,0.0000,0.0000,0.000000,0.000000,0.000000,0.000000,0.000000,0.000000,0.642708,0.271316,0.963886,-0.000302,-0.000309,-0.000099,0.000722,40.884918,40.252688,-3.004103,1.996892,-1.574804,0.000000,0.000000,0.000000,0.000000,0.000000,0.000000
1778249160.365863,0.642751,0.271355,0.963901,0.0000,0.0000,0.0000,0.000000,0.000000,0.000000,0.000000,0.000000,0.000000,0.642708,0.271316,0.963886,-0.000318,-0.000288,-0.000112,0.000735,40.871219,40.240391,-3.004103,1.996884,-1.574796,0.000000,0.000000,0.000000,0.000000,0.000000,0.000000
1778249160.376213,0.642749,0.271351,0.963903,0.0000,0.0000,0.0000,0.000000,0.000000,0.000000,0.000000,0.000000,0.000000,0.642708,0.271316,0.963886,-0.000307,-0.000265,-0.000125,0.000740,40.871174,40.242687,-3.004104,1.996872,-1.574787,0.000000,0.000000,0.000000,0.000000,0.000000,0.000000
1778249160.385992,0.642740,0.271351,0.963904,0.0000,0.0000,0.0000,0.000000,0.000000,0.000000,0.000000,0.000000,0.000000,0.642708,0.271316,0.963886,-0.000307,-0.000265,-0.000125,0.000740,40.871174,40.242687,-3.004104,1.996858,-1.574785,0.000000,0.000000,0.000000,0.000000,0.000000,0.000000
1778249160.396122,0.642742,0.271353,0.963899,0.0000,0.0000,0.0000,0.000000,0.000000,0.000000,0.000000,0.000000,0.000000,0.642708,0.271316,0.963886,-0.000235,-0.000263,-0.000131,0.000717,40.900959,40.272976,-3.004104,1.996847,-1.574774,0.000000,0.000000,0.000000,0.000000,0.000000,0.000000
1778249160.406134,0.642751,0.271354,0.963895,0.0000,0.0000,0.0000,0.000000,0.000000,0.000000,0.000000,0.000000,0.000000,0.642708,0.271316,0.963886,-0.000256,-0.000274,-0.000096,0.000703,40.920027,40.287857,-3.004105,1.996838,-1.574761,0.000000,0.000000,0.000000,0.000000,0.000000,0.000000
1778249160.416075,0.642761,0.271352,0.963894,0.0000,0.0000,0.0000,0.000000,0.000000,0.000000,0.000000,0.000000,0.000000,0.642708,0.271316,0.963886,-0.000320,-0.000283,-0.000068,0.000714,40.893537,40.260481,-3.004106,1.996835,-1.574751,0.000000,0.000000,0.000000,0.000000,0.000000,0.000000
1778249160.425998,0.642756,0.271352,0.963895,0.0000,0.0000,0.0000,0.000000,0.000000,0.000000,0.000000,0.000000,0.000000,0.642708,0.271316,0.963886,-0.000355,-0.000271,-0.000068,0.000757,40.884964,40.259138,-3.004108,1.996819,-1.574751,0.000000,0.000000,0.000000,0.000000,0.000000,0.000000
1778249160.435707,0.642755,0.271351,0.963894,0.0000,0.0000,0.0000,0.000000,0.000000,0.000000,0.000000,0.000000,0.000000,0.642708,0.271316,0.963886,-0.000353,-0.000261,-0.000062,0.000761,40.903684,40.269834,-3.004108,1.996810,-1.574740,0.000000,0.000000,0.000000,0.000000,0.000000,0.000000
1778249160.445679,0.642762,0.271352,0.963892,0.0000,0.0000,0.0000,0.000000,0.000000,0.000000,0.000000,0.000000,0.000000,0.642708,0.271316,0.963886,-0.000405,-0.000268,-0.000044,0.000782,40.891576,40.259193,-3.004109,1.996804,-1.574729,0.000000,0.000000,0.000000,0.000000,0.000000,0.000000
1778249160.455773,0.642762,0.271353,0.963890,0.0000,0.0000,0.0000,0.000000,0.000000,0.000000,0.000000,0.000000,0.000000,0.642708,0.271316,0.963886,-0.000399,-0.000276,-0.000029,0.000793,40.906419,40.274285,-3.004110,1.996791,-1.574726,0.000000,0.000000,0.000000,0.000000,0.000000,0.000000
1778249160.465710,0.642763,0.271350,0.963891,0.0000,0.0000,0.0000,0.000000,0.000000,0.000000,0.000000,0.000000,0.000000,0.642708,0.271316,0.963886,-0.000407,-0.000255,-0.000034,0.000802,40.870260,40.239950,-3.004110,1.996783,-1.574715,0.000000,0.000000,0.000000,0.000000,0.000000,0.000000
1778249160.475932,0.642763,0.271348,0.963891,0.0000,0.0000,0.0000,0.000000,0.000000,0.000000,0.000000,0.000000,0.000000,0.642708,0.271316,0.963886,-0.000408,-0.000239,-0.000038,0.000808,40.899392,40.265547,-3.004111,1.996773,-1.574705,0.000000,0.000000,0.000000,0.000000,0.000000,0.000000
1778249160.486176,0.642758,0.271346,0.963893,0.0000,0.0000,0.0000,0.000000,0.000000,0.000000,0.000000,0.000000,0.000000,0.642708,0.271316,0.963886,-0.000408,-0.000239,-0.000038,0.000808,40.899392,40.265547,-3.004111,1.996759,-1.574694,0.000000,0.000000,0.000000,0.000000,0.000000,0.000000
1778249160.496004,0.642756,0.271344,0.963891,0.0000,0.0000,0.0000,0.000000,0.000000,0.000000,0.000000,0.000000,0.000000,0.642708,0.271316,0.963886,-0.000361,-0.000208,-0.000036,0.000781,40.926015,40.292628,-3.004111,1.996749,-1.574686,0.000000,0.000000,0.000000,0.000000,0.000000,0.000000
1778249160.506351,0.642762,0.271342,0.963887,0.0000,0.0000,0.0000,0.000000,0.000000,0.000000,0.000000,0.000000,0.000000,0.642708,0.271316,0.963886,-0.000405,-0.000193,-0.000010,0.000783,40.881162,40.250206,-3.004111,1.996739,-1.574668,0.000000,0.000000,0.000000,0.000000,0.000000,0.000000
1778249160.516285,0.642759,0.271339,0.963890,0.0000,0.0000,0.0000,0.000000,0.000000,0.000000,0.000000,0.000000,0.000000,0.642708,0.271316,0.963886,-0.000380,-0.000174,-0.000027,0.000774,40.880596,40.253523,-3.004110,1.996727,-1.574656,0.000000,0.000000,0.000000,0.000000,0.000000,0.000000
1778249160.526176,0.642763,0.271336,0.963887,0.0000,0.0000,0.0000,0.000000,0.000000,0.000000,0.000000,0.000000,0.000000,0.642708,0.271316,0.963886,-0.000408,-0.000148,-0.000004,0.000775,40.917915,40.281932,-3.004110,1.996719,-1.574641,0.000000,0.000000,0.000000,0.000000,0.000000,0.000000
1778249160.536029,0.642760,0.271333,0.963887,0.0000,0.0000,0.0000,0.000000,0.000000,0.000000,0.000000,0.000000,0.000000,0.642708,0.271316,0.963886,-0.000391,-0.000127,-0.000010,0.000767,40.873227,40.245550,-3.004110,1.996705,-1.574630,0.000000,0.000000,0.000000,0.000000,0.000000,0.000000
1778249160.545641,0.642760,0.271330,0.963885,0.0000,0.0000,0.0000,0.000000,0.000000,0.000000,0.000000,0.000000,0.000000,0.642708,0.271316,0.963886,-0.000386,-0.000105,0.000011,0.000756,40.925483,40.290842,-3.004109,1.996691,-1.574616,0.000000,0.000000,0.000000,0.000000,0.000000,0.000000
1778249160.555836,0.642763,0.271329,0.963883,0.0000,0.0000,0.0000,0.000000,0.000000,0.000000,0.000000,0.000000,0.000000,0.642708,0.271316,0.963886,-0.000412,-0.000093,0.000024,0.000756,40.881785,40.250930,-3.004109,1.996683,-1.574600,0.000000,0.000000,0.000000,0.000000,0.000000,0.000000
1778249160.565663,0.642756,0.271326,0.963885,0.0000,0.0000,0.0000,0.000000,0.000000,0.000000,0.000000,0.000000,0.000000,0.642708,0.271316,0.963886,-0.000354,-0.000071,0.000005,0.000733,40.910960,40.280626,-3.004108,1.996667,-1.574588,0.000000,0.000000,0.000000,0.000000,0.000000,0.000000
1778249160.575813,0.642761,0.271324,0.963881,0.0000,0.0000,0.0000,0.000000,0.000000,0.000000,0.000000,0.000000,0.000000,0.642708,0.271316,0.963886,-0.000393,-0.000056,0.000037,0.000730,40.910604,40.278042,-3.004108,1.996656,-1.574570,0.000000,0.000000,0.000000,0.000000,0.000000,0.000000
1778249160.585862,0.642761,0.271322,0.963882,0.0000,0.0000,0.0000,0.000000,0.000000,0.000000,0.000000,0.000000,0.000000,0.642708,0.271316,0.963886,-0.000393,-0.000056,0.000037,0.000730,40.910604,40.278042,-3.004107,1.996645,-1.574556,0.000000,0.000000,0.000000,0.000000,0.000000,0.000000
1778249160.595886,0.642762,0.271321,0.963883,0.0000,0.0000,0.0000,0.000000,0.000000,0.000000,0.000000,0.000000,0.000000,0.642708,0.271316,0.963886,-0.000407,-0.000034,0.000025,0.000734,40.869270,40.239740,-3.004107,1.996636,-1.574540,0.000000,0.000000,0.000000,0.000000,0.000000,0.000000
1778249160.605674,0.642753,0.271320,0.963886,0.0000,0.0000,0.0000,0.000000,0.000000,0.000000,0.000000,0.000000,0.000000,0.642708,0.271316,0.963886,-0.000337,-0.000031,0.000003,0.000710,40.913428,40.284892,-3.004107,1.996620,-1.574530,0.000000,0.000000,0.000000,0.000000,0.000000,0.000000
1778249160.615797,0.642750,0.271319,0.963884,0.0000,0.0000,0.0000,0.000000,0.000000,0.000000,0.000000,0.000000,0.000000,0.642708,0.271316,0.963886,-0.000312,-0.000023,0.000017,0.000681,40.923030,40.292523,-3.004106,1.996604,-1.574514,0.000000,0.000000,0.000000,0.000000,0.000000,0.000000
1778249160.625860,0.642757,0.271318,0.963879,0.0000,0.0000,0.0000,0.000000,0.000000,0.000000,0.000000,0.000000,0.000000,0.642708,0.271316,0.963886,-0.000364,-0.000017,0.000050,0.000680,40.904044,40.267930,-3.004106,1.996590,-1.574497,0.000000,0.000000,0.000000,0.000000,0.000000,0.000000
1778249160.635973,0.642764,0.271318,0.963879,0.0000,0.0000,0.0000,0.000000,0.000000,0.000000,0.000000,0.000000,0.000000,0.642708,0.271316,0.963886,-0.000415,-0.000011,0.000049,0.000703,40.871451,40.236874,-3.004105,1.996583,-1.574479,0.000000,0.000000,0.000000,0.000000,0.000000,0.000000
1778249160.646217,0.642758,0.271322,0.963882,0.0000,0.0000,0.0000,0.000000,0.000000,0.000000,0.000000,0.000000,0.000000,0.642708,0.271316,0.963886,-0.000376,-0.000040,0.000031,0.000703,40.905301,40.276907,-3.004106,1.996573,-1.574469,0.000000,0.000000,0.000000,0.000000,0.000000,0.000000
1778249160.655947,0.642755,0.271323,0.963883,0.0000,0.0000,0.0000,0.000000,0.000000,0.000000,0.000000,0.000000,0.000000,0.642708,0.271316,0.963886,-0.000352,-0.000050,0.000024,0.000694,40.888004,40.257933,-3.004106,1.996560,-1.574458,0.000000,0.000000,0.000000,0.000000,0.000000,0.000000
1778249160.666363,0.642753,0.271324,0.963886,0.0000,0.0000,0.0000,0.000000,0.000000,0.000000,0.000000,0.000000,0.000000,0.642708,0.271316,0.963886,-0.000338,-0.000062,0.000002,0.000686,40.854741,40.226900,-3.004106,1.996551,-1.574443,0.000000,0.000000,0.000000,0.000000,0.000000,0.000000
1778249160.675923,0.642747,0.271325,0.963890,0.0000,0.0000,0.0000,0.000000,0.000000,0.000000,0.000000,0.000000,0.000000,0.642708,0.271316,0.963886,-0.000290,-0.000063,-0.000033,0.000664,40.879585,40.250123,-3.004105,1.996538,-1.574429,0.000000,0.000000,0.000000,0.000000,0.000000,0.000000
1778249160.686224,0.642745,0.271325,0.963889,0.0000,0.0000,0.0000,0.000000,0.000000,0.000000,0.000000,0.000000,0.000000,0.642708,0.271316,0.963886,-0.000277,-0.000068,-0.000020,0.000643,40.921382,40.287820,-3.004105,1.996523,-1.574413,0.000000,0.000000,0.000000,0.000000,0.000000,0.000000
1778249160.696058,0.642748,0.271326,0.963887,0.0000,0.0000,0.0000,0.000000,0.000000,0.000000,0.000000,0.000000,0.000000,0.642708,0.271316,0.963886,-0.000301,-0.000074,-0.000006,0.000638,40.875980,40.245284,-3.004104,1.996513,-1.574396,0.000000,0.000000,0.000000,0.000000,0.000000,0.000000
1778249160.705902,0.642748,0.271326,0.963888,0.0000,0.0000,0.0000,0.000000,0.000000,0.000000,0.000000,0.000000,0.000000,0.642708,0.271316,0.963886,-0.000296,-0.000074,-0.000012,0.000633,40.894868,40.261874,-3.004104,1.996500,-1.574381,0.000000,0.000000,0.000000,0.000000,0.000000,0.000000
1778249160.716108,0.642739,0.271327,0.963891,0.0000,0.0000,0.0000,0.000000,0.000000,0.000000,0.000000,0.000000,0.000000,0.642708,0.271316,0.963886,-0.000233,-0.000081,-0.000040,0.000608,40.865173,40.239853,-3.004104,1.996487,-1.574367,0.000000,0.000000,0.000000,0.000000,0.000000,0.000000
1778249160.725977,0.642733,0.271328,0.963890,0.0000,0.0000,0.0000,0.000000,0.000000,0.000000,0.000000,0.000000,0.000000,0.642708,0.271316,0.963886,-0.000188,-0.000086,-0.000031,0.000574,40.932876,40.301146,-3.004103,1.996468,-1.574353,0.000000,0.000000,0.000000,0.000000,0.000000,0.000000
1778249160.735821,0.642740,0.271328,0.963885,0.0000,0.0000,0.0000,0.000000,0.000000,0.000000,0.000000,0.000000,0.000000,0.642708,0.271316,0.963886,-0.000237,-0.000090,0.000008,0.000564,40.908257,40.275847,-3.004102,1.996456,-1.574332,0.000000,0.000000,0.000000,0.000000,0.000000,0.000000
1778249160.746366,0.642746,0.271329,0.963885,0.0000,0.0000,0.0000,0.000000,0.000000,0.000000,0.000000,0.000000,0.000000,0.642708,0.271316,0.963886,-0.000281,-0.000095,0.000010,0.000575,40.874444,40.243390,-3.004102,1.996447,-1.574314,0.000000,0.000000,0.000000,0.000000,0.000000,0.000000
1778249160.755979,0.642738,0.271328,0.963892,0.0000,0.0000,0.0000,0.000000,0.000000,0.000000,0.000000,0.000000,0.000000,0.642708,0.271316,0.963886,-0.000223,-0.000091,-0.000044,0.000568,40.858810,40.230346,-3.004102,1.996434,-1.574302,0.000000,0.000000,0.000000,0.000000,0.000000,0.000000
1778249160.766341,0.642736,0.271327,0.963891,0.0000,0.0000,0.0000,0.000000,0.000000,0.000000,0.000000,0.000000,0.000000,0.642708,0.271316,0.963886,-0.000223,-0.000091,-0.000044,0.000568,40.858810,40.230346,-3.004101,1.996417,-1.574279,0.000000,0.000000,0.000000,0.000000,0.000000,0.000000
1778249160.776190,0.642740,0.271328,0.963890,0.0000,0.0000,0.0000,0.000000,0.000000,0.000000,0.000000,0.000000,0.000000,0.642708,0.271316,0.963886,-0.000234,-0.000091,-0.000028,0.000558,40.884674,40.252738,-3.004100,1.996406,-1.574259,0.000000,0.000000,0.000000,0.000000,0.000000,0.000000
1778249160.786038,0.642742,0.271329,0.963890,0.0000,0.0000,0.0000,0.000000,0.000000,0.000000,0.000000,0.000000,0.000000,0.642708,0.271316,0.963886,-0.000254,-0.000095,-0.000027,0.000567,40.890179,40.256188,-3.004100,1.996397,-1.574239,0.000000,0.000000,0.000000,0.000000,0.000000,0.000000
1778249160.796170,0.642737,0.271334,0.963889,0.0000,0.0000,0.0000,0.000000,0.000000,0.000000,0.000000,0.000000,0.000000,0.642708,0.271316,0.963886,-0.000216,-0.000137,-0.000024,0.000560,40.912813,40.283906,-3.004100,1.996380,-1.574227,0.000000,0.000000,0.000000,0.000000,0.000000,0.000000
1778249160.805617,0.642733,0.271335,0.963891,0.0000,0.0000,0.0000,0.000000,0.000000,0.000000,0.000000,0.000000,0.000000,0.642708,0.271316,0.963886,-0.000187,-0.000142,-0.000041,0.000549,40.869472,40.238399,-3.004100,1.996367,-1.574210,0.000000,0.000000,0.000000,0.000000,0.000000,0.000000
1778249160.815665,0.642732,0.271335,0.963892,0.0000,0.0000,0.0000,0.000000,0.000000,0.000000,0.000000,0.000000,0.000000,0.642708,0.271316,0.963886,-0.000181,-0.000140,-0.000049,0.000541,40.883927,40.251548,-3.004099,1.996357,-1.574188,0.000000,0.000000,0.000000,0.000000,0.000000,0.000000
1778249160.826109,0.642728,0.271337,0.963895,0.0000,0.0000,0.0000,0.000000,0.000000,0.000000,0.000000,0.000000,0.000000,0.642708,0.271316,0.963886,-0.000146,-0.000154,-0.000065,0.000528,40.896130,40.265795,-3.004099,1.996343,-1.574169,0.000000,0.000000,0.000000,0.000000,0.000000,0.000000
1778249160.836585,0.642726,0.271338,0.963895,0.0000,0.0000,0.0000,0.000000,0.000000,0.000000,0.000000,0.000000,0.000000,0.642708,0.271316,0.963886,-0.000130,-0.000160,-0.000070,0.000517,40.896984,40.264369,-3.004099,1.996328,-1.574146,0.000000,0.000000,0.000000,0.000000,0.000000,0.000000
1778249160.846364,0.642727,0.271338,0.963895,0.0000,0.0000,0.0000,0.000000,0.000000,0.000000,0.000000,0.000000,0.000000,0.642708,0.271316,0.963886,-0.000143,-0.000165,-0.000068,0.000514,40.873295,40.241750,-3.004099,1.996321,-1.574130,0.000000,0.000000,0.000000,0.000000,0.000000,0.000000
1778249160.856109,0.642724,0.271340,0.963897,0.0000,0.0000,0.0000,0.000000,0.000000,0.000000,0.000000,0.000000,0.000000,0.642708,0.271316,0.963886,-0.000117,-0.000181,-0.000081,0.000509,40.878457,40.250653,-3.004098,1.996310,-1.574110,0.000000,0.000000,0.000000,0.000000,0.000000,0.000000
1778249160.866110,0.642723,0.271342,0.963897,0.0000,0.0000,0.0000,0.000000,0.000000,0.000000,0.000000,0.000000,0.000000,0.642708,0.271316,0.963886,-0.000110,-0.000194,-0.000081,0.000505,40.875851,40.246913,-3.004099,1.996299,-1.574092,0.000000,0.000000,0.000000,0.000000,0.000000,0.000000
1778249160.876135,0.642719,0.271343,0.963899,0.0000,0.0000,0.0000,0.000000,0.000000,0.000000,0.000000,0.000000,0.000000,0.642708,0.271316,0.963886,-0.000081,-0.000202,-0.000097,0.000500,40.883278,40.256088,-3.004098,1.996287,-1.574072,0.000000,0.000000,0.000000,0.000000,0.000000,0.000000
1778249160.885993,0.642718,0.271345,0.963897,0.0000,0.0000,0.0000,0.000000,0.000000,0.000000,0.000000,0.000000,0.000000,0.642708,0.271316,0.963886,-0.000081,-0.000202,-0.000097,0.000500,40.883278,40.256088,-3.004098,1.996274,-1.574054,0.000000,0.000000,0.000000,0.000000,0.000000,0.000000
1778249160.896230,0.642717,0.271346,0.963897,0.0000,0.0000,0.0000,0.000000,0.000000,0.000000,0.000000,0.000000,0.000000,0.642708,0.271316,0.963886,-0.000064,-0.000222,-0.000079,0.000491,40.912882,40.279695,-3.004098,1.996258,-1.574034,0.000000,0.000000,0.000000,0.000000,0.000000,0.000000
1778249160.906227,0.642725,0.271346,0.963893,0.0000,0.0000,0.0000,0.000000,0.000000,0.000000,0.000000,0.000000,0.000000,0.642708,0.271316,0.963886,-0.000124,-0.000222,-0.000054,0.000498,40.886928,40.251987,-3.004098,1.996248,-1.574010,0.000000,0.000000,0.000000,0.000000,0.000000,0.000000
1778249160.916019,0.642728,0.271347,0.963893,0.0000,0.0000,0.0000,0.000000,0.000000,0.000000,0.000000,0.000000,0.000000,0.642708,0.271316,0.963886,-0.000149,-0.000233,-0.000052,0.000510,40.917675,40.289023,-3.004099,1.996242,-1.573985,0.000000,0.000000,0.000000,0.000000,0.000000,0.000000
1778249160.926078,0.642722,0.271347,0.963896,0.0000,0.0000,0.0000,0.000000,0.000000,0.000000,0.000000,0.000000,0.000000,0.642708,0.271316,0.963886,-0.000104,-0.000235,-0.000072,0.000511,40.879536,40.248804,-3.004100,1.996224,-1.573972,0.000000,0.000000,0.000000,0.000000,0.000000,0.000000
1778249160.935937,0.642722,0.271347,0.963896,0.0000,0.0000,0.0000,0.000000,0.000000,0.000000,0.000000,0.000000,0.000000,0.642708,0.271316,0.963886,-0.000103,-0.000231,-0.000078,0.000512,40.875824,40.244960,-3.004100,1.996213,-1.573950,0.000000,0.000000,0.000000,0.000000,0.000000,0.000000
1778249160.945974,0.642723,0.271348,0.963897,0.0000,0.0000,0.0000,0.000000,0.000000,0.000000,0.000000,0.000000,0.000000,0.642708,0.271316,0.963886,-0.000111,-0.000237,-0.000083,0.000517,40.885353,40.254395,-3.004101,1.996203,-1.573927,0.000000,0.000000,0.000000,0.000000,0.000000,0.000000
1778249160.955959,0.642722,0.271348,0.963899,0.0000,0.0000,0.0000,0.000000,0.000000,0.000000,0.000000,0.000000,0.000000,0.642708,0.271316,0.963886,-0.000106,-0.000238,-0.000098,0.000521,40.870972,40.242114,-3.004102,1.996193,-1.573907,0.000000,0.000000,0.000000,0.000000,0.000000,0.000000
1778249160.965838,0.642718,0.271349,0.963901,0.0000,0.0000,0.0000,0.000000,0.000000,0.000000,0.000000,0.000000,0.000000,0.642708,0.271316,0.963886,-0.000074,-0.000247,-0.000111,0.000520,40.887109,40.258942,-3.004102,1.996180,-1.573888,0.000000,0.000000,0.000000,0.000000,0.000000,0.000000
1778249160.975856,0.642724,0.271350,0.963897,0.0000,0.0000,0.0000,0.000000,0.000000,0.000000,0.000000,0.000000,0.000000,0.642708,0.271316,0.963886,-0.000116,-0.000254,-0.000083,0.000526,40.916166,40.283227,-3.004103,1.996170,-1.573866,0.000000,0.000000,0.000000,0.000000,0.000000,0.000000
1778249160.985910,0.642727,0.271349,0.963897,0.0000,0.0000,0.0000,0.000000,0.000000,0.000000,0.000000,0.000000,0.000000,0.642708,0.271316,0.963886,-0.000141,-0.000245,-0.000084,0.000535,40.888697,40.256282,-3.004104,1.996159,-1.573842,0.000000,0.000000,0.000000,0.000000,0.000000,0.000000
1778249160.995864,0.642723,0.271349,0.963899,0.0000,0.0000,0.0000,0.000000,0.000000,0.000000,0.000000,0.000000,0.000000,0.642708,0.271316,0.963886,-0.000112,-0.000243,-0.000100,0.000537,40.870206,40.242990,-3.004105,1.996147,-1.573821,0.000000,0.000000,0.000000,0.000000,0.000000,0.000000
1778249161.006277,0.642718,0.271348,0.963900,0.0000,0.0000,0.0000,0.000000,0.000000,0.000000,0.000000,0.000000,0.000000,0.642708,0.271316,0.963886,-0.000072,-0.000243,-0.000107,0.000529,40.910623,40.278103,-3.004106,1.996131,-1.573803,0.000000,0.000000,0.000000,0.000000,0.000000,0.000000
1778249161.016165,0.642725,0.271348,0.963895,0.0000,0.0000,0.0000,0.000000,0.000000,0.000000,0.000000,0.000000,0.000000,0.642708,0.271316,0.963886,-0.000128,-0.000237,-0.000067,0.000530,40.900132,40.264923,-3.004107,1.996118,-1.573768,0.000000,0.000000,0.000000,0.000000,0.000000,0.000000
1778249161.025980,0.642732,0.271345,0.963895,0.0000,0.0000,0.0000,0.000000,0.000000,0.000000,0.000000,0.000000,0.000000,0.642708,0.271316,0.963886,-0.000176,-0.000216,-0.000064,0.000539,40.881109,40.251433,-3.004108,1.996113,-1.573746,0.000000,0.000000,0.000000,0.000000,0.000000,0.000000
1778249161.036688,0.642723,0.271344,0.963899,0.0000,0.0000,0.0000,0.000000,0.000000,0.000000,0.000000,0.000000,0.000000,0.642708,0.271316,0.963886,-0.000176,-0.000216,-0.000064,0.000539,40.881109,40.251433,-3.004110,1.996094,-1.573720,0.000000,0.000000,0.000000,0.000000,0.000000,0.000000
1778249161.045875,0.642721,0.271344,0.963898,0.0000,0.0000,0.0000,0.000000,0.000000,0.000000,0.000000,0.000000,0.000000,0.642708,0.271316,0.963886,-0.000095,-0.000211,-0.000087,0.000523,40.911229,40.277641,-3.004111,1.996080,-1.573696,0.000000,0.000000,0.000000,0.000000,0.000000,0.000000
1778249161.056088,0.642728,0.271344,0.963893,0.0000,0.0000,0.0000,0.000000,0.000000,0.000000,0.000000,0.000000,0.000000,0.642708,0.271316,0.963886,-0.000147,-0.000213,-0.000056,0.000525,40.901581,40.265842,-3.004112,1.996070,-1.573666,0.000000,0.000000,0.000000,0.000000,0.000000,0.000000
1778249161.065709,0.642725,0.271343,0.963897,0.0000,0.0000,0.0000,0.000000,0.000000,0.000000,0.000000,0.000000,0.000000,0.642708,0.271316,0.963886,-0.000124,-0.000200,-0.000085,0.000524,40.870012,40.244311,-3.004114,1.996058,-1.573642,0.000000,0.000000,0.000000,0.000000,0.000000,0.000000
1778249161.075559,0.642717,0.271343,0.963899,0.0000,0.0000,0.0000,0.000000,0.000000,0.000000,0.000000,0.000000,0.000000,0.642708,0.271316,0.963886,-0.000069,-0.000204,-0.000098,0.000512,40.910176,40.280403,-3.004115,1.996040,-1.573621,0.000000,0.000000,0.000000,0.000000,0.000000,0.000000
1778249161.085882,0.642724,0.271346,0.963895,0.0000,0.0000,0.0000,0.000000,0.000000,0.000000,0.000000,0.000000,0.000000,0.642708,0.271316,0.963886,-0.000117,-0.000221,-0.000065,0.000513,40.907760,40.274902,-3.004117,1.996031,-1.573594,0.000000,0.000000,0.000000,0.000000,0.000000,0.000000
1778249161.095848,0.642726,0.271346,0.963894,0.0000,0.0000,0.0000,0.000000,0.000000,0.000000,0.000000,0.000000,0.000000,0.642708,0.271316,0.963886,-0.000134,-0.000224,-0.000062,0.000517,40.925500,40.297349,-3.004119,1.996021,-1.573567,0.000000,0.000000,0.000000,0.000000,0.000000,0.000000
1778249161.105909,0.642720,0.271347,0.963896,0.0000,0.0000,0.0000,0.000000,0.000000,0.000000,0.000000,0.000000,0.000000,0.642708,0.271316,0.963886,-0.000085,-0.000231,-0.000078,0.000513,40.882342,40.253243,-3.004120,1.996001,-1.573550,0.000000,0.000000,0.000000,0.000000,0.000000,0.000000
1778249161.116359,0.642724,0.271346,0.963896,0.0000,0.0000,0.0000,0.000000,0.000000,0.000000,0.000000,0.000000,0.000000,0.642708,0.271316,0.963886,-0.000119,-0.000226,-0.000077,0.000517,40.883752,40.251967,-3.004122,1.995992,-1.573523,0.000000,0.000000,0.000000,0.000000,0.000000,0.000000
1778249161.126340,0.642729,0.271343,0.963899,0.0000,0.0000,0.0000,0.000000,0.000000,0.000000,0.000000,0.000000,0.000000,0.642708,0.271316,0.963886,-0.000119,-0.000226,-0.000077,0.000517,40.883752,40.251967,-3.004124,1.995980,-1.573491,0.000000,0.000000,0.000000,0.000000,0.000000,0.000000
1778249161.136689,0.642724,0.271342,0.963902,0.0000,0.0000,0.0000,0.000000,0.000000,0.000000,0.000000,0.000000,0.000000,0.642708,0.271316,0.963886,-0.000153,-0.000201,-0.000095,0.000527,40.864644,40.232637,-3.004126,1.995964,-1.573471,0.000000,0.000000,0.000000,0.000000,0.000000,0.000000
1778249161.146235,0.642726,0.271342,0.963900,0.0000,0.0000,0.0000,0.000000,0.000000,0.000000,0.000000,0.000000,0.000000,0.642708,0.271316,0.963886,-0.000132,-0.000195,-0.000105,0.000531,40.915849,40.284008,-3.004127,1.995953,-1.573444,0.000000,0.000000,0.000000,0.000000,0.000000,0.000000
1778249161.155804,0.642730,0.271341,0.963899,0.0000,0.0000,0.0000,0.000000,0.000000,0.000000,0.000000,0.000000,0.000000,0.642708,0.271316,0.963886,-0.000164,-0.000188,-0.000098,0.000539,40.885113,40.252991,-3.004129,1.995942,-1.573418,0.000000,0.000000,0.000000,0.000000,0.000000,0.000000
1778249161.165982,0.642730,0.271340,0.963901,0.0000,0.0000,0.0000,0.000000,0.000000,0.000000,0.000000,0.000000,0.000000,0.642708,0.271316,0.963886,-0.000166,-0.000177,-0.000112,0.000547,40.872596,40.244604,-3.004131,1.995930,-1.573394,0.000000,0.000000,0.000000,0.000000,0.000000,0.000000
1778249161.176042,0.642724,0.271342,0.963900,0.0000,0.0000,0.0000,0.000000,0.000000,0.000000,0.000000,0.000000,0.000000,0.642708,0.271316,0.963886,-0.000119,-0.000195,-0.000106,0.000541,40.905555,40.274993,-3.004132,1.995911,-1.573374,0.000000,0.000000,0.000000,0.000000,0.000000,0.000000
1778249161.185785,0.642726,0.271344,0.963897,0.0000,0.0000,0.0000,0.000000,0.000000,0.000000,0.000000,0.000000,0.000000,0.642708,0.271316,0.963886,-0.000136,-0.000210,-0.000083,0.000539,40.920242,40.285680,-3.004133,1.995898,-1.573348,0.000000,0.000000,0.000000,0.000000,0.000000,0.000000
1778249161.196012,0.642731,0.271342,0.963897,0.0000,0.0000,0.0000,0.000000,0.000000,0.000000,0.000000,0.000000,0.000000,0.642708,0.271316,0.963886,-0.000136,-0.000210,-0.000083,0.000539,40.920242,40.285680,-3.004136,1.995889,-1.573318,0.000000,0.000000,0.000000,0.000000,0.000000,0.000000
1778249161.205891,0.642730,0.271339,0.963899,0.0000,0.0000,0.0000,0.000000,0.000000,0.000000,0.000000,0.000000,0.000000,0.642708,0.271316,0.963886,-0.000160,-0.000172,-0.000100,0.000547,40.893536,40.262862,-3.004137,1.995874,-1.573294,0.000000,0.000000,0.000000,0.000000,0.000000,0.000000
1778249161.216266,0.642732,0.271340,0.963898,0.0000,0.0000,0.0000,0.000000,0.000000,0.000000,0.000000,0.000000,0.000000,0.642708,0.271316,0.963886,-0.000160,-0.000172,-0.000100,0.000547,40.893536,40.262862,-3.004139,1.995860,-1.573263,0.000000,0.000000,0.000000,0.000000,0.000000,0.000000
1778249161.226068,0.642729,0.271340,0.963899,0.0000,0.0000,0.0000,0.000000,0.000000,0.000000,0.000000,0.000000,0.000000,0.642708,0.271316,0.963886,-0.000154,-0.000180,-0.000101,0.000551,40.885907,40.258651,-3.004140,1.995846,-1.573239,0.000000,0.000000,0.000000,0.000000,0.000000,0.000000
1778249161.236072,0.642725,0.271341,0.963900,0.0000,0.0000,0.0000,0.000000,0.000000,0.000000,0.000000,0.000000,0.000000,0.642708,0.271316,0.963886,-0.000124,-0.000185,-0.000104,0.000542,40.903836,40.273397,-3.004141,1.995830,-1.573217,0.000000,0.000000,0.000000,0.000000,0.000000,0.000000
1778249161.246486,0.642733,0.271341,0.963895,0.0000,0.0000,0.0000,0.000000,0.000000,0.000000,0.000000,0.000000,0.000000,0.642708,0.271316,0.963886,-0.000183,-0.000187,-0.000070,0.000548,40.916111,40.282829,-3.004143,1.995820,-1.573190,0.000000,0.000000,0.000000,0.000000,0.000000,0.000000
1778249161.256104,0.642733,0.271340,0.963898,0.0000,0.0000,0.0000,0.000000,0.000000,0.000000,0.000000,0.000000,0.000000,0.642708,0.271316,0.963886,-0.000182,-0.000177,-0.000088,0.000554,40.870154,40.238675,-3.004144,1.995808,-1.573165,0.000000,0.000000,0.000000,0.000000,0.000000,0.000000
1778249161.266004,0.642737,0.271340,0.963896,0.0000,0.0000,0.0000,0.000000,0.000000,0.000000,0.000000,0.000000,0.000000,0.642708,0.271316,0.963886,-0.000217,-0.000177,-0.000076,0.000567,40.916134,40.281452,-3.004145,1.995799,-1.573139,0.000000,0.000000,0.000000,0.000000,0.000000,0.000000
1778249161.276446,0.642737,0.271344,0.963894,0.0000,0.0000,0.0000,0.000000,0.000000,0.000000,0.000000,0.000000,0.000000,0.642708,0.271316,0.963886,-0.000217,-0.000177,-0.000076,0.000567,40.916134,40.281452,-3.004146,1.995786,-1.573119,0.000000,0.000000,0.000000,0.000000,0.000000,0.000000
1778249161.286306,0.642732,0.271345,0.963897,0.0000,0.0000,0.0000,0.000000,0.000000,0.000000,0.000000,0.000000,0.000000,0.642708,0.271316,0.963886,-0.000176,-0.000213,-0.000079,0.000575,40.879446,40.251279,-3.004147,1.995772,-1.573098,0.000000,0.000000,0.000000,0.000000,0.000000,0.000000
1778249161.296165,0.642732,0.271344,0.963898,0.0000,0.0000,0.0000,0.000000,0.000000,0.000000,0.000000,0.000000,0.000000,0.642708,0.271316,0.963886,-0.000177,-0.000209,-0.000087,0.000575,40.879776,40.250424,-3.004148,1.995761,-1.573074,0.000000,0.000000,0.000000,0.000000,0.000000,0.000000
1778249161.305681,0.642736,0.271342,0.963897,0.0000,0.0000,0.0000,0.000000,0.000000,0.000000,0.000000,0.000000,0.000000,0.642708,0.271316,0.963886,-0.000209,-0.000192,-0.000086,0.000583,40.883091,40.250454,-3.004149,1.995751,-1.573051,0.000000,0.000000,0.000000,0.000000,0.000000,0.000000
1778249161.315710,0.642732,0.271341,0.963900,0.0000,10.0000,0.0000,0.000000,0.000180,0.000000,0.000000,0.018000,0.000000,0.642708,0.271496,0.963886,-0.000180,0.019163,-0.000102,0.006359,40.858514,40.227951,-3.004149,1.995739,-1.573029,0.000000,0.000000,0.000000,0.000000,0.000000,0.000000
1778249161.325825,0.642733,0.271346,0.963898,0.0000,10.0000,0.0000,0.000000,0.000486,0.000000,0.000000,0.030600,0.000000,0.642708,0.271802,0.963886,-0.000186,0.034020,-0.000089,0.015830,40.876866,40.230308,-3.004149,1.995726,-1.573006,0.000000,0.000000,0.000000,0.000000,0.000000,0.000000
1778249161.336186,0.642742,0.271363,0.963894,0.0000,10.0000,0.0000,0.000000,0.000880,0.000000,0.000000,0.039420,0.000000,0.642708,0.272196,0.963886,-0.000251,0.045669,-0.000062,0.026219,40.830150,40.171196,-3.004150,1.995719,-1.572980,0.000000,0.000000,0.000000,0.000000,0.000000,0.000000
1778249161.345914,0.642735,0.271401,0.963894,0.0000,10.0000,0.0000,0.000000,0.001336,0.000000,0.000000,0.045594,0.000000,0.642708,0.272652,0.963886,-0.000198,0.054977,-0.000063,0.036434,40.822820,40.153323,-3.004151,1.995703,-1.572965,0.000000,0.000000,0.000000,0.000000,0.000000,0.000000
1778249161.356157,0.642734,0.271464,0.963895,0.0000,10.0000,0.0000,0.000000,0.001835,0.000000,0.000000,0.049916,0.000000,0.642708,0.273151,0.963886,-0.000194,0.062571,-0.000068,0.045951,40.831645,40.142171,-3.004152,1.995692,-1.572942,0.000000,0.000000,0.000000,0.000000,0.000000,0.000000
1778249161.365723,0.642730,0.271560,0.963897,0.0000,10.0000,0.0000,0.000000,0.002365,0.000000,0.000000,0.052941,0.000000,0.642708,0.273681,0.963886,-0.000167,0.068849,-0.000085,0.054548,40.812619,40.119864,-3.004152,1.995681,-1.572921,0.000000,0.000000,0.000000,0.000000,0.000000,0.000000
1778249161.375792,0.642733,0.271693,0.963897,0.0000,10.0000,0.0000,0.000000,0.002915,0.000000,0.000000,0.055059,0.000000,0.642708,0.274231,0.963886,-0.000188,0.074100,-0.000081,0.062170,40.841214,40.133797,-3.004153,1.995671,-1.572898,0.000000,0.000000,0.000000,0.000000,0.000000,0.000000
1778249161.385984,0.642729,0.271866,0.963900,0.0000,10.0000,0.0000,0.000000,0.003481,0.000000,0.000000,0.056541,0.000000,0.642708,0.274797,0.963886,-0.000153,0.078524,-0.000105,0.068851,40.817514,40.114901,-3.004153,1.995659,-1.572878,0.000000,0.000000,0.000000,0.000000,0.000000,0.000000
1778249161.395915,0.642732,0.272082,0.963900,0.0000,10.0000,0.0000,0.000000,0.004056,0.000000,0.000000,0.057579,0.000000,0.642708,0.275373,0.963886,-0.000177,0.082260,-0.000106,0.074657,40.847801,40.131312,-3.004154,1.995648,-1.572856,0.000000,0.000000,0.000000,0.000000,0.000000,0.000000
1778249161.406326,0.642731,0.272339,0.963904,0.0000,10.0000,0.0000,0.000000,0.004640,0.000000,0.000000,0.058305,0.000000,0.642708,0.275956,0.963886,-0.000173,0.085000,-0.000133,0.079532,40.816129,40.112596,-3.004155,1.995636,-1.572829,0.000000,0.000000,0.000000,0.000000,0.000000,0.000000
1778249161.416129,0.642726,0.272637,0.963910,0.0000,10.0000,0.0000,0.000000,0.005228,0.000000,0.000000,0.058814,0.000000,0.642708,0.276544,0.963886,-0.000129,0.085000,-0.000172,0.082846,40.825258,40.124244,-3.004155,1.995624,-1.572809,0.000000,0.000000,0.000000,0.000000,0.000000,0.000000
1778249161.425997,0.642726,0.272976,0.963915,0.0000,10.0000,0.0000,0.000000,0.005819,0.000000,0.000000,0.059170,0.000000,0.642708,0.277136,0.963886,-0.000126,0.085000,-0.000203,0.085099,40.819996,40.126903,-3.004156,1.995615,-1.572786,0.000000,0.000000,0.000000,0.000000,0.000000,0.000000
1778249161.436244,0.642720,0.273351,0.963924,0.0000,10.0000,0.0000,0.000000,0.006414,0.000000,0.000000,0.059419,0.000000,0.642708,0.277730,0.963886,-0.000081,0.085000,-0.000263,0.086630,40.804969,40.126550,-3.004156,1.995606,-1.572771,0.000000,0.000000,0.000000,0.000000,0.000000,0.000000
1778249161.446179,0.642709,0.273762,0.963934,0.0000,10.0000,0.0000,0.000000,0.007009,0.000000,0.000000,0.059593,0.000000,0.642708,0.278326,0.963886,-0.000007,0.084999,-0.000325,0.087671,40.827647,40.158265,-3.004156,1.995586,-1.572748,0.000000,0.000000,0.000000,0.000000,0.000000,0.000000
1778249161.455929,0.642712,0.274202,0.963940,0.0000,10.0000,0.0000,0.000000,0.007607,0.000000,0.000000,0.059715,0.000000,0.642708,0.278923,0.963886,-0.000023,0.084999,-0.000360,0.088377,40.841505,40.171969,-3.004156,1.995577,-1.572722,0.000000,0.000000,0.000000,0.000000,0.000000,0.000000
1778249161.465965,0.642718,0.274665,0.963949,0.0000,10.0000,0.0000,0.000000,0.007607,0.000000,0.000000,0.059715,0.000000,0.642708,0.278923,0.963886,-0.000023,0.084999,-0.000360,0.088377,40.841505,40.171969,-3.004157,1.995571,-1.572698,0.000000,0.000000,0.000000,0.000000,0.000000,0.000000
1778249161.476058,0.642710,0.275151,0.963965,0.0000,10.0000,0.0000,0.000000,0.008803,0.000000,0.000000,0.059860,0.000000,0.642708,0.280119,0.963886,-0.000009,0.084998,-0.000519,0.089179,40.799740,40.149080,-3.004157,1.995558,-1.572679,0.000000,0.000000,0.000000,0.000000,0.000000,0.000000
1778249161.486098,0.642700,0.275662,0.963979,0.0000,10.0000,0.0000,0.000000,0.008803,0.000000,0.000000,0.059860,0.000000,0.642708,0.280119,0.963886,-0.000009,0.084998,-0.000519,0.089179,40.799740,40.149080,-3.004157,1.995544,-1.572658,0.000000,0.000000,0.000000,0.000000,0.000000,0.000000
1778249161.496214,0.642702,0.276190,0.963989,0.0000,10.0000,0.0000,0.000000,0.010002,0.000000,0.000000,0.059932,0.000000,0.642708,0.281318,0.963886,0.000038,0.084997,-0.000668,0.089546,40.842818,40.189824,-3.004157,1.995536,-1.572632,0.000000,0.000000,0.000000,0.000000,0.000000,0.000000
1778249161.505693,0.642697,0.276869,0.964009,0.0000,10.0000,0.0000,0.000000,0.010601,0.000000,0.000000,0.059952,0.000000,0.642708,0.281917,0.963886,0.000072,0.084996,-0.000803,0.089644,40.803798,40.162244,-3.004157,1.995526,-1.572610,0.000000,0.000000,0.000000,0.000000,0.000000,0.000000
1778249161.516054,0.642693,0.277425,0.964025,0.0000,10.0000,0.0000,0.000000,0.011201,0.000000,0.000000,0.059966,0.000000,0.642708,0.282517,0.963886,0.000099,0.084995,-0.000900,0.089709,40.842320,40.195930,-3.004157,1.995513,-1.572588,0.000000,0.000000,0.000000,0.000000,0.000000,0.000000
1778249161.525986,0.642687,0.277993,0.964041,0.0000,10.0000,0.0000,0.000000,0.011801,0.000000,0.000000,0.059977,0.000000,0.642708,0.283117,0.963886,0.000138,0.084994,-0.001004,0.089751,40.812126,40.174608,-3.004157,1.995500,-1.572559,0.000000,0.000000,0.000000,0.000000,0.000000,0.000000
1778249161.536307,0.642682,0.278571,0.964057,0.0000,10.0000,0.0000,0.000000,0.011801,0.000000,0.000000,0.059977,0.000000,0.642708,0.283117,0.963886,0.000138,0.084994,-0.001004,0.089751,40.812126,40.174608,-3.004157,1.995490,-1.572535,0.000000,0.000000,0.000000,0.000000,0.000000,0.000000
1778249161.546854,0.642680,0.279156,0.964072,0.0000,10.0000,0.0000,0.000000,0.013000,0.000000,0.000000,0.059989,0.000000,0.642708,0.284316,0.963886,0.000181,0.084991,-0.001201,0.089796,40.840517,40.197695,-3.004157,1.995481,-1.572510,0.000000,0.000000,0.000000,0.000000,0.000000,0.000000
1778249161.555913,0.642672,0.279753,0.964087,0.0000,10.0000,0.0000,0.000000,0.013600,0.000000,0.000000,0.059992,0.000000,0.642708,0.284916,0.963886,0.000237,0.084990,-0.001297,0.089806,40.824264,40.192574,-3.004158,1.995466,-1.572492,0.000000,0.000000,0.000000,0.000000,0.000000,0.000000
1778249161.566041,0.642663,0.280350,0.964105,0.0000,10.0000,0.0000,0.000000,0.014200,0.000000,0.000000,0.059994,0.000000,0.642708,0.285516,0.963886,0.000292,0.084988,-0.001417,0.089811,40.830815,40.192486,-3.004158,1.995455,-1.572467,0.000000,0.000000,0.000000,0.000000,0.000000,0.000000
1778249161.575620,0.642657,0.281104,0.964127,0.0000,10.0000,0.0000,0.000000,0.014800,0.000000,0.000000,0.059996,0.000000,0.642708,0.286116,0.963886,0.000338,0.084985,-0.001577,0.089813,40.808934,40.176307,-3.004158,1.995446,-1.572442,0.000000,0.000000,0.000000,0.000000,0.000000,0.000000
1778249161.585638,0.642650,0.281711,0.964144,0.0000,10.0000,0.0000,0.000000,0.015400,0.000000,0.000000,0.059997,0.000000,0.642708,0.286716,0.963886,0.000381,0.084982,-0.001688,0.089812,40.831346,40.196744,-3.004158,1.995434,-1.572419,0.000000,0.000000,0.000000,0.000000,0.000000,0.000000
1778249161.596358,0.642641,0.282324,0.964161,0.0000,10.0000,0.0000,0.000000,0.016000,0.000000,0.000000,0.059998,0.000000,0.642708,0.287316,0.963886,0.000443,0.084980,-0.001797,0.089811,40.838987,40.205545,-3.004158,1.995421,-1.572397,0.000000,0.000000,0.000000,0.000000,0.000000,0.000000
1778249161.606356,0.642639,0.282939,0.964174,0.0000,10.0000,0.0000,0.000000,0.016600,0.000000,0.000000,0.059999,0.000000,0.642708,0.287916,0.963886,0.000455,0.084978,-0.001887,0.089808,40.829323,40.196050,-3.004157,1.995410,-1.572364,0.000000,0.000000,0.000000,0.000000,0.000000,0.000000
1778249161.616243,0.642633,0.283556,0.964190,0.0000,10.0000,0.0000,0.000000,0.016600,0.000000,0.000000,0.059999,0.000000,0.642708,0.287916,0.963886,0.000455,0.084978,-0.001887,0.089808,40.829323,40.196050,-3.004157,1.995399,-1.572340,0.000000,0.000000,0.000000,0.000000,0.000000,0.000000
1778249161.626575,0.642623,0.284175,0.964206,0.0000,10.0000,0.0000,0.000000,0.017200,0.000000,0.000000,0.059999,0.000000,0.642708,0.288516,0.963886,0.000494,0.084975,-0.001995,0.089805,40.821381,40.191131,-3.004157,1.995385,-1.572317,0.000000,0.000000,0.000000,0.000000,0.000000,0.000000
1778249161.635701,0.642619,0.284797,0.964219,0.0000,10.0000,0.0000,0.000000,0.018400,0.000000,0.000000,0.060000,0.000000,0.642708,0.289716,0.963886,0.000587,0.084970,-0.002189,0.089798,40.850261,40.214873,-3.004157,1.995375,-1.572291,0.000000,0.000000,0.000000,0.000000,0.000000,0.000000
1778249161.645640,0.642619,0.285421,0.964232,0.0000,10.0000,0.0000,0.000000,0.019000,0.000000,0.000000,0.060000,0.000000,0.642708,0.290316,0.963886,0.000590,0.084967,-0.002277,0.089794,40.820033,40.187687,-3.004157,1.995368,-1.572268,0.000000,0.000000,0.000000,0.000000,0.000000,0.000000
1778249161.656027,0.642610,0.286202,0.964250,0.0000,10.0000,0.0000,0.000000,0.019600,0.000000,0.000000,0.060000,0.000000,0.642708,0.290916,0.963886,0.000659,0.084963,-0.002433,0.089790,40.837349,40.205862,-3.004157,1.995358,-1.572249,0.000000,0.000000,0.000000,0.000000,0.000000,0.000000
1778249161.665847,0.642600,0.286829,0.964264,0.0000,10.0000,0.0000,0.000000,0.020200,0.000000,0.000000,0.060000,0.000000,0.642708,0.291516,0.963886,0.000722,0.084959,-0.002532,0.089786,40.839363,40.210207,-3.004157,1.995347,-1.572230,0.000000,0.000000,0.000000,0.000000,0.000000,0.000000
1778249161.675910,0.642599,0.287458,0.964274,0.0000,10.0000,0.0000,0.000000,0.020800,0.000000,0.000000,0.060000,0.000000,0.642708,0.292116,0.963886,0.000734,0.084957,-0.002602,0.089782,40.850456,40.217734,-3.004157,1.995339,-1.572209,0.000000,0.000000,0.000000,0.000000,0.000000,0.000000
1778249161.686323,0.642600,0.288092,0.964279,0.0000,10.0000,0.0000,0.000000,0.021400,0.000000,0.000000,0.060000,0.000000,0.642708,0.292716,0.963886,0.000727,0.084956,-0.002642,0.089778,40.920891,40.289872,-3.004157,1.995333,-1.572188,0.000000,0.000000,0.000000,0.000000,0.000000,0.000000
1778249161.696115,0.642601,0.288722,0.964287,0.0000,10.0000,0.0000,0.000000,0.021400,0.000000,0.000000,0.060000,0.000000,0.642708,0.292716,0.963886,0.000727,0.084956,-0.002642,0.089778,40.920891,40.289872,-3.004157,1.995323,-1.572164,0.000000,0.000000,0.000000,0.000000,0.000000,0.000000
1778249161.706261,0.642595,0.289346,0.964302,0.0000,10.0000,0.0000,0.000000,0.022600,0.000000,0.000000,0.060000,0.000000,0.642708,0.293916,0.963886,0.000768,0.084950,-0.002813,0.089770,40.797311,40.167401,-3.004157,1.995314,-1.572147,0.000000,0.000000,0.000000,0.000000,0.000000,0.000000
1778249161.715647,0.642592,0.290126,0.964317,0.0000,10.0000,0.0000,0.000000,0.023200,0.000000,0.000000,0.060000,0.000000,0.642708,0.294516,0.963886,0.000800,0.084945,-0.002956,0.089765,40.844068,40.209326,-3.004157,1.995309,-1.572128,0.000000,0.000000,0.000000,0.000000,0.000000,0.000000
1778249161.725558,0.642590,0.290753,0.964326,0.0000,10.0000,0.0000,0.000000,0.023800,0.000000,0.000000,0.060000,0.000000,0.642708,0.295116,0.963886,0.000810,0.084942,-0.003023,0.089761,40.849667,40.217142,-3.004157,1.995304,-1.572110,0.000000,0.000000,0.000000,0.000000,0.000000,0.000000
1778249161.735982,0.642585,0.291386,0.964330,0.0000,10.0000,0.0000,0.000000,0.024400,0.000000,0.000000,0.060000,0.000000,0.642708,0.295716,0.963886,0.000847,0.084941,-0.003061,0.089758,40.869142,40.235675,-3.004156,1.995292,-1.572097,0.000000,0.000000,0.000000,0.000000,0.000000,0.000000
1778249161.745816,0.642591,0.292015,0.964336,0.0000,10.0000,0.0000,0.000000,0.025000,0.000000,0.000000,0.060000,0.000000,0.642708,0.296316,0.963886,0.000810,0.084939,-0.003106,0.089753,40.846746,40.211347,-3.004156,1.995292,-1.572075,0.000000,0.000000,0.000000,0.000000,0.000000,0.000000
1778249161.756541,0.642588,0.292648,0.964340,0.0000,10.0000,0.0000,0.000000,0.025600,0.000000,0.000000,0.060000,0.000000,0.642708,0.296916,0.963886,0.000830,0.084938,-0.003142,0.089750,40.926062,40.296595,-3.004156,1.995288,-1.572058,0.000000,0.000000,0.000000,0.000000,0.000000,0.000000
1778249161.766069,0.642582,0.293278,0.964347,0.0000,10.0000,0.0000,0.000000,0.026200,0.000000,0.000000,0.060000,0.000000,0.642708,0.297516,0.963886,0.000879,0.084935,-0.003196,0.089748,40.841072,40.206623,-3.004156,1.995277,-1.572040,0.000000,0.000000,0.000000,0.000000,0.000000,0.000000
1778249161.776131,0.642579,0.293905,0.964356,0.0000,10.0000,0.0000,0.000000,0.026800,0.000000,0.000000,0.060000,0.000000,0.642708,0.298116,0.963886,0.000901,0.084932,-0.003269,0.089745,40.831342,40.199238,-3.004156,1.995276,-1.572022,0.000000,0.000000,0.000000,0.000000,0.000000,0.000000
1778249161.786470,0.642573,0.294535,0.964362,0.0000,10.0000,0.0000,0.000000,0.026800,0.000000,0.000000,0.060000,0.000000,0.642708,0.298116,0.963886,0.000901,0.084932,-0.003269,0.089745,40.831342,40.199238,-3.004156,1.995270,-1.572007,0.000000,0.000000,0.000000,0.000000,0.000000,0.000000
1778249161.796427,0.642570,0.295167,0.964364,0.0000,10.0000,0.0000,0.000000,0.028000,0.000000,0.000000,0.060000,0.000000,0.642708,0.299316,0.963886,0.000967,0.084929,-0.003342,0.089741,40.873902,40.237828,-3.004155,1.995265,-1.571991,0.000000,0.000000,0.000000,0.000000,0.000000,0.000000
1778249161.805761,0.642569,0.295796,0.964368,0.0000,10.0000,0.0000,0.000000,0.028600,0.000000,0.000000,0.060000,0.000000,0.642708,0.299916,0.963886,0.000975,0.084927,-0.003378,0.089739,40.855415,40.222872,-3.004156,1.995262,-1.571974,0.000000,0.000000,0.000000,0.000000,0.000000,0.000000
1778249161.815645,0.642561,0.296586,0.964372,0.0000,10.0000,0.0000,0.000000,0.029200,0.000000,0.000000,0.060000,0.000000,0.642708,0.300516,0.963886,0.001045,0.084923,-0.003463,0.089738,40.924964,40.295435,-3.004156,1.995258,-1.571958,0.000000,0.000000,0.000000,0.000000,0.000000,0.000000
1778249161.825715,0.642554,0.297218,0.964375,0.0000,10.0000,0.0000,0.000000,0.029800,0.000000,0.000000,0.060000,0.000000,0.642708,0.301116,0.963886,0.001101,0.084921,-0.003493,0.089738,40.869985,40.237555,-3.004156,1.995250,-1.571944,0.000000,0.000000,0.000000,0.000000,0.000000,0.000000
1778249161.836396,0.642549,0.297848,0.964380,0.0000,10.0000,0.0000,0.000000,0.030400,0.000000,0.000000,0.060000,0.000000,0.642708,0.301716,0.963886,0.001142,0.084919,-0.003534,0.089738,40.881167,40.249777,-3.004156,1.995248,-1.571926,0.000000,0.000000,0.000000,0.000000,0.000000,0.000000
1778249161.846006,0.642543,0.298478,0.964383,0.0000,10.0000,0.0000,0.000000,0.031000,0.000000,0.000000,0.060000,0.000000,0.642708,0.302316,0.963886,0.001186,0.084917,-0.003564,0.089738,40.876094,40.243988,-3.004156,1.995242,-1.571912,0.000000,0.000000,0.000000,0.000000,0.000000,0.000000
1778249161.856668,0.642537,0.299109,0.964384,0.0000,10.0000,0.0000,0.000000,0.031600,0.000000,0.000000,0.060000,0.000000,0.642708,0.302916,0.963886,0.001228,0.084916,-0.003579,0.089739,40.887365,40.255481,-3.004156,1.995236,-1.571892,0.000000,0.000000,0.000000,0.000000,0.000000,0.000000
1778249161.866680,0.642532,0.299741,0.964385,0.0000,10.0000,0.0000,0.000000,0.032200,0.000000,0.000000,0.060000,0.000000,0.642708,0.303516,0.963886,0.001269,0.084914,-0.003596,0.089741,40.885252,40.252803,-3.004156,1.995233,-1.571876,0.000000,0.000000,0.000000,0.000000,0.000000,0.000000
1778249161.876035,0.642531,0.300372,0.964383,0.0000,10.0000,0.0000,0.000000,0.032800,0.000000,0.000000,0.060000,0.000000,0.642708,0.304116,0.963886,0.001280,0.084914,-0.003592,0.089742,40.908954,40.275944,-3.004156,1.995230,-1.571859,0.000000,0.000000,0.000000,0.000000,0.000000,0.000000
1778249161.885923,0.642526,0.301003,0.964381,0.0000,10.0000,0.0000,0.000000,0.033400,0.000000,0.000000,0.060000,0.000000,0.642708,0.304716,0.963886,0.001320,0.084914,-0.003589,0.089744,40.898732,40.266264,-3.004157,1.995223,-1.571846,0.000000,0.000000,0.000000,0.000000,0.000000,0.000000
1778249161.895821,0.642513,0.301795,0.964381,0.0000,10.0000,0.0000,0.000000,0.034000,0.000000,0.000000,0.060000,0.000000,0.642708,0.305316,0.963886,0.001438,0.084910,-0.003646,0.089747,40.916488,40.288115,-3.004157,1.995216,-1.571834,0.000000,0.000000,0.000000,0.000000,0.000000,0.000000
1778249161.905820,0.642505,0.302428,0.964380,0.0000,10.0000,0.0000,0.000000,0.034600,0.000000,0.000000,0.060000,0.000000,0.642708,0.305916,0.963886,0.001500,0.084908,-0.003654,0.089752,40.913811,40.279908,-3.004157,1.995210,-1.571820,0.000000,0.000000,0.000000,0.000000,0.000000,0.000000
1778249161.916060,0.642498,0.303061,0.964378,0.0000,10.0000,0.0000,0.000000,0.035200,0.000000,0.000000,0.060000,0.000000,0.642708,0.306516,0.963886,0.001558,0.084907,-0.003645,0.089757,40.917483,40.287520,-3.004157,1.995205,-1.571806,0.000000,0.000000,0.000000,0.000000,0.000000,0.000000
1778249161.925936,0.642493,0.303692,0.964377,0.0000,10.0000,0.0000,0.000000,0.035800,0.000000,0.000000,0.060000,0.000000,0.642708,0.307116,0.963886,0.001602,0.084907,-0.003649,0.089762,40.887067,40.252779,-3.004157,1.995199,-1.571793,0.000000,0.000000,0.000000,0.000000,0.000000,0.000000
1778249161.935985,0.642483,0.304330,0.964370,0.0000,10.0000,0.0000,0.000000,0.036400,0.000000,0.000000,0.060000,0.000000,0.642708,0.307716,0.963886,0.001679,0.084907,-0.003609,0.089768,40.957341,40.327168,-3.004157,1.995191,-1.571783,0.000000,0.000000,0.000000,0.000000,0.000000,0.000000
1778249161.946380,0.642479,0.304964,0.964366,0.0000,10.0000,0.0000,0.000000,0.036400,0.000000,0.000000,0.060000,0.000000,0.642708,0.307716,0.963886,0.001679,0.084907,-0.003609,0.089768,40.957341,40.327168,-3.004158,1.995187,-1.571764,0.000000,0.000000,0.000000,0.000000,0.000000,0.000000
1778249161.956328,0.642469,0.305594,0.964367,0.0000,10.0000,0.0000,0.000000,0.037600,0.000000,0.000000,0.060000,0.000000,0.642708,0.308916,0.963886,0.001797,0.084904,-0.003608,0.089782,40.876963,40.247083,-3.004158,1.995180,-1.571754,0.000000,0.000000,0.000000,0.000000,0.000000,0.000000
1778249161.966568,0.642462,0.306065,0.964368,0.0000,10.0000,0.0000,0.000000,0.037600,0.000000,0.000000,0.060000,0.000000,0.642708,0.308916,0.963886,0.001797,0.084904,-0.003608,0.089782,40.876963,40.247083,-3.004158,1.995177,-1.571744,0.000000,0.000000,0.000000,0.000000,0.000000,0.000000
1778249161.976145,0.642457,0.306853,0.964362,0.0000,10.0000,0.0000,0.000000,0.038800,0.000000,0.000000,0.060000,0.000000,0.642708,0.310116,0.963886,0.001886,0.084470,-0.003567,0.089651,40.953226,40.322231,-3.004158,1.995169,-1.571731,0.000000,0.000000,0.000000,0.000000,0.000000,0.000000
1778249161.987172,0.642454,0.307485,0.964358,0.0000,10.0000,0.0000,0.000000,0.039400,0.000000,0.000000,0.060000,0.000000,0.642708,0.310716,0.963886,0.001906,0.084234,-0.003540,0.089478,40.926953,40.293620,-3.004159,1.995168,-1.571717,0.000000,0.000000,0.000000,0.000000,0.000000,0.000000
1778249161.996390,0.642442,0.308277,0.964353,0.0000,10.0000,0.0000,0.000000,0.040000,0.000000,0.000000,0.060000,0.000000,0.642708,0.311316,0.963886,0.001999,0.082791,-0.003506,0.088879,40.945601,40.315285,-3.004159,1.995161,-1.571709,0.000000,0.000000,0.000000,0.000000,0.000000,0.000000
1778249162.006147,0.642439,0.308908,0.964349,0.0000,10.0000,0.0000,0.000000,0.040600,0.000000,0.000000,0.060000,0.000000,0.642708,0.311916,0.963886,0.002022,0.082561,-0.003473,0.088396,40.937752,40.303482,-3.004159,1.995157,-1.571697,0.000000,0.000000,0.000000,0.000000,0.000000,0.000000
1778249162.015831,0.642431,0.309541,0.964342,0.0000,10.0000,0.0000,0.000000,0.041200,0.000000,0.000000,0.060000,0.000000,0.642708,0.312516,0.963886,0.002079,0.082315,-0.003421,0.087988,40.967747,40.338093,-3.004159,1.995151,-1.571689,0.000000,0.000000,0.000000,0.000000,0.000000,0.000000
1778249162.027375,0.642428,0.310011,0.964339,0.0000,10.0000,0.0000,0.000000,0.041800,0.000000,0.000000,0.060000,0.000000,0.642708,0.313116,0.963886,0.002101,0.083285,-0.003398,0.088041,40.934597,40.299737,-3.004159,1.995148,-1.571676,0.000000,0.000000,0.000000,0.000000,0.000000,0.000000
1778249162.035768,0.642422,0.310798,0.964330,0.0000,10.0000,0.0000,0.000000,0.041800,0.000000,0.000000,0.060000,0.000000,0.642708,0.313116,0.963886,0.002101,0.083285,-0.003398,0.088041,40.934597,40.299737,-3.004159,1.995142,-1.571668,0.000000,0.000000,0.000000,0.000000,0.000000,0.000000
1778249162.045663,0.642357,0.326413,0.964208,0.0000,10.0000,0.0000,0.000000,0.043000,0.000000,0.000000,0.060000,0.000000,0.642708,0.314316,0.963886,0.002631,-0.030729,-0.002413,0.049346,41.280904,40.612263,-3.004164,1.995067,-1.571491,0.000000,0.000000,0.000000,0.000000,0.000000,0.000000
1778249162.055835,0.642354,0.327314,0.964209,0.0000,10.0000,0.0000,0.000000,0.043600,0.000000,0.000000,0.060000,0.000000,0.642708,0.314916,0.963886,0.002656,-0.032982,-0.002421,0.022791,41.422941,40.694683,-3.004163,1.995067,-1.571485,0.000000,0.000000,0.000000,0.000000,0.000000,0.000000
1778249162.066012,0.642355,0.327956,0.964209,0.0000,10.0000,0.0000,0.000000,0.044200,0.000000,0.000000,0.060000,0.000000,0.642708,0.315516,0.963886,0.002648,-0.033303,-0.002426,0.006328,41.478607,40.713463,-3.004163,1.995067,-1.571477,0.000000,0.000000,0.000000,0.000000,0.000000,0.000000
1778249162.076047,0.642352,0.328525,0.964206,0.0000,10.0000,0.0000,0.000000,0.044200,0.000000,0.000000,0.060000,0.000000,0.642708,0.315516,0.963886,0.002648,-0.033303,-0.002426,0.006328,41.478607,40.713463,-3.004163,1.995060,-1.571475,0.000000,0.000000,0.000000,0.000000,0.000000,0.000000
1778249162.086398,0.642355,0.329003,0.964205,0.0000,10.0000,0.0000,0.000000,0.045400,0.000000,0.000000,0.060000,0.000000,0.642708,0.316716,0.963886,0.002648,-0.032149,-0.002396,0.017425,41.519280,40.746863,-3.004164,1.995060,-1.571466,0.000000,0.000000,0.000000,0.000000,0.000000,0.000000
1778249162.095686,0.642362,0.329481,0.964208,0.0000,10.0000,0.0000,0.000000,0.046000,0.000000,0.000000,0.060000,0.000000,0.642708,0.317316,0.963886,0.002598,-0.031238,-0.002417,0.022481,41.375241,40.637027,-3.004164,1.995061,-1.571460,0.000000,0.000000,0.000000,0.000000,0.000000,0.000000
1778249162.105691,0.642367,0.329782,0.964208,0.0000,10.0000,0.0000,0.000000,0.046600,0.000000,0.000000,0.060000,0.000000,0.642708,0.317916,0.963886,0.002562,-0.028994,-0.002418,0.025215,41.347210,40.629183,-3.004164,1.995059,-1.571457,0.000000,0.000000,0.000000,0.000000,0.000000,0.000000
1778249162.116013,0.642376,0.330014,0.964208,0.0000,10.0000,0.0000,0.000000,0.047200,0.000000,0.000000,0.060000,0.000000,0.642708,0.318516,0.963886,0.002490,-0.026231,-0.002413,0.026166,41.307743,40.609450,-3.004164,1.995057,-1.571453,0.000000,0.000000,0.000000,0.000000,0.000000,0.000000
1778249162.126404,0.642387,0.330191,0.964205,0.0000,10.0000,0.0000,0.000000,0.047800,0.000000,0.000000,0.060000,0.000000,0.642708,0.319116,0.963886,0.002408,-0.023060,-0.002392,0.025763,41.296178,40.613178,-3.004164,1.995058,-1.571448,0.000000,0.000000,0.000000,0.000000,0.000000,0.000000
1778249162.135766,0.642400,0.330315,0.964200,0.0000,10.0000,0.0000,0.000000,0.047800,0.000000,0.000000,0.060000,0.000000,0.642708,0.319116,0.963886,0.002408,-0.023060,-0.002392,0.025763,41.296178,40.613178,-3.004165,1.995056,-1.571443,0.000000,0.000000,0.000000,0.000000,0.000000,0.000000
1778249162.146363,0.642414,0.330397,0.964194,0.0000,10.0000,0.0000,0.000000,0.049000,0.000000,0.000000,0.060000,0.000000,0.642708,0.320316,0.963886,0.002205,-0.015603,-0.002307,0.022038,41.210864,40.557174,-3.004165,1.995053,-1.571442,0.000000,0.000000,0.000000,0.000000,0.000000,0.000000
1778249162.155855,0.642432,0.330439,0.964188,0.0000,10.0000,0.0000,0.000000,0.049600,0.000000,0.000000,0.060000,0.000000,0.642708,0.320916,0.963886,0.002075,-0.011424,-0.002267,0.019135,41.165058,40.519961,-3.004166,1.995055,-1.571436,0.000000,0.000000,0.000000,0.000000,0.000000,0.000000
1778249162.165769,0.642447,0.330455,0.964181,0.0000,10.0000,0.0000,0.000000,0.050200,0.000000,0.000000,0.060000,0.000000,0.642708,0.321516,0.963886,0.001961,-0.007044,-0.002211,0.015768,41.152545,40.513046,-3.004166,1.995054,-1.571433,0.000000,0.000000,0.000000,0.000000,0.000000,0.000000
1778249162.175652,0.642465,0.330456,0.964174,0.0000,10.0000,0.0000,0.000000,0.050800,0.000000,0.000000,0.060000,0.000000,0.642708,0.322116,0.963886,0.001826,-0.002545,-0.002162,0.012122,41.154302,40.515174,-3.004167,1.995060,-1.571433,0.000000,0.000000,0.000000,0.000000,0.000000,0.000000
1778249162.185673,0.642483,0.330446,0.964159,0.0000,10.0000,0.0000,0.000000,0.051400,0.000000,0.000000,0.060000,0.000000,0.642708,0.322716,0.963886,0.001691,0.002027,-0.002044,0.008461,41.111961,40.474011,-3.004167,1.995058,-1.571442,0.000000,0.000000,0.000000,0.000000,0.000000,0.000000
1778249162.195903,0.642497,0.330421,0.964150,0.0000,10.0000,0.0000,0.000000,0.051400,0.000000,0.000000,0.060000,0.000000,0.642708,0.322716,0.963886,0.001691,0.002027,-0.002044,0.008461,41.111961,40.474011,-3.004168,1.995063,-1.571447,0.000000,0.000000,0.000000,0.000000,0.000000,0.000000
1778249162.208197,0.642507,0.330396,0.964142,0.0000,10.0000,0.0000,0.000000,0.052600,0.000000,0.000000,0.060000,0.000000,0.642708,0.323916,0.963886,0.001513,0.011403,-0.001920,0.005451,41.120002,40.484260,-3.004168,1.995063,-1.571447,0.000000,0.000000,0.000000,0.000000,0.000000,0.000000
1778249162.215948,0.642517,0.330375,0.964137,0.0000,10.0000,0.0000,0.000000,0.053200,0.000000,0.000000,0.060000,0.000000,0.642708,0.324516,0.963886,0.001437,0.016057,-0.001886,0.008540,41.055398,40.410321,-3.004168,1.995064,-1.571443,0.000000,0.000000,0.000000,0.000000,0.000000,0.000000
1778249162.225663,0.642536,0.330353,0.964121,0.0000,10.0000,0.0000,0.000000,0.053800,0.000000,0.000000,0.060000,0.000000,0.642708,0.325116,0.963886,0.001290,0.020722,-0.001760,0.012727,41.067099,40.419034,-3.004169,1.995059,-1.571446,0.000000,0.000000,0.000000,0.000000,0.000000,0.000000
1778249162.235820,0.642559,0.330341,0.964106,0.0000,10.0000,0.0000,0.000000,0.054400,0.000000,0.000000,0.060000,0.000000,0.642708,0.325716,0.963886,0.001119,0.025315,-0.001653,0.017243,41.126963,40.473906,-3.004169,1.995064,-1.571447,0.000000,0.000000,0.000000,0.000000,0.000000,0.000000
1778249162.245858,0.642572,0.330345,0.964094,0.0000,10.0000,0.0000,0.000000,0.055000,0.000000,0.000000,0.060000,0.000000,0.642708,0.326316,0.963886,0.001024,0.029783,-0.001558,0.021860,41.046221,40.391196,-3.004169,1.995059,-1.571448,0.000000,0.000000,0.000000,0.000000,0.000000,0.000000
1778249162.255864,0.642582,0.330372,0.964081,0.0000,10.0000,0.0000,0.000000,0.055600,0.000000,0.000000,0.060000,0.000000,0.642708,0.326916,0.963886,0.000947,0.034078,-0.001460,0.026462,41.113865,40.461117,-3.004168,1.995063,-1.571445,0.000000,0.000000,0.000000,0.000000,0.000000,0.000000
1778249162.266086,0.642592,0.330425,0.964066,0.0000,10.0000,0.0000,0.000000,0.056200,0.000000,0.000000,0.060000,0.000000,0.642708,0.327516,0.963886,0.000873,0.038187,-0.001351,0.030983,41.106410,40.449368,-3.004168,1.995061,-1.571445,0.000000,0.000000,0.000000,0.000000,0.000000,0.000000
1778249162.276043,0.642602,0.330496,0.964051,0.0000,10.0000,0.0000,0.000000,0.056800,0.000000,0.000000,0.060000,0.000000,0.642708,0.328116,0.963886,0.000798,0.042154,-0.001241,0.035399,41.104700,40.445118,-3.004169,1.995061,-1.571445,0.000000,0.000000,0.000000,0.000000,0.000000,0.000000
1778249162.286829,0.642611,0.330585,0.964040,0.0000,10.0000,0.0000,0.000000,0.057400,0.000000,0.000000,0.060000,0.000000,0.642708,0.328716,0.963886,0.000730,0.045983,-0.001158,0.039696,41.059598,40.393926,-3.004169,1.995065,-1.571444,0.000000,0.000000,0.000000,0.000000,0.000000,0.000000
1778249162.295649,0.642615,0.330738,0.964023,0.0000,10.0000,0.0000,0.000000,0.058000,0.000000,0.000000,0.060000,0.000000,0.642708,0.329316,0.963886,0.000699,0.049333,-0.001028,0.043753,41.056297,40.391439,-3.004169,1.995061,-1.571451,0.000000,0.000000,0.000000,0.000000,0.000000,0.000000
1778249162.305689,0.642617,0.330886,0.964007,0.0000,10.0000,0.0000,0.000000,0.058600,0.000000,0.000000,0.060000,0.000000,0.642708,0.329916,0.963886,0.000683,0.052728,-0.000908,0.047663,41.124455,40.462989,-3.004169,1.995061,-1.571452,0.000000,0.000000,0.000000,0.000000,0.000000,0.000000
1778249162.315954,0.642621,0.331055,0.963997,0.0000,10.0000,0.0000,0.000000,0.059200,0.000000,0.000000,0.060000,0.000000,0.642708,0.330516,0.963886,0.000654,0.055955,-0.000834,0.051414,41.100493,40.438554,-3.004169,1.995063,-1.571446,0.000000,0.000000,0.000000,0.000000,0.000000,0.000000
1778249162.326665,0.642618,0.331255,0.963988,0.0000,10.0000,0.0000,0.000000,0.059800,0.000000,0.000000,0.060000,0.000000,0.642708,0.331116,0.963886,0.000680,0.058956,-0.000763,0.054985,41.075354,40.410360,-3.004169,1.995061,-1.571448,0.000000,0.000000,0.000000,0.000000,0.000000,0.000000
1778249162.335907,0.642614,0.331480,0.963976,0.0000,10.0000,0.0000,0.000000,0.060400,0.000000,0.000000,0.060000,0.000000,0.642708,0.331716,0.963886,0.000706,0.061772,-0.000673,0.058370,41.126735,40.464654,-3.004169,1.995059,-1.571448,0.000000,0.000000,0.000000,0.000000,0.000000,0.000000
1778249162.345652,0.642616,0.331790,0.963964,0.0000,10.0000,0.0000,0.000000,0.061000,0.000000,0.000000,0.060000,0.000000,0.642708,0.332316,0.963886,0.000695,0.063944,-0.000585,0.061410,41.117235,40.449290,-3.004169,1.995063,-1.571450,0.000000,0.000000,0.000000,0.000000,0.000000,0.000000
1778249162.355699,0.642611,0.332064,0.963954,0.0000,10.0000,0.0000,0.000000,0.061600,0.000000,0.000000,0.060000,0.000000,0.642708,0.332916,0.963886,0.000729,0.066389,-0.000510,0.064311,41.105181,40.445227,-3.004169,1.995060,-1.571447,0.000000,0.000000,0.000000,0.000000,0.000000,0.000000
1778249162.367521,0.642607,0.332290,0.963948,0.0000,10.0000,0.0000,0.000000,0.062200,0.000000,0.000000,0.060000,0.000000,0.642708,0.333516,0.963886,0.000758,0.069196,-0.000468,0.067237,41.141684,40.480753,-3.004169,1.995064,-1.571449,0.000000,0.000000,0.000000,0.000000,0.000000,0.000000
1778249162.376058,0.642593,0.332611,0.963942,0.0000,10.0000,0.0000,0.000000,0.062800,0.000000,0.000000,0.060000,0.000000,0.642708,0.334116,0.963886,0.000864,0.071287,-0.000417,0.069943,41.100184,40.444015,-3.004169,1.995060,-1.571452,0.000000,0.000000,0.000000,0.000000,0.000000,0.000000
1778249162.385685,0.642581,0.333043,0.963936,0.0000,10.0000,0.0000,0.000000,0.063400,0.000000,0.000000,0.060000,0.000000,0.642708,0.334716,0.963886,0.000952,0.072546,-0.000372,0.072219,41.135507,40.475330,-3.004169,1.995062,-1.571450,0.000000,0.000000,0.000000,0.000000,0.000000,0.000000
1778249162.395827,0.642577,0.333319,0.963930,0.0000,10.0000,0.0000,0.000000,0.064000,0.000000,0.000000,0.060000,0.000000,0.642708,0.335316,0.963886,0.000984,0.074982,-0.000329,0.074595,41.093276,40.428533,-3.004169,1.995063,-1.571451,0.000000,0.000000,0.000000,0.000000,0.000000,0.000000
1778249162.405795,0.642561,0.333799,0.963925,0.0000,10.0000,0.0000,0.000000,0.064600,0.000000,0.000000,0.060000,0.000000,0.642708,0.335916,0.963886,0.001108,0.075877,-0.000293,0.076526,41.097270,40.440560,-3.004170,1.995061,-1.571450,0.000000,0.000000,0.000000,0.000000,0.000000,0.000000
1778249162.415590,0.642546,0.334209,0.963921,0.0000,10.0000,0.0000,0.000000,0.065200,0.000000,0.000000,0.060000,0.000000,0.642708,0.336516,0.963886,0.001220,0.077306,-0.000266,0.078332,41.149576,40.497713,-3.004170,1.995062,-1.571449,0.000000,0.000000,0.000000,0.000000,0.000000,0.000000
1778249162.425881,0.642532,0.334638,0.963918,0.0000,10.0000,0.0000,0.000000,0.065800,0.000000,0.000000,0.060000,0.000000,0.642708,0.337116,0.963886,0.001320,0.078584,-0.000240,0.080003,41.122974,40.466616,-3.004170,1.995063,-1.571451,0.000000,0.000000,0.000000,0.000000,0.000000,0.000000
1778249162.436225,0.642520,0.334971,0.963914,0.0000,10.0000,0.0000,0.000000,0.066400,0.000000,0.000000,0.060000,0.000000,0.642708,0.337716,0.963886,0.001409,0.080588,-0.000210,0.081827,41.122840,40.468257,-3.004170,1.995058,-1.571449,0.000000,0.000000,0.000000,0.000000,0.000000,0.000000
1778249162.445745,0.642504,0.335550,0.963911,0.0000,10.0000,0.0000,0.000000,0.067000,0.000000,0.000000,0.060000,0.000000,0.642708,0.338316,0.963886,0.001535,0.080748,-0.000186,0.083133,41.145068,40.494034,-3.004170,1.995062,-1.571451,0.000000,0.000000,0.000000,0.000000,0.000000,0.000000
1778249162.455899,0.642487,0.336030,0.963910,0.0000,10.0000,0.0000,0.000000,0.067600,0.000000,0.000000,0.060000,0.000000,0.642708,0.338916,0.963886,0.001663,0.081644,-0.000179,0.084337,41.093871,40.441836,-3.004170,1.995059,-1.571452,0.000000,0.000000,0.000000,0.000000,0.000000,0.000000
1778249162.465995,0.642468,0.336523,0.963909,0.0000,10.0000,0.0000,0.000000,0.068200,0.000000,0.000000,0.060000,0.000000,0.642708,0.339516,0.963886,0.001799,0.082452,-0.000176,0.085441,41.149808,40.499133,-3.004170,1.995062,-1.571454,0.000000,0.000000,0.000000,0.000000,0.000000,0.000000
1778249162.475977,0.642450,0.337029,0.963911,0.0000,10.0000,0.0000,0.000000,0.068800,0.000000,0.000000,0.060000,0.000000,0.642708,0.340116,0.963886,0.001939,0.083151,-0.000190,0.086442,41.112814,40.461477,-3.004170,1.995064,-1.571453,0.000000,0.000000,0.000000,0.000000,0.000000,0.000000
1778249162.486305,0.642425,0.337553,0.963910,0.0000,10.0000,0.0000,0.000000,0.069400,0.000000,0.000000,0.060000,0.000000,0.642708,0.340716,0.963886,0.002125,0.083723,-0.000183,0.087333,41.110877,40.465081,-3.004170,1.995059,-1.571453,0.000000,0.000000,0.000000,0.000000,0.000000,0.000000
1778249162.495587,0.642407,0.338089,0.963912,0.0000,10.0000,0.0000,0.000000,0.070000,0.000000,0.000000,0.060000,0.000000,0.642708,0.341316,0.963886,0.002258,0.084203,-0.000192,0.088115,41.139438,40.490134,-3.004170,1.995063,-1.571451,0.000000,0.000000,0.000000,0.000000,0.000000,0.000000
1778249162.505759,0.642381,0.338776,0.963910,0.0000,10.0000,0.0000,0.000000,0.070600,0.000000,0.000000,0.060000,0.000000,0.642708,0.341916,0.963886,0.002456,0.083551,-0.000179,0.088446,41.124767,40.481576,-3.004170,1.995061,-1.571452,0.000000,0.000000,0.000000,0.000000,0.000000,0.000000
1778249162.515974,0.642359,0.339335,0.963912,0.0000,10.0000,0.0000,0.000000,0.071200,0.000000,0.000000,0.060000,0.000000,0.642708,0.342516,0.963886,0.002621,0.083860,-0.000193,0.088791,41.114259,40.469695,-3.004170,1.995061,-1.571453,0.000000,0.000000,0.000000,0.000000,0.000000,0.000000
1778249162.525782,0.642336,0.339903,0.963908,0.0000,10.0000,0.0000,0.000000,0.071800,0.000000,0.000000,0.060000,0.000000,0.642708,0.343116,0.963886,0.002794,0.084102,-0.000169,0.089128,41.158481,40.514149,-3.004170,1.995059,-1.571451,0.000000,0.000000,0.000000,0.000000,0.000000,0.000000
1778249162.536339,0.642316,0.340476,0.963910,0.0000,10.0000,0.0000,0.000000,0.071800,0.000000,0.000000,0.060000,0.000000,0.642708,0.343116,0.963886,0.002794,0.084102,-0.000169,0.089128,41.158481,40.514149,-3.004171,1.995064,-1.571450,0.000000,0.000000,0.000000,0.000000,0.000000,0.000000
1778249162.546587,0.642291,0.341056,0.963910,0.0000,10.0000,0.0000,0.000000,0.073000,0.000000,0.000000,0.060000,0.000000,0.642708,0.344316,0.963886,0.003128,0.084451,-0.000179,0.089723,41.111200,40.468699,-3.004171,1.995062,-1.571450,0.000000,0.000000,0.000000,0.000000,0.000000,0.000000
1778249162.555938,0.642269,0.341641,0.963910,0.0000,10.0000,0.0000,0.000000,0.073600,0.000000,0.000000,0.060000,0.000000,0.642708,0.344916,0.963886,0.003291,0.084562,-0.000178,0.089972,41.138635,40.497985,-3.004171,1.995060,-1.571450,0.000000,0.000000,0.000000,0.000000,0.000000,0.000000
1778249162.566614,0.642247,0.342233,0.963909,0.0000,10.0000,0.0000,0.000000,0.073600,0.000000,0.000000,0.060000,0.000000,0.642708,0.344916,0.963886,0.003291,0.084562,-0.000178,0.089972,41.138635,40.497985,-3.004171,1.995064,-1.571450,0.000000,0.000000,0.000000,0.000000,0.000000,0.000000
1778249162.575898,0.642224,0.342829,0.963910,0.0000,10.0000,0.0000,0.000000,0.074800,0.000000,0.000000,0.060000,0.000000,0.642708,0.346116,0.963886,0.003629,0.084656,-0.000181,0.090356,41.149807,40.507522,-3.004171,1.995063,-1.571452,0.000000,0.000000,0.000000,0.000000,0.000000,0.000000
1778249162.586172,0.642199,0.343433,0.963909,0.0000,10.0000,0.0000,0.000000,0.075400,0.000000,0.000000,0.060000,0.000000,0.642708,0.346716,0.963886,0.003822,0.084623,-0.000172,0.090486,41.129195,40.489638,-3.004171,1.995058,-1.571451,0.000000,0.000000,0.000000,0.000000,0.000000,0.000000
1778249162.595959,0.642177,0.344038,0.963906,0.0000,10.0000,0.0000,0.000000,0.076000,0.000000,0.000000,0.060000,0.000000,0.642708,0.347316,0.963886,0.003987,0.084585,-0.000152,0.090583,41.218993,40.581827,-3.004171,1.995062,-1.571450,0.000000,0.000000,0.000000,0.000000,0.000000,0.000000
1778249162.605563,0.642160,0.344646,0.963905,0.0000,10.0000,0.0000,0.000000,0.076600,0.000000,0.000000,0.060000,0.000000,0.642708,0.347916,0.963886,0.004115,0.084523,-0.000139,0.090647,41.196754,40.554721,-3.004171,1.995063,-1.571450,0.000000,0.000000,0.000000,0.000000,0.000000,0.000000
1778249162.615674,0.642140,0.345254,0.963906,0.0000,10.0000,0.0000,0.000000,0.077200,0.000000,0.000000,0.060000,0.000000,0.642708,0.348516,0.963886,0.004266,0.084464,-0.000147,0.090689,41.134140,40.494874,-3.004171,1.995061,-1.571450,0.000000,0.000000,0.000000,0.000000,0.000000,0.000000
1778249162.625860,0.642117,0.345866,0.963907,0.0000,10.0000,0.0000,0.000000,0.077800,0.000000,0.000000,0.060000,0.000000,0.642708,0.349116,0.963886,0.004437,0.084373,-0.000155,0.090710,41.133930,40.492015,-3.004171,1.995060,-1.571452,0.000000,0.000000,0.000000,0.000000,0.000000,0.000000
1778249162.636379,0.642095,0.346481,0.963902,0.0000,10.0000,0.0000,0.000000,0.077800,0.000000,0.000000,0.060000,0.000000,0.642708,0.349116,0.963886,0.004437,0.084373,-0.000155,0.090710,41.133930,40.492015,-3.004171,1.995059,-1.571449,0.000000,0.000000,0.000000,0.000000,0.000000,0.000000
1778249162.646323,0.642074,0.347093,0.963903,0.0000,10.0000,0.0000,0.000000,0.078400,0.000000,0.000000,0.060000,0.000000,0.642708,0.349716,0.963886,0.004602,0.084265,-0.000120,0.090711,41.210124,40.573261,-3.004171,1.995064,-1.571448,0.000000,0.000000,0.000000,0.000000,0.000000,0.000000
1778249162.656305,0.642050,0.347711,0.963901,0.0000,10.0000,0.0000,0.000000,0.079600,0.000000,0.000000,0.060000,0.000000,0.642708,0.350916,0.963886,0.004935,0.084042,-0.000114,0.090678,41.123603,40.482481,-3.004171,1.995062,-1.571451,0.000000,0.000000,0.000000,0.000000,0.000000,0.000000
1778249162.665578,0.642032,0.348332,0.963894,0.0000,10.0000,0.0000,0.000000,0.080200,0.000000,0.000000,0.060000,0.000000,0.642708,0.351516,0.963886,0.005073,0.083879,-0.000062,0.090630,41.223321,40.582214,-3.004171,1.995061,-1.571454,0.000000,0.000000,0.000000,0.000000,0.000000,0.000000
1778249162.675856,0.642007,0.349102,0.963892,0.0000,10.0000,0.0000,0.000000,0.080800,0.000000,0.000000,0.060000,0.000000,0.642708,0.352116,0.963886,0.005262,0.082610,-0.000045,0.090197,41.175701,40.535257,-3.004171,1.995060,-1.571452,0.000000,0.000000,0.000000,0.000000,0.000000,0.000000
1778249162.686209,0.641987,0.349722,0.963887,0.0000,10.0000,0.0000,0.000000,0.081400,0.000000,0.000000,0.060000,0.000000,0.642708,0.352716,0.963886,0.005409,0.082457,-0.000009,0.089876,41.203718,40.565870,-3.004171,1.995061,-1.571452,0.000000,0.000000,0.000000,0.000000,0.000000,0.000000
1778249162.696328,0.641965,0.350340,0.963884,0.0000,10.0000,0.0000,0.000000,0.082000,0.000000,0.000000,0.060000,0.000000,0.642708,0.353316,0.963886,0.005578,0.082320,0.000017,0.089638,41.202082,40.564219,-3.004171,1.995060,-1.571450,0.000000,0.000000,0.000000,0.000000,0.000000,0.000000
1778249162.705991,0.641946,0.350957,0.963878,0.0000,10.0000,0.0000,0.000000,0.082600,0.000000,0.000000,0.060000,0.000000,0.642708,0.353916,0.963886,0.005716,0.082191,0.000063,0.089458,41.291140,40.654157,-3.004171,1.995064,-1.571449,0.000000,0.000000,0.000000,0.000000,0.000000,0.000000
1778249162.716604,0.641922,0.351576,0.963876,0.0000,10.0000,0.0000,0.000000,0.083200,0.000000,0.000000,0.060000,0.000000,0.642708,0.354516,0.963886,0.005896,0.082053,0.000077,0.089318,41.186028,40.548446,-3.004171,1.995062,-1.571451,0.000000,0.000000,0.000000,0.000000,0.000000,0.000000
1778249162.725809,0.641902,0.352193,0.963872,0.0000,10.0000,0.0000,0.000000,0.083800,0.000000,0.000000,0.060000,0.000000,0.642708,0.355116,0.963886,0.006047,0.081924,0.000103,0.089205,41.227618,40.587996,-3.004171,1.995061,-1.571451,0.000000,0.000000,0.000000,0.000000,0.000000,0.000000
1778249162.736417,0.641888,0.352808,0.963867,0.0000,10.0000,0.0000,0.000000,0.084400,0.000000,0.000000,0.060000,0.000000,0.642708,0.355716,0.963886,0.006155,0.081810,0.000140,0.089112,41.221068,40.580382,-3.004171,1.995062,-1.571451,0.000000,0.000000,0.000000,0.000000,0.000000,0.000000
1778249162.746382,0.641872,0.353418,0.963861,0.0000,10.0000,0.0000,0.000000,0.084400,0.000000,0.000000,0.060000,0.000000,0.642708,0.355716,0.963886,0.006155,0.081810,0.000140,0.089112,41.221068,40.580382,-3.004171,1.995060,-1.571449,0.000000,0.000000,0.000000,0.000000,0.000000,0.000000
1778249162.756126,0.641854,0.354031,0.963857,0.0000,10.0000,0.0000,0.000000,0.085600,0.000000,0.000000,0.060000,0.000000,0.642708,0.356916,0.963886,0.006407,0.081635,0.000218,0.088997,41.203538,40.564740,-3.004171,1.995063,-1.571449,0.000000,0.000000,0.000000,0.000000,0.000000,0.000000
1778249162.766136,0.641835,0.354646,0.963850,0.0000,10.0000,0.0000,0.000000,0.086200,0.000000,0.000000,0.060000,0.000000,0.642708,0.357516,0.963886,0.006549,0.081528,0.000267,0.088953,41.247323,40.606587,-3.004171,1.995061,-1.571450,0.000000,0.000000,0.000000,0.000000,0.000000,0.000000
1778249162.775748,0.641821,0.355255,0.963843,0.0000,10.0000,0.0000,0.000000,0.086800,0.000000,0.000000,0.060000,0.000000,0.642708,0.358116,0.963886,0.006654,0.081461,0.000321,0.088924,41.253840,40.613567,-3.004171,1.995060,-1.571448,0.000000,0.000000,0.000000,0.000000,0.000000,0.000000
1778249162.785710,0.641804,0.356014,0.963835,0.0000,10.0000,0.0000,0.000000,0.087400,0.000000,0.000000,0.060000,0.000000,0.642708,0.358716,0.963886,0.006785,0.080268,0.000382,0.088532,41.277278,40.637600,-3.004171,1.995063,-1.571449,0.000000,0.000000,0.000000,0.000000,0.000000,0.000000
1778249162.795947,0.641787,0.356620,0.963830,0.0000,10.0000,0.0000,0.000000,0.088000,0.000000,0.000000,0.060000,0.000000,0.642708,0.359316,0.963886,0.006913,0.080219,0.000419,0.088275,41.221880,40.583365,-3.004171,1.995061,-1.571450,0.000000,0.000000,0.000000,0.000000,0.000000,0.000000
1778249162.805978,0.641769,0.357227,0.963824,0.0000,10.0000,0.0000,0.000000,0.088600,0.000000,0.000000,0.060000,0.000000,0.642708,0.359916,0.963886,0.007043,0.080170,0.000461,0.088112,41.294657,40.655874,-3.004171,1.995062,-1.571449,0.000000,0.000000,0.000000,0.000000,0.000000,0.000000
1778249162.815991,0.641756,0.357833,0.963819,0.0000,10.0000,0.0000,0.000000,0.089200,0.000000,0.000000,0.060000,0.000000,0.642708,0.360516,0.963886,0.007144,0.080120,0.000506,0.088008,41.248273,40.605684,-3.004171,1.995063,-1.571450,0.000000,0.000000,0.000000,0.000000,0.000000,0.000000
1778249162.826193,0.641741,0.358438,0.963806,0.0000,10.0000,0.0000,0.000000,0.089800,0.000000,0.000000,0.060000,0.000000,0.642708,0.361116,0.963886,0.007252,0.080085,0.000602,0.087954,41.316830,40.676646,-3.004171,1.995060,-1.571450,0.000000,0.000000,0.000000,0.000000,0.000000,0.000000
1778249162.836086,0.641729,0.359036,0.963801,0.0000,10.0000,0.0000,0.000000,0.090400,0.000000,0.000000,0.060000,0.000000,0.642708,0.361716,0.963886,0.007344,0.080104,0.000640,0.087947,41.286163,40.647183,-3.004171,1.995063,-1.571446,0.000000,0.000000,0.000000,0.000000,0.000000,0.000000
1778249162.846156,0.641714,0.359633,0.963798,0.0000,10.0000,0.0000,0.000000,0.090400,0.000000,0.000000,0.060000,0.000000,0.642708,0.361716,0.963886,0.007344,0.080104,0.000640,0.087947,41.286163,40.647183,-3.004171,1.995063,-1.571448,0.000000,0.000000,0.000000,0.000000,0.000000,0.000000
1778249162.855856,0.641700,0.360232,0.963789,0.0000,10.0000,0.0000,0.000000,0.091600,0.000000,0.000000,0.060000,0.000000,0.642708,0.362916,0.963886,0.007562,0.080132,0.000728,0.088021,41.325440,40.685026,-3.004171,1.995059,-1.571452,0.000000,0.000000,0.000000,0.000000,0.000000,0.000000
1778249162.865709,0.641691,0.360828,0.963782,0.0000,10.0000,0.0000,0.000000,0.092200,0.000000,0.000000,0.060000,0.000000,0.642708,0.363516,0.963886,0.007628,0.080164,0.000783,0.088085,41.302880,40.659940,-3.004171,1.995063,-1.571447,0.000000,0.000000,0.000000,0.000000,0.000000,0.000000
1778249162.875738,0.641679,0.361425,0.963774,0.0000,10.0000,0.0000,0.000000,0.092800,0.000000,0.000000,0.060000,0.000000,0.642708,0.364116,0.963886,0.007720,0.080186,0.000838,0.088161,41.275810,40.633187,-3.004171,1.995063,-1.571447,0.000000,0.000000,0.000000,0.000000,0.000000,0.000000
1778249162.885828,0.641664,0.362169,0.963765,0.0000,10.0000,0.0000,0.000000,0.093400,0.000000,0.000000,0.060000,0.000000,0.642708,0.364716,0.963886,0.007834,0.079104,0.000908,0.087879,41.301695,40.661376,-3.004171,1.995062,-1.571444,0.000000,0.000000,0.000000,0.000000,0.000000,0.000000
1778249162.895901,0.641652,0.362763,0.963757,0.0000,10.0000,0.0000,0.000000,0.094000,0.000000,0.000000,0.060000,0.000000,0.642708,0.365316,0.963886,0.007918,0.079148,0.000970,0.087727,41.306426,40.664161,-3.004171,1.995060,-1.571447,0.000000,0.000000,0.000000,0.000000,0.000000,0.000000
1778249162.905783,0.641642,0.363356,0.963750,0.0000,10.0000,0.0000,0.000000,0.094600,0.000000,0.000000,0.060000,0.000000,0.642708,0.365916,0.963886,0.007996,0.079203,0.001018,0.087665,41.337145,40.695608,-3.004171,1.995065,-1.571447,0.000000,0.000000,0.000000,0.000000,0.000000,0.000000
1778249162.916056,0.641631,0.363948,0.963739,0.0000,10.0000,0.0000,0.000000,0.095200,0.000000,0.000000,0.060000,0.000000,0.642708,0.366516,0.963886,0.008082,0.079261,0.001102,0.087670,41.286444,40.639957,-3.004171,1.995058,-1.571449,0.000000,0.000000,0.000000,0.000000,0.000000,0.000000
1778249162.926105,0.641621,0.364537,0.963730,0.0000,10.0000,0.0000,0.000000,0.095800,0.000000,0.000000,0.060000,0.000000,0.642708,0.367116,0.963886,0.008157,0.079344,0.001169,0.087725,41.338714,40.699235,-3.004171,1.995059,-1.571446,0.000000,0.000000,0.000000,0.000000,0.000000,0.000000
1778249162.936203,0.641609,0.365125,0.963726,0.0000,10.0000,0.0000,0.000000,0.096400,0.000000,0.000000,0.060000,0.000000,0.642708,0.367716,0.963886,0.008247,0.079433,0.001204,0.087817,41.307919,40.664775,-3.004171,1.995062,-1.571447,0.000000,0.000000,0.000000,0.000000,0.000000,0.000000
1778249162.945659,0.641598,0.365711,0.963717,0.0000,10.0000,0.0000,0.000000,0.097000,0.000000,0.000000,0.060000,0.000000,0.642708,0.368316,0.963886,0.008324,0.079537,0.001270,0.087939,41.341611,40.700229,-3.004171,1.995060,-1.571446,0.000000,0.000000,0.000000,0.000000,0.000000,0.000000
1778249162.955689,0.641584,0.366445,0.963706,0.0000,10.0000,0.0000,0.000000,0.097600,0.000000,0.000000,0.060000,0.000000,0.642708,0.368916,0.963886,0.008431,0.078531,0.001349,0.087717,41.367071,40.725242,-3.004171,1.995061,-1.571449,0.000000,0.000000,0.000000,0.000000,0.000000,0.000000
1778249162.965897,0.641576,0.367029,0.963703,0.0000,10.0000,0.0000,0.000000,0.098200,0.000000,0.000000,0.060000,0.000000,0.642708,0.369516,0.963886,0.008496,0.078650,0.001375,0.087626,41.312663,40.668435,-3.004171,1.995064,-1.571449,0.000000,0.000000,0.000000,0.000000,0.000000,0.000000
1778249162.975929,0.641561,0.367616,0.963695,0.0000,10.0000,0.0000,0.000000,0.098800,0.000000,0.000000,0.060000,0.000000,0.642708,0.370116,0.963886,0.008605,0.078753,0.001436,0.087629,41.305148,40.660069,-3.004171,1.995058,-1.571446,0.000000,0.000000,0.000000,0.000000,0.000000,0.000000
1778249162.986018,0.641552,0.368205,0.963683,0.0000,10.0000,0.0000,0.000000,0.099400,0.000000,0.000000,0.060000,0.000000,0.642708,0.370716,0.963886,0.008675,0.078831,0.001522,0.087684,41.427531,40.786184,-3.004171,1.995062,-1.571444,0.000000,0.000000,0.000000,0.000000,0.000000,0.000000
1778249162.996147,0.641544,0.368786,0.963677,0.0000,10.0000,0.0000,0.000000,0.100000,0.000000,0.000000,0.060000,0.000000,0.642708,0.371316,0.963886,0.008734,0.078974,0.001571,0.087791,41.326948,40.680879,-3.004172,1.995063,-1.571446,0.000000,0.000000,0.000000,0.000000,0.000000,0.000000
1778249163.006203,0.641534,0.369362,0.963670,0.0000,10.0000,0.0000,0.000000,0.100600,0.000000,0.000000,0.060000,0.000000,0.642708,0.371916,0.963886,0.008804,0.079157,0.001617,0.087948,41.325180,40.679898,-3.004172,1.995060,-1.571444,0.000000,0.000000,0.000000,0.000000,0.000000,0.000000
1778249163.016156,0.641527,0.369945,0.963661,0.0000,10.0000,0.0000,0.000000,0.100600,0.000000,0.000000,0.060000,0.000000,0.642708,0.371916,0.963886,0.008804,0.079157,0.001617,0.087948,41.325180,40.679898,-3.004172,1.995061,-1.571447,0.000000,0.000000,0.000000,0.000000,0.000000,0.000000
1778249163.026378,0.641521,0.370526,0.963650,0.0000,10.0000,0.0000,0.000000,0.101800,0.000000,0.000000,0.060000,0.000000,0.642708,0.373116,0.963886,0.008908,0.079424,0.001769,0.088308,41.357914,40.711334,-3.004172,1.995059,-1.571445,0.000000,0.000000,0.000000,0.000000,0.000000,0.000000
1778249163.035949,0.641511,0.371112,0.963640,0.0000,10.0000,0.0000,0.000000,0.102400,0.000000,0.000000,0.060000,0.000000,0.642708,0.373716,0.963886,0.008981,0.079531,0.001842,0.088499,41.380087,40.736643,-3.004172,1.995060,-1.571445,0.000000,0.000000,0.000000,0.000000,0.000000,0.000000
1778249163.045903,0.641502,0.371694,0.963633,0.0000,10.0000,0.0000,0.000000,0.103000,0.000000,0.000000,0.060000,0.000000,0.642708,0.374316,0.963886,0.009046,0.079664,0.001895,0.088696,41.388204,40.742606,-3.004172,1.995064,-1.571446,0.000000,0.000000,0.000000,0.000000,0.000000,0.000000
1778249163.055812,0.641490,0.372273,0.963624,0.0000,10.0000,0.0000,0.000000,0.103600,0.000000,0.000000,0.060000,0.000000,0.642708,0.374916,0.963886,0.009134,0.079825,0.001963,0.088914,41.309631,40.662084,-3.004172,1.995057,-1.571446,0.000000,0.000000,0.000000,0.000000,0.000000,0.000000
1778249163.065743,0.641476,0.372853,0.963617,0.0000,10.0000,0.0000,0.000000,0.104200,0.000000,0.000000,0.060000,0.000000,0.642708,0.375516,0.963886,0.009239,0.079977,0.002018,0.089143,41.452328,40.811767,-3.004172,1.995063,-1.571444,0.000000,0.000000,0.000000,0.000000,0.000000,0.000000
1778249163.075795,0.641468,0.373430,0.963611,0.0000,10.0000,0.0000,0.000000,0.104800,0.000000,0.000000,0.060000,0.000000,0.642708,0.376116,0.963886,0.009300,0.080145,0.002063,0.089379,41.379262,40.731644,-3.004172,1.995063,-1.571447,0.000000,0.000000,0.000000,0.000000,0.000000,0.000000
1778249163.085820,0.641459,0.374009,0.963605,0.0000,10.0000,0.0000,0.000000,0.105400,0.000000,0.000000,0.060000,0.000000,0.642708,0.376716,0.963886,0.009368,0.080301,0.002110,0.089615,41.354870,40.708120,-3.004172,1.995061,-1.571443,0.000000,0.000000,0.000000,0.000000,0.000000,0.000000
1778249163.096019,0.641447,0.374593,0.963595,0.0000,10.0000,0.0000,0.000000,0.106000,0.000000,0.000000,0.060000,0.000000,0.642708,0.377316,0.963886,0.009457,0.080421,0.002184,0.089847,41.385151,40.740067,-3.004172,1.995059,-1.571445,0.000000,0.000000,0.000000,0.000000,0.000000,0.000000
1778249163.105972,0.641437,0.375175,0.963586,0.0000,10.0000,0.0000,0.000000,0.106600,0.000000,0.000000,0.060000,0.000000,0.642708,0.377916,0.963886,0.009532,0.080559,0.002248,0.090078,41.447941,40.804487,-3.004172,1.995064,-1.571445,0.000000,0.000000,0.000000,0.000000,0.000000,0.000000
1778249163.115872,0.641422,0.375760,0.963582,0.0000,10.0000,0.0000,0.000000,0.107200,0.000000,0.000000,0.060000,0.000000,0.642708,0.378516,0.963886,0.009649,0.080674,0.002282,0.090305,41.381321,40.735074,-3.004172,1.995062,-1.571446,0.000000,0.000000,0.000000,0.000000,0.000000,0.000000
1778249163.125765,0.641411,0.376342,0.963573,0.0000,10.0000,0.0000,0.000000,0.107800,0.000000,0.000000,0.060000,0.000000,0.642708,0.379116,0.963886,0.009731,0.080804,0.002344,0.090533,41.404613,40.757958,-3.004172,1.995059,-1.571446,0.000000,0.000000,0.000000,0.000000,0.000000,0.000000
1778249163.136172,0.641404,0.376928,0.963564,0.0000,10.0000,0.0000,0.000000,0.108400,0.000000,0.000000,0.060000,0.000000,0.642708,0.379716,0.963886,0.009785,0.080913,0.002419,0.090750,41.477917,40.831133,-3.004172,1.995064,-1.571445,0.000000,0.000000,0.000000,0.000000,0.000000,0.000000
1778249163.145788,0.641398,0.377511,0.963552,0.0000,10.0000,0.0000,0.000000,0.109000,0.000000,0.000000,0.060000,0.000000,0.642708,0.380316,0.963886,0.009828,0.081036,0.002502,0.090962,41.414271,40.764647,-3.004172,1.995060,-1.571445,0.000000,0.000000,0.000000,0.000000,0.000000,0.000000
1778249163.155737,0.641392,0.378094,0.963544,0.0000,10.0000,0.0000,0.000000,0.109600,0.000000,0.000000,0.060000,0.000000,0.642708,0.380916,0.963886,0.009874,0.081163,0.002565,0.091173,41.445499,40.797521,-3.004172,1.995062,-1.571445,0.000000,0.000000,0.000000,0.000000,0.000000,0.000000
1778249163.165823,0.641379,0.378675,0.963538,0.0000,10.0000,0.0000,0.000000,0.110200,0.000000,0.000000,0.060000,0.000000,0.642708,0.381516,0.963886,0.009970,0.081306,0.002612,0.091394,41.411203,40.765626,-3.004172,1.995059,-1.571444,0.000000,0.000000,0.000000,0.000000,0.000000,0.000000
1778249163.175836,0.641370,0.379262,0.963530,0.0000,10.0000,0.0000,0.000000,0.110800,0.000000,0.000000,0.060000,0.000000,0.642708,0.382116,0.963886,0.010038,0.081408,0.002668,0.091606,41.480612,40.834514,-3.004172,1.995064,-1.571440,0.000000,0.000000,0.000000,0.000000,0.000000,0.000000
1778249163.185964,0.641355,0.379854,0.963522,0.0000,10.0000,0.0000,0.000000,0.111400,0.000000,0.000000,0.060000,0.000000,0.642708,0.382716,0.963886,0.010146,0.081466,0.002730,0.091804,41.417412,40.767510,-3.004172,1.995061,-1.571446,0.000000,0.000000,0.000000,0.000000,0.000000,0.000000
1778249163.195966,0.641346,0.380437,0.963515,0.0000,10.0000,0.0000,0.000000,0.112000,0.000000,0.000000,0.060000,0.000000,0.642708,0.383316,0.963886,0.010216,0.081591,0.002786,0.092008,41.438452,40.790921,-3.004172,1.995062,-1.571443,0.000000,0.000000,0.000000,0.000000,0.000000,0.000000
1778249163.205872,0.641337,0.381022,0.963508,0.0000,10.0000,0.0000,0.000000,0.112600,0.000000,0.000000,0.060000,0.000000,0.642708,0.383916,0.963886,0.010285,0.081708,0.002836,0.092212,41.462596,40.815914,-3.004172,1.995062,-1.571440,0.000000,0.000000,0.000000,0.000000,0.000000,0.000000
1778249163.216080,0.641329,0.381610,0.963500,0.0000,10.0000,0.0000,0.000000,0.113200,0.000000,0.000000,0.060000,0.000000,0.642708,0.384516,0.963886,0.010348,0.081792,0.002896,0.092406,41.436461,40.785932,-3.004172,1.995063,-1.571445,0.000000,0.000000,0.000000,0.000000,0.000000,0.000000
1778249163.225931,0.641315,0.382196,0.963491,0.0000,10.0000,0.0000,0.000000,0.113800,0.000000,0.000000,0.060000,0.000000,0.642708,0.385116,0.963886,0.010453,0.081902,0.002960,0.092610,41.410462,40.764799,-3.004172,1.995058,-1.571442,0.000000,0.000000,0.000000,0.000000,0.000000,0.000000
1778249163.235968,0.641306,0.382788,0.963483,0.0000,10.0000,0.0000,0.000000,0.114400,0.000000,0.000000,0.060000,0.000000,0.642708,0.385716,0.963886,0.010514,0.081962,0.003023,0.092796,41.530447,40.882061,-3.004172,1.995065,-1.571444,0.000000,0.000000,0.000000,0.000000,0.000000,0.000000
1778249163.245920,0.641297,0.383380,0.963473,0.0000,10.0000,0.0000,0.000000,0.115000,0.000000,0.000000,0.060000,0.000000,0.642708,0.386316,0.963886,0.010585,0.082017,0.003098,0.092972,41.451681,40.800605,-3.004172,1.995060,-1.571446,0.000000,0.000000,0.000000,0.000000,0.000000,0.000000
1778249163.256075,0.641288,0.383972,0.963461,0.0000,10.0000,0.0000,0.000000,0.115600,0.000000,0.000000,0.060000,0.000000,0.642708,0.386916,0.963886,0.010655,0.082077,0.003185,0.093143,41.501095,40.852591,-3.004172,1.995060,-1.571444,0.000000,0.000000,0.000000,0.000000,0.000000,0.000000
1778249163.265853,0.641276,0.384561,0.963454,0.0000,10.0000,0.0000,0.000000,0.116200,0.000000,0.000000,0.060000,0.000000,0.642708,0.387516,0.963886,0.010740,0.082162,0.003243,0.093319,41.516134,40.868300,-3.004172,1.995062,-1.571445,0.000000,0.000000,0.000000,0.000000,0.000000,0.000000
1778249163.275914,0.641265,0.385153,0.963448,0.0000,10.0000,0.0000,0.000000,0.116800,0.000000,0.000000,0.060000,0.000000,0.642708,0.388116,0.963886,0.010825,0.082223,0.003287,0.093490,41.458083,40.808700,-3.004173,1.995061,-1.571445,0.000000,0.000000,0.000000,0.000000,0.000000,0.000000
1778249163.286097,0.641254,0.385743,0.963442,0.0000,10.0000,0.0000,0.000000,0.117400,0.000000,0.000000,0.060000,0.000000,0.642708,0.388716,0.963886,0.010906,0.082302,0.003329,0.093662,41.485108,40.836417,-3.004173,1.995062,-1.571446,0.000000,0.000000,0.000000,0.000000,0.000000,0.000000
1778249163.295934,0.641242,0.386337,0.963437,0.0000,10.0000,0.0000,0.000000,0.118000,0.000000,0.000000,0.060000,0.000000,0.642708,0.389316,0.963886,0.010996,0.082345,0.003369,0.093825,41.483434,40.833516,-3.004173,1.995062,-1.571446,0.000000,0.000000,0.000000,0.000000,0.000000,0.000000
1778249163.306317,0.641233,0.386930,0.963426,0.0000,10.0000,0.0000,0.000000,0.118000,0.000000,0.000000,0.060000,0.000000,0.642708,0.389316,0.963886,0.010996,0.082345,0.003369,0.093825,41.483434,40.833516,-3.004172,1.995062,-1.571444,0.000000,0.000000,0.000000,0.000000,0.000000,0.000000
1778249163.316152,0.641219,0.387527,0.963416,0.0000,10.0000,0.0000,0.000000,0.118600,0.000000,0.000000,0.060000,0.000000,0.642708,0.389916,0.963886,0.011066,0.082399,0.003448,0.093985,41.496598,40.845596,-3.004173,1.995059,-1.571444,0.000000,0.000000,0.000000,0.000000,0.000000,0.000000
1778249163.326152,0.641211,0.388121,0.963407,0.0000,10.0000,0.0000,0.000000,0.119800,0.000000,0.000000,0.060000,0.000000,0.642708,0.391116,0.963886,0.011233,0.082463,0.003591,0.094289,41.558491,40.906459,-3.004173,1.995062,-1.571442,0.000000,0.000000,0.000000,0.000000,0.000000,0.000000
1778249163.336305,0.641200,0.388718,0.963398,0.0000,10.0000,0.0000,0.000000,0.119800,0.000000,0.000000,0.060000,0.000000,0.642708,0.391116,0.963886,0.011233,0.082463,0.003591,0.094289,41.558491,40.906459,-3.004173,1.995058,-1.571444,0.000000,0.000000,0.000000,0.000000,0.000000,0.000000
1778249163.345981,0.641188,0.389316,0.963387,0.0000,10.0000,0.0000,0.000000,0.121000,0.000000,0.000000,0.060000,0.000000,0.642708,0.392316,0.963886,0.011403,0.082498,0.003741,0.094570,41.522101,40.873506,-3.004173,1.995059,-1.571443,0.000000,0.000000,0.000000,0.000000,0.000000,0.000000
1778249163.356376,0.641177,0.389911,0.963381,0.0000,10.0000,0.0000,0.000000,0.121600,0.000000,0.000000,0.060000,0.000000,0.642708,0.392916,0.963886,0.011484,0.082539,0.003784,0.094708,41.561105,40.912526,-3.004173,1.995065,-1.571441,0.000000,0.000000,0.000000,0.000000,0.000000,0.000000
1778249163.366464,0.641164,0.390506,0.963375,0.0000,10.0000,0.0000,0.000000,0.122200,0.000000,0.000000,0.060000,0.000000,0.642708,0.393516,0.963886,0.011584,0.082574,0.003831,0.094849,41.476942,40.824398,-3.004173,1.995063,-1.571443,0.000000,0.000000,0.000000,0.000000,0.000000,0.000000
1778249163.375918,0.641152,0.391099,0.963367,0.0000,10.0000,0.0000,0.000000,0.122800,0.000000,0.000000,0.060000,0.000000,0.642708,0.394116,0.963886,0.011676,0.082626,0.003894,0.094998,41.542268,40.892646,-3.004173,1.995060,-1.571443,0.000000,0.000000,0.000000,0.000000,0.000000,0.000000
1778249163.386445,0.641138,0.391696,0.963362,0.0000,10.0000,0.0000,0.000000,0.122800,0.000000,0.000000,0.060000,0.000000,0.642708,0.394116,0.963886,0.011676,0.082626,0.003894,0.094998,41.542268,40.892646,-3.004173,1.995063,-1.571442,0.000000,0.000000,0.000000,0.000000,0.000000,0.000000
1778249163.395975,0.641128,0.392295,0.963352,0.0000,10.0000,0.0000,0.000000,0.124000,0.000000,0.000000,0.060000,0.000000,0.642708,0.395316,0.963886,0.011853,0.082655,0.004008,0.095278,41.563676,40.910570,-3.004173,1.995061,-1.571440,0.000000,0.000000,0.000000,0.000000,0.000000,0.000000
1778249163.406087,0.641113,0.392900,0.963341,0.0000,10.0000,0.0000,0.000000,0.124600,0.000000,0.000000,0.060000,0.000000,0.642708,0.395916,0.963886,0.011965,0.082622,0.004085,0.095400,41.543239,40.893405,-3.004173,1.995059,-1.571443,0.000000,0.000000,0.000000,0.000000,0.000000,0.000000
1778249163.415992,0.641102,0.393493,0.963334,0.0000,10.0000,0.0000,0.000000,0.125200,0.000000,0.000000,0.060000,0.000000,0.642708,0.396516,0.963886,0.012044,0.082670,0.004139,0.095533,41.536324,40.884872,-3.004173,1.995061,-1.571443,0.000000,0.000000,0.000000,0.000000,0.000000,0.000000
1778249163.426121,0.641091,0.394089,0.963326,0.0000,10.0000,0.0000,0.000000,0.125800,0.000000,0.000000,0.060000,0.000000,0.642708,0.397116,0.963886,0.012133,0.082704,0.004203,0.095670,41.602354,40.950798,-3.004173,1.995062,-1.571442,0.000000,0.000000,0.000000,0.000000,0.000000,0.000000
1778249163.436005,0.641079,0.394689,0.963317,0.0000,10.0000,0.0000,0.000000,0.126400,0.000000,0.000000,0.060000,0.000000,0.642708,0.397716,0.963886,0.012223,0.082707,0.004264,0.095801,41.562413,40.908937,-3.004173,1.995061,-1.571444,0.000000,0.000000,0.000000,0.000000,0.000000,0.000000
1778249163.445890,0.641067,0.395282,0.963308,0.0000,10.0000,0.0000,0.000000,0.127000,0.000000,0.000000,0.060000,0.000000,0.642708,0.398316,0.963886,0.012307,0.082756,0.004332,0.095943,41.586297,40.934104,-3.004173,1.995062,-1.571440,0.000000,0.000000,0.000000,0.000000,0.000000,0.000000
1778249163.456077,0.641055,0.395880,0.963300,0.0000,10.0000,0.0000,0.000000,0.127000,0.000000,0.000000,0.060000,0.000000,0.642708,0.398316,0.963886,0.012307,0.082756,0.004332,0.095943,41.586297,40.934104,-3.004173,1.995065,-1.571442,0.000000,0.000000,0.000000,0.000000,0.000000,0.000000
1778249163.465865,0.641041,0.396480,0.963293,0.0000,10.0000,0.0000,0.000000,0.128200,0.000000,0.000000,0.060000,0.000000,0.642708,0.399516,0.963886,0.012504,0.082769,0.004450,0.096215,41.552514,40.896975,-3.004173,1.995061,-1.571442,0.000000,0.000000,0.000000,0.000000,0.000000,0.000000
1778249163.476474,0.641028,0.397081,0.963281,0.0000,10.0000,0.0000,0.000000,0.128800,0.000000,0.000000,0.060000,0.000000,0.642708,0.400116,0.963886,0.012605,0.082761,0.004540,0.096346,41.626014,40.974932,-3.004173,1.995060,-1.571445,0.000000,0.000000,0.000000,0.000000,0.000000,0.000000
1778249163.486429,0.641015,0.397677,0.963276,0.0000,10.0000,0.0000,0.000000,0.129400,0.000000,0.000000,0.060000,0.000000,0.642708,0.400716,0.963886,0.012702,0.082792,0.004572,0.096481,41.602672,40.951849,-3.004173,1.995064,-1.571442,0.000000,0.000000,0.000000,0.000000,0.000000,0.000000
1778249163.495870,0.641001,0.398272,0.963271,0.0000,10.0000,0.0000,0.000000,0.130000,0.000000,0.000000,0.060000,0.000000,0.642708,0.401316,0.963886,0.012801,0.082833,0.004610,0.096623,41.553197,40.898407,-3.004174,1.995060,-1.571443,0.000000,0.000000,0.000000,0.000000,0.000000,0.000000
1778249163.506035,0.640990,0.398865,0.963264,0.0000,10.0000,0.0000,0.000000,0.130600,0.000000,0.000000,0.060000,0.000000,0.642708,0.401916,0.963886,0.012885,0.082882,0.004664,0.096772,41.612790,40.958243,-3.004174,1.995061,-1.571441,0.000000,0.000000,0.000000,0.000000,0.000000,0.000000
1778249163.515836,0.640985,0.399462,0.963252,0.0000,10.0000,0.0000,0.000000,0.131200,0.000000,0.000000,0.060000,0.000000,0.642708,0.402516,0.963886,0.012925,0.082903,0.004754,0.096911,41.689861,41.035625,-3.004174,1.995064,-1.571442,0.000000,0.000000,0.000000,0.000000,0.000000,0.000000
1778249163.525994,0.640972,0.400057,0.963245,0.0000,10.0000,0.0000,0.000000,0.131800,0.000000,0.000000,0.060000,0.000000,0.642708,0.403116,0.963886,0.013019,0.082944,0.004809,0.097057,41.579134,40.924401,-3.004173,1.995059,-1.571441,0.000000,0.000000,0.000000,0.000000,0.000000,0.000000
1778249163.535767,0.640957,0.400659,0.963235,0.0000,10.0000,0.0000,0.000000,0.132400,0.000000,0.000000,0.060000,0.000000,0.642708,0.403716,0.963886,0.013134,0.082926,0.004885,0.097196,41.670537,41.018152,-3.004173,1.995061,-1.571444,0.000000,0.000000,0.000000,0.000000,0.000000,0.000000
1778249163.545824,0.640948,0.401256,0.963228,0.0000,10.0000,0.0000,0.000000,0.133000,0.000000,0.000000,0.060000,0.000000,0.642708,0.404316,0.963886,0.013203,0.082952,0.004933,0.097332,41.606704,40.949767,-3.004173,1.995061,-1.571442,0.000000,0.000000,0.000000,0.000000,0.000000,0.000000
1778249163.556198,0.640934,0.401855,0.963218,0.0000,10.0000,0.0000,0.000000,0.133600,0.000000,0.000000,0.060000,0.000000,0.642708,0.404916,0.963886,0.013308,0.082960,0.005008,0.097470,41.652352,41.000389,-3.004174,1.995060,-1.571444,0.000000,0.000000,0.000000,0.000000,0.000000,0.000000
1778249163.565722,0.640920,0.402448,0.963214,0.0000,10.0000,0.0000,0.000000,0.134200,0.000000,0.000000,0.060000,0.000000,0.642708,0.405516,0.963886,0.013408,0.083014,0.005037,0.097620,41.638766,40.984943,-3.004174,1.995062,-1.571444,0.000000,0.000000,0.000000,0.000000,0.000000,0.000000
1778249163.576306,0.640905,0.403041,0.963211,0.0000,10.0000,0.0000,0.000000,0.134800,0.000000,0.000000,0.060000,0.000000,0.642708,0.406116,0.963886,0.013522,0.083064,0.005064,0.097778,41.630873,40.977027,-3.004174,1.995060,-1.571442,0.000000,0.000000,0.000000,0.000000,0.000000,0.000000
1778249163.585825,0.640892,0.403638,0.963204,0.0000,10.0000,0.0000,0.000000,0.135400,0.000000,0.000000,0.060000,0.000000,0.642708,0.406716,0.963886,0.013619,0.083087,0.005112,0.097932,41.663018,41.007601,-3.004173,1.995062,-1.571443,0.000000,0.000000,0.000000,0.000000,0.000000,0.000000
1778249163.595912,0.640880,0.404241,0.963195,0.0000,10.0000,0.0000,0.000000,0.136000,0.000000,0.000000,0.060000,0.000000,0.642708,0.407316,0.963886,0.013713,0.083066,0.005186,0.098072,41.649391,40.991692,-3.004173,1.995060,-1.571445,0.000000,0.000000,0.000000,0.000000,0.000000,0.000000
1778249163.606098,0.640867,0.404841,0.963183,0.0000,10.0000,0.0000,0.000000,0.136000,0.000000,0.000000,0.060000,0.000000,0.642708,0.407316,0.963886,0.013713,0.083066,0.005186,0.098072,41.649391,40.991692,-3.004174,1.995062,-1.571445,0.000000,0.000000,0.000000,0.000000,0.000000,0.000000
1778249163.616022,0.640856,0.405436,0.963179,0.0000,10.0000,0.0000,0.000000,0.137200,0.000000,0.000000,0.060000,0.000000,0.642708,0.408516,0.963886,0.013894,0.083104,0.005304,0.098354,41.612194,40.955101,-3.004174,1.995062,-1.571439,0.000000,0.000000,0.000000,0.000000,0.000000,0.000000
1778249163.626112,0.640840,0.406032,0.963166,0.0000,10.0000,0.0000,0.000000,0.137200,0.000000,0.000000,0.060000,0.000000,0.642708,0.408516,0.963886,0.013894,0.083104,0.005304,0.098354,41.612194,40.955101,-3.004174,1.995057,-1.571438,0.000000,0.000000,0.000000,0.000000,0.000000,0.000000
1778249163.636055,0.640835,0.406629,0.963158,0.0000,10.0000,0.0000,0.000000,0.138400,0.000000,0.000000,0.060000,0.000000,0.642708,0.409716,0.963886,0.014050,0.083157,0.005462,0.098653,41.719073,41.059545,-3.004174,1.995065,-1.571443,0.000000,0.000000,0.000000,0.000000,0.000000,0.000000
1778249163.646004,0.640820,0.407228,0.963149,0.0000,10.0000,0.0000,0.000000,0.139000,0.000000,0.000000,0.060000,0.000000,0.642708,0.410316,0.963886,0.014159,0.083163,0.005528,0.098799,41.617277,40.960524,-3.004174,1.995057,-1.571444,0.000000,0.000000,0.000000,0.000000,0.000000,0.000000
1778249163.655810,0.640807,0.407819,0.963140,0.0000,10.0000,0.0000,0.000000,0.139600,0.000000,0.000000,0.060000,0.000000,0.642708,0.410916,0.963886,0.014259,0.083229,0.005593,0.098963,41.772809,41.119910,-3.004174,1.995062,-1.571436,0.000000,0.000000,0.000000,0.000000,0.000000,0.000000
1778249163.665871,0.640793,0.408422,0.963133,0.0000,10.0000,0.0000,0.000000,0.140000,0.000000,0.000000,0.000000,0.000000,0.642708,0.411316,0.963886,0.014364,0.021703,0.005644,0.078889,41.730577,41.064855,-3.004174,1.995062,-1.571442,0.000000,0.000000,0.000000,0.000000,0.000000,0.000000
1778249163.675815,0.640782,0.409008,0.963127,0.0000,10.0000,0.0000,0.000000,0.140000,0.000000,0.000000,0.000000,0.000000,0.642708,0.411316,0.963886,0.014446,0.017310,0.005691,0.064273,41.755144,41.072142,-3.004174,1.995061,-1.571440,0.000000,0.000000,0.000000,0.000000,0.000000,0.000000
1778249163.685855,0.640768,0.409707,0.963118,0.0000,10.0000,0.0000,0.000000,0.140000,0.000000,0.000000,0.000000,0.000000,0.642708,0.411316,0.963886,0.014552,0.012071,0.005761,0.053219,41.880831,41.180314,-3.004174,1.995059,-1.571440,0.000000,0.000000,0.000000,0.000000,0.000000,0.000000
1778249163.696020,0.640770,0.410223,0.963113,0.0000,10.0000,0.0000,0.000000,0.140000,0.000000,0.000000,0.000000,0.000000,0.642708,0.411316,0.963886,0.014540,0.008202,0.005798,0.045085,41.906146,41.194682,-3.004174,1.995067,-1.571439,0.000000,0.000000,0.000000,0.000000,0.000000,0.000000
1778249163.706038,0.640763,0.410696,0.963110,0.0000,10.0000,0.0000,0.000000,0.140000,0.000000,0.000000,0.000000,0.000000,0.642708,0.411316,0.963886,0.014593,0.004648,0.005817,0.039147,41.824951,41.113314,-3.004174,1.995056,-1.571440,0.000000,0.000000,0.000000,0.000000,0.000000,0.000000
1778249163.715904,0.640772,0.411125,0.963107,0.0000,10.0000,0.0000,0.000000,0.140000,0.000000,0.000000,0.000000,0.000000,0.642708,0.411316,0.963886,0.014520,0.001431,0.005845,0.034838,41.973380,41.256119,-3.004174,1.995067,-1.571437,0.000000,0.000000,0.000000,0.000000,0.000000,0.000000
1778249163.725979,0.640779,0.411504,0.963114,0.0000,10.0000,0.0000,0.000000,0.140000,0.000000,0.000000,0.000000,0.000000,0.642708,0.411316,0.963886,0.014468,-0.001411,0.005789,0.031788,41.741395,41.032802,-3.004174,1.995066,-1.571436,0.000000,0.000000,0.000000,0.000000,0.000000,0.000000
1778249163.735727,0.640789,0.411919,0.963119,0.0000,10.0000,0.0000,0.000000,0.140000,0.000000,0.000000,0.000000,0.000000,0.642708,0.411316,0.963886,0.014395,-0.004521,0.005752,0.029624,41.813496,41.109295,-3.004174,1.995057,-1.571437,0.000000,0.000000,0.000000,0.000000,0.000000,0.000000
1778249163.746263,0.640808,0.412205,0.963121,0.0000,10.0000,0.0000,0.000000,0.140000,0.000000,0.000000,0.000000,0.000000,0.642708,0.411316,0.963886,0.014248,-0.006667,0.005735,0.028241,41.947208,41.240871,-3.004174,1.995065,-1.571435,0.000000,0.000000,0.000000,0.000000,0.000000,0.000000
1778249163.755856,0.640833,0.412447,0.963130,0.0000,10.0000,0.0000,0.000000,0.140000,0.000000,0.000000,0.000000,0.000000,0.642708,0.411316,0.963886,0.014067,-0.008485,0.005671,0.027392,41.772272,41.076224,-3.004174,1.995061,-1.571433,0.000000,0.000000,0.000000,0.000000,0.000000,0.000000
1778249163.765982,0.640856,0.412649,0.963139,0.0000,10.0000,0.0000,0.000000,0.140000,0.000000,0.000000,0.000000,0.000000,0.642708,0.411316,0.963886,0.013896,-0.009994,0.005604,0.026917,41.785593,41.094157,-3.004175,1.995059,-1.571429,0.000000,0.000000,0.000000,0.000000,0.000000,0.000000
1778249163.775856,0.640888,0.412815,0.963148,0.0000,10.0000,0.0000,0.000000,0.140000,0.000000,0.000000,0.000000,0.000000,0.642708,0.411316,0.963886,0.013652,-0.011239,0.005534,0.026649,41.833366,41.145312,-3.004174,1.995064,-1.571432,0.000000,0.000000,0.000000,0.000000,0.000000,0.000000
1778249163.786098,0.640924,0.412953,0.963155,0.0000,10.0000,0.0000,0.000000,0.140000,0.000000,0.000000,0.000000,0.000000,0.642708,0.411316,0.963886,0.013383,-0.012274,0.005484,0.026500,41.817384,41.130002,-3.004174,1.995061,-1.571430,0.000000,0.000000,0.000000,0.000000,0.000000,0.000000
1778249163.796058,0.640960,0.413065,0.963161,0.0000,10.0000,0.0000,0.000000,0.140000,0.000000,0.000000,0.000000,0.000000,0.642708,0.411316,0.963886,0.013116,-0.013120,0.005435,0.026415,41.809443,41.125701,-3.004174,1.995061,-1.571431,0.000000,0.000000,0.000000,0.000000,0.000000,0.000000
1778249163.805973,0.640997,0.413144,0.963171,0.0000,10.0000,0.0000,0.000000,0.140000,0.000000,0.000000,0.000000,0.000000,0.642708,0.411316,0.963886,0.012833,-0.013711,0.005359,0.026334,41.791231,41.113343,-3.004174,1.995063,-1.571428,0.000000,0.000000,0.000000,0.000000,0.000000,0.000000
1778249163.815701,0.641031,0.413205,0.963184,0.0000,10.0000,0.0000,0.000000,0.140000,0.000000,0.000000,0.000000,0.000000,0.642708,0.411316,0.963886,0.012577,-0.014167,0.005266,0.026245,41.807152,41.129623,-3.004174,1.995063,-1.571430,0.000000,0.000000,0.000000,0.000000,0.000000,0.000000
1778249163.825874,0.641072,0.413239,0.963195,0.0000,10.0000,0.0000,0.000000,0.140000,0.000000,0.000000,0.000000,0.000000,0.642708,0.411316,0.963886,0.012271,-0.014420,0.005183,0.026105,41.759151,41.084876,-3.004174,1.995059,-1.571431,0.000000,0.000000,0.000000,0.000000,0.000000,0.000000
1778249163.835990,0.641119,0.413254,0.963207,0.0000,10.0000,0.0000,0.000000,0.140000,0.000000,0.000000,0.000000,0.000000,0.642708,0.411316,0.963886,0.011918,-0.014534,0.005092,0.025890,41.739762,41.065878,-3.004174,1.995062,-1.571426,0.000000,0.000000,0.000000,0.000000,0.000000,0.000000
1778249163.846089,0.641163,0.413253,0.963215,0.0000,10.0000,0.0000,0.000000,0.140000,0.000000,0.000000,0.000000,0.000000,0.642708,0.411316,0.963886,0.011593,-0.014529,0.005032,0.025624,41.797248,41.127918,-3.004174,1.995063,-1.571428,0.000000,0.000000,0.000000,0.000000,0.000000,0.000000
1778249163.856000,0.641210,0.413231,0.963228,0.0000,10.0000,0.0000,0.000000,0.140000,0.000000,0.000000,0.000000,0.000000,0.642708,0.411316,0.963886,0.011237,-0.014363,0.004937,0.025281,41.776965,41.106894,-3.004174,1.995064,-1.571428,0.000000,0.000000,0.000000,0.000000,0.000000,0.000000
1778249163.865996,0.641261,0.413197,0.963237,0.0000,10.0000,0.0000,0.000000,0.140000,0.000000,0.000000,0.000000,0.000000,0.642708,0.411316,0.963886,0.010856,-0.014105,0.004867,0.024866,41.753948,41.084252,-3.004174,1.995060,-1.571427,0.000000,0.000000,0.000000,0.000000,0.000000,0.000000
1778249163.875820,0.641311,0.413157,0.963248,0.0000,10.0000,0.0000,0.000000,0.140000,0.000000,0.000000,0.000000,0.000000,0.642708,0.411316,0.963886,0.010482,-0.013805,0.004787,0.024396,41.764405,41.095485,-3.004174,1.995064,-1.571430,0.000000,0.000000,0.000000,0.000000,0.000000,0.000000
1778249163.885946,0.641357,0.413099,0.963260,0.0000,10.0000,0.0000,0.000000,0.140000,0.000000,0.000000,0.000000,0.000000,0.642708,0.411316,0.963886,0.010136,-0.013374,0.004694,0.023876,41.719391,41.054072,-3.004174,1.995060,-1.571426,0.000000,0.000000,0.000000,0.000000,0.000000,0.000000
1778249163.895767,0.641402,0.413039,0.963275,0.0000,10.0000,0.0000,0.000000,0.140000,0.000000,0.000000,0.000000,0.000000,0.642708,0.411316,0.963886,0.009800,-0.012923,0.004580,0.023317,41.761125,41.094276,-3.004174,1.995064,-1.571428,0.000000,0.000000,0.000000,0.000000,0.000000,0.000000
1778249163.905836,0.641450,0.412972,0.963286,0.0000,10.0000,0.0000,0.000000,0.140000,0.000000,0.000000,0.000000,0.000000,0.642708,0.411316,0.963886,0.009441,-0.012420,0.004503,0.022725,41.741110,41.075091,-3.004174,1.995063,-1.571430,0.000000,0.000000,0.000000,0.000000,0.000000,0.000000
1778249163.915910,0.641497,0.412896,0.963298,0.0000,10.0000,0.0000,0.000000,0.140000,0.000000,0.000000,0.000000,0.000000,0.642708,0.411316,0.963886,0.009085,-0.011851,0.004411,0.022098,41.724948,41.059479,-3.004174,1.995062,-1.571426,0.000000,0.000000,0.000000,0.000000,0.000000,0.000000
1778249163.925901,0.641544,0.412819,0.963309,0.0000,10.0000,0.0000,0.000000,0.140000,0.000000,0.000000,0.000000,0.000000,0.642708,0.411316,0.963886,0.008731,-0.011271,0.004325,0.021450,41.772769,41.107598,-3.004174,1.995065,-1.571424,0.000000,0.000000,0.000000,0.000000,0.000000,0.000000
1778249163.936009,0.641591,0.412738,0.963319,0.0000,10.0000,0.0000,0.000000,0.140000,0.000000,0.000000,0.000000,0.000000,0.642708,0.411316,0.963886,0.008376,-0.010667,0.004253,0.020789,41.698290,41.031780,-3.004174,1.995061,-1.571426,0.000000,0.000000,0.000000,0.000000,0.000000,0.000000
1778249163.945882,0.641636,0.412655,0.963330,0.0000,10.0000,0.0000,0.000000,0.140000,0.000000,0.000000,0.000000,0.000000,0.642708,0.411316,0.963886,0.008046,-0.010045,0.004173,0.020124,41.727252,41.062591,-3.004174,1.995061,-1.571427,0.000000,0.000000,0.000000,0.000000,0.000000,0.000000
1778249163.956129,0.641683,0.412567,0.963344,0.0000,10.0000,0.0000,0.000000,0.140000,0.000000,0.000000,0.000000,0.000000,0.642708,0.411316,0.963886,0.007690,-0.009382,0.004064,0.019439,41.742074,41.077703,-3.004174,1.995067,-1.571425,0.000000,0.000000,0.000000,0.000000,0.000000,0.000000
1778249163.966077,0.641719,0.412480,0.963358,0.0000,10.0000,0.0000,0.000000,0.140000,0.000000,0.000000,0.000000,0.000000,0.642708,0.411316,0.963886,0.007423,-0.008730,0.003959,0.018778,41.668714,41.004909,-3.004174,1.995060,-1.571430,0.000000,0.000000,0.000000,0.000000,0.000000,0.000000
1778249163.976182,0.641763,0.412390,0.963370,0.0000,10.0000,0.0000,0.000000,0.140000,0.000000,0.000000,0.000000,0.000000,0.642708,0.411316,0.963886,0.007089,-0.008057,0.003869,0.018113,41.747169,41.082206,-3.004174,1.995064,-1.571425,0.000000,0.000000,0.000000,0.000000,0.000000,0.000000
1778249163.985957,0.641804,0.412305,0.963383,0.0000,10.0000,0.0000,0.000000,0.140000,0.000000,0.000000,0.000000,0.000000,0.642708,0.411316,0.963886,0.006785,-0.007415,0.003772,0.017463,41.691542,41.027189,-3.004174,1.995061,-1.571426,0.000000,0.000000,0.000000,0.000000,0.000000,0.000000
1778249163.995968,0.641846,0.412221,0.963394,0.0000,10.0000,0.0000,0.000000,0.140000,0.000000,0.000000,0.000000,0.000000,0.642708,0.411316,0.963886,0.006466,-0.006786,0.003687,0.016826,41.703099,41.037563,-3.004174,1.995063,-1.571428,0.000000,0.000000,0.000000,0.000000,0.000000,0.000000
1778249164.006059,0.641884,0.412137,0.963404,0.0000,10.0000,0.0000,0.000000,0.140000,0.000000,0.000000,0.000000,0.000000,0.642708,0.411316,0.963886,0.006183,-0.006156,0.003616,0.016219,41.713326,41.049721,-3.004174,1.995062,-1.571426,0.000000,0.000000,0.000000,0.000000,0.000000,0.000000
1778249164.015798,0.641921,0.412058,0.963415,0.0000,10.0000,0.0000,0.000000,0.140000,0.000000,0.000000,0.000000,0.000000,0.642708,0.411316,0.963886,0.005907,-0.005564,0.003529,0.015640,41.710046,41.044908,-3.004174,1.995063,-1.571427,0.000000,0.000000,0.000000,0.000000,0.000000,0.000000
1778249164.025949,0.641955,0.411980,0.963427,0.0000,10.0000,0.0000,0.000000,0.140000,0.000000,0.000000,0.000000,0.000000,0.642708,0.411316,0.963886,0.005648,-0.004976,0.003442,0.015091,41.664728,41.000386,-3.004174,1.995061,-1.571423,0.000000,0.000000,0.000000,0.000000,0.000000,0.000000
1778249164.036056,0.641983,0.411909,0.963438,0.0000,10.0000,0.0000,0.000000,0.140000,0.000000,0.000000,0.000000,0.000000,0.642708,0.411316,0.963886,0.005441,-0.004446,0.003359,0.014592,41.684975,41.022468,-3.004174,1.995061,-1.571425,0.000000,0.000000,0.000000,0.000000,0.000000,0.000000
1778249164.045864,0.642018,0.411838,0.963446,0.0000,10.0000,0.0000,0.000000,0.140000,0.000000,0.000000,0.000000,0.000000,0.642708,0.411316,0.963886,0.005175,-0.003913,0.003300,0.014117,41.720055,41.054490,-3.004174,1.995062,-1.571426,0.000000,0.000000,0.000000,0.000000,0.000000,0.000000
1778249164.056200,0.642053,0.411775,0.963453,0.0000,10.0000,0.0000,0.000000,0.140000,0.000000,0.000000,0.000000,0.000000,0.642708,0.411316,0.963886,0.004917,-0.003438,0.003247,0.013672,41.727572,41.060914,-3.004174,1.995062,-1.571425,0.000000,0.000000,0.000000,0.000000,0.000000,0.000000
1778249164.065776,0.642083,0.411714,0.963460,0.0000,10.0000,0.0000,0.000000,0.140000,0.000000,0.000000,0.000000,0.000000,0.642708,0.411316,0.963886,0.004693,-0.002988,0.003196,0.013264,41.713449,41.049809,-3.004174,1.995062,-1.571428,0.000000,0.000000,0.000000,0.000000,0.000000,0.000000
1778249164.075901,0.642109,0.411653,0.963472,0.0000,10.0000,0.0000,0.000000,0.140000,0.000000,0.000000,0.000000,0.000000,0.642708,0.411316,0.963886,0.004492,-0.002524,0.003103,0.012885,41.690252,41.026153,-3.004175,1.995062,-1.571428,0.000000,0.000000,0.000000,0.000000,0.000000,0.000000
1778249164.085907,0.642136,0.411595,0.963483,0.0000,10.0000,0.0000,0.000000,0.140000,0.000000,0.000000,0.000000,0.000000,0.642708,0.411316,0.963886,0.004291,-0.002092,0.003025,0.012535,41.693519,41.028361,-3.004175,1.995062,-1.571427,0.000000,0.000000,0.000000,0.000000,0.000000,0.000000
1778249164.095913,0.642160,0.411548,0.963491,0.0000,10.0000,0.0000,0.000000,0.140000,0.000000,0.000000,0.000000,0.000000,0.642708,0.411316,0.963886,0.004115,-0.001736,0.002963,0.012223,41.723771,41.059925,-3.004174,1.995063,-1.571426,0.000000,0.000000,0.000000,0.000000,0.000000,0.000000
1778249164.106005,0.642184,0.411501,0.963498,0.0000,10.0000,0.0000,0.000000,0.140000,0.000000,0.000000,0.000000,0.000000,0.642708,0.411316,0.963886,0.003929,-0.001386,0.002907,0.011939,41.742358,41.077521,-3.004175,1.995064,-1.571428,0.000000,0.000000,0.000000,0.000000,0.000000,0.000000
1778249164.115877,0.642207,0.411455,0.963510,0.0000,10.0000,0.0000,0.000000,0.140000,0.000000,0.000000,0.000000,0.000000,0.642708,0.411316,0.963886,0.003760,-0.001040,0.002817,0.011674,41.659350,40.994804,-3.004175,1.995062,-1.571427,0.000000,0.000000,0.000000,0.000000,0.000000,0.000000
1778249164.125919,0.642227,0.411418,0.963517,0.0000,10.0000,0.0000,0.000000,0.140000,0.000000,0.000000,0.000000,0.000000,0.642708,0.411316,0.963886,0.003609,-0.000761,0.002768,0.011441,41.731744,41.066300,-3.004175,1.995061,-1.571429,0.000000,0.000000,0.000000,0.000000,0.000000,0.000000
1778249164.135829,0.642249,0.411380,0.963526,0.0000,10.0000,0.0000,0.000000,0.140000,0.000000,0.000000,0.000000,0.000000,0.642708,0.411316,0.963886,0.003443,-0.000476,0.002700,0.011223,41.703734,41.039186,-3.004175,1.995063,-1.571424,0.000000,0.000000,0.000000,0.000000,0.000000,0.000000
1778249164.145911,0.642263,0.411348,0.963539,0.0000,10.0000,0.0000,0.000000,0.140000,0.000000,0.000000,0.000000,0.000000,0.642708,0.411316,0.963886,0.003339,-0.000238,0.002605,0.011031,41.690620,41.029146,-3.004175,1.995064,-1.571428,0.000000,0.000000,0.000000,0.000000,0.000000,0.000000
1778249164.156206,0.642280,0.411312,0.963551,0.0000,10.0000,0.0000,0.000000,0.140000,0.000000,0.000000,0.000000,0.000000,0.642708,0.411316,0.963886,0.003214,0.000029,0.002511,0.010852,41.662501,40.996678,-3.004175,1.995062,-1.571429,0.000000,0.000000,0.000000,0.000000,0.000000,0.000000
1778249164.165708,0.642298,0.411285,0.963557,0.0000,10.0000,0.0000,0.000000,0.140000,0.000000,0.000000,0.000000,0.000000,0.642708,0.411316,0.963886,0.003079,0.000236,0.002469,0.010691,41.690204,41.023467,-3.004175,1.995058,-1.571425,0.000000,0.000000,0.000000,0.000000,0.000000,0.000000
1778249164.175862,0.642322,0.411264,0.963556,0.0000,10.0000,0.0000,0.000000,0.140000,0.000000,0.000000,0.000000,0.000000,0.642708,0.411316,0.963886,0.002895,0.000391,0.002471,0.010536,41.789817,41.122765,-3.004175,1.995063,-1.571427,0.000000,0.000000,0.000000,0.000000,0.000000,0.000000
1778249164.186134,0.642339,0.411247,0.963564,0.0000,10.0000,0.0000,0.000000,0.140000,0.000000,0.000000,0.000000,0.000000,0.642708,0.411316,0.963886,0.002770,0.000520,0.002418,0.010391,41.707519,41.043611,-3.004175,1.995063,-1.571427,0.000000,0.000000,0.000000,0.000000,0.000000,0.000000
1778249164.195868,0.642347,0.411225,0.963578,0.0000,10.0000,0.0000,0.000000,0.140000,0.000000,0.000000,0.000000,0.000000,0.642708,0.411316,0.963886,0.002708,0.000684,0.002311,0.010262,41.633146,40.971195,-3.004176,1.995062,-1.571427,0.000000,0.000000,0.000000,0.000000,0.000000,0.000000
1778249164.205782,0.642355,0.411207,0.963589,0.0000,10.0000,0.0000,0.000000,0.140000,0.000000,0.000000,0.000000,0.000000,0.642708,0.411316,0.963886,0.002646,0.000815,0.002229,0.010149,41.704118,41.042252,-3.004176,1.995062,-1.571428,0.000000,0.000000,0.000000,0.000000,0.000000,0.000000
1778249164.215697,0.642366,0.411193,0.963598,0.0000,10.0000,0.0000,0.000000,0.140000,0.000000,0.000000,0.000000,0.000000,0.642708,0.411316,0.963886,0.002564,0.000924,0.002161,0.010042,41.740605,41.077713,-3.004176,1.995064,-1.571428,0.000000,0.000000,0.000000,0.000000,0.000000,0.000000
1778249164.226160,0.642376,0.411180,0.963610,0.0000,10.0000,0.0000,0.000000,0.140000,0.000000,0.000000,0.000000,0.000000,0.642708,0.411316,0.963886,0.002495,0.001018,0.002073,0.009940,41.676655,41.011468,-3.004176,1.995063,-1.571427,0.000000,0.000000,0.000000,0.000000,0.000000,0.000000
1778249164.235907,0.642383,0.411175,0.963613,0.0000,10.0000,0.0000,0.000000,0.140000,0.000000,0.000000,0.000000,0.000000,0.642708,0.411316,0.963886,0.002443,0.001058,0.002048,0.009855,41.715976,41.052024,-3.004176,1.995060,-1.571429,0.000000,0.000000,0.000000,0.000000,0.000000,0.000000
1778249164.245910,0.642395,0.411164,0.963622,0.0000,10.0000,0.0000,0.000000,0.140000,0.000000,0.000000,0.000000,0.000000,0.642708,0.411316,0.963886,0.002351,0.001141,0.001980,0.009764,41.710874,41.048343,-3.004176,1.995062,-1.571427,0.000000,0.000000,0.000000,0.000000,0.000000,0.000000
1778249164.256032,0.642406,0.411154,0.963632,0.0000,10.0000,0.0000,0.000000,0.140000,0.000000,0.000000,0.000000,0.000000,0.642708,0.411316,0.963886,0.002266,0.001217,0.001904,0.009671,41.665927,41.000870,-3.004176,1.995063,-1.571425,0.000000,0.000000,0.000000,0.000000,0.000000,0.000000
1778249164.265910,0.642412,0.411152,0.963639,0.0000,10.0000,0.0000,0.000000,0.140000,0.000000,0.000000,0.000000,0.000000,0.642708,0.411316,0.963886,0.002226,0.001233,0.001856,0.009589,41.723888,41.061920,-3.004176,1.995059,-1.571430,0.000000,0.000000,0.000000,0.000000,0.000000,0.000000
1778249164.276340,0.642425,0.411144,0.963646,0.0000,10.0000,0.0000,0.000000,0.140000,0.000000,0.000000,0.000000,0.000000,0.642708,0.411316,0.963886,0.002122,0.001290,0.001800,0.009500,41.715370,41.048833,-3.004176,1.995064,-1.571425,0.000000,0.000000,0.000000,0.000000,0.000000,0.000000
1778249164.286189,0.642431,0.411142,0.963653,0.0000,10.0000,0.0000,0.000000,0.140000,0.000000,0.000000,0.000000,0.000000,0.642708,0.411316,0.963886,0.002077,0.001303,0.001750,0.009420,41.667856,41.004876,-3.004176,1.995060,-1.571426,0.000000,0.000000,0.000000,0.000000,0.000000,0.000000
1778249164.296242,0.642440,0.411140,0.963662,0.0000,10.0000,0.0000,0.000000,0.140000,0.000000,0.000000,0.000000,0.000000,0.642708,0.411316,0.963886,0.002077,0.001303,0.001750,0.009420,41.667856,41.004876,-3.004176,1.995062,-1.571429,0.000000,0.000000,0.000000,0.000000,0.000000,0.000000
1778249164.306262,0.642450,0.411135,0.963670,0.0000,0.0000,0.0000,0.000000,0.140000,0.000000,0.000000,0.000000,0.000000,0.642708,0.411316,0.963886,0.001934,0.001355,0.001617,0.009254,41.653184,40.986221,-3.004176,1.995061,-1.571428,0.000000,0.000000,0.000000,0.000000,0.000000,0.000000
1778249164.316126,0.642454,0.411137,0.963675,0.0000,0.0000,0.0000,0.000000,0.140000,0.000000,0.000000,0.000000,0.000000,0.642708,0.411316,0.963886,0.001934,0.001355,0.001617,0.009254,41.653184,40.986221,-3.004176,1.995059,-1.571425,0.000000,0.000000,0.000000,0.000000,0.000000,0.000000
1778249164.326116,0.642460,0.411143,0.963681,0.0000,0.0000,0.0000,0.000000,0.140000,0.000000,0.000000,0.000000,0.000000,0.642708,0.411316,0.963886,0.001859,0.001298,0.001540,0.009111,41.752197,41.088040,-3.004176,1.995064,-1.571428,0.000000,0.000000,0.000000,0.000000,0.000000,0.000000
1778249164.335881,0.642466,0.411146,0.963689,0.0000,0.0000,0.0000,0.000000,0.140000,0.000000,0.000000,0.000000,0.000000,0.642708,0.411316,0.963886,0.001815,0.001276,0.001475,0.009038,41.661718,40.997970,-3.004176,1.995061,-1.571426,0.000000,0.000000,0.000000,0.000000,0.000000,0.000000
1778249164.346019,0.642469,0.411152,0.963697,0.0000,0.0000,0.0000,0.000000,0.140000,0.000000,0.000000,0.000000,0.000000,0.642708,0.411316,0.963886,0.001796,0.001230,0.001415,0.008969,41.690204,41.027564,-3.004176,1.995061,-1.571428,0.000000,0.000000,0.000000,0.000000,0.000000,0.000000
1778249164.356154,0.642476,0.411156,0.963704,0.0000,0.0000,0.0000,0.000000,0.140000,0.000000,0.000000,0.000000,0.000000,0.642708,0.411316,0.963886,0.001744,0.001199,0.001368,0.008900,41.711120,41.046442,-3.004176,1.995063,-1.571428,0.000000,0.000000,0.000000,0.000000,0.000000,0.000000
1778249164.365736,0.642484,0.411155,0.963708,0.0000,0.0000,0.0000,0.000000,0.140000,0.000000,0.000000,0.000000,0.000000,0.642708,0.411316,0.963886,0.001683,0.001205,0.001333,0.008834,41.674723,41.008917,-3.004176,1.995060,-1.571427,0.000000,0.000000,0.000000,0.000000,0.000000,0.000000
1778249164.375763,0.642489,0.411162,0.963711,0.0000,0.0000,0.0000,0.000000,0.140000,0.000000,0.000000,0.000000,0.000000,0.642708,0.411316,0.963886,0.001647,0.001153,0.001316,0.008773,41.743101,41.079913,-3.004175,1.995063,-1.571426,0.000000,0.000000,0.000000,0.000000,0.000000,0.000000
1778249164.385714,0.642496,0.411168,0.963718,0.0000,0.0000,0.0000,0.000000,0.140000,0.000000,0.000000,0.000000,0.000000,0.642708,0.411316,0.963886,0.001647,0.001153,0.001316,0.008773,41.743101,41.079913,-3.004176,1.995066,-1.571427,0.000000,0.000000,0.000000,0.000000,0.000000,0.000000
1778249164.395897,0.642491,0.411175,0.963723,0.0000,0.0000,0.0000,0.000000,0.140000,0.000000,0.000000,0.000000,0.000000,0.642708,0.411316,0.963886,0.001629,0.001057,0.001225,0.008661,41.669775,41.008059,-3.004176,1.995057,-1.571428,0.000000,0.000000,0.000000,0.000000,0.000000,0.000000
1778249164.406556,0.642494,0.411180,0.963732,0.0000,0.0000,0.0000,0.000000,0.140000,0.000000,0.000000,0.000000,0.000000,0.642708,0.411316,0.963886,0.001629,0.001057,0.001225,0.008661,41.669775,41.008059,-3.004176,1.995065,-1.571428,0.000000,0.000000,0.000000,0.000000,0.000000,0.000000
1778249164.415933,0.642496,0.411187,0.963738,0.0000,0.0000,0.0000,0.000000,0.140000,0.000000,0.000000,0.000000,0.000000,0.642708,0.411316,0.963886,0.001589,0.000970,0.001108,0.008560,41.660181,40.997496,-3.004176,1.995060,-1.571428,0.000000,0.000000,0.000000,0.000000,0.000000,0.000000
1778249164.425885,0.642507,0.411191,0.963740,0.0000,0.0000,0.0000,0.000000,0.140000,0.000000,0.000000,0.000000,0.000000,0.642708,0.411316,0.963886,0.001510,0.000937,0.001096,0.008506,41.739450,41.072906,-3.004176,1.995063,-1.571425,0.000000,0.000000,0.000000,0.000000,0.000000,0.000000
1778249164.435990,0.642515,0.411199,0.963742,0.0000,0.0000,0.0000,0.000000,0.140000,0.000000,0.000000,0.000000,0.000000,0.642708,0.411316,0.963886,0.001448,0.000878,0.001078,0.008451,41.695528,41.029700,-3.004176,1.995063,-1.571424,0.000000,0.000000,0.000000,0.000000,0.000000,0.000000
1778249164.446099,0.642513,0.411209,0.963744,0.0000,0.0000,0.0000,0.000000,0.140000,0.000000,0.000000,0.000000,0.000000,0.642708,0.411316,0.963886,0.001464,0.000803,0.001063,0.008408,41.705581,41.041867,-3.004176,1.995058,-1.571425,0.000000,0.000000,0.000000,0.000000,0.000000,0.000000
1778249164.455907,0.642519,0.411214,0.963751,0.0000,0.0000,0.0000,0.000000,0.140000,0.000000,0.000000,0.000000,0.000000,0.642708,0.411316,0.963886,0.001422,0.000765,0.001012,0.008361,41.726282,41.061933,-3.004176,1.995067,-1.571424,0.000000,0.000000,0.000000,0.000000,0.000000,0.000000
1778249164.465948,0.642515,0.411218,0.963759,0.0000,0.0000,0.0000,0.000000,0.140000,0.000000,0.000000,0.000000,0.000000,0.642708,0.411316,0.963886,0.001453,0.000734,0.000950,0.008324,41.625374,40.964190,-3.004176,1.995060,-1.571424,0.000000,0.000000,0.000000,0.000000,0.000000,0.000000
1778249164.475955,0.642520,0.411221,0.963765,0.0000,0.0000,0.0000,0.000000,0.140000,0.000000,0.000000,0.000000,0.000000,0.642708,0.411316,0.963886,0.001409,0.000716,0.000909,0.008284,41.730496,41.064832,-3.004176,1.995065,-1.571428,0.000000,0.000000,0.000000,0.000000,0.000000,0.000000
1778249164.485801,0.642528,0.411222,0.963765,0.0000,0.0000,0.0000,0.000000,0.140000,0.000000,0.000000,0.000000,0.000000,0.642708,0.411316,0.963886,0.001356,0.000708,0.000904,0.008245,41.707371,41.041052,-3.004176,1.995060,-1.571421,0.000000,0.000000,0.000000,0.000000,0.000000,0.000000
1778249164.496126,0.642532,0.411234,0.963765,0.0000,0.0000,0.0000,0.000000,0.140000,0.000000,0.000000,0.000000,0.000000,0.642708,0.411316,0.963886,0.001325,0.000620,0.000905,0.008208,41.749721,41.085001,-3.004176,1.995063,-1.571424,0.000000,0.000000,0.000000,0.000000,0.000000,0.000000
1778249164.505898,0.642535,0.411242,0.963770,0.0000,0.0000,0.0000,0.000000,0.140000,0.000000,0.000000,0.000000,0.000000,0.642708,0.411316,0.963886,0.001303,0.000556,0.000871,0.008170,41.667307,41.002896,-3.004176,1.995062,-1.571424,0.000000,0.000000,0.000000,0.000000,0.000000,0.000000
1778249164.516126,0.642533,0.411246,0.963776,0.0000,0.0000,0.0000,0.000000,0.140000,0.000000,0.000000,0.000000,0.000000,0.642708,0.411316,0.963886,0.001314,0.000528,0.000823,0.008139,41.654068,40.993099,-3.004176,1.995061,-1.571423,0.000000,0.000000,0.000000,0.000000,0.000000,0.000000
1778249164.526026,0.642528,0.411254,0.963782,0.0000,0.0000,0.0000,0.000000,0.140000,0.000000,0.000000,0.000000,0.000000,0.642708,0.411316,0.963886,0.001355,0.000468,0.000782,0.008115,41.751002,41.090296,-3.004176,1.995063,-1.571426,0.000000,0.000000,0.000000,0.000000,0.000000,0.000000
1778249164.536070,0.642533,0.411259,0.963783,0.0000,0.0000,0.0000,0.000000,0.140000,0.000000,0.000000,0.000000,0.000000,0.642708,0.411316,0.963886,0.001312,0.000431,0.000773,0.008089,41.749731,41.083374,-3.004176,1.995065,-1.571426,0.000000,0.000000,0.000000,0.000000,0.000000,0.000000
1778249164.546027,0.642543,0.411260,0.963784,0.0000,0.0000,0.0000,0.000000,0.140000,0.000000,0.000000,0.000000,0.000000,0.642708,0.411316,0.963886,0.001241,0.000423,0.000761,0.008057,41.672990,41.006373,-3.004176,1.995062,-1.571424,0.000000,0.000000,0.000000,0.000000,0.000000,0.000000
1778249164.555920,0.642545,0.411264,0.963787,0.0000,0.0000,0.0000,0.000000,0.140000,0.000000,0.000000,0.000000,0.000000,0.642708,0.411316,0.963886,0.001227,0.000394,0.000739,0.008029,41.642569,40.978488,-3.004176,1.995060,-1.571425,0.000000,0.000000,0.000000,0.000000,0.000000,0.000000
1778249164.565945,0.642544,0.411268,0.963788,0.0000,0.0000,0.0000,0.000000,0.140000,0.000000,0.000000,0.000000,0.000000,0.642708,0.411316,0.963886,0.001231,0.000359,0.000734,0.008007,41.733495,41.071163,-3.004176,1.995061,-1.571425,0.000000,0.000000,0.000000,0.000000,0.000000,0.000000
1778249164.575799,0.642548,0.411271,0.963792,0.0000,0.0000,0.0000,0.000000,0.140000,0.000000,0.000000,0.000000,0.000000,0.642708,0.411316,0.963886,0.001205,0.000341,0.000703,0.007984,41.728228,41.063994,-3.004176,1.995064,-1.571424,0.000000,0.000000,0.000000,0.000000,0.000000,0.000000
1778249164.586250,0.642548,0.411279,0.963797,0.0000,0.0000,0.0000,0.000000,0.140000,0.000000,0.000000,0.000000,0.000000,0.642708,0.411316,0.963886,0.001204,0.000275,0.000670,0.007961,41.647823,40.983774,-3.004177,1.995063,-1.571429,0.000000,0.000000,0.000000,0.000000,0.000000,0.000000
1778249164.595998,0.642547,0.411277,0.963803,0.0000,0.0000,0.0000,0.000000,0.140000,0.000000,0.000000,0.000000,0.000000,0.642708,0.411316,0.963886,0.001210,0.000294,0.000626,0.007941,41.651785,40.989585,-3.004177,1.995061,-1.571425,0.000000,0.000000,0.000000,0.000000,0.000000,0.000000
1778249164.606018,0.642547,0.411281,0.963805,0.0000,0.0000,0.0000,0.000000,0.140000,0.000000,0.000000,0.000000,0.000000,0.642708,0.411316,0.963886,0.001212,0.000266,0.000610,0.007925,41.744428,41.082736,-3.004177,1.995063,-1.571427,0.000000,0.000000,0.000000,0.000000,0.000000,0.000000
1778249164.616175,0.642554,0.411284,0.963806,0.0000,0.0000,0.0000,0.000000,0.140000,0.000000,0.000000,0.000000,0.000000,0.642708,0.411316,0.963886,0.001158,0.000237,0.000601,0.007903,41.703441,41.035521,-3.004177,1.995064,-1.571425,0.000000,0.000000,0.000000,0.000000,0.000000,0.000000
1778249164.626053,0.642557,0.411290,0.963802,0.0000,0.0000,0.0000,0.000000,0.140000,0.000000,0.000000,0.000000,0.000000,0.642708,0.411316,0.963886,0.001137,0.000196,0.000628,0.007885,41.672375,41.009039,-3.004177,1.995058,-1.571425,0.000000,0.000000,0.000000,0.000000,0.000000,0.000000
1778249164.635838,0.642561,0.411294,0.963803,0.0000,0.0000,0.0000,0.000000,0.140000,0.000000,0.000000,0.000000,0.000000,0.642708,0.411316,0.963886,0.001108,0.000165,0.000625,0.007867,41.753730,41.089524,-3.004177,1.995063,-1.571427,0.000000,0.000000,0.000000,0.000000,0.000000,0.000000
1778249164.645995,0.642564,0.411296,0.963806,0.0000,0.0000,0.0000,0.000000,0.140000,0.000000,0.000000,0.000000,0.000000,0.642708,0.411316,0.963886,0.001082,0.000150,0.000598,0.007847,41.681920,41.017481,-3.004177,1.995062,-1.571424,0.000000,0.000000,0.000000,0.000000,0.000000,0.000000
1778249164.655920,0.642562,0.411302,0.963808,0.0000,0.0000,0.0000,0.000000,0.140000,0.000000,0.000000,0.000000,0.000000,0.642708,0.411316,0.963886,0.001094,0.000105,0.000586,0.007831,41.707676,41.045332,-3.004177,1.995060,-1.571426,0.000000,0.000000,0.000000,0.000000,0.000000,0.000000
1778249164.666148,0.642566,0.411303,0.963811,0.0000,0.0000,0.0000,0.000000,0.140000,0.000000,0.000000,0.000000,0.000000,0.642708,0.411316,0.963886,0.001064,0.000101,0.000561,0.007814,41.750404,41.087271,-3.004177,1.995066,-1.571425,0.000000,0.000000,0.000000,0.000000,0.000000,0.000000
1778249164.675946,0.642568,0.411306,0.963813,0.0000,0.0000,0.0000,0.000000,0.140000,0.000000,0.000000,0.000000,0.000000,0.642708,0.411316,0.963886,0.001054,0.000078,0.000550,0.007798,41.674514,41.008666,-3.004177,1.995061,-1.571429,0.000000,0.000000,0.000000,0.000000,0.000000,0.000000
1778249164.685941,0.642570,0.411303,0.963815,0.0000,0.0000,0.0000,0.000000,0.140000,0.000000,0.000000,0.000000,0.000000,0.642708,0.411316,0.963886,0.001038,0.000102,0.000531,0.007783,41.680820,41.019376,-3.004177,1.995060,-1.571426,0.000000,0.000000,0.000000,0.000000,0.000000,0.000000
1778249164.695899,0.642573,0.411305,0.963817,0.0000,0.0000,0.0000,0.000000,0.140000,0.000000,0.000000,0.000000,0.000000,0.642708,0.411316,0.963886,0.001014,0.000080,0.000517,0.007768,41.773323,41.108865,-3.004177,1.995065,-1.571428,0.000000,0.000000,0.000000,0.000000,0.000000,0.000000
1778249164.705896,0.642582,0.411306,0.963818,0.0000,0.0000,0.0000,0.000000,0.140000,0.000000,0.000000,0.000000,0.000000,0.642708,0.411316,0.963886,0.000946,0.000077,0.000513,0.007747,41.672176,41.002948,-3.004177,1.995063,-1.571426,0.000000,0.000000,0.000000,0.000000,0.000000,0.000000
1778249164.716452,0.642583,0.411313,0.963814,0.0000,0.0000,0.0000,0.000000,0.140000,0.000000,0.000000,0.000000,0.000000,0.642708,0.411316,0.963886,0.000942,0.000027,0.000542,0.007733,41.722678,41.060589,-3.004177,1.995060,-1.571425,0.000000,0.000000,0.000000,0.000000,0.000000,0.000000
1778249164.725864,0.642587,0.411310,0.963819,0.0000,0.0000,0.0000,0.000000,0.140000,0.000000,0.000000,0.000000,0.000000,0.642708,0.411316,0.963886,0.000907,0.000044,0.000505,0.007715,41.690805,41.027039,-3.004177,1.995063,-1.571424,0.000000,0.000000,0.000000,0.000000,0.000000,0.000000
1778249164.735772,0.642589,0.411311,0.963823,0.0000,0.0000,0.0000,0.000000,0.140000,0.000000,0.000000,0.000000,0.000000,0.642708,0.411316,0.963886,0.000897,0.000041,0.000476,0.007699,41.680677,41.017242,-3.004178,1.995061,-1.571424,0.000000,0.000000,0.000000,0.000000,0.000000,0.000000
1778249164.745759,0.642592,0.411311,0.963825,0.0000,0.0000,0.0000,0.000000,0.140000,0.000000,0.000000,0.000000,0.000000,0.642708,0.411316,0.963886,0.000874,0.000039,0.000455,0.007683,41.702962,41.038460,-3.004177,1.995062,-1.571425,0.000000,0.000000,0.000000,0.000000,0.000000,0.000000
1778249164.755711,0.642596,0.411312,0.963826,0.0000,0.0000,0.0000,0.000000,0.140000,0.000000,0.000000,0.000000,0.000000,0.642708,0.411316,0.963886,0.000844,0.000030,0.000452,0.007668,41.713784,41.048789,-3.004177,1.995062,-1.571426,0.000000,0.000000,0.000000,0.000000,0.000000,0.000000
1778249164.765764,0.642598,0.411315,0.963824,0.0000,0.0000,0.0000,0.000000,0.140000,0.000000,0.000000,0.000000,0.000000,0.642708,0.411316,0.963886,0.000824,0.000006,0.000462,0.007654,41.731226,41.066677,-3.004177,1.995061,-1.571426,0.000000,0.000000,0.000000,0.000000,0.000000,0.000000
1778249164.775833,0.642604,0.411314,0.963825,0.0000,0.0000,0.0000,0.000000,0.140000,0.000000,0.000000,0.000000,0.000000,0.642708,0.411316,0.963886,0.000786,0.000013,0.000457,0.007640,41.697706,41.033272,-3.004177,1.995062,-1.571426,0.000000,0.000000,0.000000,0.000000,0.000000,0.000000
1778249164.786552,0.642606,0.411314,0.963826,0.0000,0.0000,0.0000,0.000000,0.140000,0.000000,0.000000,0.000000,0.000000,0.642708,0.411316,0.963886,0.000769,0.000014,0.000447,0.007627,41.654559,40.989563,-3.004177,1.995062,-1.571424,0.000000,0.000000,0.000000,0.000000,0.000000,0.000000
1778249164.796137,0.642604,0.411320,0.963826,0.0000,0.0000,0.0000,0.000000,0.140000,0.000000,0.000000,0.000000,0.000000,0.642708,0.411316,0.963886,0.000779,-0.000033,0.000450,0.007617,41.734378,41.070818,-3.004178,1.995061,-1.571428,0.000000,0.000000,0.000000,0.000000,0.000000,0.000000
1778249164.806347,0.642607,0.411321,0.963827,0.0000,0.0000,0.0000,0.000000,0.140000,0.000000,0.000000,0.000000,0.000000,0.642708,0.411316,0.963886,0.000762,-0.000036,0.000441,0.007607,41.746994,41.084226,-3.004178,1.995062,-1.571424,0.000000,0.000000,0.000000,0.000000,0.000000,0.000000
1778249164.816007,0.642609,0.411320,0.963831,0.0000,0.0000,0.0000,0.000000,0.140000,0.000000,0.000000,0.000000,0.000000,0.642708,0.411316,0.963886,0.000762,-0.000036,0.000441,0.007607,41.746994,41.084226,-3.004178,1.995065,-1.571424,0.000000,0.000000,0.000000,0.000000,0.000000,0.000000
1778249164.826149,0.642612,0.411316,0.963830,0.0000,0.0000,0.0000,0.000000,0.140000,0.000000,0.000000,0.000000,0.000000,0.642708,0.411316,0.963886,0.000726,-0.000000,0.000419,0.007586,41.698022,41.033822,-3.004178,1.995059,-1.571422,0.000000,0.000000,0.000000,0.000000,0.000000,0.000000
1778249164.836401,0.642614,0.411321,0.963831,0.0000,0.0000,0.0000,0.000000,0.140000,0.000000,0.000000,0.000000,0.000000,0.642708,0.411316,0.963886,0.000709,-0.000035,0.000416,0.007577,41.786778,41.123966,-3.004177,1.995062,-1.571425,0.000000,0.000000,0.000000,0.000000,0.000000,0.000000
1778249164.845687,0.642617,0.411319,0.963833,0.0000,0.0000,0.0000,0.000000,0.140000,0.000000,0.000000,0.000000,0.000000,0.642708,0.411316,0.963886,0.000682,-0.000025,0.000395,0.007565,41.724374,41.059199,-3.004178,1.995065,-1.571426,0.000000,0.000000,0.000000,0.000000,0.000000,0.000000
1778249164.855813,0.642622,0.411321,0.963833,0.0000,0.0000,0.0000,0.000000,0.140000,0.000000,0.000000,0.000000,0.000000,0.642708,0.411316,0.963886,0.000647,-0.000034,0.000395,0.007553,41.678401,41.011904,-3.004178,1.995061,-1.571425,0.000000,0.000000,0.000000,0.000000,0.000000,0.000000
1778249164.865758,0.642626,0.411320,0.963833,0.0000,0.0000,0.0000,0.000000,0.140000,0.000000,0.000000,0.000000,0.000000,0.642708,0.411316,0.963886,0.000618,-0.000030,0.000398,0.007542,41.724039,41.060453,-3.004178,1.995061,-1.571424,0.000000,0.000000,0.000000,0.000000,0.000000,0.000000
1778249164.875793,0.642628,0.411322,0.963837,0.0000,0.0000,0.0000,0.000000,0.140000,0.000000,0.000000,0.000000,0.000000,0.642708,0.411316,0.963886,0.000602,-0.000047,0.000370,0.007530,41.714329,41.050180,-3.004178,1.995065,-1.571424,0.000000,0.000000,0.000000,0.000000,0.000000,0.000000
1778249164.886177,0.642623,0.411324,0.963837,0.0000,0.0000,0.0000,0.000000,0.140000,0.000000,0.000000,0.000000,0.000000,0.642708,0.411316,0.963886,0.000638,-0.000060,0.000364,0.007523,41.664439,41.000896,-3.004178,1.995057,-1.571423,0.000000,0.000000,0.000000,0.000000,0.000000,0.000000
1778249164.895868,0.642628,0.411324,0.963837,0.0000,0.0000,0.0000,0.000000,0.140000,0.000000,0.000000,0.000000,0.000000,0.642708,0.411316,0.963886,0.000600,-0.000063,0.000368,0.007514,41.787332,41.122808,-3.004178,1.995064,-1.571420,0.000000,0.000000,0.000000,0.000000,0.000000,0.000000
1778249164.906136,0.642638,0.411324,0.963837,0.0000,0.0000,0.0000,0.000000,0.140000,0.000000,0.000000,0.000000,0.000000,0.642708,0.411316,0.963886,0.000529,-0.000061,0.000365,0.007502,41.678473,41.011032,-3.004178,1.995065,-1.571421,0.000000,0.000000,0.000000,0.000000,0.000000,0.000000
1778249164.916073,0.642637,0.411328,0.963836,0.0000,0.0000,0.0000,0.000000,0.140000,0.000000,0.000000,0.000000,0.000000,0.642708,0.411316,0.963886,0.000534,-0.000087,0.000375,0.007493,41.683342,41.020984,-3.004178,1.995059,-1.571425,0.000000,0.000000,0.000000,0.000000,0.000000,0.000000
1778249164.925845,0.642634,0.411327,0.963842,0.0000,0.0000,0.0000,0.000000,0.140000,0.000000,0.000000,0.000000,0.000000,0.642708,0.411316,0.963886,0.000559,-0.000084,0.000332,0.007486,41.696860,41.034715,-3.004178,1.995061,-1.571425,0.000000,0.000000,0.000000,0.000000,0.000000,0.000000
1778249164.936005,0.642637,0.411328,0.963845,0.0000,0.0000,0.0000,0.000000,0.140000,0.000000,0.000000,0.000000,0.000000,0.642708,0.411316,0.963886,0.000534,-0.000090,0.000307,0.007477,41.688999,41.024833,-3.004179,1.995062,-1.571424,0.000000,0.000000,0.000000,0.000000,0.000000,0.000000
1778249164.945604,0.642637,0.411326,0.963849,0.0000,0.0000,0.0000,0.000000,0.140000,0.000000,0.000000,0.000000,0.000000,0.642708,0.411316,0.963886,0.000538,-0.000075,0.000280,0.007468,41.714195,41.052203,-3.004179,1.995062,-1.571426,0.000000,0.000000,0.000000,0.000000,0.000000,0.000000
1778249164.956212,0.642642,0.411324,0.963849,0.0000,0.0000,0.0000,0.000000,0.140000,0.000000,0.000000,0.000000,0.000000,0.642708,0.411316,0.963886,0.000500,-0.000058,0.000278,0.007460,41.720580,41.053700,-3.004178,1.995063,-1.571422,0.000000,0.000000,0.000000,0.000000,0.000000,0.000000
1778249164.966254,0.642642,0.411328,0.963847,0.0000,0.0000,0.0000,0.000000,0.140000,0.000000,0.000000,0.000000,0.000000,0.642708,0.411316,0.963886,0.000494,-0.000089,0.000290,0.007453,41.669287,41.004626,-3.004179,1.995060,-1.571425,0.000000,0.000000,0.000000,0.000000,0.000000,0.000000
1778249164.976064,0.642647,0.411327,0.963846,0.0000,0.0000,0.0000,0.000000,0.140000,0.000000,0.000000,0.000000,0.000000,0.642708,0.411316,0.963886,0.000461,-0.000081,0.000298,0.007445,41.782630,41.119319,-3.004179,1.995060,-1.571423,0.000000,0.000000,0.000000,0.000000,0.000000,0.000000
1778249164.985635,0.642647,0.411325,0.963851,0.0000,0.0000,0.0000,0.000000,0.140000,0.000000,0.000000,0.000000,0.000000,0.642708,0.411316,0.963886,0.000458,-0.000063,0.000262,0.007437,41.701394,41.039213,-3.004179,1.995063,-1.571426,0.000000,0.000000,0.000000,0.000000,0.000000,0.000000
1778249164.995687,0.642648,0.411321,0.963859,0.0000,0.0000,0.0000,0.000000,0.140000,0.000000,0.000000,0.000000,0.000000,0.642708,0.411316,0.963886,0.000454,-0.000037,0.000200,0.007428,41.667018,41.002313,-3.004179,1.995064,-1.571423,0.000000,0.000000,0.000000,0.000000,0.000000,0.000000
1778249165.006060,0.642650,0.411324,0.963858,0.0000,0.0000,0.0000,0.000000,0.140000,0.000000,0.000000,0.000000,0.000000,0.642708,0.411316,0.963886,0.000437,-0.000058,0.000209,0.007420,41.708954,41.042997,-3.004179,1.995062,-1.571425,0.000000,0.000000,0.000000,0.000000,0.000000,0.000000
1778249165.016140,0.642655,0.411325,0.963857,0.0000,0.0000,0.0000,0.000000,0.140000,0.000000,0.000000,0.000000,0.000000,0.642708,0.411316,0.963886,0.000396,-0.000064,0.000214,0.007412,41.702072,41.035793,-3.004179,1.995062,-1.571422,0.000000,0.000000,0.000000,0.000000,0.000000,0.000000
1778249165.025940,0.642657,0.411328,0.963857,0.0000,0.0000,0.0000,0.000000,0.140000,0.000000,0.000000,0.000000,0.000000,0.642708,0.411316,0.963886,0.000387,-0.000087,0.000214,0.007405,41.684400,41.019372,-3.004179,1.995063,-1.571425,0.000000,0.000000,0.000000,0.000000,0.000000,0.000000
1778249165.036505,0.642655,0.411325,0.963858,0.0000,0.0000,0.0000,0.000000,0.140000,0.000000,0.000000,0.000000,0.000000,0.642708,0.411316,0.963886,0.000387,-0.000087,0.000214,0.007405,41.684400,41.019372,-3.004179,1.995059,-1.571422,0.000000,0.000000,0.000000,0.000000,0.000000,0.000000
1778249165.046024,0.642659,0.411325,0.963860,0.0000,0.0000,0.0000,0.000000,0.140000,0.000000,0.000000,0.000000,0.000000,0.642708,0.411316,0.963886,0.000373,-0.000063,0.000195,0.007393,41.718862,41.053858,-3.004179,1.995064,-1.571421,0.000000,0.000000,0.000000,0.000000,0.000000,0.000000
1778249165.056313,0.642658,0.411327,0.963860,0.0000,0.0000,0.0000,0.000000,0.140000,0.000000,0.000000,0.000000,0.000000,0.642708,0.411316,0.963886,0.000373,-0.000063,0.000195,0.007393,41.718862,41.053858,-3.004179,1.995063,-1.571426,0.000000,0.000000,0.000000,0.000000,0.000000,0.000000
1778249165.066216,0.642659,0.411326,0.963860,0.0000,0.0000,0.0000,0.000000,0.140000,0.000000,0.000000,0.000000,0.000000,0.642708,0.411316,0.963886,0.000375,-0.000085,0.000197,0.007387,41.675223,41.009012,-3.004179,1.995061,-1.571423,0.000000,0.000000,0.000000,0.000000,0.000000,0.000000
1778249165.076274,0.642659,0.411324,0.963863,0.0000,0.0000,0.0000,0.000000,0.140000,0.000000,0.000000,0.000000,0.000000,0.642708,0.411316,0.963886,0.000368,-0.000057,0.000169,0.007377,41.695596,41.031637,-3.004179,1.995061,-1.571420,0.000000,0.000000,0.000000,0.000000,0.000000,0.000000
1778249165.086007,0.642661,0.411325,0.963864,0.0000,0.0000,0.0000,0.000000,0.140000,0.000000,0.000000,0.000000,0.000000,0.642708,0.411316,0.963886,0.000353,-0.000065,0.000165,0.007371,41.708158,41.042977,-3.004179,1.995063,-1.571421,0.000000,0.000000,0.000000,0.000000,0.000000,0.000000
1778249165.095699,0.642662,0.411328,0.963861,0.0000,0.0000,0.0000,0.000000,0.140000,0.000000,0.000000,0.000000,0.000000,0.642708,0.411316,0.963886,0.000347,-0.000086,0.000188,0.007366,41.727683,41.063586,-3.004179,1.995062,-1.571423,0.000000,0.000000,0.000000,0.000000,0.000000,0.000000
1778249165.106024,0.642660,0.411329,0.963862,0.0000,0.0000,0.0000,0.000000,0.140000,0.000000,0.000000,0.000000,0.000000,0.642708,0.411316,0.963886,0.000360,-0.000097,0.000183,0.007362,41.713451,41.050287,-3.004179,1.995062,-1.571422,0.000000,0.000000,0.000000,0.000000,0.000000,0.000000
1778249165.115967,0.642660,0.411330,0.963863,0.0000,0.0000,0.0000,0.000000,0.140000,0.000000,0.000000,0.000000,0.000000,0.642708,0.411316,0.963886,0.000364,-0.000108,0.000170,0.007358,41.709238,41.045512,-3.004179,1.995064,-1.571423,0.000000,0.000000,0.000000,0.000000,0.000000,0.000000
1778249165.125889,0.642657,0.411332,0.963866,0.0000,0.0000,0.0000,0.000000,0.140000,0.000000,0.000000,0.000000,0.000000,0.642708,0.411316,0.963886,0.000381,-0.000122,0.000153,0.007354,41.653717,40.988243,-3.004179,1.995060,-1.571424,0.000000,0.000000,0.000000,0.000000,0.000000,0.000000
1778249165.135716,0.642659,0.411331,0.963863,0.0000,0.0000,0.0000,0.000000,0.140000,0.000000,0.000000,0.000000,0.000000,0.642708,0.411316,0.963886,0.000370,-0.000109,0.000170,0.007350,41.749750,41.086451,-3.004179,1.995062,-1.571421,0.000000,0.000000,0.000000,0.000000,0.000000,0.000000
1778249165.145636,0.642662,0.411330,0.963866,0.0000,0.0000,0.0000,0.000000,0.140000,0.000000,0.000000,0.000000,0.000000,0.642708,0.411316,0.963886,0.000345,-0.000103,0.000152,0.007345,41.691791,41.026653,-3.004179,1.995064,-1.571421,0.000000,0.000000,0.000000,0.000000,0.000000,0.000000
1778249165.155786,0.642660,0.411333,0.963864,0.0000,0.0000,0.0000,0.000000,0.140000,0.000000,0.000000,0.000000,0.000000,0.642708,0.411316,0.963886,0.000366,-0.000126,0.000165,0.007342,41.701400,41.038723,-3.004180,1.995060,-1.571422,0.000000,0.000000,0.000000,0.000000,0.000000,0.000000
1778249165.165749,0.642664,0.411335,0.963864,0.0000,0.0000,0.0000,0.000000,0.140000,0.000000,0.000000,0.000000,0.000000,0.642708,0.411316,0.963886,0.000336,-0.000141,0.000166,0.007337,41.769856,41.105240,-3.004180,1.995064,-1.571423,0.000000,0.000000,0.000000,0.000000,0.000000,0.000000
1778249165.176093,0.642664,0.411334,0.963865,0.0000,0.0000,0.0000,0.000000,0.140000,0.000000,0.000000,0.000000,0.000000,0.642708,0.411316,0.963886,0.000333,-0.000132,0.000154,0.007333,41.660756,40.996185,-3.004180,1.995065,-1.571421,0.000000,0.000000,0.000000,0.000000,0.000000,0.000000
1778249165.185754,0.642663,0.411334,0.963866,0.0000,0.0000,0.0000,0.000000,0.140000,0.000000,0.000000,0.000000,0.000000,0.642708,0.411316,0.963886,0.000341,-0.000131,0.000153,0.007329,41.693435,41.029925,-3.004180,1.995060,-1.571420,0.000000,0.000000,0.000000,0.000000,0.000000,0.000000
1778249165.195848,0.642665,0.411337,0.963868,0.0000,0.0000,0.0000,0.000000,0.140000,0.000000,0.000000,0.000000,0.000000,0.642708,0.411316,0.963886,0.000327,-0.000155,0.000134,0.007324,41.719647,41.054604,-3.004180,1.995064,-1.571425,0.000000,0.000000,0.000000,0.000000,0.000000,0.000000
1778249165.205944,0.642667,0.411337,0.963867,0.0000,0.0000,0.0000,0.000000,0.140000,0.000000,0.000000,0.000000,0.000000,0.642708,0.411316,0.963886,0.000312,-0.000157,0.000143,0.007319,41.700312,41.035072,-3.004180,1.995061,-1.571423,0.000000,0.000000,0.000000,0.000000,0.000000,0.000000
1778249165.215867,0.642669,0.411338,0.963865,0.0000,0.0000,0.0000,0.000000,0.140000,0.000000,0.000000,0.000000,0.000000,0.642708,0.411316,0.963886,0.000293,-0.000168,0.000154,0.007314,41.734598,41.069452,-3.004180,1.995063,-1.571424,0.000000,0.000000,0.000000,0.000000,0.000000,0.000000
1778249165.225819,0.642670,0.411340,0.963865,0.0000,0.0000,0.0000,0.000000,0.140000,0.000000,0.000000,0.000000,0.000000,0.642708,0.411316,0.963886,0.000284,-0.000182,0.000159,0.007310,41.728167,41.062640,-3.004180,1.995062,-1.571422,0.000000,0.000000,0.000000,0.000000,0.000000,0.000000
1778249165.235896,0.642669,0.411343,0.963865,0.0000,0.0000,0.0000,0.000000,0.140000,0.000000,0.000000,0.000000,0.000000,0.642708,0.411316,0.963886,0.000293,-0.000202,0.000160,0.007306,41.675898,41.010044,-3.004180,1.995060,-1.571423,0.000000,0.000000,0.000000,0.000000,0.000000,0.000000
1778249165.245747,0.642668,0.411347,0.963863,0.0000,0.0000,0.0000,0.000000,0.140000,0.000000,0.000000,0.000000,0.000000,0.642708,0.411316,0.963886,0.000301,-0.000229,0.000170,0.007302,41.711552,41.048418,-3.004180,1.995061,-1.571422,0.000000,0.000000,0.000000,0.000000,0.000000,0.000000
1778249165.256124,0.642671,0.411344,0.963866,0.0000,0.0000,0.0000,0.000000,0.140000,0.000000,0.000000,0.000000,0.000000,0.642708,0.411316,0.963886,0.000280,-0.000211,0.000150,0.007298,41.708366,41.042967,-3.004181,1.995063,-1.571422,0.000000,0.000000,0.000000,0.000000,0.000000,0.000000
1778249165.265857,0.642668,0.411342,0.963868,0.0000,0.0000,0.0000,0.000000,0.140000,0.000000,0.000000,0.000000,0.000000,0.642708,0.411316,0.963886,0.000299,-0.000192,0.000134,0.007294,41.653171,40.988777,-3.004181,1.995061,-1.571422,0.000000,0.000000,0.000000,0.000000,0.000000,0.000000
1778249165.275967,0.642666,0.411343,0.963867,0.0000,0.0000,0.0000,0.000000,0.140000,0.000000,0.000000,0.000000,0.000000,0.642708,0.411316,0.963886,0.000316,-0.000205,0.000145,0.007291,41.767259,41.104514,-3.004181,1.995063,-1.571423,0.000000,0.000000,0.000000,0.000000,0.000000,0.000000
1778249165.285809,0.642669,0.411343,0.963867,0.0000,0.0000,0.0000,0.000000,0.140000,0.000000,0.000000,0.000000,0.000000,0.642708,0.411316,0.963886,0.000296,-0.000201,0.000139,0.007287,41.708530,41.042634,-3.004181,1.995063,-1.571421,0.000000,0.000000,0.000000,0.000000,0.000000,0.000000
1778249165.295830,0.642665,0.411344,0.963869,0.0000,0.0000,0.0000,0.000000,0.140000,0.000000,0.000000,0.000000,0.000000,0.642708,0.411316,0.963886,0.000325,-0.000209,0.000124,0.007283,41.661269,40.998602,-3.004181,1.995060,-1.571424,0.000000,0.000000,0.000000,0.000000,0.000000,0.000000
1778249165.306265,0.642665,0.411338,0.963874,0.0000,0.0000,0.0000,0.000000,0.140000,0.000000,0.000000,0.000000,0.000000,0.642708,0.411316,0.963886,0.000325,-0.000168,0.000087,0.007279,41.687761,41.024125,-3.004181,1.995063,-1.571422,0.000000,0.000000,0.000000,0.000000,0.000000,0.000000
1778249165.316139,0.642662,0.411337,0.963876,0.0000,0.0000,0.0000,0.000000,0.140000,0.000000,0.000000,0.000000,0.000000,0.642708,0.411316,0.963886,0.000345,-0.000160,0.000073,0.007276,41.679717,41.015465,-3.004181,1.995062,-1.571425,0.000000,0.000000,0.000000,0.000000,0.000000,0.000000
1778249165.325861,0.642662,0.411336,0.963875,0.0000,0.0000,0.0000,0.000000,0.140000,0.000000,0.000000,0.000000,0.000000,0.642708,0.411316,0.963886,0.000347,-0.000151,0.000084,0.007273,41.739199,41.075336,-3.004181,1.995063,-1.571424,0.000000,0.000000,0.000000,0.000000,0.000000,0.000000
1778249165.336081,0.642664,0.411336,0.963874,0.0000,0.0000,0.0000,0.000000,0.140000,0.000000,0.000000,0.000000,0.000000,0.642708,0.411316,0.963886,0.000332,-0.000149,0.000092,0.007269,41.715213,41.049526,-3.004180,1.995062,-1.571423,0.000000,0.000000,0.000000,0.000000,0.000000,0.000000
1778249165.345891,0.642665,0.411338,0.963871,0.0000,0.0000,0.0000,0.000000,0.140000,0.000000,0.000000,0.000000,0.000000,0.642708,0.411316,0.963886,0.000332,-0.000149,0.000092,0.007269,41.715213,41.049526,-3.004181,1.995061,-1.571423,0.000000,0.000000,0.000000,0.000000,0.000000,0.000000
1778249165.356480,0.642670,0.411335,0.963872,0.0000,0.0000,0.0000,0.000000,0.140000,0.000000,0.000000,0.000000,0.000000,0.642708,0.411316,0.963886,0.000289,-0.000143,0.000108,0.007260,41.697476,41.031380,-3.004181,1.995065,-1.571421,0.000000,0.000000,0.000000,0.000000,0.000000,0.000000
1778249165.366309,0.642668,0.411338,0.963869,0.0000,0.0000,0.0000,0.000000,0.140000,0.000000,0.000000,0.000000,0.000000,0.642708,0.411316,0.963886,0.000303,-0.000165,0.000127,0.007257,41.661888,40.998067,-3.004181,1.995061,-1.571426,0.000000,0.000000,0.000000,0.000000,0.000000,0.000000
1778249165.376278,0.642673,0.411329,0.963869,0.0000,0.0000,0.0000,0.000000,0.140000,0.000000,0.000000,0.000000,0.000000,0.642708,0.411316,0.963886,0.000268,-0.000097,0.000130,0.007252,41.731079,41.067664,-3.004181,1.995061,-1.571421,0.000000,0.000000,0.000000,0.000000,0.000000,0.000000
1778249165.385721,0.642674,0.411328,0.963872,0.0000,0.0000,0.0000,0.000000,0.140000,0.000000,0.000000,0.000000,0.000000,0.642708,0.411316,0.963886,0.000257,-0.000087,0.000104,0.007247,41.705920,41.041316,-3.004180,1.995066,-1.571420,0.000000,0.000000,0.000000,0.000000,0.000000,0.000000
1778249165.395605,0.642667,0.411329,0.963870,0.0000,0.0000,0.0000,0.000000,0.140000,0.000000,0.000000,0.000000,0.000000,0.642708,0.411316,0.963886,0.000311,-0.000099,0.000117,0.007244,41.659943,40.996186,-3.004181,1.995057,-1.571421,0.000000,0.000000,0.000000,0.000000,0.000000,0.000000
1778249165.406145,0.642669,0.411329,0.963871,0.0000,0.0000,0.0000,0.000000,0.140000,0.000000,0.000000,0.000000,0.000000,0.642708,0.411316,0.963886,0.000292,-0.000094,0.000115,0.007240,41.774197,41.109232,-3.004181,1.995066,-1.571423,0.000000,0.000000,0.000000,0.000000,0.000000,0.000000
1778249165.415571,0.642671,0.411327,0.963870,0.0000,0.0000,0.0000,0.000000,0.140000,0.000000,0.000000,0.000000,0.000000,0.642708,0.411316,0.963886,0.000277,-0.000079,0.000122,0.007236,41.691659,41.025948,-3.004181,1.995059,-1.571422,0.000000,0.000000,0.000000,0.000000,0.000000,0.000000
1778249165.425860,0.642674,0.411326,0.963871,0.0000,0.0000,0.0000,0.000000,0.140000,0.000000,0.000000,0.000000,0.000000,0.642708,0.411316,0.963886,0.000258,-0.000073,0.000115,0.007232,41.709327,41.044372,-3.004181,1.995062,-1.571422,0.000000,0.000000,0.000000,0.000000,0.000000,0.000000
1778249165.435954,0.642674,0.411324,0.963872,0.0000,0.0000,0.0000,0.000000,0.140000,0.000000,0.000000,0.000000,0.000000,0.642708,0.411316,0.963886,0.000259,-0.000057,0.000106,0.007227,41.668887,41.005562,-3.004181,1.995063,-1.571422,0.000000,0.000000,0.000000,0.000000,0.000000,0.000000
1778249165.446145,0.642672,0.411323,0.963870,0.0000,0.0000,0.0000,0.000000,0.140000,0.000000,0.000000,0.000000,0.000000,0.642708,0.411316,0.963886,0.000270,-0.000054,0.000116,0.007224,41.746334,41.083105,-3.004181,1.995061,-1.571422,0.000000,0.000000,0.000000,0.000000,0.000000,0.000000
1778249165.456265,0.642674,0.411324,0.963870,0.0000,0.0000,0.0000,0.000000,0.140000,0.000000,0.000000,0.000000,0.000000,0.642708,0.411316,0.963886,0.000270,-0.000054,0.000116,0.007224,41.746334,41.083105,-3.004181,1.995063,-1.571422,0.000000,0.000000,0.000000,0.000000,0.000000,0.000000
1778249165.466311,0.642670,0.411330,0.963869,0.0000,0.0000,0.0000,0.000000,0.140000,0.000000,0.000000,0.000000,0.000000,0.642708,0.411316,0.963886,0.000290,-0.000103,0.000125,0.007217,41.715223,41.052457,-3.004181,1.995060,-1.571426,0.000000,0.000000,0.000000,0.000000,0.000000,0.000000
1778249165.476327,0.642671,0.411328,0.963870,0.0000,0.0000,0.0000,0.000000,0.140000,0.000000,0.000000,0.000000,0.000000,0.642708,0.411316,0.963886,0.000277,-0.000088,0.000120,0.007213,41.694612,41.030249,-3.004181,1.995062,-1.571420,0.000000,0.000000,0.000000,0.000000,0.000000,0.000000
1778249165.485704,0.642674,0.411326,0.963870,0.0000,0.0000,0.0000,0.000000,0.140000,0.000000,0.000000,0.000000,0.000000,0.642708,0.411316,0.963886,0.000257,-0.000072,0.000120,0.007209,41.720495,41.055357,-3.004181,1.995062,-1.571421,0.000000,0.000000,0.000000,0.000000,0.000000,0.000000
1778249165.495724,0.642677,0.411324,0.963870,0.0000,0.0000,0.0000,0.000000,0.140000,0.000000,0.000000,0.000000,0.000000,0.642708,0.411316,0.963886,0.000238,-0.000061,0.000118,0.007204,41.705002,41.038961,-3.004181,1.995062,-1.571423,0.000000,0.000000,0.000000,0.000000,0.000000,0.000000
1778249165.505832,0.642673,0.411323,0.963870,0.0000,0.0000,0.0000,0.000000,0.140000,0.000000,0.000000,0.000000,0.000000,0.642708,0.411316,0.963886,0.000265,-0.000050,0.000117,0.007201,41.688606,41.025928,-3.004181,1.995059,-1.571421,0.000000,0.000000,0.000000,0.000000,0.000000,0.000000
1778249165.515674,0.642671,0.411324,0.963869,0.0000,0.0000,0.0000,0.000000,0.140000,0.000000,0.000000,0.000000,0.000000,0.642708,0.411316,0.963886,0.000277,-0.000057,0.000125,0.007198,41.744235,41.081255,-3.004181,1.995062,-1.571421,0.000000,0.000000,0.000000,0.000000,0.000000,0.000000
1778249165.525862,0.642674,0.411324,0.963873,0.0000,0.0000,0.0000,0.000000,0.140000,0.000000,0.000000,0.000000,0.000000,0.642708,0.411316,0.963886,0.000254,-0.000060,0.000100,0.007194,41.678493,41.012072,-3.004181,1.995063,-1.571422,0.000000,0.000000,0.000000,0.000000,0.000000,0.000000
1778249165.535868,0.642675,0.411327,0.963870,0.0000,0.0000,0.0000,0.000000,0.140000,0.000000,0.000000,0.000000,0.000000,0.642708,0.411316,0.963886,0.000247,-0.000082,0.000118,0.007190,41.694967,41.028625,-3.004181,1.995061,-1.571425,0.000000,0.000000,0.000000,0.000000,0.000000,0.000000
1778249165.545680,0.642676,0.411327,0.963869,0.0000,0.0000,0.0000,0.000000,0.140000,0.000000,0.000000,0.000000,0.000000,0.642708,0.411316,0.963886,0.000245,-0.000084,0.000129,0.007186,41.731396,41.068250,-3.004181,1.995063,-1.571422,0.000000,0.000000,0.000000,0.000000,0.000000,0.000000
1778249165.556096,0.642678,0.411324,0.963870,0.0000,0.0000,0.0000,0.000000,0.140000,0.000000,0.000000,0.000000,0.000000,0.642708,0.411316,0.963886,0.000231,-0.000059,0.000122,0.007182,41.697852,41.032920,-3.004181,1.995063,-1.571420,0.000000,0.000000,0.000000,0.000000,0.000000,0.000000
1778249165.565887,0.642676,0.411326,0.963869,0.0000,0.0000,0.0000,0.000000,0.140000,0.000000,0.000000,0.000000,0.000000,0.642708,0.411316,0.963886,0.000242,-0.000076,0.000128,0.007178,41.708344,41.045392,-3.004181,1.995061,-1.571422,0.000000,0.000000,0.000000,0.000000,0.000000,0.000000
1778249165.576430,0.642678,0.411326,0.963870,0.0000,0.0000,0.0000,0.000000,0.140000,0.000000,0.000000,0.000000,0.000000,0.642708,0.411316,0.963886,0.000228,-0.000072,0.000122,0.007174,41.740566,41.074949,-3.004181,1.995064,-1.571421,0.000000,0.000000,0.000000,0.000000,0.000000,0.000000
1778249165.586015,0.642678,0.411327,0.963868,0.0000,0.0000,0.0000,0.000000,0.140000,0.000000,0.000000,0.000000,0.000000,0.642708,0.411316,0.963886,0.000230,-0.000080,0.000135,0.007171,41.702601,41.039135,-3.004181,1.995060,-1.571422,0.000000,0.000000,0.000000,0.000000,0.000000,0.000000
1778249165.595774,0.642681,0.411326,0.963867,0.0000,0.0000,0.0000,0.000000,0.140000,0.000000,0.000000,0.000000,0.000000,0.642708,0.411316,0.963886,0.000201,-0.000070,0.000139,0.007167,41.758090,41.093877,-3.004181,1.995065,-1.571420,0.000000,0.000000,0.000000,0.000000,0.000000,0.000000
1778249165.606035,0.642679,0.411325,0.963870,0.0000,0.0000,0.0000,0.000000,0.140000,0.000000,0.000000,0.000000,0.000000,0.642708,0.411316,0.963886,0.000222,-0.000070,0.000120,0.007163,41.672988,41.010091,-3.004182,1.995060,-1.571421,0.000000,0.000000,0.000000,0.000000,0.000000,0.000000
1778249165.616100,0.642681,0.411326,0.963872,0.0000,0.0000,0.0000,0.000000,0.140000,0.000000,0.000000,0.000000,0.000000,0.642708,0.411316,0.963886,0.000207,-0.000073,0.000107,0.007159,41.751080,41.086421,-3.004181,1.995065,-1.571420,0.000000,0.000000,0.000000,0.000000,0.000000,0.000000
1778249165.626217,0.642681,0.411330,0.963871,0.0000,0.0000,0.0000,0.000000,0.140000,0.000000,0.000000,0.000000,0.000000,0.642708,0.411316,0.963886,0.000207,-0.000104,0.000109,0.007155,41.673836,41.007583,-3.004181,1.995063,-1.571424,0.000000,0.000000,0.000000,0.000000,0.000000,0.000000
1778249165.635974,0.642683,0.411326,0.963871,0.0000,0.0000,0.0000,0.000000,0.140000,0.000000,0.000000,0.000000,0.000000,0.642708,0.411316,0.963886,0.000190,-0.000076,0.000116,0.007151,41.715202,41.050154,-3.004182,1.995061,-1.571421,0.000000,0.000000,0.000000,0.000000,0.000000,0.000000
1778249165.645993,0.642686,0.411325,0.963874,0.0000,0.0000,0.0000,0.000000,0.140000,0.000000,0.000000,0.000000,0.000000,0.642708,0.411316,0.963886,0.000169,-0.000065,0.000091,0.007146,41.673005,41.008316,-3.004182,1.995062,-1.571423,0.000000,0.000000,0.000000,0.000000,0.000000,0.000000
1778249165.656141,0.642687,0.411321,0.963875,0.0000,0.0000,0.0000,0.000000,0.140000,0.000000,0.000000,0.000000,0.000000,0.642708,0.411316,0.963886,0.000157,-0.000035,0.000083,0.007142,41.703105,41.039415,-3.004182,1.995062,-1.571422,0.000000,0.000000,0.000000,0.000000,0.000000,0.000000
1778249165.665843,0.642685,0.411322,0.963877,0.0000,0.0000,0.0000,0.000000,0.140000,0.000000,0.000000,0.000000,0.000000,0.642708,0.411316,0.963886,0.000176,-0.000044,0.000067,0.007137,41.698382,41.034995,-3.004181,1.995062,-1.571421,0.000000,0.000000,0.000000,0.000000,0.000000,0.000000
1778249165.676113,0.642681,0.411326,0.963877,0.0000,0.0000,0.0000,0.000000,0.140000,0.000000,0.000000,0.000000,0.000000,0.642708,0.411316,0.963886,0.000205,-0.000074,0.000066,0.007134,41.720093,41.056407,-3.004181,1.995061,-1.571422,0.000000,0.000000,0.000000,0.000000,0.000000,0.000000
1778249165.686061,0.642682,0.411325,0.963878,0.0000,0.0000,0.0000,0.000000,0.140000,0.000000,0.000000,0.000000,0.000000,0.642708,0.411316,0.963886,0.000195,-0.000065,0.000057,0.007130,41.712202,41.047455,-3.004181,1.995065,-1.571424,0.000000,0.000000,0.000000,0.000000,0.000000,0.000000
1778249165.695902,0.642679,0.411322,0.963878,0.0000,0.0000,0.0000,0.000000,0.140000,0.000000,0.000000,0.000000,0.000000,0.642708,0.411316,0.963886,0.000220,-0.000047,0.000057,0.007127,41.682184,41.016796,-3.004182,1.995058,-1.571421,0.000000,0.000000,0.000000,0.000000,0.000000,0.000000
1778249165.706308,0.642684,0.411322,0.963878,0.0000,0.0000,0.0000,0.000000,0.140000,0.000000,0.000000,0.000000,0.000000,0.642708,0.411316,0.963886,0.000185,-0.000041,0.000063,0.007124,41.751475,41.086488,-3.004182,1.995064,-1.571419,0.000000,0.000000,0.000000,0.000000,0.000000,0.000000
1778249165.716035,0.642686,0.411324,0.963876,0.0000,0.0000,0.0000,0.000000,0.140000,0.000000,0.000000,0.000000,0.000000,0.642708,0.411316,0.963886,0.000167,-0.000062,0.000075,0.007120,41.702833,41.037445,-3.004182,1.995061,-1.571420,0.000000,0.000000,0.000000,0.000000,0.000000,0.000000
1778249165.725957,0.642685,0.411327,0.963876,0.0000,0.0000,0.0000,0.000000,0.140000,0.000000,0.000000,0.000000,0.000000,0.642708,0.411316,0.963886,0.000176,-0.000085,0.000078,0.007116,41.707676,41.043527,-3.004182,1.995060,-1.571421,0.000000,0.000000,0.000000,0.000000,0.000000,0.000000
1778249165.735975,0.642686,0.411325,0.963876,0.0000,0.0000,0.0000,0.000000,0.140000,0.000000,0.000000,0.000000,0.000000,0.642708,0.411316,0.963886,0.000164,-0.000066,0.000073,0.007112,41.708527,41.042625,-3.004182,1.995062,-1.571422,0.000000,0.000000,0.000000,0.000000,0.000000,0.000000
1778249165.748001,0.642688,0.411322,0.963876,0.0000,0.0000,0.0000,0.000000,0.140000,0.000000,0.000000,0.000000,0.000000,0.642708,0.411316,0.963886,0.000154,-0.000047,0.000074,0.007108,41.703320,41.039578,-3.004182,1.995062,-1.571421,0.000000,0.000000,0.000000,0.000000,0.000000,0.000000
1778249165.755750,0.642686,0.411322,0.963877,0.0000,0.0000,0.0000,0.000000,0.140000,0.000000,0.000000,0.000000,0.000000,0.642708,0.411316,0.963886,0.000169,-0.000044,0.000070,0.007105,41.710460,41.047891,-3.004182,1.995061,-1.571423,0.000000,0.000000,0.000000,0.000000,0.000000,0.000000
1778249165.765698,0.642685,0.411324,0.963878,0.0000,0.0000,0.0000,0.000000,0.140000,0.000000,0.000000,0.000000,0.000000,0.642708,0.411316,0.963886,0.000171,-0.000060,0.000059,0.007101,41.751942,41.087749,-3.004182,1.995065,-1.571420,0.000000,0.000000,0.000000,0.000000,0.000000,0.000000
1778249165.775799,0.642687,0.411324,0.963878,0.0000,0.0000,0.0000,0.000000,0.140000,0.000000,0.000000,0.000000,0.000000,0.642708,0.411316,0.963886,0.000160,-0.000055,0.000063,0.007098,41.685436,41.019409,-3.004182,1.995062,-1.571420,0.000000,0.000000,0.000000,0.000000,0.000000,0.000000
1778249165.785963,0.642685,0.411321,0.963877,0.0000,0.0000,0.0000,0.000000,0.140000,0.000000,0.000000,0.000000,0.000000,0.642708,0.411316,0.963886,0.000172,-0.000034,0.000068,0.007094,41.696246,41.033341,-3.004182,1.995059,-1.571419,0.000000,0.000000,0.000000,0.000000,0.000000,0.000000
1778249165.796137,0.642688,0.411317,0.963879,0.0000,0.0000,0.0000,0.000000,0.140000,0.000000,0.000000,0.000000,0.000000,0.642708,0.411316,0.963886,0.000149,-0.000005,0.000052,0.007090,41.762273,41.099015,-3.004181,1.995066,-1.571419,0.000000,0.000000,0.000000,0.000000,0.000000,0.000000
1778249165.806236,0.642687,0.411317,0.963883,0.0000,0.0000,0.0000,0.000000,0.140000,0.000000,0.000000,0.000000,0.000000,0.642708,0.411316,0.963886,0.000158,-0.000004,0.000025,0.007087,41.639734,40.974831,-3.004182,1.995061,-1.571418,0.000000,0.000000,0.000000,0.000000,0.000000,0.000000
1778249165.815947,0.642683,0.411322,0.963879,0.0000,0.0000,0.0000,0.000000,0.140000,0.000000,0.000000,0.000000,0.000000,0.642708,0.411316,0.963886,0.000187,-0.000040,0.000053,0.007083,41.765064,41.103168,-3.004182,1.995062,-1.571422,0.000000,0.000000,0.000000,0.000000,0.000000,0.000000
1778249165.825956,0.642687,0.411321,0.963883,0.0000,0.0000,0.0000,0.000000,0.140000,0.000000,0.000000,0.000000,0.000000,0.642708,0.411316,0.963886,0.000161,-0.000035,0.000025,0.007080,41.694926,41.027971,-3.004182,1.995064,-1.571423,0.000000,0.000000,0.000000,0.000000,0.000000,0.000000
1778249165.835990,0.642686,0.411315,0.963885,0.0000,0.0000,0.0000,0.000000,0.140000,0.000000,0.000000,0.000000,0.000000,0.642708,0.411316,0.963886,0.000167,0.000008,0.000008,0.007076,41.651021,40.988700,-3.004182,1.995060,-1.571418,0.000000,0.000000,0.000000,0.000000,0.000000,0.000000
1778249165.846048,0.642687,0.411316,0.963885,0.0000,0.0000,0.0000,0.000000,0.140000,0.000000,0.000000,0.000000,0.000000,0.642708,0.411316,0.963886,0.000159,0.000004,0.000007,0.007072,41.761450,41.097514,-3.004182,1.995063,-1.571419,0.000000,0.000000,0.000000,0.000000,0.000000,0.000000
1778249165.855989,0.642691,0.411319,0.963885,0.0000,0.0000,0.0000,0.000000,0.140000,0.000000,0.000000,0.000000,0.000000,0.642708,0.411316,0.963886,0.000133,-0.000019,0.000008,0.007068,41.687470,41.020264,-3.004182,1.995062,-1.571421,0.000000,0.000000,0.000000,0.000000,0.000000,0.000000
1778249165.865953,0.642690,0.411320,0.963883,0.0000,0.0000,0.0000,0.000000,0.140000,0.000000,0.000000,0.000000,0.000000,0.642708,0.411316,0.963886,0.000140,-0.000027,0.000023,0.007065,41.702623,41.039456,-3.004182,1.995060,-1.571421,0.000000,0.000000,0.000000,0.000000,0.000000,0.000000
1778249165.876107,0.642693,0.411318,0.963883,0.0000,0.0000,0.0000,0.000000,0.140000,0.000000,0.000000,0.000000,0.000000,0.642708,0.411316,0.963886,0.000114,-0.000015,0.000026,0.007061,41.764995,41.101360,-3.004182,1.995065,-1.571419,0.000000,0.000000,0.000000,0.000000,0.000000,0.000000
1778249165.885893,0.642694,0.411316,0.963885,0.0000,0.0000,0.0000,0.000000,0.140000,0.000000,0.000000,0.000000,0.000000,0.642708,0.411316,0.963886,0.000104,-0.000002,0.000006,0.007057,41.636547,40.970750,-3.004182,1.995060,-1.571419,0.000000,0.000000,0.000000,0.000000,0.000000,0.000000
1778249165.895954,0.642695,0.411316,0.963882,0.0000,0.0000,0.0000,0.000000,0.140000,0.000000,0.000000,0.000000,0.000000,0.642708,0.411316,0.963886,0.000097,0.000001,0.000033,0.007053,41.747681,41.084082,-3.004182,1.995062,-1.571423,0.000000,0.000000,0.000000,0.000000,0.000000,0.000000
1778249165.906014,0.642697,0.411317,0.963882,0.0000,0.0000,0.0000,0.000000,0.140000,0.000000,0.000000,0.000000,0.000000,0.642708,0.411316,0.963886,0.000082,-0.000006,0.000028,0.007050,41.713223,41.048860,-3.004182,1.995063,-1.571422,0.000000,0.000000,0.000000,0.000000,0.000000,0.000000
1778249165.916011,0.642697,0.411315,0.963884,0.0000,0.0000,0.0000,0.000000,0.140000,0.000000,0.000000,0.000000,0.000000,0.642708,0.411316,0.963886,0.000087,0.000007,0.000011,0.007046,41.685321,41.021391,-3.004182,1.995062,-1.571420,0.000000,0.000000,0.000000,0.000000,0.000000,0.000000
1778249165.925978,0.642696,0.411315,0.963885,0.0000,0.0000,0.0000,0.000000,0.140000,0.000000,0.000000,0.000000,0.000000,0.642708,0.411316,0.963886,0.000095,0.000011,0.000007,0.007042,41.719885,41.055673,-3.004182,1.995063,-1.571421,0.000000,0.000000,0.000000,0.000000,0.000000,0.000000
1778249165.935844,0.642698,0.411314,0.963885,0.0000,0.0000,0.0000,0.000000,0.140000,0.000000,0.000000,0.000000,0.000000,0.642708,0.411316,0.963886,0.000081,0.000017,0.000011,0.007039,41.731492,41.067205,-3.004182,1.995063,-1.571419,0.000000,0.000000,0.000000,0.000000,0.000000,0.000000
1778249165.945789,0.642700,0.411314,0.963885,0.0000,0.0000,0.0000,0.000000,0.140000,0.000000,0.000000,0.000000,0.000000,0.642708,0.411316,0.963886,0.000064,0.000017,0.000010,0.007035,41.690755,41.024688,-3.004182,1.995062,-1.571421,0.000000,0.000000,0.000000,0.000000,0.000000,0.000000
1778249165.955865,0.642700,0.411311,0.963883,0.0000,0.0000,0.0000,0.000000,0.140000,0.000000,0.000000,0.000000,0.000000,0.642708,0.411316,0.963886,0.000065,0.000037,0.000021,0.007032,41.713914,41.050792,-3.004182,1.995060,-1.571419,0.000000,0.000000,0.000000,0.000000,0.000000,0.000000
1778249165.965708,0.642700,0.411308,0.963886,0.0000,0.0000,0.0000,0.000000,0.140000,0.000000,0.000000,0.000000,0.000000,0.642708,0.411316,0.963886,0.000060,0.000062,-0.000003,0.007028,41.728681,41.065964,-3.004182,1.995065,-1.571420,0.000000,0.000000,0.000000,0.000000,0.000000,0.000000
1778249165.975781,0.642700,0.411307,0.963888,0.0000,0.0000,0.0000,0.000000,0.140000,0.000000,0.000000,0.000000,0.000000,0.642708,0.411316,0.963886,0.000064,0.000070,-0.000016,0.007025,41.656765,40.992179,-3.004182,1.995060,-1.571418,0.000000,0.000000,0.000000,0.000000,0.000000,0.000000
1778249165.986474,0.642701,0.411314,0.963884,0.0000,0.0000,0.0000,0.000000,0.140000,0.000000,0.000000,0.000000,0.000000,0.642708,0.411316,0.963886,0.000064,0.000070,-0.000016,0.007025,41.656765,40.992179,-3.004182,1.995063,-1.571423,0.000000,0.000000,0.000000,0.000000,0.000000,0.000000
1778249165.996009,0.642703,0.411313,0.963883,0.0000,0.0000,0.0000,0.000000,0.140000,0.000000,0.000000,0.000000,0.000000,0.642708,0.411316,0.963886,0.000039,0.000021,0.000022,0.007018,41.711138,41.047249,-3.004182,1.995062,-1.571422,0.000000,0.000000,0.000000,0.000000,0.000000,0.000000
1778249166.006534,0.642704,0.411312,0.963884,0.0000,0.0000,0.0000,0.000000,0.140000,0.000000,0.000000,0.000000,0.000000,0.642708,0.411316,0.963886,0.000032,0.000029,0.000016,0.007015,41.733101,41.067851,-3.004182,1.995062,-1.571421,0.000000,0.000000,0.000000,0.000000,0.000000,0.000000
1778249166.015763,0.642705,0.411315,0.963883,0.0000,0.0000,0.0000,0.000000,0.140000,0.000000,0.000000,0.000000,0.000000,0.642708,0.411316,0.963886,0.000024,0.000012,0.000021,0.007011,41.702963,41.037995,-3.004182,1.995061,-1.571421,0.000000,0.000000,0.000000,0.000000,0.000000,0.000000
1778249166.026208,0.642710,0.411314,0.963884,0.0000,0.0000,0.0000,0.000000,0.140000,0.000000,0.000000,0.000000,0.000000,0.642708,0.411316,0.963886,-0.000011,0.000019,0.000018,0.007008,41.669994,41.002120,-3.004182,1.995061,-1.571418,0.000000,0.000000,0.000000,0.000000,0.000000,0.000000
1778249166.035869,0.642705,0.411319,0.963879,0.0000,0.0000,0.0000,0.000000,0.140000,0.000000,0.000000,0.000000,0.000000,0.642708,0.411316,0.963886,0.000023,-0.000020,0.000051,0.007004,41.709579,41.047255,-3.004182,1.995061,-1.571418,0.000000,0.000000,0.000000,0.000000,0.000000,0.000000
1778249166.045736,0.642703,0.411318,0.963883,0.0000,0.0000,0.0000,0.000000,0.140000,0.000000,0.000000,0.000000,0.000000,0.642708,0.411316,0.963886,0.000041,-0.000016,0.000024,0.007001,41.686663,41.021783,-3.004182,1.995060,-1.571422,0.000000,0.000000,0.000000,0.000000,0.000000,0.000000
1778249166.055652,0.642707,0.411315,0.963882,0.0000,0.0000,0.0000,0.000000,0.140000,0.000000,0.000000,0.000000,0.000000,0.642708,0.411316,0.963886,0.000010,0.000009,0.000027,0.006998,41.722169,41.057023,-3.004182,1.995063,-1.571418,0.000000,0.000000,0.000000,0.000000,0.000000,0.000000
1778249166.065626,0.642706,0.411317,0.963881,0.0000,0.0000,0.0000,0.000000,0.140000,0.000000,0.000000,0.000000,0.000000,0.642708,0.411316,0.963886,0.000020,-0.000008,0.000038,0.006995,41.673574,41.009478,-3.004182,1.995063,-1.571420,0.000000,0.000000,0.000000,0.000000,0.000000,0.000000
1778249166.075878,0.642703,0.411320,0.963879,0.0000,0.0000,0.0000,0.000000,0.140000,0.000000,0.000000,0.000000,0.000000,0.642708,0.411316,0.963886,0.000041,-0.000029,0.000049,0.006991,41.733024,41.070254,-3.004182,1.995060,-1.571423,0.000000,0.000000,0.000000,0.000000,0.000000,0.000000
1778249166.086048,0.642703,0.411321,0.963880,0.0000,0.0000,0.0000,0.000000,0.140000,0.000000,0.000000,0.000000,0.000000,0.642708,0.411316,0.963886,0.000039,-0.000039,0.000045,0.006988,41.730517,41.064369,-3.004182,1.995063,-1.571419,0.000000,0.000000,0.000000,0.000000,0.000000,0.000000
1778249166.095957,0.642702,0.411326,0.963878,0.0000,0.0000,0.0000,0.000000,0.140000,0.000000,0.000000,0.000000,0.000000,0.642708,0.411316,0.963886,0.000044,-0.000070,0.000058,0.006985,41.701365,41.037409,-3.004182,1.995062,-1.571420,0.000000,0.000000,0.000000,0.000000,0.000000,0.000000
1778249166.108286,0.642702,0.411324,0.963881,0.0000,0.0000,0.0000,0.000000,0.140000,0.000000,0.000000,0.000000,0.000000,0.642708,0.411316,0.963886,0.000044,-0.000070,0.000058,0.006985,41.701365,41.037409,-3.004182,1.995062,-1.571419,0.000000,0.000000,0.000000,0.000000,0.000000,0.000000
1778249166.115790,0.642701,0.411323,0.963879,0.0000,0.0000,0.0000,0.000000,0.140000,0.000000,0.000000,0.000000,0.000000,0.642708,0.411316,0.963886,0.000053,-0.000052,0.000051,0.006978,41.702849,41.038764,-3.004182,1.995061,-1.571418,0.000000,0.000000,0.000000,0.000000,0.000000,0.000000
1778249166.126453,0.642700,0.411324,0.963881,0.0000,0.0000,0.0000,0.000000,0.140000,0.000000,0.000000,0.000000,0.000000,0.642708,0.411316,0.963886,0.000063,-0.000055,0.000038,0.006975,41.699765,41.035913,-3.004182,1.995063,-1.571419,0.000000,0.000000,0.000000,0.000000,0.000000,0.000000
1778249166.136299,0.642696,0.411327,0.963879,0.0000,0.0000,0.0000,0.000000,0.140000,0.000000,0.000000,0.000000,0.000000,0.642708,0.411316,0.963886,0.000093,-0.000079,0.000050,0.006972,41.714842,41.050067,-3.004182,1.995060,-1.571420,0.000000,0.000000,0.000000,0.000000,0.000000,0.000000
1778249166.145758,0.642699,0.411327,0.963877,0.0000,0.0000,0.0000,0.000000,0.140000,0.000000,0.000000,0.000000,0.000000,0.642708,0.411316,0.963886,0.000070,-0.000085,0.000068,0.006969,41.748902,41.083584,-3.004182,1.995063,-1.571419,0.000000,0.000000,0.000000,0.000000,0.000000,0.000000
1778249166.156143,0.642698,0.411332,0.963876,0.0000,0.0000,0.0000,0.000000,0.140000,0.000000,0.000000,0.000000,0.000000,0.642708,0.411316,0.963886,0.000079,-0.000120,0.000073,0.006966,41.730766,41.066933,-3.004182,1.995064,-1.571419,0.000000,0.000000,0.000000,0.000000,0.000000,0.000000
1778249166.165784,0.642693,0.411334,0.963877,0.0000,0.0000,0.0000,0.000000,0.140000,0.000000,0.000000,0.000000,0.000000,0.642708,0.411316,0.963886,0.000115,-0.000132,0.000071,0.006963,41.696827,41.031997,-3.004183,1.995060,-1.571422,0.000000,0.000000,0.000000,0.000000,0.000000,0.000000
1778249166.176508,0.642694,0.411330,0.963880,0.0000,0.0000,0.0000,0.000000,0.140000,0.000000,0.000000,0.000000,0.000000,0.642708,0.411316,0.963886,0.000108,-0.000103,0.000043,0.006959,41.682327,41.018622,-3.004183,1.995061,-1.571420,0.000000,0.000000,0.000000,0.000000,0.000000,0.000000
1778249166.186400,0.642694,0.411328,0.963881,0.0000,0.0000,0.0000,0.000000,0.140000,0.000000,0.000000,0.000000,0.000000,0.642708,0.411316,0.963886,0.000104,-0.000089,0.000036,0.006956,41.677123,41.010576,-3.004183,1.995060,-1.571421,0.000000,0.000000,0.000000,0.000000,0.000000,0.000000
1778249166.195933,0.642698,0.411327,0.963878,0.0000,0.0000,0.0000,0.000000,0.140000,0.000000,0.000000,0.000000,0.000000,0.642708,0.411316,0.963886,0.000075,-0.000084,0.000062,0.006953,41.772077,41.107397,-3.004182,1.995066,-1.571419,0.000000,0.000000,0.000000,0.000000,0.000000,0.000000
1778249166.206132,0.642690,0.411327,0.963882,0.0000,0.0000,0.0000,0.000000,0.140000,0.000000,0.000000,0.000000,0.000000,0.642708,0.411316,0.963886,0.000075,-0.000084,0.000062,0.006953,41.772077,41.107397,-3.004182,1.995064,-1.571419,0.000000,0.000000,0.000000,0.000000,0.000000,0.000000
1778249166.216163,0.642688,0.411328,0.963882,0.0000,0.0000,0.0000,0.000000,0.140000,0.000000,0.000000,0.000000,0.000000,0.642708,0.411316,0.963886,0.000150,-0.000087,0.000032,0.006947,41.761645,41.098364,-3.004182,1.995062,-1.571419,0.000000,0.000000,0.000000,0.000000,0.000000,0.000000
1778249166.226161,0.642689,0.411331,0.963881,0.0000,0.0000,0.0000,0.000000,0.140000,0.000000,0.000000,0.000000,0.000000,0.642708,0.411316,0.963886,0.000147,-0.000112,0.000039,0.006944,41.703947,41.035510,-3.004182,1.995065,-1.571419,0.000000,0.000000,0.000000,0.000000,0.000000,0.000000
1778249166.235647,0.642688,0.411333,0.963875,0.0000,0.0000,0.0000,0.000000,0.140000,0.000000,0.000000,0.000000,0.000000,0.642708,0.411316,0.963886,0.000152,-0.000126,0.000079,0.006941,41.737766,41.074400,-3.004182,1.995057,-1.571417,0.000000,0.000000,0.000000,0.000000,0.000000,0.000000
1778249166.245956,0.642688,0.411336,0.963879,0.0000,0.0000,0.0000,0.000000,0.140000,0.000000,0.000000,0.000000,0.000000,0.642708,0.411316,0.963886,0.000149,-0.000146,0.000052,0.006938,41.734920,41.069698,-3.004182,1.995064,-1.571420,0.000000,0.000000,0.000000,0.000000,0.000000,0.000000
1778249166.255929,0.642689,0.411334,0.963879,0.0000,0.0000,0.0000,0.000000,0.140000,0.000000,0.000000,0.000000,0.000000,0.642708,0.411316,0.963886,0.000146,-0.000136,0.000049,0.006935,41.701308,41.036292,-3.004182,1.995064,-1.571418,0.000000,0.000000,0.000000,0.000000,0.000000,0.000000
1778249166.265621,0.642683,0.411338,0.963880,0.0000,0.0000,0.0000,0.000000,0.140000,0.000000,0.000000,0.000000,0.000000,0.642708,0.411316,0.963886,0.000192,-0.000165,0.000043,0.006932,41.688272,41.027372,-3.004183,1.995059,-1.571422,0.000000,0.000000,0.000000,0.000000,0.000000,0.000000
1778249166.275794,0.642687,0.411335,0.963884,0.0000,0.0000,0.0000,0.000000,0.140000,0.000000,0.000000,0.000000,0.000000,0.642708,0.411316,0.963886,0.000158,-0.000141,0.000017,0.006928,41.698738,41.033015,-3.004183,1.995066,-1.571419,0.000000,0.000000,0.000000,0.000000,0.000000,0.000000
1778249166.285881,0.642686,0.411333,0.963882,0.0000,0.0000,0.0000,0.000000,0.140000,0.000000,0.000000,0.000000,0.000000,0.642708,0.411316,0.963886,0.000169,-0.000125,0.000030,0.006925,41.674252,41.009057,-3.004183,1.995060,-1.571417,0.000000,0.000000,0.000000,0.000000,0.000000,0.000000
1778249166.296012,0.642684,0.411335,0.963882,0.0000,0.0000,0.0000,0.000000,0.140000,0.000000,0.000000,0.000000,0.000000,0.642708,0.411316,0.963886,0.000180,-0.000142,0.000032,0.006922,41.759331,41.096789,-3.004183,1.995062,-1.571419,0.000000,0.000000,0.000000,0.000000,0.000000,0.000000
1778249166.305874,0.642682,0.411337,0.963884,0.0000,0.0000,0.0000,0.000000,0.140000,0.000000,0.000000,0.000000,0.000000,0.642708,0.411316,0.963886,0.000200,-0.000154,0.000015,0.006919,41.713053,41.049029,-3.004183,1.995062,-1.571420,0.000000,0.000000,0.000000,0.000000,0.000000,0.000000
1778249166.315679,0.642684,0.411339,0.963886,0.0000,0.0000,0.0000,0.000000,0.140000,0.000000,0.000000,0.000000,0.000000,0.642708,0.411316,0.963886,0.000183,-0.000170,0.000001,0.006916,41.708947,41.042936,-3.004183,1.995065,-1.571422,0.000000,0.000000,0.000000,0.000000,0.000000,0.000000
1778249166.325834,0.642680,0.411338,0.963885,0.0000,0.0000,0.0000,0.000000,0.140000,0.000000,0.000000,0.000000,0.000000,0.642708,0.411316,0.963886,0.000216,-0.000168,0.000007,0.006913,41.660456,40.996863,-3.004183,1.995057,-1.571420,0.000000,0.000000,0.000000,0.000000,0.000000,0.000000
1778249166.335843,0.642682,0.411335,0.963886,0.0000,0.0000,0.0000,0.000000,0.140000,0.000000,0.000000,0.000000,0.000000,0.642708,0.411316,0.963886,0.000200,-0.000141,-0.000001,0.006909,41.710565,41.046521,-3.004183,1.995063,-1.571419,0.000000,0.000000,0.000000,0.000000,0.000000,0.000000
1778249166.345966,0.642681,0.411334,0.963887,0.0000,0.0000,0.0000,0.000000,0.140000,0.000000,0.000000,0.000000,0.000000,0.642708,0.411316,0.963886,0.000206,-0.000136,-0.000010,0.006906,41.702253,41.038524,-3.004182,1.995061,-1.571416,0.000000,0.000000,0.000000,0.000000,0.000000,0.000000
1778249166.355990,0.642681,0.411338,0.963887,0.0000,0.0000,0.0000,0.000000,0.140000,0.000000,0.000000,0.000000,0.000000,0.642708,0.411316,0.963886,0.000205,-0.000167,-0.000010,0.006903,41.744085,41.078261,-3.004183,1.995064,-1.571419,0.000000,0.000000,0.000000,0.000000,0.000000,0.000000
1778249166.366016,0.642678,0.411336,0.963888,0.0000,0.0000,0.0000,0.000000,0.140000,0.000000,0.000000,0.000000,0.000000,0.642708,0.411316,0.963886,0.000225,-0.000150,-0.000016,0.006900,41.670585,41.008339,-3.004183,1.995062,-1.571419,0.000000,0.000000,0.000000,0.000000,0.000000,0.000000
1778249166.376121,0.642674,0.411334,0.963889,0.0000,0.0000,0.0000,0.000000,0.140000,0.000000,0.000000,0.000000,0.000000,0.642708,0.411316,0.963886,0.000255,-0.000135,-0.000022,0.006897,41.699763,41.035743,-3.004183,1.995060,-1.571420,0.000000,0.000000,0.000000,0.000000,0.000000,0.000000
1778249166.385880,0.642681,0.411335,0.963885,0.0000,0.0000,0.0000,0.000000,0.140000,0.000000,0.000000,0.000000,0.000000,0.642708,0.411316,0.963886,0.000206,-0.000145,0.000010,0.006893,41.781695,41.115417,-3.004182,1.995065,-1.571414,0.000000,0.000000,0.000000,0.000000,0.000000,0.000000
1778249166.395828,0.642678,0.411341,0.963881,0.0000,0.0000,0.0000,0.000000,0.140000,0.000000,0.000000,0.000000,0.000000,0.642708,0.411316,0.963886,0.000227,-0.000189,0.000035,0.006891,41.703418,41.041340,-3.004183,1.995059,-1.571419,0.000000,0.000000,0.000000,0.000000,0.000000,0.000000
1778249166.406438,0.642682,0.411337,0.963883,0.0000,0.0000,0.0000,0.000000,0.140000,0.000000,0.000000,0.000000,0.000000,0.642708,0.411316,0.963886,0.000227,-0.000189,0.000035,0.006891,41.703418,41.041340,-3.004183,1.995062,-1.571419,0.000000,0.000000,0.000000,0.000000,0.000000,0.000000
1778249166.416296,0.642686,0.411330,0.963884,0.0000,0.0000,0.0000,0.000000,0.140000,0.000000,0.000000,0.000000,0.000000,0.642708,0.411316,0.963886,0.000200,-0.000154,0.000025,0.006887,41.711720,41.046844,-3.004183,1.995062,-1.571420,0.000000,0.000000,0.000000,0.000000,0.000000,0.000000
1778249166.426527,0.642686,0.411332,0.963885,0.0000,0.0000,0.0000,0.000000,0.140000,0.000000,0.000000,0.000000,0.000000,0.642708,0.411316,0.963886,0.000166,-0.000118,0.000011,0.006879,41.703098,41.038647,-3.004183,1.995062,-1.571421,0.000000,0.000000,0.000000,0.000000,0.000000,0.000000
1778249166.436475,0.642686,0.411334,0.963885,0.0000,0.0000,0.0000,0.000000,0.140000,0.000000,0.000000,0.000000,0.000000,0.642708,0.411316,0.963886,0.000166,-0.000118,0.000011,0.006879,41.703098,41.038647,-3.004183,1.995062,-1.571421,0.000000,0.000000,0.000000,0.000000,0.000000,0.000000
1778249166.446137,0.642687,0.411333,0.963885,0.0000,0.0000,0.0000,0.000000,0.140000,0.000000,0.000000,0.000000,0.000000,0.642708,0.411316,0.963886,0.000161,-0.000127,0.000010,0.006871,41.711596,41.046961,-3.004183,1.995063,-1.571421,0.000000,0.000000,0.000000,0.000000,0.000000,0.000000
1778249166.456122,0.642688,0.411331,0.963885,0.0000,0.0000,0.0000,0.000000,0.140000,0.000000,0.000000,0.000000,0.000000,0.642708,0.411316,0.963886,0.000151,-0.000112,0.000010,0.006867,41.708623,41.044026,-3.004183,1.995063,-1.571421,0.000000,0.000000,0.000000,0.000000,0.000000,0.000000
1778249166.466168,0.642686,0.411332,0.963885,0.0000,0.0000,0.0000,0.000000,0.140000,0.000000,0.000000,0.000000,0.000000,0.642708,0.411316,0.963886,0.000165,-0.000116,0.000011,0.006864,41.691795,41.026173,-3.004183,1.995061,-1.571423,0.000000,0.000000,0.000000,0.000000,0.000000,0.000000
1778249166.476013,0.642689,0.411326,0.963885,0.0000,0.0000,0.0000,0.000000,0.140000,0.000000,0.000000,0.000000,0.000000,0.642708,0.411316,0.963886,0.000143,-0.000072,0.000011,0.006860,41.723305,41.058630,-3.004183,1.995064,-1.571417,0.000000,0.000000,0.000000,0.000000,0.000000,0.000000
1778249166.486147,0.642690,0.411325,0.963884,0.0000,0.0000,0.0000,0.000000,0.140000,0.000000,0.000000,0.000000,0.000000,0.642708,0.411316,0.963886,0.000141,-0.000069,0.000012,0.006856,41.703051,41.038239,-3.004183,1.995061,-1.571416,0.000000,0.000000,0.000000,0.000000,0.000000,0.000000
1778249166.495928,0.642690,0.411323,0.963884,0.0000,0.0000,0.0000,0.000000,0.140000,0.000000,0.000000,0.000000,0.000000,0.642708,0.411316,0.963886,0.000136,-0.000048,0.000015,0.006853,41.731327,41.067338,-3.004183,1.995062,-1.571419,0.000000,0.000000,0.000000,0.000000,0.000000,0.000000
1778249166.505925,0.642690,0.411322,0.963885,0.0000,0.0000,0.0000,0.000000,0.140000,0.000000,0.000000,0.000000,0.000000,0.642708,0.411316,0.963886,0.000138,-0.000047,0.000004,0.006849,41.709827,41.045273,-3.004183,1.995062,-1.571420,0.000000,0.000000,0.000000,0.000000,0.000000,0.000000
1778249166.516389,0.642688,0.411324,0.963887,0.0000,0.0000,0.0000,0.000000,0.140000,0.000000,0.000000,0.000000,0.000000,0.642708,0.411316,0.963886,0.000151,-0.000062,-0.000005,0.006846,41.706068,41.043172,-3.004183,1.995062,-1.571419,0.000000,0.000000,0.000000,0.000000,0.000000,0.000000
1778249166.526169,0.642685,0.411328,0.963889,0.0000,0.0000,0.0000,0.000000,0.140000,0.000000,0.000000,0.000000,0.000000,0.642708,0.411316,0.963886,0.000176,-0.000087,-0.000024,0.006842,41.705520,41.041306,-3.004183,1.995063,-1.571419,0.000000,0.000000,0.000000,0.000000,0.000000,0.000000
1778249166.536367,0.642685,0.411331,0.963888,0.0000,0.0000,0.0000,0.000000,0.140000,0.000000,0.000000,0.000000,0.000000,0.642708,0.411316,0.963886,0.000172,-0.000110,-0.000016,0.006839,41.716755,41.051677,-3.004183,1.995063,-1.571419,0.000000,0.000000,0.000000,0.000000,0.000000,0.000000
1778249166.546077,0.642687,0.411332,0.963887,0.0000,0.0000,0.0000,0.000000,0.140000,0.000000,0.000000,0.000000,0.000000,0.642708,0.411316,0.963886,0.000161,-0.000118,-0.000009,0.006836,41.710038,41.045262,-3.004183,1.995063,-1.571419,0.000000,0.000000,0.000000,0.000000,0.000000,0.000000
1778249166.556408,0.642687,0.411334,0.963885,0.0000,0.0000,0.0000,0.000000,0.140000,0.000000,0.000000,0.000000,0.000000,0.642708,0.411316,0.963886,0.000161,-0.000131,0.000005,0.006833,41.709247,41.043927,-3.004183,1.995060,-1.571421,0.000000,0.000000,0.000000,0.000000,0.000000,0.000000
1778249166.566263,0.642685,0.411335,0.963886,0.0000,0.0000,0.0000,0.000000,0.140000,0.000000,0.000000,0.000000,0.000000,0.642708,0.411316,0.963886,0.000174,-0.000143,0.000001,0.006830,41.707695,41.044935,-3.004183,1.995062,-1.571420,0.000000,0.000000,0.000000,0.000000,0.000000,0.000000
1778249166.576020,0.642687,0.411335,0.963886,0.0000,0.0000,0.0000,0.000000,0.140000,0.000000,0.000000,0.000000,0.000000,0.642708,0.411316,0.963886,0.000158,-0.000144,-0.000003,0.006826,41.727147,41.061725,-3.004183,1.995065,-1.571418,0.000000,0.000000,0.000000,0.000000,0.000000,0.000000
1778249166.586459,0.642685,0.411336,0.963887,0.0000,0.0000,0.0000,0.000000,0.140000,0.000000,0.000000,0.000000,0.000000,0.642708,0.411316,0.963886,0.000173,-0.000152,-0.000005,0.006823,41.677491,41.013778,-3.004183,1.995062,-1.571421,0.000000,0.000000,0.000000,0.000000,0.000000,0.000000
1778249166.596830,0.642680,0.411332,0.963889,0.0000,0.0000,0.0000,0.000000,0.140000,0.000000,0.000000,0.000000,0.000000,0.642708,0.411316,0.963886,0.000173,-0.000152,-0.000005,0.006823,41.677491,41.013778,-3.004183,1.995059,-1.571418,0.000000,0.000000,0.000000,0.000000,0.000000,0.000000
1778249166.606096,0.642683,0.411329,0.963891,0.0000,0.0000,0.0000,0.000000,0.140000,0.000000,0.000000,0.000000,0.000000,0.642708,0.411316,0.963886,0.000188,-0.000098,-0.000039,0.006817,41.720292,41.053539,-3.004183,1.995064,-1.571418,0.000000,0.000000,0.000000,0.000000,0.000000,0.000000
1778249166.616313,0.642685,0.411332,0.963887,0.0000,0.0000,0.0000,0.000000,0.140000,0.000000,0.000000,0.000000,0.000000,0.642708,0.411316,0.963886,0.000172,-0.000121,-0.000004,0.006814,41.681107,41.014854,-3.004183,1.995061,-1.571420,0.000000,0.000000,0.000000,0.000000,0.000000,0.000000
1778249166.625952,0.642686,0.411334,0.963885,0.0000,0.0000,0.0000,0.000000,0.140000,0.000000,0.000000,0.000000,0.000000,0.642708,0.411316,0.963886,0.000172,-0.000121,-0.000004,0.006814,41.681107,41.014854,-3.004183,1.995059,-1.571421,0.000000,0.000000,0.000000,0.000000,0.000000,0.000000
1778249166.636480,0.642689,0.411333,0.963886,0.0000,0.0000,0.0000,0.000000,0.140000,0.000000,0.000000,0.000000,0.000000,0.642708,0.411316,0.963886,0.000145,-0.000125,-0.000000,0.006807,41.707780,41.040855,-3.004183,1.995065,-1.571419,0.000000,0.000000,0.000000,0.000000,0.000000,0.000000
1778249166.646169,0.642688,0.411334,0.963884,0.0000,0.0000,0.0000,0.000000,0.140000,0.000000,0.000000,0.000000,0.000000,0.642708,0.411316,0.963886,0.000154,-0.000136,0.000015,0.006804,41.682812,41.018111,-3.004183,1.995061,-1.571419,0.000000,0.000000,0.000000,0.000000,0.000000,0.000000
1778249166.656336,0.642689,0.411333,0.963885,0.0000,0.0000,0.0000,0.000000,0.140000,0.000000,0.000000,0.000000,0.000000,0.642708,0.411316,0.963886,0.000143,-0.000125,0.000004,0.006800,41.716142,41.051545,-3.004183,1.995062,-1.571418,0.000000,0.000000,0.000000,0.000000,0.000000,0.000000
1778249166.666196,0.642689,0.411334,0.963885,0.0000,0.0000,0.0000,0.000000,0.140000,0.000000,0.000000,0.000000,0.000000,0.642708,0.411316,0.963886,0.000146,-0.000137,0.000008,0.006797,41.684628,41.020927,-3.004183,1.995062,-1.571422,0.000000,0.000000,0.000000,0.000000,0.000000,0.000000
1778249166.676016,0.642689,0.411332,0.963883,0.0000,0.0000,0.0000,0.000000,0.140000,0.000000,0.000000,0.000000,0.000000,0.642708,0.411316,0.963886,0.000147,-0.000119,0.000020,0.006793,41.731626,41.069297,-3.004184,1.995061,-1.571420,0.000000,0.000000,0.000000,0.000000,0.000000,0.000000
1778249166.685793,0.642690,0.411331,0.963885,0.0000,0.0000,0.0000,0.000000,0.140000,0.000000,0.000000,0.000000,0.000000,0.642708,0.411316,0.963886,0.000141,-0.000110,0.000006,0.006790,41.693784,41.028321,-3.004183,1.995064,-1.571417,0.000000,0.000000,0.000000,0.000000,0.000000,0.000000
1778249166.695716,0.642690,0.411334,0.963881,0.0000,0.0000,0.0000,0.000000,0.140000,0.000000,0.000000,0.000000,0.000000,0.642708,0.411316,0.963886,0.000138,-0.000132,0.000040,0.006786,41.718941,41.054397,-3.004183,1.995060,-1.571419,0.000000,0.000000,0.000000,0.000000,0.000000,0.000000
1778249166.705694,0.642692,0.411334,0.963879,0.0000,0.0000,0.0000,0.000000,0.140000,0.000000,0.000000,0.000000,0.000000,0.642708,0.411316,0.963886,0.000124,-0.000131,0.000049,0.006783,41.735713,41.072502,-3.004184,1.995063,-1.571418,0.000000,0.000000,0.000000,0.000000,0.000000,0.000000
1778249166.715693,0.642685,0.411334,0.963883,0.0000,0.0000,0.0000,0.000000,0.140000,0.000000,0.000000,0.000000,0.000000,0.642708,0.411316,0.963886,0.000174,-0.000136,0.000025,0.006780,41.659464,40.995579,-3.004184,1.995061,-1.571420,0.000000,0.000000,0.000000,0.000000,0.000000,0.000000
1778249166.725941,0.642688,0.411333,0.963881,0.0000,0.0000,0.0000,0.000000,0.140000,0.000000,0.000000,0.000000,0.000000,0.642708,0.411316,0.963886,0.000150,-0.000125,0.000039,0.006777,41.748137,41.083486,-3.004184,1.995062,-1.571421,0.000000,0.000000,0.000000,0.000000,0.000000,0.000000
1778249166.735847,0.642695,0.411332,0.963879,0.0000,0.0000,0.0000,0.000000,0.140000,0.000000,0.000000,0.000000,0.000000,0.642708,0.411316,0.963886,0.000103,-0.000116,0.000055,0.006773,41.762592,41.097021,-3.004183,1.995066,-1.571417,0.000000,0.000000,0.000000,0.000000,0.000000,0.000000
1778249166.745661,0.642690,0.411336,0.963876,0.0000,0.0000,0.0000,0.000000,0.140000,0.000000,0.000000,0.000000,0.000000,0.642708,0.411316,0.963886,0.000138,-0.000149,0.000072,0.006770,41.680696,41.016738,-3.004184,1.995057,-1.571420,0.000000,0.000000,0.000000,0.000000,0.000000,0.000000
1778249166.755706,0.642695,0.411335,0.963879,0.0000,0.0000,0.0000,0.000000,0.140000,0.000000,0.000000,0.000000,0.000000,0.642708,0.411316,0.963886,0.000102,-0.000144,0.000055,0.006766,41.746967,41.081746,-3.004184,1.995067,-1.571417,0.000000,0.000000,0.000000,0.000000,0.000000,0.000000
1778249166.765788,0.642696,0.411333,0.963876,0.0000,0.0000,0.0000,0.000000,0.140000,0.000000,0.000000,0.000000,0.000000,0.642708,0.411316,0.963886,0.000092,-0.000128,0.000076,0.006763,41.687678,41.023020,-3.004184,1.995060,-1.571418,0.000000,0.000000,0.000000,0.000000,0.000000,0.000000
1778249166.775850,0.642698,0.411331,0.963879,0.0000,0.0000,0.0000,0.000000,0.140000,0.000000,0.000000,0.000000,0.000000,0.642708,0.411316,0.963886,0.000078,-0.000109,0.000050,0.006759,41.724828,41.060691,-3.004184,1.995065,-1.571421,0.000000,0.000000,0.000000,0.000000,0.000000,0.000000
1778249166.785905,0.642695,0.411327,0.963880,0.0000,0.0000,0.0000,0.000000,0.140000,0.000000,0.000000,0.000000,0.000000,0.642708,0.411316,0.963886,0.000098,-0.000084,0.000041,0.006755,41.678516,41.015975,-3.004184,1.995060,-1.571420,0.000000,0.000000,0.000000,0.000000,0.000000,0.000000
1778249166.796185,0.642694,0.411331,0.963881,0.0000,0.0000,0.0000,0.000000,0.140000,0.000000,0.000000,0.000000,0.000000,0.642708,0.411316,0.963886,0.000106,-0.000114,0.000040,0.006752,41.737010,41.073688,-3.004184,1.995065,-1.571420,0.000000,0.000000,0.000000,0.000000,0.000000,0.000000
1778249166.806104,0.642689,0.411333,0.963882,0.0000,0.0000,0.0000,0.000000,0.140000,0.000000,0.000000,0.000000,0.000000,0.642708,0.411316,0.963886,0.000147,-0.000128,0.000030,0.006749,41.670104,41.005534,-3.004184,1.995061,-1.571422,0.000000,0.000000,0.000000,0.000000,0.000000,0.000000
1778249166.816056,0.642692,0.411331,0.963881,0.0000,0.0000,0.0000,0.000000,0.140000,0.000000,0.000000,0.000000,0.000000,0.642708,0.411316,0.963886,0.000147,-0.000128,0.000030,0.006749,41.670104,41.005534,-3.004184,1.995060,-1.571421,0.000000,0.000000,0.000000,0.000000,0.000000,0.000000
1778249166.826020,0.642698,0.411332,0.963878,0.0000,0.0000,0.0000,0.000000,0.140000,0.000000,0.000000,0.000000,0.000000,0.642708,0.411316,0.963886,0.000074,-0.000116,0.000057,0.006742,41.766407,41.100209,-3.004184,1.995065,-1.571420,0.000000,0.000000,0.000000,0.000000,0.000000,0.000000
1778249166.835973,0.642697,0.411330,0.963877,0.0000,0.0000,0.0000,0.000000,0.140000,0.000000,0.000000,0.000000,0.000000,0.642708,0.411316,0.963886,0.000084,-0.000107,0.000066,0.006739,41.677666,41.013437,-3.004184,1.995059,-1.571422,0.000000,0.000000,0.000000,0.000000,0.000000,0.000000
1778249166.845923,0.642696,0.411332,0.963879,0.0000,0.0000,0.0000,0.000000,0.140000,0.000000,0.000000,0.000000,0.000000,0.642708,0.411316,0.963886,0.000091,-0.000118,0.000053,0.006735,41.725222,41.062015,-3.004184,1.995065,-1.571420,0.000000,0.000000,0.000000,0.000000,0.000000,0.000000
1778249166.855987,0.642695,0.411331,0.963881,0.0000,0.0000,0.0000,0.000000,0.140000,0.000000,0.000000,0.000000,0.000000,0.642708,0.411316,0.963886,0.000102,-0.000115,0.000041,0.006732,41.679156,41.013750,-3.004184,1.995061,-1.571421,0.000000,0.000000,0.000000,0.000000,0.000000,0.000000
1778249166.865797,0.642694,0.411331,0.963879,0.0000,0.0000,0.0000,0.000000,0.140000,0.000000,0.000000,0.000000,0.000000,0.642708,0.411316,0.963886,0.000107,-0.000111,0.000049,0.006729,41.741220,41.078063,-3.004184,1.995062,-1.571419,0.000000,0.000000,0.000000,0.000000,0.000000,0.000000
1778249166.875880,0.642695,0.411330,0.963882,0.0000,0.0000,0.0000,0.000000,0.140000,0.000000,0.000000,0.000000,0.000000,0.642708,0.411316,0.963886,0.000100,-0.000103,0.000030,0.006725,41.701761,41.036519,-3.004184,1.995063,-1.571420,0.000000,0.000000,0.000000,0.000000,0.000000,0.000000
1778249166.885941,0.642698,0.411329,0.963880,0.0000,0.0000,0.0000,0.000000,0.140000,0.000000,0.000000,0.000000,0.000000,0.642708,0.411316,0.963886,0.000080,-0.000097,0.000045,0.006722,41.757888,41.093427,-3.004184,1.995064,-1.571420,0.000000,0.000000,0.000000,0.000000,0.000000,0.000000
1778249166.895977,0.642698,0.411329,0.963881,0.0000,0.0000,0.0000,0.000000,0.140000,0.000000,0.000000,0.000000,0.000000,0.642708,0.411316,0.963886,0.000074,-0.000097,0.000040,0.006719,41.678403,41.013644,-3.004184,1.995062,-1.571420,0.000000,0.000000,0.000000,0.000000,0.000000,0.000000
1778249166.906055,0.642695,0.411330,0.963879,0.0000,0.0000,0.0000,0.000000,0.140000,0.000000,0.000000,0.000000,0.000000,0.642708,0.411316,0.963886,0.000096,-0.000101,0.000055,0.006716,41.720670,41.056600,-3.004184,1.995060,-1.571421,0.000000,0.000000,0.000000,0.000000,0.000000,0.000000
1778249166.915956,0.642697,0.411333,0.963878,0.0000,0.0000,0.0000,0.000000,0.140000,0.000000,0.000000,0.000000,0.000000,0.642708,0.411316,0.963886,0.000087,-0.000125,0.000056,0.006712,41.758802,41.094793,-3.004184,1.995065,-1.571423,0.000000,0.000000,0.000000,0.000000,0.000000,0.000000
1778249166.926103,0.642697,0.411330,0.963882,0.0000,0.0000,0.0000,0.000000,0.140000,0.000000,0.000000,0.000000,0.000000,0.642708,0.411316,0.963886,0.000085,-0.000106,0.000030,0.006709,41.663457,40.997842,-3.004185,1.995062,-1.571421,0.000000,0.000000,0.000000,0.000000,0.000000,0.000000
1778249166.936021,0.642695,0.411329,0.963881,0.0000,0.0000,0.0000,0.000000,0.140000,0.000000,0.000000,0.000000,0.000000,0.642708,0.411316,0.963886,0.000098,-0.000096,0.000038,0.006706,41.699081,41.036855,-3.004185,1.995060,-1.571421,0.000000,0.000000,0.000000,0.000000,0.000000,0.000000
1778249166.945932,0.642695,0.411328,0.963883,0.0000,0.0000,0.0000,0.000000,0.140000,0.000000,0.000000,0.000000,0.000000,0.642708,0.411316,0.963886,0.000100,-0.000092,0.000025,0.006703,41.765502,41.102634,-3.004185,1.995065,-1.571420,0.000000,0.000000,0.000000,0.000000,0.000000,0.000000
1778249166.955891,0.642697,0.411331,0.963882,0.0000,0.0000,0.0000,0.000000,0.140000,0.000000,0.000000,0.000000,0.000000,0.642708,0.411316,0.963886,0.000088,-0.000109,0.000030,0.006699,41.704088,41.037233,-3.004184,1.995061,-1.571420,0.000000,0.000000,0.000000,0.000000,0.000000,0.000000
1778249166.965925,0.642700,0.411333,0.963880,0.0000,0.0000,0.0000,0.000000,0.140000,0.000000,0.000000,0.000000,0.000000,0.642708,0.411316,0.963886,0.000061,-0.000128,0.000045,0.006696,41.725953,41.059830,-3.004184,1.995061,-1.571420,0.000000,0.000000,0.000000,0.000000,0.000000,0.000000
1778249166.975882,0.642705,0.411333,0.963878,0.0000,0.0000,0.0000,0.000000,0.140000,0.000000,0.000000,0.000000,0.000000,0.642708,0.411316,0.963886,0.000023,-0.000124,0.000057,0.006693,41.746342,41.081074,-3.004185,1.995064,-1.571419,0.000000,0.000000,0.000000,0.000000,0.000000,0.000000
1778249166.986137,0.642704,0.411330,0.963881,0.0000,0.0000,0.0000,0.000000,0.140000,0.000000,0.000000,0.000000,0.000000,0.642708,0.411316,0.963886,0.000036,-0.000107,0.000041,0.006690,41.683739,41.021116,-3.004185,1.995061,-1.571419,0.000000,0.000000,0.000000,0.000000,0.000000,0.000000
1778249166.996042,0.642702,0.411329,0.963885,0.0000,0.0000,0.0000,0.000000,0.140000,0.000000,0.000000,0.000000,0.000000,0.642708,0.411316,0.963886,0.000047,-0.000095,0.000008,0.006686,41.687338,41.023502,-3.004185,1.995063,-1.571420,0.000000,0.000000,0.000000,0.000000,0.000000,0.000000
1778249167.006019,0.642702,0.411327,0.963886,0.0000,0.0000,0.0000,0.000000,0.140000,0.000000,0.000000,0.000000,0.000000,0.642708,0.411316,0.963886,0.000046,-0.000081,0.000003,0.006683,41.707275,41.043201,-3.004184,1.995062,-1.571419,0.000000,0.000000,0.000000,0.000000,0.000000,0.000000
1778249167.016310,0.642700,0.411331,0.963885,0.0000,0.0000,0.0000,0.000000,0.140000,0.000000,0.000000,0.000000,0.000000,0.642708,0.411316,0.963886,0.000064,-0.000110,0.000009,0.006680,41.711456,41.044749,-3.004184,1.995060,-1.571420,0.000000,0.000000,0.000000,0.000000,0.000000,0.000000
1778249167.026139,0.642701,0.411335,0.963882,0.0000,0.0000,0.0000,0.000000,0.140000,0.000000,0.000000,0.000000,0.000000,0.642708,0.411316,0.963886,0.000054,-0.000142,0.000030,0.006677,41.691592,41.026651,-3.004185,1.995061,-1.571423,0.000000,0.000000,0.000000,0.000000,0.000000,0.000000
1778249167.036050,0.642699,0.411331,0.963883,0.0000,0.0000,0.0000,0.000000,0.140000,0.000000,0.000000,0.000000,0.000000,0.642708,0.411316,0.963886,0.000071,-0.000113,0.000021,0.006673,41.731753,41.070177,-3.004185,1.995062,-1.571420,0.000000,0.000000,0.000000,0.000000,0.000000,0.000000
1778249167.045936,0.642702,0.411328,0.963886,0.0000,0.0000,0.0000,0.000000,0.140000,0.000000,0.000000,0.000000,0.000000,0.642708,0.411316,0.963886,0.000051,-0.000092,0.000003,0.006670,41.721904,41.056765,-3.004185,1.995066,-1.571419,0.000000,0.000000,0.000000,0.000000,0.000000,0.000000
1778249167.055891,0.642697,0.411330,0.963885,0.0000,0.0000,0.0000,0.000000,0.140000,0.000000,0.000000,0.000000,0.000000,0.642708,0.411316,0.963886,0.000084,-0.000105,0.000007,0.006667,41.665728,41.001753,-3.004185,1.995060,-1.571423,0.000000,0.000000,0.000000,0.000000,0.000000,0.000000
1778249167.066144,0.642693,0.411331,0.963887,0.0000,0.0000,0.0000,0.000000,0.140000,0.000000,0.000000,0.000000,0.000000,0.642708,0.411316,0.963886,0.000117,-0.000114,-0.000005,0.006664,41.728919,41.066743,-3.004185,1.995059,-1.571421,0.000000,0.000000,0.000000,0.000000,0.000000,0.000000
1778249167.077012,0.642696,0.411331,0.963886,0.0000,0.0000,0.0000,0.000000,0.140000,0.000000,0.000000,0.000000,0.000000,0.642708,0.411316,0.963886,0.000090,-0.000111,0.000001,0.006661,41.746806,41.081025,-3.004185,1.995063,-1.571421,0.000000,0.000000,0.000000,0.000000,0.000000,0.000000
1778249167.086715,0.642697,0.411329,0.963887,0.0000,0.0000,0.0000,0.000000,0.140000,0.000000,0.000000,0.000000,0.000000,0.642708,0.411316,0.963886,0.000090,-0.000111,0.000001,0.006661,41.746806,41.081025,-3.004185,1.995062,-1.571422,0.000000,0.000000,0.000000,0.000000,0.000000,0.000000
1778249167.097493,0.642696,0.411336,0.963885,0.0000,0.0000,0.0000,0.000000,0.140000,0.000000,0.000000,0.000000,0.000000,0.642708,0.411316,0.963886,0.000083,-0.000096,-0.000005,0.006658,41.690199,41.026074,-3.004185,1.995064,-1.571424,0.000000,0.000000,0.000000,0.000000,0.000000,0.000000
1778249167.106888,0.642697,0.411334,0.963883,0.0000,0.0000,0.0000,0.000000,0.140000,0.000000,0.000000,0.000000,0.000000,0.642708,0.411316,0.963886,0.000087,-0.000135,0.000023,0.006652,41.713411,41.049635,-3.004185,1.995061,-1.571420,0.000000,0.000000,0.000000,0.000000,0.000000,0.000000
1778249167.115805,0.642696,0.411333,0.963885,0.0000,0.0000,0.0000,0.000000,0.140000,0.000000,0.000000,0.000000,0.000000,0.642708,0.411316,0.963886,0.000095,-0.000126,0.000005,0.006648,41.690311,41.026271,-3.004185,1.995062,-1.571421,0.000000,0.000000,0.000000,0.000000,0.000000,0.000000
1778249167.125672,0.642693,0.411333,0.963885,0.0000,0.0000,0.0000,0.000000,0.140000,0.000000,0.000000,0.000000,0.000000,0.642708,0.411316,0.963886,0.000118,-0.000123,0.000005,0.006645,41.710352,41.047566,-3.004185,1.995059,-1.571420,0.000000,0.000000,0.000000,0.000000,0.000000,0.000000
1778249167.136164,0.642693,0.411335,0.963885,0.0000,0.0000,0.0000,0.000000,0.140000,0.000000,0.000000,0.000000,0.000000,0.642708,0.411316,0.963886,0.000118,-0.000142,0.000004,0.006642,41.764396,41.100339,-3.004185,1.995063,-1.571420,0.000000,0.000000,0.000000,0.000000,0.000000,0.000000
1778249167.146132,0.642689,0.411338,0.963886,0.0000,0.0000,0.0000,0.000000,0.140000,0.000000,0.000000,0.000000,0.000000,0.642708,0.411316,0.963886,0.000147,-0.000164,0.000000,0.006639,41.661462,40.997182,-3.004185,1.995063,-1.571421,0.000000,0.000000,0.000000,0.000000,0.000000,0.000000
1778249167.156173,0.642689,0.411338,0.963884,0.0000,0.0000,0.0000,0.000000,0.140000,0.000000,0.000000,0.000000,0.000000,0.642708,0.411316,0.963886,0.000143,-0.000167,0.000018,0.006637,41.712089,41.046401,-3.004185,1.995060,-1.571423,0.000000,0.000000,0.000000,0.000000,0.000000,0.000000
1778249167.166266,0.642696,0.411337,0.963882,0.0000,0.0000,0.0000,0.000000,0.140000,0.000000,0.000000,0.000000,0.000000,0.642708,0.411316,0.963886,0.000143,-0.000167,0.000018,0.006637,41.712089,41.046401,-3.004185,1.995063,-1.571421,0.000000,0.000000,0.000000,0.000000,0.000000,0.000000
1778249167.176147,0.642697,0.411334,0.963881,0.0000,0.0000,0.0000,0.000000,0.140000,0.000000,0.000000,0.000000,0.000000,0.642708,0.411316,0.963886,0.000082,-0.000134,0.000035,0.006630,41.701470,41.036998,-3.004185,1.995062,-1.571419,0.000000,0.000000,0.000000,0.000000,0.000000,0.000000
1778249167.186057,0.642695,0.411335,0.963881,0.0000,0.0000,0.0000,0.000000,0.140000,0.000000,0.000000,0.000000,0.000000,0.642708,0.411316,0.963886,0.000097,-0.000142,0.000036,0.006627,41.712411,41.049046,-3.004185,1.995062,-1.571419,0.000000,0.000000,0.000000,0.000000,0.000000,0.000000
1778249167.196188,0.642694,0.411336,0.963880,0.0000,0.0000,0.0000,0.000000,0.140000,0.000000,0.000000,0.000000,0.000000,0.642708,0.411316,0.963886,0.000111,-0.000152,0.000046,0.006624,41.728818,41.063618,-3.004185,1.995061,-1.571422,0.000000,0.000000,0.000000,0.000000,0.000000,0.000000
1778249167.206043,0.642696,0.411335,0.963881,0.0000,0.0000,0.0000,0.000000,0.140000,0.000000,0.000000,0.000000,0.000000,0.642708,0.411316,0.963886,0.000094,-0.000141,0.000039,0.006621,41.694205,41.028754,-3.004185,1.995063,-1.571420,0.000000,0.000000,0.000000,0.000000,0.000000,0.000000
1778249167.215973,0.642692,0.411337,0.963879,0.0000,0.0000,0.0000,0.000000,0.140000,0.000000,0.000000,0.000000,0.000000,0.642708,0.411316,0.963886,0.000123,-0.000154,0.000055,0.006618,41.708874,41.045798,-3.004185,1.995061,-1.571421,0.000000,0.000000,0.000000,0.000000,0.000000,0.000000
1778249167.225939,0.642693,0.411337,0.963880,0.0000,0.0000,0.0000,0.000000,0.140000,0.000000,0.000000,0.000000,0.000000,0.642708,0.411316,0.963886,0.000115,-0.000153,0.000048,0.006615,41.729196,41.064360,-3.004185,1.995064,-1.571418,0.000000,0.000000,0.000000,0.000000,0.000000,0.000000
1778249167.235918,0.642690,0.411339,0.963878,0.0000,0.0000,0.0000,0.000000,0.140000,0.000000,0.000000,0.000000,0.000000,0.642708,0.411316,0.963886,0.000140,-0.000172,0.000056,0.006612,41.689946,41.025792,-3.004185,1.995061,-1.571421,0.000000,0.000000,0.000000,0.000000,0.000000,0.000000
1778249167.245932,0.642690,0.411341,0.963878,0.0000,0.0000,0.0000,0.000000,0.140000,0.000000,0.000000,0.000000,0.000000,0.642708,0.411316,0.963886,0.000140,-0.000184,0.000059,0.006609,41.728284,41.064795,-3.004186,1.995064,-1.571420,0.000000,0.000000,0.000000,0.000000,0.000000,0.000000
1778249167.255995,0.642686,0.411338,0.963881,0.0000,0.0000,0.0000,0.000000,0.140000,0.000000,0.000000,0.000000,0.000000,0.642708,0.411316,0.963886,0.000168,-0.000161,0.000038,0.006606,41.684996,41.022773,-3.004186,1.995062,-1.571423,0.000000,0.000000,0.000000,0.000000,0.000000,0.000000
1778249167.265985,0.642686,0.411334,0.963883,0.0000,0.0000,0.0000,0.000000,0.140000,0.000000,0.000000,0.000000,0.000000,0.642708,0.411316,0.963886,0.000171,-0.000134,0.000020,0.006603,41.704661,41.040032,-3.004186,1.995062,-1.571420,0.000000,0.000000,0.000000,0.000000,0.000000,0.000000
1778249167.275991,0.642688,0.411333,0.963882,0.0000,0.0000,0.0000,0.000000,0.140000,0.000000,0.000000,0.000000,0.000000,0.642708,0.411316,0.963886,0.000171,-0.000134,0.000020,0.006603,41.704661,41.040032,-3.004186,1.995062,-1.571420,0.000000,0.000000,0.000000,0.000000,0.000000,0.000000
1778249167.286176,0.642689,0.411333,0.963881,0.0000,0.0000,0.0000,0.000000,0.140000,0.000000,0.000000,0.000000,0.000000,0.642708,0.411316,0.963886,0.000144,-0.000125,0.000038,0.006596,41.682667,41.017419,-3.004186,1.995063,-1.571418,0.000000,0.000000,0.000000,0.000000,0.000000,0.000000
1778249167.296312,0.642687,0.411341,0.963875,0.0000,0.0000,0.0000,0.000000,0.140000,0.000000,0.000000,0.000000,0.000000,0.642708,0.411316,0.963886,0.000157,-0.000186,0.000080,0.006594,41.787265,41.123399,-3.004186,1.995060,-1.571422,0.000000,0.000000,0.000000,0.000000,0.000000,0.000000
1778249167.305913,0.642692,0.411344,0.963874,0.0000,0.0000,0.0000,0.000000,0.140000,0.000000,0.000000,0.000000,0.000000,0.642708,0.411316,0.963886,0.000124,-0.000208,0.000087,0.006591,41.709567,41.042449,-3.004186,1.995066,-1.571421,0.000000,0.000000,0.000000,0.000000,0.000000,0.000000
1778249167.315626,0.642689,0.411344,0.963873,0.0000,0.0000,0.0000,0.000000,0.140000,0.000000,0.000000,0.000000,0.000000,0.642708,0.411316,0.963886,0.000148,-0.000212,0.000099,0.006588,41.663565,41.000458,-3.004186,1.995060,-1.571423,0.000000,0.000000,0.000000,0.000000,0.000000,0.000000
1778249167.325712,0.642688,0.411341,0.963874,0.0000,0.0000,0.0000,0.000000,0.140000,0.000000,0.000000,0.000000,0.000000,0.642708,0.411316,0.963886,0.000152,-0.000186,0.000088,0.006585,41.722697,41.059931,-3.004186,1.995060,-1.571421,0.000000,0.000000,0.000000,0.000000,0.000000,0.000000
1778249167.335803,0.642688,0.411340,0.963877,0.0000,0.0000,0.0000,0.000000,0.140000,0.000000,0.000000,0.000000,0.000000,0.642708,0.411316,0.963886,0.000156,-0.000180,0.000067,0.006582,41.733518,41.070262,-3.004186,1.995063,-1.571421,0.000000,0.000000,0.000000,0.000000,0.000000,0.000000
1778249167.345963,0.642688,0.411341,0.963878,0.0000,0.0000,0.0000,0.000000,0.140000,0.000000,0.000000,0.000000,0.000000,0.642708,0.411316,0.963886,0.000155,-0.000187,0.000062,0.006578,41.697886,41.032338,-3.004186,1.995062,-1.571421,0.000000,0.000000,0.000000,0.000000,0.000000,0.000000
1778249167.356102,0.642690,0.411342,0.963874,0.0000,0.0000,0.0000,0.000000,0.140000,0.000000,0.000000,0.000000,0.000000,0.642708,0.411316,0.963886,0.000138,-0.000192,0.000091,0.006575,41.705295,41.039958,-3.004186,1.995059,-1.571421,0.000000,0.000000,0.000000,0.000000,0.000000,0.000000
1778249167.366091,0.642693,0.411339,0.963874,0.0000,0.0000,0.0000,0.000000,0.140000,0.000000,0.000000,0.000000,0.000000,0.642708,0.411316,0.963886,0.000115,-0.000173,0.000091,0.006572,41.743095,41.079805,-3.004187,1.995065,-1.571422,0.000000,0.000000,0.000000,0.000000,0.000000,0.000000
1778249167.376102,0.642694,0.411341,0.963870,0.0000,0.0000,0.0000,0.000000,0.140000,0.000000,0.000000,0.000000,0.000000,0.642708,0.411316,0.963886,0.000104,-0.000188,0.000121,0.006568,41.747067,41.080039,-3.004186,1.995062,-1.571419,0.000000,0.000000,0.000000,0.000000,0.000000,0.000000
1778249167.386158,0.642700,0.411343,0.963866,0.0000,0.0000,0.0000,0.000000,0.140000,0.000000,0.000000,0.000000,0.000000,0.642708,0.411316,0.963886,0.000063,-0.000204,0.000150,0.006565,41.751435,41.084969,-3.004187,1.995063,-1.571419,0.000000,0.000000,0.000000,0.000000,0.000000,0.000000
1778249167.395809,0.642700,0.411341,0.963868,0.0000,0.0000,0.0000,0.000000,0.140000,0.000000,0.000000,0.000000,0.000000,0.642708,0.411316,0.963886,0.000064,-0.000190,0.000131,0.006561,41.677189,41.012831,-3.004187,1.995062,-1.571420,0.000000,0.000000,0.000000,0.000000,0.000000,0.000000
1778249167.405746,0.642696,0.411338,0.963870,0.0000,0.0000,0.0000,0.000000,0.140000,0.000000,0.000000,0.000000,0.000000,0.642708,0.411316,0.963886,0.000095,-0.000161,0.000119,0.006558,41.710259,41.047576,-3.004187,1.995060,-1.571420,0.000000,0.000000,0.000000,0.000000,0.000000,0.000000
1778249167.415791,0.642691,0.411337,0.963873,0.0000,0.0000,0.0000,0.000000,0.140000,0.000000,0.000000,0.000000,0.000000,0.642708,0.411316,0.963886,0.000131,-0.000154,0.000097,0.006554,41.738858,41.077172,-3.004187,1.995062,-1.571423,0.000000,0.000000,0.000000,0.000000,0.000000,0.000000
1778249167.426317,0.642695,0.411332,0.963876,0.0000,0.0000,0.0000,0.000000,0.140000,0.000000,0.000000,0.000000,0.000000,0.642708,0.411316,0.963886,0.000101,-0.000121,0.000073,0.006550,41.713996,41.046970,-3.004187,1.995064,-1.571420,0.000000,0.000000,0.000000,0.000000,0.000000,0.000000
1778249167.436117,0.642694,0.411332,0.963877,0.0000,0.0000,0.0000,0.000000,0.140000,0.000000,0.000000,0.000000,0.000000,0.642708,0.411316,0.963886,0.000109,-0.000116,0.000067,0.006547,41.668353,41.005546,-3.004187,1.995062,-1.571419,0.000000,0.000000,0.000000,0.000000,0.000000,0.000000
1778249167.446004,0.642693,0.411327,0.963881,0.0000,0.0000,0.0000,0.000000,0.140000,0.000000,0.000000,0.000000,0.000000,0.642708,0.411316,0.963886,0.000115,-0.000085,0.000040,0.006543,41.700444,41.035920,-3.004187,1.995062,-1.571419,0.000000,0.000000,0.000000,0.000000,0.000000,0.000000
1778249167.455865,0.642693,0.411332,0.963879,0.0000,0.0000,0.0000,0.000000,0.140000,0.000000,0.000000,0.000000,0.000000,0.642708,0.411316,0.963886,0.000114,-0.000117,0.000049,0.006539,41.737245,41.071619,-3.004187,1.995062,-1.571420,0.000000,0.000000,0.000000,0.000000,0.000000,0.000000
1778249167.465953,0.642697,0.411333,0.963877,0.0000,0.0000,0.0000,0.000000,0.140000,0.000000,0.000000,0.000000,0.000000,0.642708,0.411316,0.963886,0.000085,-0.000130,0.000065,0.006536,41.717870,41.051341,-3.004187,1.995062,-1.571420,0.000000,0.000000,0.000000,0.000000,0.000000,0.000000
1778249167.476578,0.642697,0.411334,0.963875,0.0000,0.0000,0.0000,0.000000,0.140000,0.000000,0.000000,0.000000,0.000000,0.642708,0.411316,0.963886,0.000082,-0.000135,0.000081,0.006533,41.727142,41.063787,-3.004187,1.995061,-1.571420,0.000000,0.000000,0.000000,0.000000,0.000000,0.000000
1778249167.485832,0.642700,0.411330,0.963878,0.0000,0.0000,0.0000,0.000000,0.140000,0.000000,0.000000,0.000000,0.000000,0.642708,0.411316,0.963886,0.000063,-0.000106,0.000060,0.006529,41.678521,41.011961,-3.004187,1.995064,-1.571419,0.000000,0.000000,0.000000,0.000000,0.000000,0.000000
1778249167.496436,0.642694,0.411333,0.963873,0.0000,0.0000,0.0000,0.000000,0.140000,0.000000,0.000000,0.000000,0.000000,0.642708,0.411316,0.963886,0.000106,-0.000123,0.000096,0.006526,41.741090,41.079234,-3.004187,1.995059,-1.571421,0.000000,0.000000,0.000000,0.000000,0.000000,0.000000
1778249167.506107,0.642695,0.411333,0.963877,0.0000,0.0000,0.0000,0.000000,0.140000,0.000000,0.000000,0.000000,0.000000,0.642708,0.411316,0.963886,0.000103,-0.000123,0.000067,0.006523,41.715050,41.050606,-3.004187,1.995065,-1.571421,0.000000,0.000000,0.000000,0.000000,0.000000,0.000000
1778249167.515990,0.642696,0.411329,0.963878,0.0000,0.0000,0.0000,0.000000,0.140000,0.000000,0.000000,0.000000,0.000000,0.642708,0.411316,0.963886,0.000096,-0.000093,0.000061,0.006520,41.681220,41.015777,-3.004187,1.995061,-1.571419,0.000000,0.000000,0.000000,0.000000,0.000000,0.000000
1778249167.526095,0.642695,0.411330,0.963876,0.0000,0.0000,0.0000,0.000000,0.140000,0.000000,0.000000,0.000000,0.000000,0.642708,0.411316,0.963886,0.000096,-0.000093,0.000061,0.006520,41.681220,41.015777,-3.004187,1.995063,-1.571421,0.000000,0.000000,0.000000,0.000000,0.000000,0.000000
1778249167.535896,0.642696,0.411329,0.963877,0.0000,0.0000,0.0000,0.000000,0.140000,0.000000,0.000000,0.000000,0.000000,0.642708,0.411316,0.963886,0.000092,-0.000099,0.000065,0.006514,41.744063,41.078682,-3.004187,1.995065,-1.571421,0.000000,0.000000,0.000000,0.000000,0.000000,0.000000
1778249167.545955,0.642695,0.411327,0.963877,0.0000,0.0000,0.0000,0.000000,0.140000,0.000000,0.000000,0.000000,0.000000,0.642708,0.411316,0.963886,0.000102,-0.000081,0.000069,0.006510,41.676544,41.013541,-3.004188,1.995059,-1.571418,0.000000,0.000000,0.000000,0.000000,0.000000,0.000000
1778249167.555952,0.642695,0.411329,0.963878,0.0000,0.0000,0.0000,0.000000,0.140000,0.000000,0.000000,0.000000,0.000000,0.642708,0.411316,0.963886,0.000102,-0.000094,0.000056,0.006507,41.746871,41.083143,-3.004188,1.995066,-1.571420,0.000000,0.000000,0.000000,0.000000,0.000000,0.000000
1778249167.566214,0.642693,0.411331,0.963878,0.0000,0.0000,0.0000,0.000000,0.140000,0.000000,0.000000,0.000000,0.000000,0.642708,0.411316,0.963886,0.000116,-0.000111,0.000061,0.006504,41.685639,41.019621,-3.004188,1.995061,-1.571424,0.000000,0.000000,0.000000,0.000000,0.000000,0.000000
1778249167.575969,0.642696,0.411326,0.963878,0.0000,0.0000,0.0000,0.000000,0.140000,0.000000,0.000000,0.000000,0.000000,0.642708,0.411316,0.963886,0.000094,-0.000074,0.000058,0.006501,41.685994,41.021724,-3.004188,1.995060,-1.571420,0.000000,0.000000,0.000000,0.000000,0.000000,0.000000
1778249167.586062,0.642696,0.411326,0.963880,0.0000,0.0000,0.0000,0.000000,0.140000,0.000000,0.000000,0.000000,0.000000,0.642708,0.411316,0.963886,0.000095,-0.000071,0.000044,0.006497,41.728950,41.065998,-3.004188,1.995064,-1.571421,0.000000,0.000000,0.000000,0.000000,0.000000,0.000000
1778249167.596026,0.642697,0.411325,0.963880,0.0000,0.0000,0.0000,0.000000,0.140000,0.000000,0.000000,0.000000,0.000000,0.642708,0.411316,0.963886,0.000082,-0.000064,0.000043,0.006494,41.658639,40.992527,-3.004188,1.995061,-1.571419,0.000000,0.000000,0.000000,0.000000,0.000000,0.000000
1778249167.605991,0.642695,0.411325,0.963877,0.0000,0.0000,0.0000,0.000000,0.140000,0.000000,0.000000,0.000000,0.000000,0.642708,0.411316,0.963886,0.000098,-0.000063,0.000069,0.006491,41.744499,41.079621,-3.004188,1.995060,-1.571420,0.000000,0.000000,0.000000,0.000000,0.000000,0.000000
1778249167.616079,0.642698,0.411325,0.963876,0.0000,0.0000,0.0000,0.000000,0.140000,0.000000,0.000000,0.000000,0.000000,0.642708,0.411316,0.963886,0.000074,-0.000068,0.000077,0.006488,41.726816,41.062134,-3.004188,1.995063,-1.571420,0.000000,0.000000,0.000000,0.000000,0.000000,0.000000
1778249167.625965,0.642697,0.411323,0.963878,0.0000,0.0000,0.0000,0.000000,0.140000,0.000000,0.000000,0.000000,0.000000,0.642708,0.411316,0.963886,0.000086,-0.000053,0.000062,0.006485,41.694865,41.032080,-3.004188,1.995060,-1.571419,0.000000,0.000000,0.000000,0.000000,0.000000,0.000000
1778249167.636078,0.642691,0.411323,0.963882,0.0000,0.0000,0.0000,0.000000,0.140000,0.000000,0.000000,0.000000,0.000000,0.642708,0.411316,0.963886,0.000131,-0.000052,0.000027,0.006482,41.723899,41.062271,-3.004188,1.995063,-1.571424,0.000000,0.000000,0.000000,0.000000,0.000000,0.000000
1778249167.645898,0.642693,0.411323,0.963881,0.0000,0.0000,0.0000,0.000000,0.140000,0.000000,0.000000,0.000000,0.000000,0.642708,0.411316,0.963886,0.000112,-0.000048,0.000037,0.006478,41.742557,41.074529,-3.004188,1.995062,-1.571419,0.000000,0.000000,0.000000,0.000000,0.000000,0.000000
1778249167.656087,0.642695,0.411329,0.963875,0.0000,0.0000,0.0000,0.000000,0.140000,0.000000,0.000000,0.000000,0.000000,0.642708,0.411316,0.963886,0.000099,-0.000095,0.000080,0.006476,41.723335,41.057293,-3.004188,1.995059,-1.571421,0.000000,0.000000,0.000000,0.000000,0.000000,0.000000
1778249167.665823,0.642697,0.411329,0.963875,0.0000,0.0000,0.0000,0.000000,0.140000,0.000000,0.000000,0.000000,0.000000,0.642708,0.411316,0.963886,0.000083,-0.000094,0.000081,0.006472,41.736044,41.073240,-3.004188,1.995063,-1.571418,0.000000,0.000000,0.000000,0.000000,0.000000,0.000000
1778249167.675949,0.642698,0.411326,0.963879,0.0000,0.0000,0.0000,0.000000,0.140000,0.000000,0.000000,0.000000,0.000000,0.642708,0.411316,0.963886,0.000077,-0.000077,0.000052,0.006469,41.685805,41.021025,-3.004188,1.995064,-1.571419,0.000000,0.000000,0.000000,0.000000,0.000000,0.000000
1778249167.685795,0.642693,0.411328,0.963878,0.0000,0.0000,0.0000,0.000000,0.140000,0.000000,0.000000,0.000000,0.000000,0.642708,0.411316,0.963886,0.000118,-0.000086,0.000058,0.006466,41.705287,41.043516,-3.004189,1.995058,-1.571420,0.000000,0.000000,0.000000,0.000000,0.000000,0.000000
1778249167.695764,0.642695,0.411325,0.963881,0.0000,0.0000,0.0000,0.000000,0.140000,0.000000,0.000000,0.000000,0.000000,0.642708,0.411316,0.963886,0.000098,-0.000063,0.000038,0.006463,41.775373,41.112100,-3.004188,1.995067,-1.571421,0.000000,0.000000,0.000000,0.000000,0.000000,0.000000
1778249167.705877,0.642693,0.411322,0.963887,0.0000,0.0000,0.0000,0.000000,0.140000,0.000000,0.000000,0.000000,0.000000,0.642708,0.411316,0.963886,0.000116,-0.000041,-0.000007,0.006460,41.628425,40.964257,-3.004188,1.995062,-1.571420,0.000000,0.000000,0.000000,0.000000,0.000000,0.000000
1778249167.715893,0.642690,0.411323,0.963884,0.0000,0.0000,0.0000,0.000000,0.140000,0.000000,0.000000,0.000000,0.000000,0.642708,0.411316,0.963886,0.000137,-0.000050,0.000014,0.006457,41.759597,41.094827,-3.004188,1.995059,-1.571420,0.000000,0.000000,0.000000,0.000000,0.000000,0.000000
1778249167.725935,0.642694,0.411324,0.963884,0.0000,0.0000,0.0000,0.000000,0.140000,0.000000,0.000000,0.000000,0.000000,0.642708,0.411316,0.963886,0.000107,-0.000060,0.000014,0.006454,41.762275,41.098444,-3.004188,1.995064,-1.571419,0.000000,0.000000,0.000000,0.000000,0.000000,0.000000
1778249167.735983,0.642698,0.411326,0.963885,0.0000,0.0000,0.0000,0.000000,0.140000,0.000000,0.000000,0.000000,0.000000,0.642708,0.411316,0.963886,0.000078,-0.000078,0.000010,0.006451,41.655941,40.989081,-3.004189,1.995062,-1.571422,0.000000,0.000000,0.000000,0.000000,0.000000,0.000000
1778249167.745936,0.642697,0.411330,0.963880,0.0000,0.0000,0.0000,0.000000,0.140000,0.000000,0.000000,0.000000,0.000000,0.642708,0.411316,0.963886,0.000084,-0.000106,0.000045,0.006447,41.758681,41.096530,-3.004189,1.995062,-1.571423,0.000000,0.000000,0.000000,0.000000,0.000000,0.000000
1778249167.755994,0.642700,0.411331,0.963883,0.0000,0.0000,0.0000,0.000000,0.140000,0.000000,0.000000,0.000000,0.000000,0.642708,0.411316,0.963886,0.000065,-0.000112,0.000026,0.006444,41.718115,41.052735,-3.004189,1.995064,-1.571422,0.000000,0.000000,0.000000,0.000000,0.000000,0.000000
1778249167.765932,0.642701,0.411330,0.963884,0.0000,0.0000,0.0000,0.000000,0.140000,0.000000,0.000000,0.000000,0.000000,0.642708,0.411316,0.963886,0.000057,-0.000103,0.000017,0.006441,41.675633,41.011588,-3.004189,1.995062,-1.571424,0.000000,0.000000,0.000000,0.000000,0.000000,0.000000
1778249167.776133,0.642700,0.411320,0.963888,0.0000,0.0000,0.0000,0.000000,0.140000,0.000000,0.000000,0.000000,0.000000,0.642708,0.411316,0.963886,0.000057,-0.000103,0.000017,0.006441,41.675633,41.011588,-3.004189,1.995060,-1.571418,0.000000,0.000000,0.000000,0.000000,0.000000,0.000000
1778249167.786310,0.642699,0.411318,0.963889,0.0000,0.0000,0.0000,0.000000,0.140000,0.000000,0.000000,0.000000,0.000000,0.642708,0.411316,0.963886,0.000067,-0.000016,-0.000022,0.006435,41.789900,41.126565,-3.004189,1.995061,-1.571422,0.000000,0.000000,0.000000,0.000000,0.000000,0.000000
1778249167.796024,0.642701,0.411320,0.963891,0.0000,0.0000,0.0000,0.000000,0.140000,0.000000,0.000000,0.000000,0.000000,0.642708,0.411316,0.963886,0.000058,-0.000026,-0.000035,0.006432,41.663851,40.996101,-3.004189,1.995063,-1.571424,0.000000,0.000000,0.000000,0.000000,0.000000,0.000000
1778249167.805997,0.642701,0.411318,0.963886,0.0000,0.0000,0.0000,0.000000,0.140000,0.000000,0.000000,0.000000,0.000000,0.642708,0.411316,0.963886,0.000058,-0.000026,-0.000035,0.006432,41.663851,40.996101,-3.004189,1.995060,-1.571418,0.000000,0.000000,0.000000,0.000000,0.000000,0.000000
1778249167.816230,0.642701,0.411322,0.963888,0.0000,0.0000,0.0000,0.000000,0.140000,0.000000,0.000000,0.000000,0.000000,0.642708,0.411316,0.963886,0.000055,-0.000048,-0.000013,0.006425,41.756200,41.092143,-3.004189,1.995064,-1.571424,0.000000,0.000000,0.000000,0.000000,0.000000,0.000000
1778249167.826181,0.642700,0.411320,0.963889,0.0000,0.0000,0.0000,0.000000,0.140000,0.000000,0.000000,0.000000,0.000000,0.642708,0.411316,0.963886,0.000055,-0.000048,-0.000013,0.006425,41.756200,41.092143,-3.004190,1.995061,-1.571421,0.000000,0.000000,0.000000,0.000000,0.000000,0.000000
1778249167.836258,0.642703,0.411319,0.963888,0.0000,0.0000,0.0000,0.000000,0.140000,0.000000,0.000000,0.000000,0.000000,0.642708,0.411316,0.963886,0.000036,-0.000022,-0.000017,0.006419,41.719530,41.054501,-3.004190,1.995061,-1.571422,0.000000,0.000000,0.000000,0.000000,0.000000,0.000000
1778249167.846122,0.642706,0.411316,0.963887,0.0000,0.0000,0.0000,0.000000,0.140000,0.000000,0.000000,0.000000,0.000000,0.642708,0.411316,0.963886,0.000017,0.000003,-0.000010,0.006416,41.737033,41.073334,-3.004190,1.995061,-1.571419,0.000000,0.000000,0.000000,0.000000,0.000000,0.000000
1778249167.856289,0.642705,0.411316,0.963889,0.0000,0.0000,0.0000,0.000000,0.140000,0.000000,0.000000,0.000000,0.000000,0.642708,0.411316,0.963886,0.000025,0.000003,-0.000023,0.006413,41.691226,41.027300,-3.004190,1.995063,-1.571422,0.000000,0.000000,0.000000,0.000000,0.000000,0.000000
1778249167.866181,0.642705,0.411315,0.963890,0.0000,0.0000,0.0000,0.000000,0.140000,0.000000,0.000000,0.000000,0.000000,0.642708,0.411316,0.963886,0.000027,0.000009,-0.000031,0.006410,41.708310,41.044365,-3.004190,1.995063,-1.571422,0.000000,0.000000,0.000000,0.000000,0.000000,0.000000
1778249167.876129,0.642705,0.411314,0.963889,0.0000,0.0000,0.0000,0.000000,0.140000,0.000000,0.000000,0.000000,0.000000,0.642708,0.411316,0.963886,0.000022,0.000016,-0.000026,0.006407,41.708006,41.042500,-3.004190,1.995063,-1.571420,0.000000,0.000000,0.000000,0.000000,0.000000,0.000000
1778249167.885956,0.642702,0.411318,0.963887,0.0000,0.0000,0.0000,0.000000,0.140000,0.000000,0.000000,0.000000,0.000000,0.642708,0.411316,0.963886,0.000050,-0.000013,-0.000007,0.006404,41.729766,41.067024,-3.004190,1.995060,-1.571423,0.000000,0.000000,0.000000,0.000000,0.000000,0.000000
1778249167.895969,0.642703,0.411316,0.963889,0.0000,0.0000,0.0000,0.000000,0.140000,0.000000,0.000000,0.000000,0.000000,0.642708,0.411316,0.963886,0.000039,-0.000001,-0.000026,0.006401,41.733097,41.068626,-3.004190,1.995065,-1.571421,0.000000,0.000000,0.000000,0.000000,0.000000,0.000000
1778249167.905963,0.642702,0.411311,0.963889,0.0000,0.0000,0.0000,0.000000,0.140000,0.000000,0.000000,0.000000,0.000000,0.642708,0.411316,0.963886,0.000047,0.000035,-0.000026,0.006398,41.651380,40.986708,-3.004190,1.995061,-1.571419,0.000000,0.000000,0.000000,0.000000,0.000000,0.000000
1778249167.916114,0.642702,0.411314,0.963890,0.0000,0.0000,0.0000,0.000000,0.140000,0.000000,0.000000,0.000000,0.000000,0.642708,0.411316,0.963886,0.000046,0.000015,-0.000028,0.006394,41.741312,41.077365,-3.004190,1.995062,-1.571421,0.000000,0.000000,0.000000,0.000000,0.000000,0.000000
1778249167.925975,0.642702,0.411317,0.963890,0.0000,0.0000,0.0000,0.000000,0.140000,0.000000,0.000000,0.000000,0.000000,0.642708,0.411316,0.963886,0.000046,0.000015,-0.000028,0.006394,41.741312,41.077365,-3.004190,1.995063,-1.571422,0.000000,0.000000,0.000000,0.000000,0.000000,0.000000
1778249167.936202,0.642704,0.411316,0.963889,0.0000,0.0000,0.0000,0.000000,0.140000,0.000000,0.000000,0.000000,0.000000,0.642708,0.411316,0.963886,0.000035,-0.000001,-0.000021,0.006388,41.689348,41.023634,-3.004190,1.995064,-1.571421,0.000000,0.000000,0.000000,0.000000,0.000000,0.000000
1778249167.946127,0.642699,0.411317,0.963887,0.0000,0.0000,0.0000,0.000000,0.140000,0.000000,0.000000,0.000000,0.000000,0.642708,0.411316,0.963886,0.000066,-0.000006,-0.000008,0.006385,41.727547,41.065868,-3.004190,1.995059,-1.571419,0.000000,0.000000,0.000000,0.000000,0.000000,0.000000
1778249167.956144,0.642697,0.411320,0.963891,0.0000,0.0000,0.0000,0.000000,0.140000,0.000000,0.000000,0.000000,0.000000,0.642708,0.411316,0.963886,0.000082,-0.000027,-0.000039,0.006382,41.702613,41.038058,-3.004190,1.995064,-1.571420,0.000000,0.000000,0.000000,0.000000,0.000000,0.000000
1778249167.966082,0.642694,0.411324,0.963886,0.0000,0.0000,0.0000,0.000000,0.140000,0.000000,0.000000,0.000000,0.000000,0.642708,0.411316,0.963886,0.000108,-0.000058,-0.000001,0.006379,41.719285,41.054552,-3.004190,1.995058,-1.571424,0.000000,0.000000,0.000000,0.000000,0.000000,0.000000
1778249167.975891,0.642698,0.411324,0.963887,0.0000,0.0000,0.0000,0.000000,0.140000,0.000000,0.000000,0.000000,0.000000,0.642708,0.411316,0.963886,0.000077,-0.000063,-0.000005,0.006376,41.755469,41.091002,-3.004190,1.995065,-1.571419,0.000000,0.000000,0.000000,0.000000,0.000000,0.000000
1778249167.986008,0.642697,0.411327,0.963886,0.0000,0.0000,0.0000,0.000000,0.140000,0.000000,0.000000,0.000000,0.000000,0.642708,0.411316,0.963886,0.000084,-0.000080,-0.000002,0.006373,41.683952,41.019575,-3.004190,1.995060,-1.571423,0.000000,0.000000,0.000000,0.000000,0.000000,0.000000
1778249167.995927,0.642702,0.411320,0.963886,0.0000,0.0000,0.0000,0.000000,0.140000,0.000000,0.000000,0.000000,0.000000,0.642708,0.411316,0.963886,0.000045,-0.000030,-0.000002,0.006370,41.718752,41.053964,-3.004190,1.995062,-1.571423,0.000000,0.000000,0.000000,0.000000,0.000000,0.000000
1778249168.005991,0.642702,0.411318,0.963888,0.0000,0.0000,0.0000,0.000000,0.140000,0.000000,0.000000,0.000000,0.000000,0.642708,0.411316,0.963886,0.000049,-0.000012,-0.000017,0.006367,41.715788,41.052868,-3.004190,1.995063,-1.571421,0.000000,0.000000,0.000000,0.000000,0.000000,0.000000
1778249168.016059,0.642700,0.411322,0.963888,0.0000,0.0000,0.0000,0.000000,0.140000,0.000000,0.000000,0.000000,0.000000,0.642708,0.411316,0.963886,0.000059,-0.000042,-0.000018,0.006364,41.747846,41.082326,-3.004190,1.995063,-1.571418,0.000000,0.000000,0.000000,0.000000,0.000000,0.000000
1778249168.025976,0.642696,0.411330,0.963887,0.0000,0.0000,0.0000,0.000000,0.140000,0.000000,0.000000,0.000000,0.000000,0.642708,0.411316,0.963886,0.000091,-0.000105,-0.000009,0.006361,41.704017,41.040571,-3.004190,1.995062,-1.571423,0.000000,0.000000,0.000000,0.000000,0.000000,0.000000
1778249168.035987,0.642699,0.411330,0.963885,0.0000,0.0000,0.0000,0.000000,0.140000,0.000000,0.000000,0.000000,0.000000,0.642708,0.411316,0.963886,0.000067,-0.000106,0.000006,0.006358,41.755404,41.089877,-3.004190,1.995063,-1.571421,0.000000,0.000000,0.000000,0.000000,0.000000,0.000000
1778249168.046157,0.642703,0.411331,0.963885,0.0000,0.0000,0.0000,0.000000,0.140000,0.000000,0.000000,0.000000,0.000000,0.642708,0.411316,0.963886,0.000042,-0.000110,0.000005,0.006356,41.710597,41.045129,-3.004190,1.995063,-1.571420,0.000000,0.000000,0.000000,0.000000,0.000000,0.000000
1778249168.055988,0.642701,0.411335,0.963885,0.0000,0.0000,0.0000,0.000000,0.140000,0.000000,0.000000,0.000000,0.000000,0.642708,0.411316,0.963886,0.000057,-0.000139,0.000009,0.006353,41.683436,41.019099,-3.004190,1.995060,-1.571422,0.000000,0.000000,0.000000,0.000000,0.000000,0.000000
1778249168.066108,0.642701,0.411337,0.963884,0.0000,0.0000,0.0000,0.000000,0.140000,0.000000,0.000000,0.000000,0.000000,0.642708,0.411316,0.963886,0.000055,-0.000156,0.000013,0.006350,41.737429,41.073878,-3.004190,1.995063,-1.571419,0.000000,0.000000,0.000000,0.000000,0.000000,0.000000
1778249168.075896,0.642701,0.411336,0.963887,0.0000,0.0000,0.0000,0.000000,0.140000,0.000000,0.000000,0.000000,0.000000,0.642708,0.411316,0.963886,0.000057,-0.000151,-0.000006,0.006347,41.672074,41.006235,-3.004191,1.995060,-1.571421,0.000000,0.000000,0.000000,0.000000,0.000000,0.000000
1778249168.085928,0.642700,0.411339,0.963884,0.0000,0.0000,0.0000,0.000000,0.140000,0.000000,0.000000,0.000000,0.000000,0.642708,0.411316,0.963886,0.000062,-0.000172,0.000016,0.006345,41.753982,41.090751,-3.004190,1.995062,-1.571421,0.000000,0.000000,0.000000,0.000000,0.000000,0.000000
1778249168.096078,0.642702,0.411338,0.963886,0.0000,0.0000,0.0000,0.000000,0.140000,0.000000,0.000000,0.000000,0.000000,0.642708,0.411316,0.963886,0.000049,-0.000165,-0.000001,0.006342,41.681933,41.017078,-3.004190,1.995063,-1.571420,0.000000,0.000000,0.000000,0.000000,0.000000,0.000000
1778249168.105999,0.642699,0.411339,0.963887,0.0000,0.0000,0.0000,0.000000,0.140000,0.000000,0.000000,0.000000,0.000000,0.642708,0.411316,0.963886,0.000070,-0.000172,-0.000006,0.006339,41.677448,41.012263,-3.004190,1.995060,-1.571422,0.000000,0.000000,0.000000,0.000000,0.000000,0.000000
1778249168.116135,0.642698,0.411339,0.963886,0.0000,0.0000,0.0000,0.000000,0.140000,0.000000,0.000000,0.000000,0.000000,0.642708,0.411316,0.963886,0.000079,-0.000175,0.000002,0.006336,41.718384,41.054984,-3.004190,1.995061,-1.571421,0.000000,0.000000,0.000000,0.000000,0.000000,0.000000
1778249168.125994,0.642696,0.411339,0.963887,0.0000,0.0000,0.0000,0.000000,0.140000,0.000000,0.000000,0.000000,0.000000,0.642708,0.411316,0.963886,0.000093,-0.000173,-0.000011,0.006333,41.724240,41.061033,-3.004191,1.995063,-1.571423,0.000000,0.000000,0.000000,0.000000,0.000000,0.000000
1778249168.136026,0.642696,0.411336,0.963891,0.0000,0.0000,0.0000,0.000000,0.140000,0.000000,0.000000,0.000000,0.000000,0.642708,0.411316,0.963886,0.000095,-0.000150,-0.000037,0.006330,41.682468,41.017132,-3.004191,1.995064,-1.571420,0.000000,0.000000,0.000000,0.000000,0.000000,0.000000
1778249168.145988,0.642692,0.411341,0.963887,0.0000,0.0000,0.0000,0.000000,0.140000,0.000000,0.000000,0.000000,0.000000,0.642708,0.411316,0.963886,0.000121,-0.000184,-0.000005,0.006328,41.699124,41.034144,-3.004191,1.995059,-1.571421,0.000000,0.000000,0.000000,0.000000,0.000000,0.000000
1778249168.155892,0.642696,0.411341,0.963884,0.0000,0.0000,0.0000,0.000000,0.140000,0.000000,0.000000,0.000000,0.000000,0.642708,0.411316,0.963886,0.000093,-0.000189,0.000015,0.006325,41.763420,41.097778,-3.004191,1.995064,-1.571422,0.000000,0.000000,0.000000,0.000000,0.000000,0.000000
1778249168.165883,0.642698,0.411342,0.963884,0.0000,0.0000,0.0000,0.000000,0.140000,0.000000,0.000000,0.000000,0.000000,0.642708,0.411316,0.963886,0.000076,-0.000192,0.000015,0.006322,41.673537,41.006525,-3.004191,1.995061,-1.571422,0.000000,0.000000,0.000000,0.000000,0.000000,0.000000
1778249168.175930,0.642695,0.411342,0.963881,0.0000,0.0000,0.0000,0.000000,0.140000,0.000000,0.000000,0.000000,0.000000,0.642708,0.411316,0.963886,0.000100,-0.000194,0.000039,0.006319,41.735840,41.074135,-3.004191,1.995061,-1.571419,0.000000,0.000000,0.000000,0.000000,0.000000,0.000000
1778249168.185803,0.642691,0.411343,0.963884,0.0000,0.0000,0.0000,0.000000,0.140000,0.000000,0.000000,0.000000,0.000000,0.642708,0.411316,0.963886,0.000133,-0.000201,0.000012,0.006317,41.718482,41.055538,-3.004191,1.995064,-1.571423,0.000000,0.000000,0.000000,0.000000,0.000000,0.000000
1778249168.195962,0.642692,0.411344,0.963884,0.0000,0.0000,0.0000,0.000000,0.140000,0.000000,0.000000,0.000000,0.000000,0.642708,0.411316,0.963886,0.000120,-0.000209,0.000017,0.006314,41.735344,41.069562,-3.004191,1.995063,-1.571420,0.000000,0.000000,0.000000,0.000000,0.000000,0.000000
1778249168.205843,0.642695,0.411343,0.963881,0.0000,0.0000,0.0000,0.000000,0.140000,0.000000,0.000000,0.000000,0.000000,0.642708,0.411316,0.963886,0.000102,-0.000199,0.000037,0.006311,41.723549,41.058395,-3.004191,1.995062,-1.571420,0.000000,0.000000,0.000000,0.000000,0.000000,0.000000
1778249168.215813,0.642693,0.411346,0.963881,0.0000,0.0000,0.0000,0.000000,0.140000,0.000000,0.000000,0.000000,0.000000,0.642708,0.411316,0.963886,0.000111,-0.000222,0.000035,0.006308,41.714522,41.050406,-3.004191,1.995063,-1.571421,0.000000,0.000000,0.000000,0.000000,0.000000,0.000000
1778249168.225857,0.642693,0.411343,0.963881,0.0000,0.0000,0.0000,0.000000,0.140000,0.000000,0.000000,0.000000,0.000000,0.642708,0.411316,0.963886,0.000117,-0.000198,0.000034,0.006305,41.708212,41.043884,-3.004191,1.995061,-1.571419,0.000000,0.000000,0.000000,0.000000,0.000000,0.000000
1778249168.235832,0.642693,0.411344,0.963881,0.0000,0.0000,0.0000,0.000000,0.140000,0.000000,0.000000,0.000000,0.000000,0.642708,0.411316,0.963886,0.000115,-0.000211,0.000039,0.006302,41.716483,41.052152,-3.004191,1.995062,-1.571420,0.000000,0.000000,0.000000,0.000000,0.000000,0.000000
1778249168.245862,0.642693,0.411343,0.963881,0.0000,0.0000,0.0000,0.000000,0.140000,0.000000,0.000000,0.000000,0.000000,0.642708,0.411316,0.963886,0.000111,-0.000202,0.000041,0.006299,41.710000,41.045224,-3.004191,1.995062,-1.571419,0.000000,0.000000,0.000000,0.000000,0.000000,0.000000
1778249168.255777,0.642692,0.411345,0.963880,0.0000,0.0000,0.0000,0.000000,0.140000,0.000000,0.000000,0.000000,0.000000,0.642708,0.411316,0.963886,0.000123,-0.000214,0.000045,0.006296,41.717558,41.054035,-3.004191,1.995062,-1.571419,0.000000,0.000000,0.000000,0.000000,0.000000,0.000000
1778249168.265699,0.642692,0.411343,0.963881,0.0000,0.0000,0.0000,0.000000,0.140000,0.000000,0.000000,0.000000,0.000000,0.642708,0.411316,0.963886,0.000125,-0.000203,0.000037,0.006293,41.709203,41.044311,-3.004191,1.995063,-1.571419,0.000000,0.000000,0.000000,0.000000,0.000000,0.000000
1778249168.275941,0.642686,0.411346,0.963880,0.0000,0.0000,0.0000,0.000000,0.140000,0.000000,0.000000,0.000000,0.000000,0.642708,0.411316,0.963886,0.000166,-0.000225,0.000041,0.006291,41.694795,41.032625,-3.004191,1.995060,-1.571421,0.000000,0.000000,0.000000,0.000000,0.000000,0.000000
1778249168.285944,0.642688,0.411343,0.963880,0.0000,0.0000,0.0000,0.000000,0.140000,0.000000,0.000000,0.000000,0.000000,0.642708,0.411316,0.963886,0.000154,-0.000204,0.000045,0.006288,41.752104,41.087215,-3.004191,1.995063,-1.571422,0.000000,0.000000,0.000000,0.000000,0.000000,0.000000
1778249168.295981,0.642691,0.411341,0.963880,0.0000,0.0000,0.0000,0.000000,0.140000,0.000000,0.000000,0.000000,0.000000,0.642708,0.411316,0.963886,0.000132,-0.000190,0.000042,0.006285,41.701954,41.036006,-3.004191,1.995063,-1.571421,0.000000,0.000000,0.000000,0.000000,0.000000,0.000000
1778249168.306049,0.642687,0.411341,0.963880,0.0000,0.0000,0.0000,0.000000,0.140000,0.000000,0.000000,0.000000,0.000000,0.642708,0.411316,0.963886,0.000163,-0.000190,0.000042,0.006282,41.693819,41.031423,-3.004191,1.995061,-1.571420,0.000000,0.000000,0.000000,0.000000,0.000000,0.000000
1778249168.316071,0.642687,0.411338,0.963880,0.0000,0.0000,0.0000,0.000000,0.140000,0.000000,0.000000,0.000000,0.000000,0.642708,0.411316,0.963886,0.000163,-0.000190,0.000042,0.006282,41.693819,41.031423,-3.004191,1.995062,-1.571422,0.000000,0.000000,0.000000,0.000000,0.000000,0.000000
1778249168.326282,0.642689,0.411336,0.963881,0.0000,0.0000,0.0000,0.000000,0.140000,0.000000,0.000000,0.000000,0.000000,0.642708,0.411316,0.963886,0.000145,-0.000146,0.000040,0.006276,41.720160,41.054159,-3.004191,1.995063,-1.571422,0.000000,0.000000,0.000000,0.000000,0.000000,0.000000
1778249168.335701,0.642689,0.411334,0.963881,0.0000,0.0000,0.0000,0.000000,0.140000,0.000000,0.000000,0.000000,0.000000,0.642708,0.411316,0.963886,0.000148,-0.000138,0.000040,0.006272,41.688088,41.024640,-3.004191,1.995060,-1.571421,0.000000,0.000000,0.000000,0.000000,0.000000,0.000000
1778249168.345941,0.642688,0.411335,0.963882,0.0000,0.0000,0.0000,0.000000,0.140000,0.000000,0.000000,0.000000,0.000000,0.642708,0.411316,0.963886,0.000153,-0.000142,0.000031,0.006269,41.713610,41.049445,-3.004191,1.995063,-1.571423,0.000000,0.000000,0.000000,0.000000,0.000000,0.000000
1778249168.355842,0.642686,0.411336,0.963882,0.0000,0.0000,0.0000,0.000000,0.140000,0.000000,0.000000,0.000000,0.000000,0.642708,0.411316,0.963886,0.000164,-0.000146,0.000030,0.006266,41.695179,41.030180,-3.004191,1.995062,-1.571422,0.000000,0.000000,0.000000,0.000000,0.000000,0.000000
1778249168.365764,0.642682,0.411335,0.963881,0.0000,0.0000,0.0000,0.000000,0.140000,0.000000,0.000000,0.000000,0.000000,0.642708,0.411316,0.963886,0.000200,-0.000142,0.000039,0.006263,41.711171,41.049971,-3.004191,1.995060,-1.571420,0.000000,0.000000,0.000000,0.000000,0.000000,0.000000
1778249168.376143,0.642683,0.411335,0.963881,0.0000,0.0000,0.0000,0.000000,0.140000,0.000000,0.000000,0.000000,0.000000,0.642708,0.411316,0.963886,0.000186,-0.000139,0.000034,0.006260,41.767463,41.102234,-3.004191,1.995064,-1.571419,0.000000,0.000000,0.000000,0.000000,0.000000,0.000000
1778249168.385930,0.642686,0.411336,0.963879,0.0000,0.0000,0.0000,0.000000,0.140000,0.000000,0.000000,0.000000,0.000000,0.642708,0.411316,0.963886,0.000166,-0.000150,0.000054,0.006257,41.714858,41.049091,-3.004191,1.995060,-1.571424,0.000000,0.000000,0.000000,0.000000,0.000000,0.000000
1778249168.395979,0.642694,0.411331,0.963875,0.0000,0.0000,0.0000,0.000000,0.140000,0.000000,0.000000,0.000000,0.000000,0.642708,0.411316,0.963886,0.000104,-0.000112,0.000082,0.006253,41.747142,41.081982,-3.004191,1.995063,-1.571421,0.000000,0.000000,0.000000,0.000000,0.000000,0.000000
1778249168.405928,0.642694,0.411330,0.963878,0.0000,0.0000,0.0000,0.000000,0.140000,0.000000,0.000000,0.000000,0.000000,0.642708,0.411316,0.963886,0.000109,-0.000104,0.000061,0.006250,41.699235,41.036282,-3.004191,1.995063,-1.571420,0.000000,0.000000,0.000000,0.000000,0.000000,0.000000
1778249168.415924,0.642693,0.411331,0.963877,0.0000,0.0000,0.0000,0.000000,0.140000,0.000000,0.000000,0.000000,0.000000,0.642708,0.411316,0.963886,0.000118,-0.000108,0.000067,0.006246,41.715160,41.049439,-3.004191,1.995061,-1.571423,0.000000,0.000000,0.000000,0.000000,0.000000,0.000000
1778249168.426027,0.642693,0.411329,0.963877,0.0000,0.0000,0.0000,0.000000,0.140000,0.000000,0.000000,0.000000,0.000000,0.642708,0.411316,0.963886,0.000111,-0.000097,0.000066,0.006243,41.733231,41.069455,-3.004191,1.995062,-1.571417,0.000000,0.000000,0.000000,0.000000,0.000000,0.000000
1778249168.435780,0.642693,0.411332,0.963878,0.0000,0.0000,0.0000,0.000000,0.140000,0.000000,0.000000,0.000000,0.000000,0.642708,0.411316,0.963886,0.000116,-0.000121,0.000063,0.006239,41.710084,41.045470,-3.004191,1.995063,-1.571423,0.000000,0.000000,0.000000,0.000000,0.000000,0.000000
1778249168.446200,0.642693,0.411331,0.963878,0.0000,0.0000,0.0000,0.000000,0.140000,0.000000,0.000000,0.000000,0.000000,0.642708,0.411316,0.963886,0.000115,-0.000108,0.000064,0.006236,41.729915,41.066764,-3.004192,1.995060,-1.571424,0.000000,0.000000,0.000000,0.000000,0.000000,0.000000
1778249168.455673,0.642694,0.411329,0.963880,0.0000,0.0000,0.0000,0.000000,0.140000,0.000000,0.000000,0.000000,0.000000,0.642708,0.411316,0.963886,0.000104,-0.000093,0.000048,0.006233,41.713541,41.049846,-3.004191,1.995064,-1.571421,0.000000,0.000000,0.000000,0.000000,0.000000,0.000000
1778249168.465738,0.642695,0.411325,0.963880,0.0000,0.0000,0.0000,0.000000,0.140000,0.000000,0.000000,0.000000,0.000000,0.642708,0.411316,0.963886,0.000097,-0.000068,0.000048,0.006229,41.676959,41.011507,-3.004191,1.995061,-1.571419,0.000000,0.000000,0.000000,0.000000,0.000000,0.000000
1778249168.475758,0.642695,0.411327,0.963878,0.0000,0.0000,0.0000,0.000000,0.140000,0.000000,0.000000,0.000000,0.000000,0.642708,0.411316,0.963886,0.000102,-0.000080,0.000058,0.006226,41.736320,41.072447,-3.004192,1.995061,-1.571422,0.000000,0.000000,0.000000,0.000000,0.000000,0.000000
1778249168.485787,0.642704,0.411323,0.963877,0.0000,0.0000,0.0000,0.000000,0.140000,0.000000,0.000000,0.000000,0.000000,0.642708,0.411316,0.963886,0.000034,-0.000054,0.000068,0.006223,41.757591,41.089120,-3.004191,1.995066,-1.571420,0.000000,0.000000,0.000000,0.000000,0.000000,0.000000
1778249168.495930,0.642701,0.411323,0.963875,0.0000,0.0000,0.0000,0.000000,0.140000,0.000000,0.000000,0.000000,0.000000,0.642708,0.411316,0.963886,0.000054,-0.000049,0.000083,0.006219,41.666079,41.003470,-3.004192,1.995058,-1.571419,0.000000,0.000000,0.000000,0.000000,0.000000,0.000000
1778249168.506004,0.642699,0.411323,0.963877,0.0000,0.0000,0.0000,0.000000,0.140000,0.000000,0.000000,0.000000,0.000000,0.642708,0.411316,0.963886,0.000070,-0.000054,0.000064,0.006216,41.744498,41.081820,-3.004192,1.995064,-1.571419,0.000000,0.000000,0.000000,0.000000,0.000000,0.000000
1778249168.516108,0.642697,0.411323,0.963881,0.0000,0.0000,0.0000,0.000000,0.140000,0.000000,0.000000,0.000000,0.000000,0.642708,0.411316,0.963886,0.000084,-0.000055,0.000039,0.006213,41.694487,41.030021,-3.004192,1.995063,-1.571420,0.000000,0.000000,0.000000,0.000000,0.000000,0.000000
1778249168.526135,0.642697,0.411322,0.963881,0.0000,0.0000,0.0000,0.000000,0.140000,0.000000,0.000000,0.000000,0.000000,0.642708,0.411316,0.963886,0.000084,-0.000055,0.000039,0.006213,41.694487,41.030021,-3.004192,1.995060,-1.571419,0.000000,0.000000,0.000000,0.000000,0.000000,0.000000
1778249168.536079,0.642698,0.411322,0.963876,0.0000,0.0000,0.0000,0.000000,0.140000,0.000000,0.000000,0.000000,0.000000,0.642708,0.411316,0.963886,0.000074,-0.000046,0.000074,0.006206,41.766629,41.103057,-3.004192,1.995061,-1.571421,0.000000,0.000000,0.000000,0.000000,0.000000,0.000000
1778249168.546140,0.642703,0.411320,0.963879,0.0000,0.0000,0.0000,0.000000,0.140000,0.000000,0.000000,0.000000,0.000000,0.642708,0.411316,0.963886,0.000037,-0.000029,0.000053,0.006203,41.676133,41.008014,-3.004192,1.995064,-1.571420,0.000000,0.000000,0.000000,0.000000,0.000000,0.000000
1778249168.556157,0.642701,0.411321,0.963874,0.0000,0.0000,0.0000,0.000000,0.140000,0.000000,0.000000,0.000000,0.000000,0.642708,0.411316,0.963886,0.000058,-0.000035,0.000093,0.006200,41.749448,41.087446,-3.004192,1.995061,-1.571419,0.000000,0.000000,0.000000,0.000000,0.000000,0.000000
1778249168.566193,0.642700,0.411319,0.963879,0.0000,0.0000,0.0000,0.000000,0.140000,0.000000,0.000000,0.000000,0.000000,0.642708,0.411316,0.963886,0.000063,-0.000023,0.000049,0.006197,41.687256,41.022187,-3.004192,1.995064,-1.571422,0.000000,0.000000,0.000000,0.000000,0.000000,0.000000
1778249168.576247,0.642697,0.411317,0.963880,0.0000,0.0000,0.0000,0.000000,0.140000,0.000000,0.000000,0.000000,0.000000,0.642708,0.411316,0.963886,0.000082,-0.000008,0.000046,0.006194,41.683118,41.017669,-3.004192,1.995062,-1.571423,0.000000,0.000000,0.000000,0.000000,0.000000,0.000000
1778249168.586379,0.642697,0.411318,0.963878,0.0000,0.0000,0.0000,0.000000,0.140000,0.000000,0.000000,0.000000,0.000000,0.642708,0.411316,0.963886,0.000085,-0.000012,0.000063,0.006191,41.771465,41.107699,-3.004192,1.995060,-1.571422,0.000000,0.000000,0.000000,0.000000,0.000000,0.000000
1778249168.595896,0.642698,0.411319,0.963879,0.0000,0.0000,0.0000,0.000000,0.140000,0.000000,0.000000,0.000000,0.000000,0.642708,0.411316,0.963886,0.000076,-0.000020,0.000055,0.006188,41.688332,41.022688,-3.004192,1.995065,-1.571422,0.000000,0.000000,0.000000,0.000000,0.000000,0.000000
1778249168.605849,0.642696,0.411321,0.963875,0.0000,0.0000,0.0000,0.000000,0.140000,0.000000,0.000000,0.000000,0.000000,0.642708,0.411316,0.963886,0.000091,-0.000036,0.000086,0.006185,41.749616,41.086727,-3.004192,1.995058,-1.571424,0.000000,0.000000,0.000000,0.000000,0.000000,0.000000
1778249168.616268,0.642697,0.411320,0.963878,0.0000,0.0000,0.0000,0.000000,0.140000,0.000000,0.000000,0.000000,0.000000,0.642708,0.411316,0.963886,0.000085,-0.000029,0.000059,0.006182,41.695007,41.031217,-3.004192,1.995064,-1.571423,0.000000,0.000000,0.000000,0.000000,0.000000,0.000000
1778249168.626091,0.642695,0.411313,0.963881,0.0000,0.0000,0.0000,0.000000,0.140000,0.000000,0.000000,0.000000,0.000000,0.642708,0.411316,0.963886,0.000097,0.000021,0.000041,0.006179,41.680945,41.017925,-3.004192,1.995061,-1.571418,0.000000,0.000000,0.000000,0.000000,0.000000,0.000000
1778249168.636428,0.642694,0.411318,0.963878,0.0000,0.0000,0.0000,0.000000,0.140000,0.000000,0.000000,0.000000,0.000000,0.642708,0.411316,0.963886,0.000109,-0.000012,0.000059,0.006177,41.758995,41.094698,-3.004192,1.995060,-1.571425,0.000000,0.000000,0.000000,0.000000,0.000000,0.000000
1778249168.645799,0.642697,0.411319,0.963877,0.0000,0.0000,0.0000,0.000000,0.140000,0.000000,0.000000,0.000000,0.000000,0.642708,0.411316,0.963886,0.000084,-0.000024,0.000069,0.006174,41.720472,41.055522,-3.004192,1.995063,-1.571421,0.000000,0.000000,0.000000,0.000000,0.000000,0.000000
1778249168.656321,0.642696,0.411318,0.963877,0.0000,0.0000,0.0000,0.000000,0.140000,0.000000,0.000000,0.000000,0.000000,0.642708,0.411316,0.963886,0.000092,-0.000017,0.000067,0.006171,41.717590,41.052998,-3.004193,1.995062,-1.571423,0.000000,0.000000,0.000000,0.000000,0.000000,0.000000
1778249168.666136,0.642701,0.411317,0.963876,0.0000,0.0000,0.0000,0.000000,0.140000,0.000000,0.000000,0.000000,0.000000,0.642708,0.411316,0.963886,0.000051,-0.000007,0.000077,0.006168,41.738356,41.071349,-3.004192,1.995064,-1.571420,0.000000,0.000000,0.000000,0.000000,0.000000,0.000000
1778249168.676051,0.642697,0.411322,0.963874,0.0000,0.0000,0.0000,0.000000,0.140000,0.000000,0.000000,0.000000,0.000000,0.642708,0.411316,0.963886,0.000083,-0.000046,0.000087,0.006165,41.698204,41.034820,-3.004193,1.995061,-1.571422,0.000000,0.000000,0.000000,0.000000,0.000000,0.000000
1778249168.686528,0.642694,0.411322,0.963877,0.0000,0.0000,0.0000,0.000000,0.140000,0.000000,0.000000,0.000000,0.000000,0.642708,0.411316,0.963886,0.000110,-0.000047,0.000067,0.006162,41.741931,41.079801,-3.004193,1.995061,-1.571423,0.000000,0.000000,0.000000,0.000000,0.000000,0.000000
1778249168.696063,0.642694,0.411319,0.963880,0.0000,0.0000,0.0000,0.000000,0.140000,0.000000,0.000000,0.000000,0.000000,0.642708,0.411316,0.963886,0.000107,-0.000025,0.000045,0.006159,41.684500,41.019186,-3.004193,1.995062,-1.571421,0.000000,0.000000,0.000000,0.000000,0.000000,0.000000
1778249168.706054,0.642695,0.411324,0.963878,0.0000,0.0000,0.0000,0.000000,0.140000,0.000000,0.000000,0.000000,0.000000,0.642708,0.411316,0.963886,0.000102,-0.000061,0.000063,0.006156,41.733773,41.069367,-3.004193,1.995063,-1.571424,0.000000,0.000000,0.000000,0.000000,0.000000,0.000000
1778249168.716740,0.642699,0.411322,0.963877,0.0000,0.0000,0.0000,0.000000,0.140000,0.000000,0.000000,0.000000,0.000000,0.642708,0.411316,0.963886,0.000072,-0.000045,0.000065,0.006153,41.728191,41.062823,-3.004193,1.995064,-1.571420,0.000000,0.000000,0.000000,0.000000,0.000000,0.000000
1778249168.726096,0.642696,0.411320,0.963879,0.0000,0.0000,0.0000,0.000000,0.140000,0.000000,0.000000,0.000000,0.000000,0.642708,0.411316,0.963886,0.000089,-0.000026,0.000053,0.006150,41.689580,41.025962,-3.004193,1.995064,-1.571423,0.000000,0.000000,0.000000,0.000000,0.000000,0.000000
1778249168.736111,0.642693,0.411319,0.963879,0.0000,0.0000,0.0000,0.000000,0.140000,0.000000,0.000000,0.000000,0.000000,0.642708,0.411316,0.963886,0.000111,-0.000021,0.000049,0.006147,41.702369,41.036172,-3.004193,1.995061,-1.571422,0.000000,0.000000,0.000000,0.000000,0.000000,0.000000
1778249168.745751,0.642694,0.411323,0.963877,0.0000,0.0000,0.0000,0.000000,0.140000,0.000000,0.000000,0.000000,0.000000,0.642708,0.411316,0.963886,0.000109,-0.000053,0.000069,0.006144,41.755792,41.091705,-3.004193,1.995059,-1.571420,0.000000,0.000000,0.000000,0.000000,0.000000,0.000000
1778249168.755844,0.642695,0.411324,0.963877,0.0000,0.0000,0.0000,0.000000,0.140000,0.000000,0.000000,0.000000,0.000000,0.642708,0.411316,0.963886,0.000102,-0.000063,0.000064,0.006142,41.763229,41.098896,-3.004193,1.995063,-1.571421,0.000000,0.000000,0.000000,0.000000,0.000000,0.000000
1778249168.766243,0.642697,0.411323,0.963879,0.0000,0.0000,0.0000,0.000000,0.140000,0.000000,0.000000,0.000000,0.000000,0.642708,0.411316,0.963886,0.000085,-0.000048,0.000055,0.006138,41.688258,41.022696,-3.004193,1.995062,-1.571420,0.000000,0.000000,0.000000,0.000000,0.000000,0.000000
1778249168.775788,0.642695,0.411325,0.963877,0.0000,0.0000,0.0000,0.000000,0.140000,0.000000,0.000000,0.000000,0.000000,0.642708,0.411316,0.963886,0.000101,-0.000065,0.000071,0.006135,41.726549,41.062625,-3.004193,1.995059,-1.571422,0.000000,0.000000,0.000000,0.000000,0.000000,0.000000
1778249168.786263,0.642696,0.411325,0.963880,0.0000,0.0000,0.0000,0.000000,0.140000,0.000000,0.000000,0.000000,0.000000,0.642708,0.411316,0.963886,0.000089,-0.000066,0.000047,0.006132,41.722858,41.057253,-3.004193,1.995065,-1.571420,0.000000,0.000000,0.000000,0.000000,0.000000,0.000000
1778249168.795846,0.642694,0.411328,0.963879,0.0000,0.0000,0.0000,0.000000,0.140000,0.000000,0.000000,0.000000,0.000000,0.642708,0.411316,0.963886,0.000107,-0.000092,0.000051,0.006129,41.698712,41.034405,-3.004193,1.995062,-1.571422,0.000000,0.000000,0.000000,0.000000,0.000000,0.000000
1778249168.805777,0.642693,0.411327,0.963882,0.0000,0.0000,0.0000,0.000000,0.140000,0.000000,0.000000,0.000000,0.000000,0.642708,0.411316,0.963886,0.000116,-0.000079,0.000027,0.006126,41.694587,41.031593,-3.004194,1.995062,-1.571421,0.000000,0.000000,0.000000,0.000000,0.000000,0.000000
1778249168.816815,0.642692,0.411326,0.963885,0.0000,0.0000,0.0000,0.000000,0.140000,0.000000,0.000000,0.000000,0.000000,0.642708,0.411316,0.963886,0.000116,-0.000079,0.000027,0.006126,41.694587,41.031593,-3.004193,1.995064,-1.571422,0.000000,0.000000,0.000000,0.000000,0.000000,0.000000
1778249168.826250,0.642690,0.411329,0.963883,0.0000,0.0000,0.0000,0.000000,0.140000,0.000000,0.000000,0.000000,0.000000,0.642708,0.411316,0.963886,0.000135,-0.000095,0.000022,0.006121,41.718398,41.052946,-3.004193,1.995062,-1.571423,0.000000,0.000000,0.000000,0.000000,0.000000,0.000000
1778249168.836202,0.642690,0.411331,0.963882,0.0000,0.0000,0.0000,0.000000,0.140000,0.000000,0.000000,0.000000,0.000000,0.642708,0.411316,0.963886,0.000141,-0.000112,0.000031,0.006118,41.728354,41.064642,-3.004193,1.995061,-1.571423,0.000000,0.000000,0.000000,0.000000,0.000000,0.000000
1778249168.845695,0.642687,0.411333,0.963883,0.0000,0.0000,0.0000,0.000000,0.140000,0.000000,0.000000,0.000000,0.000000,0.642708,0.411316,0.963886,0.000157,-0.000129,0.000019,0.006115,41.731185,41.067339,-3.004193,1.995063,-1.571421,0.000000,0.000000,0.000000,0.000000,0.000000,0.000000
1778249168.855654,0.642687,0.411333,0.963885,0.0000,0.0000,0.0000,0.000000,0.140000,0.000000,0.000000,0.000000,0.000000,0.642708,0.411316,0.963886,0.000162,-0.000130,0.000009,0.006113,41.701128,41.036605,-3.004194,1.995062,-1.571422,0.000000,0.000000,0.000000,0.000000,0.000000,0.000000
1778249168.865750,0.642686,0.411334,0.963885,0.0000,0.0000,0.0000,0.000000,0.140000,0.000000,0.000000,0.000000,0.000000,0.642708,0.411316,0.963886,0.000166,-0.000133,0.000009,0.006110,41.721842,41.057934,-3.004194,1.995062,-1.571422,0.000000,0.000000,0.000000,0.000000,0.000000,0.000000
1778249168.876102,0.642687,0.411333,0.963885,0.0000,0.0000,0.0000,0.000000,0.140000,0.000000,0.000000,0.000000,0.000000,0.642708,0.411316,0.963886,0.000160,-0.000127,0.000005,0.006107,41.735123,41.070707,-3.004194,1.995064,-1.571421,0.000000,0.000000,0.000000,0.000000,0.000000,0.000000
1778249168.885801,0.642687,0.411331,0.963886,0.0000,0.0000,0.0000,0.000000,0.140000,0.000000,0.000000,0.000000,0.000000,0.642708,0.411316,0.963886,0.000159,-0.000111,-0.000002,0.006104,41.704795,41.041247,-3.004194,1.995063,-1.571422,0.000000,0.000000,0.000000,0.000000,0.000000,0.000000
1778249168.896451,0.642685,0.411330,0.963887,0.0000,0.0000,0.0000,0.000000,0.140000,0.000000,0.000000,0.000000,0.000000,0.642708,0.411316,0.963886,0.000175,-0.000107,-0.000009,0.006102,41.706556,41.043053,-3.004194,1.995061,-1.571421,0.000000,0.000000,0.000000,0.000000,0.000000,0.000000
1778249168.906088,0.642687,0.411331,0.963887,0.0000,0.0000,0.0000,0.000000,0.140000,0.000000,0.000000,0.000000,0.000000,0.642708,0.411316,0.963886,0.000162,-0.000112,-0.000006,0.006099,41.752781,41.087864,-3.004194,1.995062,-1.571420,0.000000,0.000000,0.000000,0.000000,0.000000,0.000000
1778249168.916415,0.642688,0.411332,0.963887,0.0000,0.0000,0.0000,0.000000,0.140000,0.000000,0.000000,0.000000,0.000000,0.642708,0.411316,0.963886,0.000155,-0.000117,-0.000008,0.006096,41.698129,41.032922,-3.004194,1.995063,-1.571420,0.000000,0.000000,0.000000,0.000000,0.000000,0.000000
1778249168.925767,0.642684,0.411335,0.963887,0.0000,0.0000,0.0000,0.000000,0.140000,0.000000,0.000000,0.000000,0.000000,0.642708,0.411316,0.963886,0.000186,-0.000139,-0.000007,0.006093,41.693291,41.030297,-3.004194,1.995060,-1.571421,0.000000,0.000000,0.000000,0.000000,0.000000,0.000000
1778249168.935770,0.642679,0.411340,0.963888,0.0000,0.0000,0.0000,0.000000,0.140000,0.000000,0.000000,0.000000,0.000000,0.642708,0.411316,0.963886,0.000216,-0.000176,-0.000012,0.006091,41.728954,41.065892,-3.004194,1.995061,-1.571421,0.000000,0.000000,0.000000,0.000000,0.000000,0.000000
1778249168.946064,0.642682,0.411337,0.963889,0.0000,0.0000,0.0000,0.000000,0.140000,0.000000,0.000000,0.000000,0.000000,0.642708,0.411316,0.963886,0.000216,-0.000176,-0.000012,0.006091,41.728954,41.065892,-3.004194,1.995061,-1.571422,0.000000,0.000000,0.000000,0.000000,0.000000,0.000000
1778249168.955721,0.642689,0.411333,0.963887,0.0000,0.0000,0.0000,0.000000,0.140000,0.000000,0.000000,0.000000,0.000000,0.642708,0.411316,0.963886,0.000142,-0.000125,-0.000011,0.006084,41.736100,41.070760,-3.004194,1.995063,-1.571420,0.000000,0.000000,0.000000,0.000000,0.000000,0.000000
1778249168.965887,0.642690,0.411334,0.963887,0.0000,0.0000,0.0000,0.000000,0.140000,0.000000,0.000000,0.000000,0.000000,0.642708,0.411316,0.963886,0.000136,-0.000131,-0.000008,0.006080,41.695983,41.030400,-3.004194,1.995062,-1.571421,0.000000,0.000000,0.000000,0.000000,0.000000,0.000000
1778249168.976081,0.642685,0.411338,0.963885,0.0000,0.0000,0.0000,0.000000,0.140000,0.000000,0.000000,0.000000,0.000000,0.642708,0.411316,0.963886,0.000176,-0.000165,0.000007,0.006078,41.741324,41.079334,-3.004194,1.995061,-1.571421,0.000000,0.000000,0.000000,0.000000,0.000000,0.000000
1778249168.985894,0.642688,0.411336,0.963888,0.0000,0.0000,0.0000,0.000000,0.140000,0.000000,0.000000,0.000000,0.000000,0.642708,0.411316,0.963886,0.000153,-0.000149,-0.000012,0.006075,41.718572,41.052389,-3.004194,1.995065,-1.571421,0.000000,0.000000,0.000000,0.000000,0.000000,0.000000
1778249168.995967,0.642685,0.411338,0.963885,0.0000,0.0000,0.0000,0.000000,0.140000,0.000000,0.000000,0.000000,0.000000,0.642708,0.411316,0.963886,0.000172,-0.000161,0.000011,0.006072,41.706050,41.042873,-3.004194,1.995060,-1.571423,0.000000,0.000000,0.000000,0.000000,0.000000,0.000000
1778249169.005763,0.642685,0.411339,0.963887,0.0000,0.0000,0.0000,0.000000,0.140000,0.000000,0.000000,0.000000,0.000000,0.642708,0.411316,0.963886,0.000178,-0.000172,-0.000011,0.006069,41.678556,41.014443,-3.004194,1.995062,-1.571423,0.000000,0.000000,0.000000,0.000000,0.000000,0.000000
1778249169.015954,0.642682,0.411338,0.963889,0.0000,0.0000,0.0000,0.000000,0.140000,0.000000,0.000000,0.000000,0.000000,0.642708,0.411316,0.963886,0.000200,-0.000167,-0.000021,0.006066,41.678841,41.014512,-3.004194,1.995061,-1.571422,0.000000,0.000000,0.000000,0.000000,0.000000,0.000000
1778249169.025900,0.642683,0.411336,0.963887,0.0000,0.0000,0.0000,0.000000,0.140000,0.000000,0.000000,0.000000,0.000000,0.642708,0.411316,0.963886,0.000193,-0.000148,-0.000011,0.006063,41.762500,41.099558,-3.004194,1.995063,-1.571421,0.000000,0.000000,0.000000,0.000000,0.000000,0.000000
1778249169.035967,0.642687,0.411333,0.963886,0.0000,0.0000,0.0000,0.000000,0.140000,0.000000,0.000000,0.000000,0.000000,0.642708,0.411316,0.963886,0.000157,-0.000129,-0.000002,0.006060,41.709722,41.043755,-3.004194,1.995063,-1.571421,0.000000,0.000000,0.000000,0.000000,0.000000,0.000000
1778249169.046123,0.642689,0.411333,0.963884,0.0000,0.0000,0.0000,0.000000,0.140000,0.000000,0.000000,0.000000,0.000000,0.642708,0.411316,0.963886,0.000141,-0.000123,0.000011,0.006056,41.685934,41.021706,-3.004194,1.995062,-1.571424,0.000000,0.000000,0.000000,0.000000,0.000000,0.000000
1778249169.055921,0.642687,0.411327,0.963888,0.0000,0.0000,0.0000,0.000000,0.140000,0.000000,0.000000,0.000000,0.000000,0.642708,0.411316,0.963886,0.000161,-0.000080,-0.000014,0.006053,41.677880,41.015743,-3.004194,1.995063,-1.571422,0.000000,0.000000,0.000000,0.000000,0.000000,0.000000
1778249169.065681,0.642683,0.411325,0.963889,0.0000,0.0000,0.0000,0.000000,0.140000,0.000000,0.000000,0.000000,0.000000,0.642708,0.411316,0.963886,0.000189,-0.000063,-0.000021,0.006050,41.738748,41.073853,-3.004194,1.995062,-1.571421,0.000000,0.000000,0.000000,0.000000,0.000000,0.000000
1778249169.076102,0.642688,0.411330,0.963882,0.0000,0.0000,0.0000,0.000000,0.140000,0.000000,0.000000,0.000000,0.000000,0.642708,0.411316,0.963886,0.000152,-0.000102,0.000029,0.006047,41.758720,41.091004,-3.004194,1.995062,-1.571420,0.000000,0.000000,0.000000,0.000000,0.000000,0.000000
1778249169.086077,0.642688,0.411336,0.963877,0.0000,0.0000,0.0000,0.000000,0.140000,0.000000,0.000000,0.000000,0.000000,0.642708,0.411316,0.963886,0.000152,-0.000102,0.000029,0.006047,41.758720,41.091004,-3.004194,1.995061,-1.571422,0.000000,0.000000,0.000000,0.000000,0.000000,0.000000
1778249169.096017,0.642686,0.411333,0.963877,0.0000,0.0000,0.0000,0.000000,0.140000,0.000000,0.000000,0.000000,0.000000,0.642708,0.411316,0.963886,0.000166,-0.000129,0.000065,0.006041,41.713570,41.050541,-3.004194,1.995060,-1.571423,0.000000,0.000000,0.000000,0.000000,0.000000,0.000000
1778249169.106338,0.642687,0.411331,0.963878,0.0000,0.0000,0.0000,0.000000,0.140000,0.000000,0.000000,0.000000,0.000000,0.642708,0.411316,0.963886,0.000166,-0.000129,0.000065,0.006041,41.713570,41.050541,-3.004194,1.995063,-1.571421,0.000000,0.000000,0.000000,0.000000,0.000000,0.000000
1778249169.115738,0.642689,0.411327,0.963878,0.0000,0.0000,0.0000,0.000000,0.140000,0.000000,0.000000,0.000000,0.000000,0.642708,0.411316,0.963886,0.000145,-0.000078,0.000063,0.006035,41.710637,41.045929,-3.004194,1.995061,-1.571420,0.000000,0.000000,0.000000,0.000000,0.000000,0.000000
1778249169.126095,0.642690,0.411326,0.963877,0.0000,0.0000,0.0000,0.000000,0.140000,0.000000,0.000000,0.000000,0.000000,0.642708,0.411316,0.963886,0.000137,-0.000072,0.000068,0.006032,41.752673,41.087910,-3.004194,1.995062,-1.571421,0.000000,0.000000,0.000000,0.000000,0.000000,0.000000
1778249169.135677,0.642691,0.411328,0.963875,0.0000,0.0000,0.0000,0.000000,0.140000,0.000000,0.000000,0.000000,0.000000,0.642708,0.411316,0.963886,0.000133,-0.000089,0.000085,0.006028,41.755231,41.090841,-3.004194,1.995064,-1.571423,0.000000,0.000000,0.000000,0.000000,0.000000,0.000000
1778249169.145619,0.642688,0.411329,0.963874,0.0000,0.0000,0.0000,0.000000,0.140000,0.000000,0.000000,0.000000,0.000000,0.642708,0.411316,0.963886,0.000151,-0.000099,0.000090,0.006026,41.698192,41.034623,-3.004194,1.995061,-1.571424,0.000000,0.000000,0.000000,0.000000,0.000000,0.000000
1778249169.155834,0.642689,0.411328,0.963873,0.0000,0.0000,0.0000,0.000000,0.140000,0.000000,0.000000,0.000000,0.000000,0.642708,0.411316,0.963886,0.000147,-0.000092,0.000099,0.006023,41.795677,41.133681,-3.004194,1.995064,-1.571419,0.000000,0.000000,0.000000,0.000000,0.000000,0.000000
1778249169.165754,0.642690,0.411326,0.963876,0.0000,0.0000,0.0000,0.000000,0.140000,0.000000,0.000000,0.000000,0.000000,0.642708,0.411316,0.963886,0.000137,-0.000072,0.000071,0.006020,41.674124,41.008340,-3.004194,1.995062,-1.571420,0.000000,0.000000,0.000000,0.000000,0.000000,0.000000
1778249169.176015,0.642691,0.411324,0.963878,0.0000,0.0000,0.0000,0.000000,0.140000,0.000000,0.000000,0.000000,0.000000,0.642708,0.411316,0.963886,0.000131,-0.000061,0.000063,0.006016,41.699009,41.034038,-3.004194,1.995062,-1.571421,0.000000,0.000000,0.000000,0.000000,0.000000,0.000000
1778249169.185965,0.642693,0.411321,0.963878,0.0000,0.0000,0.0000,0.000000,0.140000,0.000000,0.000000,0.000000,0.000000,0.642708,0.411316,0.963886,0.000113,-0.000039,0.000056,0.006013,41.719484,41.055075,-3.004194,1.995062,-1.571420,0.000000,0.000000,0.000000,0.000000,0.000000,0.000000
1778249169.195928,0.642695,0.411318,0.963880,0.0000,0.0000,0.0000,0.000000,0.140000,0.000000,0.000000,0.000000,0.000000,0.642708,0.411316,0.963886,0.000098,-0.000015,0.000047,0.006009,41.718553,41.054103,-3.004194,1.995063,-1.571422,0.000000,0.000000,0.000000,0.000000,0.000000,0.000000
1778249169.206496,0.642696,0.411314,0.963880,0.0000,0.0000,0.0000,0.000000,0.140000,0.000000,0.000000,0.000000,0.000000,0.642708,0.411316,0.963886,0.000098,-0.000015,0.000047,0.006009,41.718553,41.054103,-3.004194,1.995061,-1.571420,0.000000,0.000000,0.000000,0.000000,0.000000,0.000000
1778249169.216120,0.642699,0.411317,0.963879,0.0000,0.0000,0.0000,0.000000,0.140000,0.000000,0.000000,0.000000,0.000000,0.642708,0.411316,0.963886,0.000094,0.000013,0.000043,0.006006,41.705208,41.039797,-3.004194,1.995064,-1.571422,0.000000,0.000000,0.000000,0.000000,0.000000,0.000000
1778249169.226162,0.642697,0.411319,0.963878,0.0000,0.0000,0.0000,0.000000,0.140000,0.000000,0.000000,0.000000,0.000000,0.642708,0.411316,0.963886,0.000088,-0.000021,0.000058,0.005999,41.697608,41.034499,-3.004194,1.995062,-1.571420,0.000000,0.000000,0.000000,0.000000,0.000000,0.000000
1778249169.236273,0.642691,0.411322,0.963881,0.0000,0.0000,0.0000,0.000000,0.140000,0.000000,0.000000,0.000000,0.000000,0.642708,0.411316,0.963886,0.000127,-0.000044,0.000038,0.005996,41.701206,41.036993,-3.004194,1.995062,-1.571422,0.000000,0.000000,0.000000,0.000000,0.000000,0.000000
1778249169.246205,0.642694,0.411318,0.963881,0.0000,0.0000,0.0000,0.000000,0.140000,0.000000,0.000000,0.000000,0.000000,0.642708,0.411316,0.963886,0.000104,-0.000012,0.000037,0.005993,41.717543,41.053084,-3.004194,1.995062,-1.571421,0.000000,0.000000,0.000000,0.000000,0.000000,0.000000
1778249169.256016,0.642694,0.411316,0.963883,0.0000,0.0000,0.0000,0.000000,0.140000,0.000000,0.000000,0.000000,0.000000,0.642708,0.411316,0.963886,0.000110,-0.000003,0.000023,0.005990,41.706438,41.042882,-3.004194,1.995062,-1.571421,0.000000,0.000000,0.000000,0.000000,0.000000,0.000000
1778249169.265954,0.642691,0.411320,0.963883,0.0000,0.0000,0.0000,0.000000,0.140000,0.000000,0.000000,0.000000,0.000000,0.642708,0.411316,0.963886,0.000127,-0.000032,0.000025,0.005987,41.772269,41.108632,-3.004194,1.995062,-1.571425,0.000000,0.000000,0.000000,0.000000,0.000000,0.000000
1778249169.275898,0.642692,0.411323,0.963882,0.0000,0.0000,0.0000,0.000000,0.140000,0.000000,0.000000,0.000000,0.000000,0.642708,0.411316,0.963886,0.000123,-0.000053,0.000029,0.005984,41.685710,41.019609,-3.004194,1.995065,-1.571423,0.000000,0.000000,0.000000,0.000000,0.000000,0.000000
1778249169.286171,0.642688,0.411323,0.963881,0.0000,0.0000,0.0000,0.000000,0.140000,0.000000,0.000000,0.000000,0.000000,0.642708,0.411316,0.963886,0.000150,-0.000050,0.000038,0.005982,41.689405,41.025677,-3.004194,1.995061,-1.571421,0.000000,0.000000,0.000000,0.000000,0.000000,0.000000
1778249169.295886,0.642691,0.411320,0.963879,0.0000,0.0000,0.0000,0.000000,0.140000,0.000000,0.000000,0.000000,0.000000,0.642708,0.411316,0.963886,0.000130,-0.000025,0.000054,0.005979,41.722435,41.057829,-3.004194,1.995058,-1.571420,0.000000,0.000000,0.000000,0.000000,0.000000,0.000000
1778249169.305867,0.642692,0.411318,0.963881,0.0000,0.0000,0.0000,0.000000,0.140000,0.000000,0.000000,0.000000,0.000000,0.642708,0.411316,0.963886,0.000125,-0.000012,0.000041,0.005976,41.772874,41.111110,-3.004194,1.995065,-1.571420,0.000000,0.000000,0.000000,0.000000,0.000000,0.000000
