timestamp,pos_x,pos_y,pos_z,force_x,force_y,force_z,adm_disp_x,adm_disp_y,adm_disp_z,adm_vel_x,adm_vel_y,adm_vel_z,ee_des_x,ee_des_y,ee_des_z,ee_vel_cmd_x,ee_vel_cmd_y,ee_vel_cmd_z,qdot_cmd_norm,tau_norm,tau_max_abs,base_x,base_y,base_yaw,base_ref_x,base_ref_y,base_ref_yaw,base_vel_cmd_x,base_vel_cmd_y,base_vel_cmd_yaw
1778249224.333783,0.641578,0.272652,0.958745,0.0000,0.0000,0.0000,0.000000,0.000000,0.000000,0.000000,0.000000,0.000000,0.641536,0.272602,0.958726,-0.000315,-0.000376,-0.000148,0.000885,40.703417,40.066229,-3.003755,1.996575,-1.573066,0.000000,0.000000,0.000000,0.000000,0.000000,0.000000
1778249224.343643,0.641575,0.272652,0.958746,0.0000,0.0000,0.0000,0.000000,0.000000,0.000000,0.000000,0.000000,0.000000,0.641536,0.272602,0.958726,-0.000315,-0.000376,-0.000148,0.000885,40.703417,40.066229,-3.003755,1.996563,-1.573057,0.000000,0.000000,0.000000,0.000000,0.000000,0.000000
1778249224.353474,0.641574,0.272652,0.958745,0.0000,0.0000,0.0000,0.000000,0.000000,0.000000,0.000000,0.000000,0.000000,0.641536,0.272602,0.958726,-0.000284,-0.000371,-0.000143,0.000833,40.697190,40.060002,-3.003756,1.996550,-1.573048,0.000000,0.000000,0.000000,0.000000,0.000000,0.000000
1778249224.363548,0.641577,0.272651,0.958743,0.0000,0.0000,0.0000,0.000000,0.000000,0.000000,0.000000,0.000000,0.000000,0.641536,0.272602,0.958726,-0.000309,-0.000369,-0.000131,0.000825,40.692540,40.051224,-3.003757,1.996538,-1.573038,0.000000,0.000000,0.000000,0.000000,0.000000,0.000000
1778249224.373601,0.641578,0.272649,0.958744,0.0000,0.0000,0.0000,0.000000,0.000000,0.000000,0.000000,0.000000,0.000000,0.641536,0.272602,0.958726,-0.000315,-0.000351,-0.000138,0.000820,40.678691,40.039793,-3.003758,1.996528,-1.573028,0.000000,0.000000,0.000000,0.000000,0.000000,0.000000
1778249224.383608,0.641577,0.272647,0.958744,0.0000,0.0000,0.0000,0.000000,0.000000,0.000000,0.000000,0.000000,0.000000,0.641536,0.272602,0.958726,-0.000309,-0.000339,-0.000139,0.000812,40.695458,40.055816,-3.003758,1.996517,-1.573018,0.000000,0.000000,0.000000,0.000000,0.000000,0.000000
1778249224.393977,0.641573,0.272647,0.958745,0.0000,0.0000,0.0000,0.000000,0.000000,0.000000,0.000000,0.000000,0.000000,0.641536,0.272602,0.958726,-0.000276,-0.000336,-0.000145,0.000796,40.683249,40.048850,-3.003759,1.996506,-1.573008,0.000000,0.000000,0.000000,0.000000,0.000000,0.000000
1778249224.403751,0.641573,0.272646,0.958744,0.0000,0.0000,0.0000,0.000000,0.000000,0.000000,0.000000,0.000000,0.000000,0.641536,0.272602,0.958726,-0.000274,-0.000332,-0.000136,0.000781,40.703470,40.062882,-3.003760,1.996491,-1.572996,0.000000,0.000000,0.000000,0.000000,0.000000,0.000000
1778249224.413917,0.641575,0.272646,0.958742,0.0000,0.0000,0.0000,0.000000,0.000000,0.000000,0.000000,0.000000,0.000000,0.641536,0.272602,0.958726,-0.000294,-0.000332,-0.000123,0.000776,40.694779,40.054079,-3.003760,1.996481,-1.572985,0.000000,0.000000,0.000000,0.000000,0.000000,0.000000
1778249224.423722,0.641574,0.272645,0.958743,0.0000,0.0000,0.0000,0.000000,0.000000,0.000000,0.000000,0.000000,0.000000,0.641536,0.272602,0.958726,-0.000287,-0.000320,-0.000132,0.000770,40.674068,40.039739,-3.003761,1.996470,-1.572976,0.000000,0.000000,0.000000,0.000000,0.000000,0.000000
1778249224.433871,0.641566,0.272642,0.958746,0.0000,0.0000,0.0000,0.000000,0.000000,0.000000,0.000000,0.000000,0.000000,0.641536,0.272602,0.958726,-0.000222,-0.000297,-0.000151,0.000743,40.702709,40.066584,-3.003761,1.996453,-1.572967,0.000000,0.000000,0.000000,0.000000,0.000000,0.000000
1778249224.443783,0.641569,0.272643,0.958742,0.0000,0.0000,0.0000,0.000000,0.000000,0.000000,0.000000,0.000000,0.000000,0.641536,0.272602,0.958726,-0.000222,-0.000297,-0.000151,0.000743,40.702709,40.066584,-3.003762,1.996444,-1.572954,0.000000,0.000000,0.000000,0.000000,0.000000,0.000000
1778249224.453638,0.641574,0.272643,0.958740,0.0000,0.0000,0.0000,0.000000,0.000000,0.000000,0.000000,0.000000,0.000000,0.641536,0.272602,0.958726,-0.000285,-0.000307,-0.000106,0.000729,40.687566,40.046083,-3.003763,1.996437,-1.572946,0.000000,0.000000,0.000000,0.000000,0.000000,0.000000
1778249224.463734,0.641570,0.272640,0.958743,0.0000,0.0000,0.0000,0.000000,0.000000,0.000000,0.000000,0.000000,0.000000,0.641536,0.272602,0.958726,-0.000253,-0.000282,-0.000131,0.000720,40.670841,40.037255,-3.003763,1.996427,-1.572936,0.000000,0.000000,0.000000,0.000000,0.000000,0.000000
1778249224.473633,0.641560,0.272638,0.958745,0.0000,0.0000,0.0000,0.000000,0.000000,0.000000,0.000000,0.000000,0.000000,0.641536,0.272602,0.958726,-0.000178,-0.000271,-0.000143,0.000687,40.705903,40.069066,-3.003763,1.996408,-1.572930,0.000000,0.000000,0.000000,0.000000,0.000000,0.000000
1778249224.483570,0.641561,0.272639,0.958741,0.0000,0.0000,0.0000,0.000000,0.000000,0.000000,0.000000,0.000000,0.000000,0.641536,0.272602,0.958726,-0.000187,-0.000275,-0.000115,0.000664,40.712134,40.072639,-3.003764,1.996394,-1.572916,0.000000,0.000000,0.000000,0.000000,0.000000,0.000000
1778249224.493479,0.641566,0.272639,0.958739,0.0000,0.0000,0.0000,0.000000,0.000000,0.000000,0.000000,0.000000,0.000000,0.641536,0.272602,0.958726,-0.000226,-0.000277,-0.000098,0.000659,40.688383,40.048488,-3.003764,1.996385,-1.572903,0.000000,0.000000,0.000000,0.000000,0.000000,0.000000
1778249224.503346,0.641574,0.272637,0.958738,0.0000,0.0000,0.0000,0.000000,0.000000,0.000000,0.000000,0.000000,0.000000,0.641536,0.272602,0.958726,-0.000282,-0.000264,-0.000094,0.000672,40.676388,40.037160,-3.003765,1.996380,-1.572890,0.000000,0.000000,0.000000,0.000000,0.000000,0.000000
1778249224.513479,0.641569,0.272633,0.958742,0.0000,0.0000,0.0000,0.000000,0.000000,0.000000,0.000000,0.000000,0.000000,0.641536,0.272602,0.958726,-0.000250,-0.000229,-0.000124,0.000671,40.676876,40.040270,-3.003766,1.996368,-1.572881,0.000000,0.000000,0.000000,0.000000,0.000000,0.000000
1778249224.523441,0.641567,0.272631,0.958741,0.0000,0.0000,0.0000,0.000000,0.000000,0.000000,0.000000,0.000000,0.000000,0.641536,0.272602,0.958726,-0.000235,-0.000219,-0.000114,0.000661,40.716378,40.075834,-3.003766,1.996354,-1.572870,0.000000,0.000000,0.000000,0.000000,0.000000,0.000000
1778249224.533448,0.641569,0.272631,0.958739,0.0000,0.0000,0.0000,0.000000,0.000000,0.000000,0.000000,0.000000,0.000000,0.641536,0.272602,0.958726,-0.000248,-0.000217,-0.000101,0.000657,40.691055,40.052332,-3.003766,1.996344,-1.572857,0.000000,0.000000,0.000000,0.000000,0.000000,0.000000
1778249224.543500,0.641567,0.272629,0.958739,0.0000,0.0000,0.0000,0.000000,0.000000,0.000000,0.000000,0.000000,0.000000,0.641536,0.272602,0.958726,-0.000234,-0.000205,-0.000103,0.000647,40.694582,40.055696,-3.003766,1.996331,-1.572845,0.000000,0.000000,0.000000,0.000000,0.000000,0.000000
1778249224.553587,0.641568,0.272628,0.958737,0.0000,0.0000,0.0000,0.000000,0.000000,0.000000,0.000000,0.000000,0.000000,0.641536,0.272602,0.958726,-0.000241,-0.000192,-0.000088,0.000639,40.705781,40.064715,-3.003766,1.996319,-1.572831,0.000000,0.000000,0.000000,0.000000,0.000000,0.000000
1778249224.563601,0.641565,0.272626,0.958739,0.0000,0.0000,0.0000,0.000000,0.000000,0.000000,0.000000,0.000000,0.000000,0.641536,0.272602,0.958726,-0.000216,-0.000178,-0.000097,0.000625,40.688582,40.053180,-3.003766,1.996308,-1.572816,0.000000,0.000000,0.000000,0.000000,0.000000,0.000000
1778249224.573559,0.641568,0.272624,0.958736,0.0000,0.0000,0.0000,0.000000,0.000000,0.000000,0.000000,0.000000,0.000000,0.641536,0.272602,0.958726,-0.000241,-0.000162,-0.000080,0.000619,40.702811,40.060860,-3.003766,1.996296,-1.572802,0.000000,0.000000,0.000000,0.000000,0.000000,0.000000
1778249224.583643,0.641563,0.272621,0.958739,0.0000,0.0000,0.0000,0.000000,0.000000,0.000000,0.000000,0.000000,0.000000,0.641536,0.272602,0.958726,-0.000203,-0.000144,-0.000101,0.000603,40.676225,40.042890,-3.003766,1.996285,-1.572787,0.000000,0.000000,0.000000,0.000000,0.000000,0.000000
1778249224.593498,0.641557,0.272620,0.958737,0.0000,0.0000,0.0000,0.000000,0.000000,0.000000,0.000000,0.000000,0.000000,0.641536,0.272602,0.958726,-0.000157,-0.000134,-0.000089,0.000573,40.727240,40.087448,-3.003766,1.996265,-1.572776,0.000000,0.000000,0.000000,0.000000,0.000000,0.000000
1778249224.603458,0.641564,0.272617,0.958733,0.0000,0.0000,0.0000,0.000000,0.000000,0.000000,0.000000,0.000000,0.000000,0.641536,0.272602,0.958726,-0.000208,-0.000113,-0.000057,0.000562,40.695543,40.056303,-3.003765,1.996255,-1.572755,0.000000,0.000000,0.000000,0.000000,0.000000,0.000000
1778249224.613753,0.641562,0.272614,0.958736,0.0000,0.0000,0.0000,0.000000,0.000000,0.000000,0.000000,0.000000,0.000000,0.641536,0.272602,0.958726,-0.000208,-0.000113,-0.000057,0.000562,40.695543,40.056303,-3.003764,1.996239,-1.572734,0.000000,0.000000,0.000000,0.000000,0.000000,0.000000
1778249224.623645,0.641557,0.272611,0.958737,0.0000,0.0000,0.0000,0.000000,0.000000,0.000000,0.000000,0.000000,0.000000,0.641536,0.272602,0.958726,-0.000158,-0.000064,-0.000090,0.000534,40.707355,40.068708,-3.003764,1.996227,-1.572723,0.000000,0.000000,0.000000,0.000000,0.000000,0.000000
1778249224.633597,0.641561,0.272608,0.958734,0.0000,0.0000,0.0000,0.000000,0.000000,0.000000,0.000000,0.000000,0.000000,0.641536,0.272602,0.958726,-0.000185,-0.000046,-0.000066,0.000525,40.703383,40.063879,-3.003763,1.996214,-1.572704,0.000000,0.000000,0.000000,0.000000,0.000000,0.000000
1778249224.643562,0.641560,0.272606,0.958735,0.0000,0.0000,0.0000,0.000000,0.000000,0.000000,0.000000,0.000000,0.000000,0.641536,0.272602,0.958726,-0.000176,-0.000029,-0.000075,0.000517,40.688021,40.050105,-3.003763,1.996201,-1.572686,0.000000,0.000000,0.000000,0.000000,0.000000,0.000000
1778249224.653386,0.641560,0.272604,0.958736,0.0000,0.0000,0.0000,0.000000,0.000000,0.000000,0.000000,0.000000,0.000000,0.641536,0.272602,0.958726,-0.000177,-0.000011,-0.000079,0.000513,40.667924,40.032400,-3.003762,1.996190,-1.572666,0.000000,0.000000,0.000000,0.000000,0.000000,0.000000
1778249224.663426,0.641556,0.272602,0.958737,0.0000,0.0000,0.0000,0.000000,0.000000,0.000000,0.000000,0.000000,0.000000,0.641536,0.272602,0.958726,-0.000146,0.000001,-0.000090,0.000502,40.684886,40.048805,-3.003761,1.996174,-1.572649,0.000000,0.000000,0.000000,0.000000,0.000000,0.000000
1778249224.673309,0.641555,0.272600,0.958735,0.0000,0.0000,0.0000,0.000000,0.000000,0.000000,0.000000,0.000000,0.000000,0.641536,0.272602,0.958726,-0.000140,0.000012,-0.000072,0.000489,40.718521,40.078662,-3.003761,1.996157,-1.572632,0.000000,0.000000,0.000000,0.000000,0.000000,0.000000
1778249224.683599,0.641560,0.272599,0.958732,0.0000,0.0000,0.0000,0.000000,0.000000,0.000000,0.000000,0.000000,0.000000,0.641536,0.272602,0.958726,-0.000180,0.000025,-0.000049,0.000489,40.691296,40.051113,-3.003760,1.996144,-1.572610,0.000000,0.000000,0.000000,0.000000,0.000000,0.000000
1778249224.693488,0.641559,0.272597,0.958735,0.0000,0.0000,0.0000,0.000000,0.000000,0.000000,0.000000,0.000000,0.000000,0.641536,0.272602,0.958726,-0.000171,0.000041,-0.000068,0.000491,40.682659,40.043557,-3.003759,1.996131,-1.572592,0.000000,0.000000,0.000000,0.000000,0.000000,0.000000
1778249224.703308,0.641561,0.272596,0.958734,0.0000,0.0000,0.0000,0.000000,0.000000,0.000000,0.000000,0.000000,0.000000,0.641536,0.272602,0.958726,-0.000191,0.000049,-0.000067,0.000499,40.666189,40.029648,-3.003758,1.996121,-1.572569,0.000000,0.000000,0.000000,0.000000,0.000000,0.000000
1778249224.713431,0.641554,0.272596,0.958737,0.0000,0.0000,0.0000,0.000000,0.000000,0.000000,0.000000,0.000000,0.000000,0.641536,0.272602,0.958726,-0.000137,0.000047,-0.000088,0.000490,40.701999,40.066910,-3.003758,1.996105,-1.572552,0.000000,0.000000,0.000000,0.000000,0.000000,0.000000
1778249224.723373,0.641560,0.272597,0.958732,0.0000,0.0000,0.0000,0.000000,0.000000,0.000000,0.000000,0.000000,0.000000,0.641536,0.272602,0.958726,-0.000178,0.000042,-0.000052,0.000491,40.722841,40.079749,-3.003757,1.996091,-1.572532,0.000000,0.000000,0.000000,0.000000,0.000000,0.000000
1778249224.733483,0.641563,0.272597,0.958732,0.0000,0.0000,0.0000,0.000000,0.000000,0.000000,0.000000,0.000000,0.000000,0.641536,0.272602,0.958726,-0.000204,0.000036,-0.000052,0.000501,40.669821,40.034525,-3.003757,1.996082,-1.572508,0.000000,0.000000,0.000000,0.000000,0.000000,0.000000
1778249224.743489,0.641559,0.272597,0.958735,0.0000,0.0000,0.0000,0.000000,0.000000,0.000000,0.000000,0.000000,0.000000,0.641536,0.272602,0.958726,-0.000174,0.000036,-0.000069,0.000500,40.699878,40.061876,-3.003756,1.996066,-1.572490,0.000000,0.000000,0.000000,0.000000,0.000000,0.000000
1778249224.753528,0.641566,0.272598,0.958731,0.0000,0.0000,0.0000,0.000000,0.000000,0.000000,0.000000,0.000000,0.000000,0.641536,0.272602,0.958726,-0.000222,0.000030,-0.000044,0.000512,40.698098,40.058201,-3.003756,1.996056,-1.572467,0.000000,0.000000,0.000000,0.000000,0.000000,0.000000
1778249224.763501,0.641562,0.272599,0.958734,0.0000,0.0000,0.0000,0.000000,0.000000,0.000000,0.000000,0.000000,0.000000,0.641536,0.272602,0.958726,-0.000195,0.000022,-0.000066,0.000515,40.687888,40.050442,-3.003756,1.996042,-1.572448,0.000000,0.000000,0.000000,0.000000,0.000000,0.000000
1778249224.773425,0.641563,0.272602,0.958732,0.0000,0.0000,0.0000,0.000000,0.000000,0.000000,0.000000,0.000000,0.000000,0.641536,0.272602,0.958726,-0.000200,0.000003,-0.000052,0.000515,40.706741,40.065006,-3.003756,1.996027,-1.572429,0.000000,0.000000,0.000000,0.000000,0.000000,0.000000
1778249224.783943,0.641564,0.272605,0.958730,0.0000,0.0000,0.0000,0.000000,0.000000,0.000000,0.000000,0.000000,0.000000,0.641536,0.272602,0.958726,-0.000212,-0.000025,-0.000037,0.000518,40.745847,40.110621,-3.003755,1.996019,-1.572405,0.000000,0.000000,0.000000,0.000000,0.000000,0.000000
1778249224.793815,0.641564,0.272607,0.958730,0.0000,0.0000,0.0000,0.000000,0.000000,0.000000,0.000000,0.000000,0.000000,0.641536,0.272602,0.958726,-0.000212,-0.000025,-0.000037,0.000518,40.745847,40.110621,-3.003755,1.995999,-1.572382,0.000000,0.000000,0.000000,0.000000,0.000000,0.000000
1778249224.803797,0.641562,0.272607,0.958734,0.0000,0.0000,0.0000,0.000000,0.000000,0.000000,0.000000,0.000000,0.000000,0.641536,0.272602,0.958726,-0.000196,-0.000038,-0.000062,0.000519,40.673298,40.035813,-3.003756,1.995987,-1.572362,0.000000,0.000000,0.000000,0.000000,0.000000,0.000000
1778249224.813751,0.641561,0.272607,0.958736,0.0000,0.0000,0.0000,0.000000,0.000000,0.000000,0.000000,0.000000,0.000000,0.641536,0.272602,0.958726,-0.000188,-0.000039,-0.000078,0.000520,40.700684,40.060560,-3.003756,1.995974,-1.572343,0.000000,0.000000,0.000000,0.000000,0.000000,0.000000
1778249224.823719,0.641565,0.272608,0.958735,0.0000,0.0000,0.0000,0.000000,0.000000,0.000000,0.000000,0.000000,0.000000,0.641536,0.272602,0.958726,-0.000215,-0.000046,-0.000070,0.000529,40.691574,40.051941,-3.003756,1.995964,-1.572320,0.000000,0.000000,0.000000,0.000000,0.000000,0.000000
1778249224.833384,0.641564,0.272610,0.958736,0.0000,0.0000,0.0000,0.000000,0.000000,0.000000,0.000000,0.000000,0.000000,0.641536,0.272602,0.958726,-0.000208,-0.000061,-0.000080,0.000535,40.678992,40.043116,-3.003756,1.995951,-1.572300,0.000000,0.000000,0.000000,0.000000,0.000000,0.000000
1778249224.843398,0.641567,0.272612,0.958736,0.0000,0.0000,0.0000,0.000000,0.000000,0.000000,0.000000,0.000000,0.000000,0.641536,0.272602,0.958726,-0.000235,-0.000074,-0.000078,0.000549,40.669533,40.032166,-3.003757,1.995942,-1.572278,0.000000,0.000000,0.000000,0.000000,0.000000,0.000000
1778249224.853761,0.641565,0.272618,0.958733,0.0000,0.0000,0.0000,0.000000,0.000000,0.000000,0.000000,0.000000,0.000000,0.641536,0.272602,0.958726,-0.000215,-0.000115,-0.000059,0.000551,40.698170,40.061405,-3.003758,1.995922,-1.572256,0.000000,0.000000,0.000000,0.000000,0.000000,0.000000
1778249224.863343,0.641565,0.272618,0.958734,0.0000,0.0000,0.0000,0.000000,0.000000,0.000000,0.000000,0.000000,0.000000,0.641536,0.272602,0.958726,-0.000219,-0.000119,-0.000066,0.000555,40.694161,40.055034,-3.003758,1.995910,-1.572232,0.000000,0.000000,0.000000,0.000000,0.000000,0.000000
1778249224.873607,0.641570,0.272618,0.958733,0.0000,0.0000,0.0000,0.000000,0.000000,0.000000,0.000000,0.000000,0.000000,0.641536,0.272602,0.958726,-0.000258,-0.000116,-0.000059,0.000571,40.694190,40.054888,-3.003759,1.995902,-1.572208,0.000000,0.000000,0.000000,0.000000,0.000000,0.000000
1778249224.883271,0.641567,0.272622,0.958732,0.0000,0.0000,0.0000,0.000000,0.000000,0.000000,0.000000,0.000000,0.000000,0.641536,0.272602,0.958726,-0.000236,-0.000148,-0.000052,0.000575,40.690167,40.053263,-3.003760,1.995886,-1.572190,0.000000,0.000000,0.000000,0.000000,0.000000,0.000000
1778249224.893449,0.641564,0.272622,0.958734,0.0000,0.0000,0.0000,0.000000,0.000000,0.000000,0.000000,0.000000,0.000000,0.641536,0.272602,0.958726,-0.000211,-0.000152,-0.000064,0.000571,40.694275,40.056402,-3.003761,1.995872,-1.572168,0.000000,0.000000,0.000000,0.000000,0.000000,0.000000
1778249224.903335,0.641566,0.272622,0.958734,0.0000,0.0000,0.0000,0.000000,0.000000,0.000000,0.000000,0.000000,0.000000,0.641536,0.272602,0.958726,-0.000226,-0.000152,-0.000067,0.000575,40.697323,40.057703,-3.003762,1.995861,-1.572144,0.000000,0.000000,0.000000,0.000000,0.000000,0.000000
1778249224.913562,0.641568,0.272623,0.958734,0.0000,0.0000,0.0000,0.000000,0.000000,0.000000,0.000000,0.000000,0.000000,0.641536,0.272602,0.958726,-0.000243,-0.000156,-0.000063,0.000584,40.682541,40.043039,-3.003763,1.995848,-1.572114,0.000000,0.000000,0.000000,0.000000,0.000000,0.000000
1778249224.923406,0.641566,0.272624,0.958735,0.0000,0.0000,0.0000,0.000000,0.000000,0.000000,0.000000,0.000000,0.000000,0.641536,0.272602,0.958726,-0.000223,-0.000167,-0.000069,0.000584,40.702777,40.064228,-3.003764,1.995834,-1.572092,0.000000,0.000000,0.000000,0.000000,0.000000,0.000000
1778249224.933258,0.641567,0.272625,0.958734,0.0000,0.0000,0.0000,0.000000,0.000000,0.000000,0.000000,0.000000,0.000000,0.641536,0.272602,0.958726,-0.000231,-0.000175,-0.000061,0.000587,40.701707,40.060063,-3.003765,1.995818,-1.572062,0.000000,0.000000,0.000000,0.000000,0.000000,0.000000
1778249224.943256,0.641566,0.272625,0.958734,0.0000,0.0000,0.0000,0.000000,0.000000,0.000000,0.000000,0.000000,0.000000,0.641536,0.272602,0.958726,-0.000228,-0.000174,-0.000062,0.000589,40.688067,40.051224,-3.003766,1.995808,-1.572036,0.000000,0.000000,0.000000,0.000000,0.000000,0.000000
1778249224.953395,0.641559,0.272625,0.958737,0.0000,0.0000,0.0000,0.000000,0.000000,0.000000,0.000000,0.000000,0.000000,0.641536,0.272602,0.958726,-0.000169,-0.000174,-0.000084,0.000572,40.697049,40.060689,-3.003767,1.995792,-1.572013,0.000000,0.000000,0.000000,0.000000,0.000000,0.000000
1778249224.963407,0.641557,0.272627,0.958734,0.0000,0.0000,0.0000,0.000000,0.000000,0.000000,0.000000,0.000000,0.000000,0.641536,0.272602,0.958726,-0.000161,-0.000186,-0.000065,0.000557,40.714602,40.073233,-3.003768,1.995777,-1.571988,0.000000,0.000000,0.000000,0.000000,0.000000,0.000000
1778249224.973514,0.641561,0.272626,0.958733,0.0000,0.0000,0.0000,0.000000,0.000000,0.000000,0.000000,0.000000,0.000000,0.641536,0.272602,0.958726,-0.000188,-0.000178,-0.000057,0.000554,40.673355,40.033880,-3.003769,1.995766,-1.571959,0.000000,0.000000,0.000000,0.000000,0.000000,0.000000
1778249224.983392,0.641554,0.272625,0.958737,0.0000,0.0000,0.0000,0.000000,0.000000,0.000000,0.000000,0.000000,0.000000,0.641536,0.272602,0.958726,-0.000133,-0.000173,-0.000088,0.000539,40.669419,40.036250,-3.003770,1.995752,-1.571932,0.000000,0.000000,0.000000,0.000000,0.000000,0.000000
1778249224.993347,0.641549,0.272626,0.958737,0.0000,0.0000,0.0000,0.000000,0.000000,0.000000,0.000000,0.000000,0.000000,0.641536,0.272602,0.958726,-0.000099,-0.000182,-0.000083,0.000519,40.715080,40.075888,-3.003771,1.995735,-1.571909,0.000000,0.000000,0.000000,0.000000,0.000000,0.000000
1778249225.003565,0.641554,0.272628,0.958734,0.0000,0.0000,0.0000,0.000000,0.000000,0.000000,0.000000,0.000000,0.000000,0.641536,0.272602,0.958726,-0.000133,-0.000194,-0.000063,0.000515,40.682662,40.044837,-3.003773,1.995726,-1.571879,0.000000,0.000000,0.000000,0.000000,0.000000,0.000000
1778249225.013441,0.641549,0.272628,0.958737,0.0000,0.0000,0.0000,0.000000,0.000000,0.000000,0.000000,0.000000,0.000000,0.641536,0.272602,0.958726,-0.000098,-0.000191,-0.000083,0.000505,40.690941,40.055395,-3.003774,1.995711,-1.571854,0.000000,0.000000,0.000000,0.000000,0.000000,0.000000
1778249225.023735,0.641547,0.272630,0.958736,0.0000,0.0000,0.0000,0.000000,0.000000,0.000000,0.000000,0.000000,0.000000,0.641536,0.272602,0.958726,-0.000082,-0.000211,-0.000081,0.000498,40.686222,40.050233,-3.003776,1.995694,-1.571823,0.000000,0.000000,0.000000,0.000000,0.000000,0.000000
1778249225.033669,0.641548,0.272631,0.958736,0.0000,0.0000,0.0000,0.000000,0.000000,0.000000,0.000000,0.000000,0.000000,0.641536,0.272602,0.958726,-0.000086,-0.000217,-0.000076,0.000495,40.679486,40.042367,-3.003778,1.995681,-1.571797,0.000000,0.000000,0.000000,0.000000,0.000000,0.000000
1778249225.043649,0.641547,0.272630,0.958736,0.0000,0.0000,0.0000,0.000000,0.000000,0.000000,0.000000,0.000000,0.000000,0.641536,0.272602,0.958726,-0.000081,-0.000210,-0.000081,0.000492,40.692693,40.054263,-3.003778,1.995670,-1.571778,0.000000,0.000000,0.000000,0.000000,0.000000,0.000000
1778249225.053836,0.641548,0.272632,0.958735,0.0000,0.0000,0.0000,0.000000,0.000000,0.000000,0.000000,0.000000,0.000000,0.641536,0.272602,0.958726,-0.000088,-0.000225,-0.000070,0.000492,40.695264,40.056357,-3.003779,1.995658,-1.571752,0.000000,0.000000,0.000000,0.000000,0.000000,0.000000
1778249225.063521,0.641550,0.272633,0.958734,0.0000,0.0000,0.0000,0.000000,0.000000,0.000000,0.000000,0.000000,0.000000,0.641536,0.272602,0.958726,-0.000104,-0.000230,-0.000061,0.000495,40.694202,40.055526,-3.003781,1.995646,-1.571725,0.000000,0.000000,0.000000,0.000000,0.000000,0.000000
1778249225.073712,0.641544,0.272635,0.958736,0.0000,0.0000,0.0000,0.000000,0.000000,0.000000,0.000000,0.000000,0.000000,0.641536,0.272602,0.958726,-0.000060,-0.000244,-0.000079,0.000493,40.693262,40.059399,-3.003782,1.995632,-1.571702,0.000000,0.000000,0.000000,0.000000,0.000000,0.000000
1778249225.083702,0.641543,0.272637,0.958734,0.0000,0.0000,0.0000,0.000000,0.000000,0.000000,0.000000,0.000000,0.000000,0.641536,0.272602,0.958726,-0.000053,-0.000259,-0.000066,0.000492,40.714166,40.073173,-3.003783,1.995616,-1.571680,0.000000,0.000000,0.000000,0.000000,0.000000,0.000000
1778249225.093403,0.641550,0.272638,0.958731,0.0000,0.0000,0.0000,0.000000,0.000000,0.000000,0.000000,0.000000,0.000000,0.641536,0.272602,0.958726,-0.000103,-0.000271,-0.000038,0.000499,40.715067,40.072725,-3.003783,1.995606,-1.571652,0.000000,0.000000,0.000000,0.000000,0.000000,0.000000
1778249225.103960,0.641554,0.272639,0.958729,0.0000,0.0000,0.0000,0.000000,0.000000,0.000000,0.000000,0.000000,0.000000,0.641536,0.272602,0.958726,-0.000137,-0.000276,-0.000030,0.000512,40.726178,40.090240,-3.003784,1.995600,-1.571625,0.000000,0.000000,0.000000,0.000000,0.000000,0.000000
1778249225.113611,0.641548,0.272643,0.958729,0.0000,0.0000,0.0000,0.000000,0.000000,0.000000,0.000000,0.000000,0.000000,0.641536,0.272602,0.958726,-0.000090,-0.000307,-0.000026,0.000516,40.678210,40.040139,-3.003786,1.995580,-1.571611,0.000000,0.000000,0.000000,0.000000,0.000000,0.000000
1778249225.123608,0.641549,0.272641,0.958733,0.0000,0.0000,0.0000,0.000000,0.000000,0.000000,0.000000,0.000000,0.000000,0.641536,0.272602,0.958726,-0.000094,-0.000292,-0.000053,0.000521,40.655522,40.018519,-3.003787,1.995572,-1.571584,0.000000,0.000000,0.000000,0.000000,0.000000,0.000000
1778249225.133625,0.641542,0.272639,0.958738,0.0000,0.0000,0.0000,0.000000,0.000000,0.000000,0.000000,0.000000,0.000000,0.641536,0.272602,0.958726,-0.000041,-0.000276,-0.000091,0.000515,40.681017,40.044811,-3.003787,1.995558,-1.571563,0.000000,0.000000,0.000000,0.000000,0.000000,0.000000
1778249225.143754,0.641547,0.272638,0.958735,0.0000,0.0000,0.0000,0.000000,0.000000,0.000000,0.000000,0.000000,0.000000,0.641536,0.272602,0.958726,-0.000084,-0.000269,-0.000072,0.000516,40.711982,40.072109,-3.003788,1.995547,-1.571531,0.000000,0.000000,0.000000,0.000000,0.000000,0.000000
1778249225.153918,0.641545,0.272638,0.958736,0.0000,0.0000,0.0000,0.000000,0.000000,0.000000,0.000000,0.000000,0.000000,0.641536,0.272602,0.958726,-0.000069,-0.000266,-0.000082,0.000514,40.689041,40.053911,-3.003788,1.995537,-1.571514,0.000000,0.000000,0.000000,0.000000,0.000000,0.000000
1778249225.163533,0.641541,0.272638,0.958737,0.0000,0.0000,0.0000,0.000000,0.000000,0.000000,0.000000,0.000000,0.000000,0.641536,0.272602,0.958726,-0.000037,-0.000268,-0.000087,0.000509,40.708850,40.070715,-3.003788,1.995522,-1.571494,0.000000,0.000000,0.000000,0.000000,0.000000,0.000000
1778249225.173775,0.641542,0.272638,0.958736,0.0000,0.0000,0.0000,0.000000,0.000000,0.000000,0.000000,0.000000,0.000000,0.641536,0.272602,0.958726,-0.000048,-0.000268,-0.000077,0.000506,40.701662,40.061793,-3.003789,1.995510,-1.571469,0.000000,0.000000,0.000000,0.000000,0.000000,0.000000
1778249225.183790,0.641549,0.272637,0.958734,0.0000,0.0000,0.0000,0.000000,0.000000,0.000000,0.000000,0.000000,0.000000,0.641536,0.272602,0.958726,-0.000101,-0.000265,-0.000063,0.000510,40.674932,40.036233,-3.003789,1.995502,-1.571444,0.000000,0.000000,0.000000,0.000000,0.000000,0.000000
1778249225.193559,0.641545,0.272635,0.958738,0.0000,0.0000,0.0000,0.000000,0.000000,0.000000,0.000000,0.000000,0.000000,0.641536,0.272602,0.958726,-0.000069,-0.000247,-0.000091,0.000508,40.668560,40.034156,-3.003790,1.995490,-1.571422,0.000000,0.000000,0.000000,0.000000,0.000000,0.000000
1778249225.203938,0.641546,0.272634,0.958736,0.0000,0.0000,0.0000,0.000000,0.000000,0.000000,0.000000,0.000000,0.000000,0.641536,0.272602,0.958726,-0.000077,-0.000236,-0.000080,0.000505,40.707035,40.067286,-3.003790,1.995477,-1.571399,0.000000,0.000000,0.000000,0.000000,0.000000,0.000000
1778249225.213563,0.641547,0.272633,0.958736,0.0000,0.0000,0.0000,0.000000,0.000000,0.000000,0.000000,0.000000,0.000000,0.641536,0.272602,0.958726,-0.000083,-0.000233,-0.000078,0.000503,40.686115,40.048021,-3.003790,1.995467,-1.571376,0.000000,0.000000,0.000000,0.000000,0.000000,0.000000
1778249225.223870,0.641551,0.272633,0.958734,0.0000,0.0000,0.0000,0.000000,0.000000,0.000000,0.000000,0.000000,0.000000,0.641536,0.272602,0.958726,-0.000113,-0.000228,-0.000064,0.000505,40.707067,40.064830,-3.003791,1.995456,-1.571353,0.000000,0.000000,0.000000,0.000000,0.000000,0.000000
1778249225.233532,0.641547,0.272636,0.958732,0.0000,0.0000,0.0000,0.000000,0.000000,0.000000,0.000000,0.000000,0.000000,0.641536,0.272602,0.958726,-0.000086,-0.000257,-0.000052,0.000504,40.677308,40.042661,-3.003791,1.995443,-1.571333,0.000000,0.000000,0.000000,0.000000,0.000000,0.000000
1778249225.243522,0.641545,0.272635,0.958734,0.0000,0.0000,0.0000,0.000000,0.000000,0.000000,0.000000,0.000000,0.000000,0.641536,0.272602,0.958726,-0.000065,-0.000246,-0.000063,0.000499,40.696869,40.056556,-3.003791,1.995429,-1.571311,0.000000,0.000000,0.000000,0.000000,0.000000,0.000000
1778249225.254073,0.641549,0.272633,0.958733,0.0000,0.0000,0.0000,0.000000,0.000000,0.000000,0.000000,0.000000,0.000000,0.641536,0.272602,0.958726,-0.000097,-0.000233,-0.000056,0.000499,40.688147,40.047331,-3.003792,1.995420,-1.571278,0.000000,0.000000,0.000000,0.000000,0.000000,0.000000
1778249225.263585,0.641551,0.272630,0.958733,0.0000,0.0000,0.0000,0.000000,0.000000,0.000000,0.000000,0.000000,0.000000,0.641536,0.272602,0.958726,-0.000097,-0.000233,-0.000056,0.000499,40.688147,40.047331,-3.003792,1.995412,-1.571261,0.000000,0.000000,0.000000,0.000000,0.000000,0.000000
1778249225.273613,0.641543,0.272630,0.958736,0.0000,0.0000,0.0000,0.000000,0.000000,0.000000,0.000000,0.000000,0.000000,0.641536,0.272602,0.958726,-0.000052,-0.000207,-0.000077,0.000488,40.688082,40.054425,-3.003792,1.995394,-1.571236,0.000000,0.000000,0.000000,0.000000,0.000000,0.000000
1778249225.283708,0.641546,0.272630,0.958732,0.0000,0.0000,0.0000,0.000000,0.000000,0.000000,0.000000,0.000000,0.000000,0.641536,0.272602,0.958726,-0.000077,-0.000211,-0.000052,0.000483,40.718712,40.076023,-3.003792,1.995386,-1.571209,0.000000,0.000000,0.000000,0.000000,0.000000,0.000000
1778249225.293720,0.641546,0.272634,0.958730,0.0000,0.0000,0.0000,0.000000,0.000000,0.000000,0.000000,0.000000,0.000000,0.641536,0.272602,0.958726,-0.000077,-0.000211,-0.000052,0.000483,40.718712,40.076023,-3.003792,1.995372,-1.571189,0.000000,0.000000,0.000000,0.000000,0.000000,0.000000
1778249225.304148,0.641544,0.272633,0.958730,0.0000,0.0000,0.0000,0.000000,0.000000,0.000000,0.000000,0.000000,0.000000,0.641536,0.272602,0.958726,-0.000056,-0.000231,-0.000035,0.000476,40.693276,40.053055,-3.003792,1.995360,-1.571165,0.000000,0.000000,0.000000,0.000000,0.000000,0.000000
1778249225.314019,0.641548,0.272630,0.958730,0.0000,0.0000,0.0000,0.000000,0.000000,0.000000,0.000000,0.000000,0.000000,0.641536,0.272602,0.958726,-0.000093,-0.000209,-0.000033,0.000476,40.675451,40.035653,-3.003793,1.995352,-1.571139,0.000000,0.000000,0.000000,0.000000,0.000000,0.000000
1778249225.323802,0.641545,0.272627,0.958733,0.0000,0.0000,0.0000,0.000000,0.000000,0.000000,0.000000,0.000000,0.000000,0.641536,0.272602,0.958726,-0.000069,-0.000184,-0.000057,0.000469,40.673353,40.038139,-3.003793,1.995340,-1.571118,0.000000,0.000000,0.000000,0.000000,0.000000,0.000000
1778249225.333599,0.641544,0.272625,0.958733,10.0000,10.0000,10.0000,0.000000,0.000000,0.000000,0.000000,0.000000,0.000000,0.641536,0.272602,0.958726,-0.000069,-0.000184,-0.000057,0.000469,40.673353,40.038139,-3.003793,1.995330,-1.571101,0.000000,0.000000,0.000000,0.000000,0.000000,0.000000
1778249225.343541,0.641547,0.272628,0.958733,10.0000,10.0000,10.0000,0.000486,0.000486,0.000486,0.030600,0.030600,0.030600,0.642022,0.273088,0.959212,0.034160,0.034053,0.034192,0.041347,41.294637,40.652357,-3.003793,1.995321,-1.571075,0.000000,0.000000,0.000000,0.000000,0.000000,0.000000
1778249225.354081,0.641552,0.272638,0.958741,10.0000,10.0000,10.0000,0.000832,0.000832,0.000832,0.034641,0.034641,0.034641,0.642368,0.273435,0.959558,0.040762,0.040612,0.040767,0.063850,41.551307,40.906888,-3.003792,1.995310,-1.571051,0.000000,0.000000,0.000000,0.000000,0.000000,0.000000
1778249225.363816,0.641562,0.272668,0.958761,10.0000,10.0000,10.0000,0.001179,0.001179,0.001179,0.034641,0.034641,0.034641,0.642715,0.273781,0.959904,0.043287,0.042986,0.043219,0.081323,41.719967,41.074242,-3.003792,1.995298,-1.571029,0.000000,0.000000,0.000000,0.000000,0.000000,0.000000
1778249225.373791,0.641588,0.272722,0.958792,10.0000,10.0000,10.0000,0.001525,0.001525,0.001525,0.034641,0.034641,0.034641,0.643061,0.274127,0.960251,0.045689,0.045184,0.045583,0.095271,41.810663,41.161484,-3.003792,1.995286,-1.571005,0.000000,0.000000,0.000000,0.000000,0.000000,0.000000
1778249225.383675,0.641629,0.272801,0.958839,10.0000,10.0000,10.0000,0.001525,0.001525,0.001525,0.034641,0.034641,0.034641,0.643061,0.274127,0.960251,0.045689,0.045184,0.045583,0.095271,41.810663,41.161484,-3.003793,1.995274,-1.570975,0.000000,0.000000,0.000000,0.000000,0.000000,0.000000
1778249225.393602,0.641672,0.272907,0.958906,10.0000,10.0000,10.0000,0.002218,0.002218,0.002218,0.034641,0.034641,0.034641,0.643754,0.274820,0.960944,0.049598,0.048347,0.049271,0.115793,41.841637,41.197861,-3.003793,1.995263,-1.570960,0.000000,0.000000,0.000000,0.000000,0.000000,0.000000
1778249225.403679,0.641735,0.273042,0.958984,10.0000,10.0000,10.0000,0.002564,0.002564,0.002564,0.034641,0.034641,0.034641,0.644100,0.275167,0.961290,0.049783,0.048068,0.049357,0.122036,41.838127,41.190651,-3.003792,1.995251,-1.570935,0.000000,0.000000,0.000000,0.000000,0.000000,0.000000
1778249225.413574,0.641809,0.273203,0.959080,10.0000,10.0000,10.0000,0.002911,0.002911,0.002911,0.034641,0.034641,0.034641,0.644447,0.275513,0.961636,0.050005,0.047746,0.049445,0.126361,41.755701,41.114323,-3.003792,1.995241,-1.570910,0.000000,0.000000,0.000000,0.000000,0.000000,0.000000
1778249225.423906,0.641889,0.273388,0.959191,10.0000,10.0000,10.0000,0.003257,0.003257,0.003257,0.034641,0.034641,0.034641,0.644793,0.275859,0.961983,0.050273,0.047382,0.049523,0.129393,41.718840,41.077419,-3.003792,1.995228,-1.570887,0.000000,0.000000,0.000000,0.000000,0.000000,0.000000
1778249225.434037,0.641982,0.273596,0.959311,10.0000,10.0000,10.0000,0.003604,0.003604,0.003604,0.034641,0.034641,0.034641,0.645140,0.276206,0.962329,0.050538,0.046983,0.049633,0.131551,41.657673,41.019057,-3.003792,1.995218,-1.570861,0.000000,0.000000,0.000000,0.000000,0.000000,0.000000
1778249225.443648,0.642078,0.273825,0.959446,10.0000,10.0000,10.0000,0.003950,0.003950,0.003950,0.034641,0.034641,0.034641,0.645486,0.276552,0.962676,0.050856,0.046543,0.049723,0.133126,41.593970,40.962523,-3.003792,1.995208,-1.570840,0.000000,0.000000,0.000000,0.000000,0.000000,0.000000
1778249225.453594,0.642182,0.274071,0.959589,10.0000,10.0000,10.0000,0.004297,0.004297,0.004297,0.034641,0.034641,0.034641,0.645833,0.276899,0.963022,0.051173,0.046081,0.049829,0.134307,41.575066,40.942639,-3.003792,1.995197,-1.570819,0.000000,0.000000,0.000000,0.000000,0.000000,0.000000
1778249225.463792,0.642294,0.274332,0.959739,10.0000,10.0000,10.0000,0.004643,0.004643,0.004643,0.034641,0.034641,0.034641,0.646179,0.277245,0.963368,0.051489,0.045606,0.049939,0.135223,41.519653,40.890201,-3.003792,1.995190,-1.570798,0.000000,0.000000,0.000000,0.000000,0.000000,0.000000
1778249225.473730,0.642410,0.274604,0.959898,10.0000,10.0000,10.0000,0.004989,0.004989,0.004989,0.034641,0.034641,0.034641,0.646525,0.277591,0.963715,0.051813,0.045123,0.050043,0.135958,41.488864,40.862430,-3.003792,1.995183,-1.570777,0.000000,0.000000,0.000000,0.000000,0.000000,0.000000
1778249225.483533,0.642523,0.274887,0.960064,10.0000,10.0000,10.0000,0.005336,0.005336,0.005336,0.034641,0.034641,0.034641,0.646872,0.277938,0.964061,0.052170,0.044618,0.050125,0.136576,41.470073,40.847118,-3.003792,1.995173,-1.570759,0.000000,0.000000,0.000000,0.000000,0.000000,0.000000
1778249225.493951,0.642644,0.275180,0.960232,10.0000,10.0000,10.0000,0.005336,0.005336,0.005336,0.034641,0.034641,0.034641,0.646872,0.277938,0.964061,0.052170,0.044618,0.050125,0.136576,41.470073,40.847118,-3.003792,1.995162,-1.570735,0.000000,0.000000,0.000000,0.000000,0.000000,0.000000
1778249225.504132,0.642776,0.275478,0.960402,10.0000,10.0000,10.0000,0.006029,0.006029,0.006029,0.034641,0.034641,0.034641,0.647565,0.278631,0.964754,0.052800,0.043616,0.050347,0.137587,41.447190,40.822753,-3.003792,1.995158,-1.570714,0.000000,0.000000,0.000000,0.000000,0.000000,0.000000
1778249225.513480,0.642903,0.275780,0.960580,10.0000,10.0000,10.0000,0.006375,0.006375,0.006375,0.034641,0.034641,0.034641,0.647911,0.278977,0.965100,0.053119,0.043129,0.050431,0.138018,41.428062,40.806867,-3.003792,1.995153,-1.570702,0.000000,0.000000,0.000000,0.000000,0.000000,0.000000
1778249225.523679,0.643030,0.276086,0.960760,10.0000,10.0000,10.0000,0.006375,0.006375,0.006375,0.034641,0.034641,0.034641,0.647911,0.278977,0.965100,0.053119,0.043129,0.050431,0.138018,41.428062,40.806867,-3.003791,1.995144,-1.570686,0.000000,0.000000,0.000000,0.000000,0.000000,0.000000
1778249225.533467,0.643165,0.276395,0.960941,10.0000,10.0000,10.0000,0.007068,0.007068,0.007068,0.034641,0.034641,0.034641,0.648604,0.279670,0.965793,0.053728,0.042168,0.050598,0.138795,41.424948,40.802474,-3.003791,1.995139,-1.570667,0.000000,0.000000,0.000000,0.000000,0.000000,0.000000
1778249225.543539,0.643300,0.276706,0.961126,10.0000,10.0000,10.0000,0.007414,0.007414,0.007414,0.034641,0.034641,0.034641,0.648950,0.280016,0.966140,0.054017,0.041708,0.050671,0.139149,41.407396,40.788382,-3.003791,1.995136,-1.570649,0.000000,0.000000,0.000000,0.000000,0.000000,0.000000
1778249225.554107,0.643431,0.277020,0.961311,10.0000,10.0000,10.0000,0.007761,0.007761,0.007761,0.034641,0.034641,0.034641,0.649297,0.280363,0.966486,0.054313,0.041241,0.050737,0.139489,41.441606,40.824899,-3.003791,1.995128,-1.570634,0.000000,0.000000,0.000000,0.000000,0.000000,0.000000
1778249225.563723,0.643567,0.277334,0.961498,10.0000,10.0000,10.0000,0.008107,0.008107,0.008107,0.034641,0.034641,0.034641,0.649643,0.280709,0.966833,0.054585,0.040801,0.050801,0.139813,41.409189,40.790040,-3.003790,1.995122,-1.570617,0.000000,0.000000,0.000000,0.000000,0.000000,0.000000
1778249225.573824,0.643705,0.277646,0.961688,10.0000,10.0000,10.0000,0.008107,0.008107,0.008107,0.034641,0.034641,0.034641,0.649643,0.280709,0.966833,0.054585,0.040801,0.050801,0.139813,41.409189,40.790040,-3.003790,1.995119,-1.570595,0.000000,0.000000,0.000000,0.000000,0.000000,0.000000
1778249225.583595,0.643841,0.277956,0.961880,10.0000,10.0000,10.0000,0.008453,0.008453,0.008453,0.034641,0.034641,0.034641,0.649989,0.281056,0.967179,0.054846,0.040386,0.050852,0.140120,41.401803,40.785003,-3.003790,1.995114,-1.570579,0.000000,0.000000,0.000000,0.000000,0.000000,0.000000
1778249225.593908,0.643977,0.278270,0.962069,10.0000,10.0000,10.0000,0.009146,0.009146,0.009146,0.034641,0.034641,0.034641,0.650682,0.281748,0.967872,0.055352,0.039580,0.050937,0.140695,41.481987,40.867308,-3.003790,1.995107,-1.570565,0.000000,0.000000,0.000000,0.000000,0.000000,0.000000
1778249225.603566,0.644117,0.278581,0.962258,10.0000,10.0000,10.0000,0.009493,0.009493,0.009493,0.034641,0.034641,0.034641,0.651029,0.282095,0.968218,0.055575,0.039200,0.050988,0.140963,41.435281,40.818530,-3.003790,1.995102,-1.570553,0.000000,0.000000,0.000000,0.000000,0.000000,0.000000
1778249225.614009,0.644258,0.278887,0.962452,10.0000,10.0000,10.0000,0.009839,0.009839,0.009839,0.034641,0.034641,0.034641,0.651375,0.282441,0.968565,0.055794,0.038853,0.051015,0.141215,41.412619,40.798700,-3.003790,1.995100,-1.570535,0.000000,0.000000,0.000000,0.000000,0.000000,0.000000
1778249225.623986,0.644396,0.279194,0.962645,10.0000,10.0000,10.0000,0.010185,0.010185,0.010185,0.034641,0.034641,0.034641,0.651722,0.282788,0.968911,0.056008,0.038509,0.051040,0.141456,41.498010,40.885063,-3.003790,1.995096,-1.570519,0.000000,0.000000,0.000000,0.000000,0.000000,0.000000
1778249225.633565,0.644536,0.279499,0.962836,10.0000,10.0000,10.0000,0.010185,0.010185,0.010185,0.034641,0.034641,0.034641,0.651722,0.282788,0.968911,0.056008,0.038509,0.051040,0.141456,41.498010,40.885063,-3.003790,1.995088,-1.570499,0.000000,0.000000,0.000000,0.000000,0.000000,0.000000
1778249225.643998,0.644682,0.279800,0.963030,10.0000,10.0000,10.0000,0.010878,0.010878,0.010878,0.034641,0.034641,0.034641,0.652414,0.283480,0.969604,0.056383,0.037885,0.051095,0.141899,41.445908,40.832636,-3.003790,1.995086,-1.570482,0.000000,0.000000,0.000000,0.000000,0.000000,0.000000
1778249225.653645,0.644824,0.280098,0.963224,10.0000,10.0000,10.0000,0.011225,0.011225,0.011225,0.034641,0.034641,0.034641,0.652761,0.283827,0.969950,0.056559,0.037605,0.051107,0.142101,41.466794,40.854933,-3.003790,1.995085,-1.570470,0.000000,0.000000,0.000000,0.000000,0.000000,0.000000
1778249225.663523,0.644964,0.280401,0.963412,10.0000,10.0000,10.0000,0.011571,0.011571,0.011571,0.034641,0.034641,0.034641,0.653107,0.284173,0.970297,0.056731,0.037304,0.051137,0.142295,41.487912,40.874302,-3.003790,1.995074,-1.570458,0.000000,0.000000,0.000000,0.000000,0.000000,0.000000
1778249225.673495,0.645112,0.280696,0.963605,10.0000,10.0000,10.0000,0.011918,0.011918,0.011918,0.034641,0.034641,0.034641,0.653454,0.284520,0.970643,0.056879,0.037051,0.051157,0.142477,41.505420,40.893736,-3.003791,1.995075,-1.570438,0.000000,0.000000,0.000000,0.000000,0.000000,0.000000
1778249225.683304,0.645252,0.280989,0.963799,10.0000,10.0000,10.0000,0.012264,0.012264,0.012264,0.034641,0.034641,0.034641,0.653800,0.284866,0.970989,0.057038,0.036804,0.051158,0.142649,41.486830,40.877488,-3.003791,1.995066,-1.570421,0.000000,0.000000,0.000000,0.000000,0.000000,0.000000
1778249225.693361,0.645432,0.281348,0.964042,10.0000,10.0000,10.0000,0.012610,0.012610,0.012610,0.034641,0.034641,0.034641,0.654146,0.285212,0.971336,0.057265,0.036437,0.051167,0.142835,41.494109,40.882789,-3.003792,1.995061,-1.570405,0.000000,0.000000,0.000000,0.000000,0.000000,0.000000
1778249225.703157,0.645578,0.281634,0.964233,10.0000,10.0000,10.0000,0.012957,0.012957,0.012957,0.034641,0.034641,0.034641,0.654493,0.285559,0.971682,0.057391,0.036228,0.051174,0.143002,41.515967,40.906246,-3.003792,1.995055,-1.570392,0.000000,0.000000,0.000000,0.000000,0.000000,0.000000
1778249225.713223,0.645717,0.281921,0.964427,10.0000,10.0000,10.0000,0.013303,0.013303,0.013303,0.034641,0.034641,0.034641,0.654839,0.285905,0.972029,0.057529,0.036020,0.051166,0.143157,41.501743,40.894053,-3.003792,1.995045,-1.570381,0.000000,0.000000,0.000000,0.000000,0.000000,0.000000
1778249225.724255,0.645866,0.282205,0.964618,10.0000,10.0000,10.0000,0.013650,0.013650,0.013650,0.034641,0.034641,0.034641,0.655186,0.286252,0.972375,0.057637,0.035832,0.051176,0.143298,41.530622,40.919455,-3.003792,1.995044,-1.570364,0.000000,0.000000,0.000000,0.000000,0.000000,0.000000
1778249225.733761,0.645975,0.282418,0.964760,10.0000,10.0000,10.0000,0.013996,0.013996,0.013996,0.034641,0.034641,0.034641,0.655532,0.286598,0.972722,0.057665,0.035791,0.051174,0.143405,41.543830,40.934615,-3.003792,1.995037,-1.570353,0.000000,0.000000,0.000000,0.000000,0.000000,0.000000
1778249225.743335,0.646161,0.282766,0.964999,10.0000,10.0000,10.0000,0.014342,0.014342,0.014342,0.034641,0.034641,0.034641,0.655878,0.286945,0.973068,0.057838,0.035493,0.051186,0.143532,41.550807,40.941420,-3.003792,1.995033,-1.570339,0.000000,0.000000,0.000000,0.000000,0.000000,0.000000
1778249225.753468,0.646311,0.283040,0.965190,10.0000,10.0000,10.0000,0.014689,0.014689,0.014689,0.034641,0.034641,0.034641,0.656225,0.287291,0.973414,0.057923,0.035351,0.051188,0.143647,41.546268,40.935948,-3.003792,1.995027,-1.570327,0.000000,0.000000,0.000000,0.000000,0.000000,0.000000
1778249225.763404,0.646459,0.283315,0.965380,10.0000,10.0000,10.0000,0.015035,0.015035,0.015035,0.034641,0.034641,0.034641,0.656571,0.287637,0.973761,0.058008,0.035209,0.051190,0.143753,41.562982,40.954471,-3.003792,1.995022,-1.570315,0.000000,0.000000,0.000000,0.000000,0.000000,0.000000
1778249225.773395,0.646609,0.283588,0.965569,10.0000,10.0000,10.0000,0.015382,0.015382,0.015382,0.034641,0.034641,0.034641,0.656918,0.287984,0.974107,0.058084,0.035077,0.051194,0.143850,41.581656,40.972809,-3.003792,1.995017,-1.570303,0.000000,0.000000,0.000000,0.000000,0.000000,0.000000
1778249225.784171,0.646762,0.283859,0.965756,10.0000,10.0000,10.0000,0.015728,0.015728,0.015728,0.034641,0.034641,0.034641,0.657264,0.288330,0.974454,0.058147,0.034954,0.051207,0.143941,41.583913,40.974835,-3.003792,1.995012,-1.570291,0.000000,0.000000,0.000000,0.000000,0.000000,0.000000
1778249225.793595,0.646910,0.284128,0.965947,10.0000,10.0000,10.0000,0.016074,0.016074,0.016074,0.034641,0.034641,0.034641,0.657610,0.288677,0.974800,0.058223,0.034839,0.051199,0.144025,41.573732,40.967149,-3.003792,1.995006,-1.570281,0.000000,0.000000,0.000000,0.000000,0.000000,0.000000
1778249225.803774,0.647059,0.284396,0.966137,10.0000,10.0000,10.0000,0.016421,0.016421,0.016421,0.034641,0.034641,0.034641,0.657957,0.289023,0.975146,0.058289,0.034733,0.051196,0.144104,41.611859,41.003828,-3.003793,1.995002,-1.570270,0.000000,0.000000,0.000000,0.000000,0.000000,0.000000
1778249225.813637,0.647209,0.284662,0.966326,10.0000,10.0000,10.0000,0.016767,0.016767,0.016767,0.034641,0.034641,0.034641,0.658303,0.289369,0.975493,0.058349,0.034634,0.051194,0.144178,41.597603,40.990045,-3.003793,1.994995,-1.570261,0.000000,0.000000,0.000000,0.000000,0.000000,0.000000
1778249225.824958,0.647324,0.284860,0.966467,10.0000,10.0000,10.0000,0.016767,0.016767,0.016767,0.034641,0.034641,0.034641,0.658303,0.289369,0.975493,0.058349,0.034634,0.051194,0.144178,41.597603,40.990045,-3.003793,1.994992,-1.570246,0.000000,0.000000,0.000000,0.000000,0.000000,0.000000
1778249225.833742,0.647520,0.285188,0.966699,10.0000,10.0000,10.0000,0.017460,0.017460,0.017460,0.034641,0.034641,0.034641,0.658996,0.290062,0.976186,0.058435,0.034464,0.051211,0.144296,41.629487,41.021961,-3.003793,1.994989,-1.570238,0.000000,0.000000,0.000000,0.000000,0.000000,0.000000
1778249225.843272,0.647672,0.285448,0.966888,10.0000,10.0000,10.0000,0.017807,0.017807,0.017807,0.034641,0.034641,0.034641,0.659343,0.290409,0.976532,0.058484,0.034391,0.051205,0.144359,41.618176,41.009881,-3.003793,1.994984,-1.570230,0.000000,0.000000,0.000000,0.000000,0.000000,0.000000
1778249225.853475,0.647822,0.285712,0.967073,10.0000,10.0000,10.0000,0.018153,0.018153,0.018153,0.034641,0.034641,0.034641,0.659689,0.290755,0.976878,0.058529,0.034303,0.051212,0.144419,41.699099,41.092371,-3.003793,1.994979,-1.570222,0.000000,0.000000,0.000000,0.000000,0.000000,0.000000
1778249225.863532,0.647978,0.285971,0.967260,10.0000,10.0000,10.0000,0.018499,0.018499,0.018499,0.034641,0.034641,0.034641,0.660035,0.291101,0.977225,0.058565,0.034237,0.051216,0.144475,41.631875,41.024244,-3.003793,1.994976,-1.570210,0.000000,0.000000,0.000000,0.000000,0.000000,0.000000
1778249225.873625,0.648129,0.286228,0.967448,10.0000,10.0000,10.0000,0.018846,0.018846,0.018846,0.034641,0.034641,0.034641,0.660382,0.291448,0.977571,0.058607,0.034175,0.051208,0.144526,41.658936,41.054021,-3.003793,1.994971,-1.570203,0.000000,0.000000,0.000000,0.000000,0.000000,0.000000
1778249225.884146,0.648282,0.286481,0.967638,10.0000,10.0000,10.0000,0.018846,0.018846,0.018846,0.034641,0.034641,0.034641,0.660382,0.291448,0.977571,0.058607,0.034175,0.051208,0.144526,41.658936,41.054021,-3.003793,1.994970,-1.570189,0.000000,0.000000,0.000000,0.000000,0.000000,0.000000
1778249225.893490,0.648435,0.286739,0.967821,10.0000,10.0000,10.0000,0.019539,0.019539,0.019539,0.034641,0.034641,0.034641,0.661075,0.292141,0.978264,0.058673,0.034065,0.051206,0.144618,41.715490,41.108773,-3.003793,1.994960,-1.570185,0.000000,0.000000,0.000000,0.000000,0.000000,0.000000
1778249225.903420,0.648591,0.286993,0.968007,10.0000,10.0000,10.0000,0.019885,0.019885,0.019885,0.034641,0.034641,0.034641,0.661421,0.292487,0.978610,0.058697,0.034020,0.051208,0.144659,41.718412,41.111595,-3.003793,1.994959,-1.570174,0.000000,0.000000,0.000000,0.000000,0.000000,0.000000
1778249225.913427,0.648747,0.287245,0.968194,10.0000,10.0000,10.0000,0.020231,0.020231,0.020231,0.034641,0.034641,0.034641,0.661767,0.292833,0.978957,0.058722,0.033981,0.051206,0.144698,41.683586,41.077215,-3.003794,1.994957,-1.570165,0.000000,0.000000,0.000000,0.000000,0.000000,0.000000
1778249225.923646,0.648937,0.287557,0.968428,10.0000,10.0000,10.0000,0.020578,0.020578,0.020578,0.034641,0.034641,0.034641,0.662114,0.293180,0.979303,0.058806,0.033842,0.051201,0.144750,41.706855,41.102876,-3.003794,1.994951,-1.570159,0.000000,0.000000,0.000000,0.000000,0.000000,0.000000
1778249225.933679,0.649091,0.287808,0.968616,10.0000,10.0000,10.0000,0.020924,0.020924,0.020924,0.034641,0.034641,0.034641,0.662460,0.293526,0.979650,0.058832,0.033808,0.051194,0.144795,41.720444,41.114083,-3.003793,1.994950,-1.570150,0.000000,0.000000,0.000000,0.000000,0.000000,0.000000
1778249225.943417,0.649245,0.288059,0.968800,10.0000,10.0000,10.0000,0.021271,0.021271,0.021271,0.034641,0.034641,0.034641,0.662807,0.293873,0.979996,0.058852,0.033771,0.051195,0.144835,41.736173,41.131343,-3.003793,1.994946,-1.570143,0.000000,0.000000,0.000000,0.000000,0.000000,0.000000
1778249225.953521,0.649401,0.288308,0.968984,10.0000,10.0000,10.0000,0.021617,0.021617,0.021617,0.034641,0.034641,0.034641,0.663153,0.294219,0.980343,0.058867,0.033741,0.051197,0.144870,41.745609,41.139444,-3.003793,1.994942,-1.570136,0.000000,0.000000,0.000000,0.000000,0.000000,0.000000
1778249225.963580,0.649555,0.288558,0.969169,10.0000,10.0000,10.0000,0.021963,0.021963,0.021963,0.034641,0.034641,0.034641,0.663499,0.294566,0.980689,0.058888,0.033709,0.051194,0.144903,41.764642,41.161727,-3.003794,1.994941,-1.570128,0.000000,0.000000,0.000000,0.000000,0.000000,0.000000
1778249225.973818,0.649704,0.288807,0.969356,10.0000,10.0000,10.0000,0.022310,0.022310,0.022310,0.034641,0.034641,0.034641,0.663846,0.294912,0.981035,0.058916,0.033678,0.051183,0.144934,41.737351,41.134290,-3.003794,1.994935,-1.570124,0.000000,0.000000,0.000000,0.000000,0.000000,0.000000
1778249225.984097,0.649861,0.289054,0.969540,10.0000,10.0000,10.0000,0.022656,0.022656,0.022656,0.034641,0.034641,0.034641,0.664192,0.295258,0.981382,0.058927,0.033657,0.051185,0.144962,41.774924,41.170049,-3.003794,1.994935,-1.570114,0.000000,0.000000,0.000000,0.000000,0.000000,0.000000
1778249225.993463,0.650016,0.289301,0.969723,10.0000,10.0000,10.0000,0.023003,0.023003,0.023003,0.034641,0.034641,0.034641,0.664539,0.295605,0.981728,0.058939,0.033633,0.051186,0.144988,41.758548,41.153953,-3.003794,1.994929,-1.570110,0.000000,0.000000,0.000000,0.000000,0.000000,0.000000
1778249226.003684,0.650172,0.289544,0.969909,10.0000,10.0000,10.0000,0.023003,0.023003,0.023003,0.034641,0.034641,0.034641,0.664539,0.295605,0.981728,0.058939,0.033633,0.051186,0.144988,41.758548,41.153953,-3.003794,1.994929,-1.570102,0.000000,0.000000,0.000000,0.000000,0.000000,0.000000
1778249226.013361,0.650327,0.289788,0.970093,10.0000,10.0000,10.0000,0.023695,0.023695,0.023695,0.034641,0.034641,0.034641,0.665232,0.296298,0.982421,0.058960,0.033608,0.051179,0.145033,41.780157,41.174472,-3.003794,1.994924,-1.570097,0.000000,0.000000,0.000000,0.000000,0.000000,0.000000
1778249226.023894,0.650482,0.290032,0.970277,10.0000,10.0000,10.0000,0.024042,0.024042,0.024042,0.034641,0.034641,0.034641,0.665578,0.296644,0.982767,0.058970,0.033592,0.051178,0.145054,41.818938,41.217103,-3.003794,1.994924,-1.570089,0.000000,0.000000,0.000000,0.000000,0.000000,0.000000
1778249226.033633,0.650632,0.290277,0.970463,10.0000,10.0000,10.0000,0.024388,0.024388,0.024388,0.034641,0.034641,0.034641,0.665924,0.296990,0.983114,0.058990,0.033575,0.051165,0.145075,41.768087,41.165833,-3.003794,1.994918,-1.570086,0.000000,0.000000,0.000000,0.000000,0.000000,0.000000
1778249226.043377,0.650786,0.290522,0.970645,10.0000,10.0000,10.0000,0.024735,0.024735,0.024735,0.034641,0.034641,0.034641,0.666271,0.297337,0.983460,0.058999,0.033556,0.051167,0.145095,41.872063,41.269574,-3.003794,1.994919,-1.570079,0.000000,0.000000,0.000000,0.000000,0.000000,0.000000
1778249226.053631,0.650943,0.290763,0.970828,10.0000,10.0000,10.0000,0.025081,0.025081,0.025081,0.034641,0.034641,0.034641,0.666617,0.297683,0.983807,0.059004,0.033550,0.051166,0.145114,41.804531,41.199051,-3.003794,1.994915,-1.570074,0.000000,0.000000,0.000000,0.000000,0.000000,0.000000
1778249226.063572,0.651097,0.291007,0.971009,10.0000,10.0000,10.0000,0.025428,0.025428,0.025428,0.034641,0.034641,0.034641,0.666964,0.298030,0.984153,0.059011,0.033536,0.051167,0.145132,41.842651,41.241326,-3.003794,1.994912,-1.570069,0.000000,0.000000,0.000000,0.000000,0.000000,0.000000
1778249226.073526,0.651252,0.291245,0.971195,10.0000,10.0000,10.0000,0.025774,0.025774,0.025774,0.034641,0.034641,0.034641,0.667310,0.298376,0.984499,0.059017,0.033537,0.051159,0.145147,41.830160,41.227903,-3.003794,1.994911,-1.570062,0.000000,0.000000,0.000000,0.000000,0.000000,0.000000
1778249226.083530,0.651405,0.291485,0.971379,10.0000,10.0000,10.0000,0.026120,0.026120,0.026120,0.034641,0.034641,0.034641,0.667656,0.298722,0.984846,0.059026,0.033532,0.051151,0.145163,41.855142,41.253887,-3.003794,1.994907,-1.570058,0.000000,0.000000,0.000000,0.000000,0.000000,0.000000
1778249226.093578,0.651560,0.291726,0.971560,10.0000,10.0000,10.0000,0.026467,0.026467,0.026467,0.034641,0.034641,0.034641,0.668003,0.299069,0.985192,0.059030,0.033525,0.051152,0.145178,41.871196,41.268006,-3.003794,1.994905,-1.570053,0.000000,0.000000,0.000000,0.000000,0.000000,0.000000
1778249226.103649,0.651712,0.291970,0.971741,10.0000,10.0000,10.0000,0.026813,0.026813,0.026813,0.034641,0.034641,0.034641,0.668349,0.299415,0.985539,0.059039,0.033509,0.051152,0.145194,41.874817,41.274386,-3.003794,1.994901,-1.570049,0.000000,0.000000,0.000000,0.000000,0.000000,0.000000
1778249226.113311,0.651866,0.292210,0.971925,10.0000,10.0000,10.0000,0.027160,0.027160,0.027160,0.034641,0.034641,0.034641,0.668696,0.299762,0.985885,0.059047,0.033506,0.051145,0.145209,41.868411,41.266976,-3.003794,1.994901,-1.570043,0.000000,0.000000,0.000000,0.000000,0.000000,0.000000
1778249226.123573,0.652020,0.292448,0.972109,10.0000,10.0000,10.0000,0.027506,0.027506,0.027506,0.034641,0.034641,0.034641,0.669042,0.300108,0.986232,0.059052,0.033505,0.051140,0.145223,41.876020,41.274408,-3.003794,1.994900,-1.570038,0.000000,0.000000,0.000000,0.000000,0.000000,0.000000
1778249226.133335,0.652172,0.292692,0.972290,10.0000,10.0000,10.0000,0.027852,0.027852,0.027852,0.034641,0.034641,0.034641,0.669388,0.300455,0.986578,0.059061,0.033490,0.051140,0.145238,41.908187,41.307494,-3.003794,1.994896,-1.570035,0.000000,0.000000,0.000000,0.000000,0.000000,0.000000
1778249226.143586,0.652331,0.292932,0.972468,10.0000,10.0000,10.0000,0.028199,0.028199,0.028199,0.034641,0.034641,0.034641,0.669735,0.300801,0.986924,0.059055,0.033485,0.051150,0.145252,41.962510,41.359605,-3.003794,1.994899,-1.570030,0.000000,0.000000,0.000000,0.000000,0.000000,0.000000
1778249226.153493,0.652486,0.293172,0.972650,10.0000,10.0000,10.0000,0.028545,0.028545,0.028545,0.034641,0.034641,0.034641,0.670081,0.301147,0.987271,0.059056,0.033483,0.051150,0.145266,41.892968,41.291581,-3.003794,1.994895,-1.570028,0.000000,0.000000,0.000000,0.000000,0.000000,0.000000
1778249226.163408,0.652636,0.293412,0.972833,10.0000,10.0000,10.0000,0.028892,0.028892,0.028892,0.034641,0.034641,0.034641,0.670428,0.301494,0.987617,0.059068,0.033475,0.051141,0.145280,41.929107,41.331029,-3.003795,1.994894,-1.570025,0.000000,0.000000,0.000000,0.000000,0.000000,0.000000
1778249226.173626,0.652787,0.293649,0.973018,10.0000,10.0000,10.0000,0.029238,0.029238,0.029238,0.034641,0.034641,0.034641,0.670774,0.301840,0.987964,0.059077,0.033478,0.051129,0.145293,41.911248,41.311280,-3.003795,1.994894,-1.570023,0.000000,0.000000,0.000000,0.000000,0.000000,0.000000
1778249226.183482,0.652940,0.293889,0.973198,10.0000,10.0000,10.0000,0.029584,0.029584,0.029584,0.034641,0.034641,0.034641,0.671120,0.302187,0.988310,0.059081,0.033471,0.051129,0.145306,41.967844,41.368287,-3.003795,1.994895,-1.570019,0.000000,0.000000,0.000000,0.000000,0.000000,0.000000
1778249226.193514,0.653093,0.294127,0.973380,10.0000,10.0000,10.0000,0.029931,0.029931,0.029931,0.034641,0.034641,0.034641,0.671467,0.302533,0.988656,0.059084,0.033469,0.051126,0.145319,41.945954,41.346037,-3.003796,1.994892,-1.570018,0.000000,0.000000,0.000000,0.000000,0.000000,0.000000
1778249226.203573,0.653249,0.294363,0.973562,10.0000,10.0000,10.0000,0.030277,0.030277,0.030277,0.034641,0.034641,0.034641,0.671813,0.302879,0.989003,0.059083,0.033475,0.051124,0.145330,41.948627,41.347829,-3.003796,1.994892,-1.570015,0.000000,0.000000,0.000000,0.000000,0.000000,0.000000
1778249226.213264,0.653407,0.294610,0.973740,10.0000,10.0000,10.0000,0.030624,0.030624,0.030624,0.034641,0.034641,0.034641,0.672160,0.303226,0.989349,0.059083,0.033456,0.051136,0.145343,42.002867,41.400931,-3.003797,1.994896,-1.570017,0.000000,0.000000,0.000000,0.000000,0.000000,0.000000
1778249226.223487,0.653558,0.294856,0.973919,10.0000,10.0000,10.0000,0.030970,0.030970,0.030970,0.034641,0.034641,0.034641,0.672506,0.303572,0.989696,0.059092,0.033436,0.051139,0.145358,41.955565,41.356364,-3.003797,1.994895,-1.570024,0.000000,0.000000,0.000000,0.000000,0.000000,0.000000
1778249226.233710,0.653707,0.295092,0.974105,10.0000,10.0000,10.0000,0.030970,0.030970,0.030970,0.034641,0.034641,0.034641,0.672506,0.303572,0.989696,0.059092,0.033436,0.051139,0.145358,41.955565,41.356364,-3.003798,1.994901,-1.570028,0.000000,0.000000,0.000000,0.000000,0.000000,0.000000
1778249226.243732,0.653848,0.295332,0.974290,10.0000,10.0000,10.0000,0.031663,0.031663,0.031663,0.034641,0.034641,0.034641,0.673199,0.304265,0.990388,0.059127,0.033429,0.051104,0.145388,41.988786,41.392748,-3.003798,1.994898,-1.570029,0.000000,0.000000,0.000000,0.000000,0.000000,0.000000
1778249226.253726,0.654001,0.295571,0.974471,10.0000,10.0000,10.0000,0.032009,0.032009,0.032009,0.034641,0.034641,0.034641,0.673545,0.304611,0.990735,0.059130,0.033426,0.051101,0.145402,42.033938,41.434604,-3.003798,1.994901,-1.570031,0.000000,0.000000,0.000000,0.000000,0.000000,0.000000
1778249226.263541,0.654158,0.295803,0.974648,10.0000,10.0000,10.0000,0.032356,0.032356,0.032356,0.034641,0.034641,0.034641,0.673892,0.304958,0.991081,0.059119,0.033438,0.051106,0.145413,42.023300,41.421611,-3.003798,1.994898,-1.570028,0.000000,0.000000,0.000000,0.000000,0.000000,0.000000
1778249226.273823,0.654315,0.296038,0.974826,10.0000,10.0000,10.0000,0.032702,0.032702,0.032702,0.034641,0.034641,0.034641,0.674238,0.305304,0.991428,0.059112,0.033443,0.051111,0.145423,42.072700,41.474103,-3.003798,1.994900,-1.570028,0.000000,0.000000,0.000000,0.000000,0.000000,0.000000
1778249226.283553,0.654461,0.296274,0.975010,10.0000,10.0000,10.0000,0.033049,0.033049,0.033049,0.034641,0.034641,0.034641,0.674585,0.305651,0.991774,0.059124,0.033443,0.051097,0.145433,41.989983,41.393677,-3.003798,1.994900,-1.570027,0.000000,0.000000,0.000000,0.000000,0.000000,0.000000
1778249226.293581,0.654605,0.296513,0.975191,10.0000,10.0000,10.0000,0.033395,0.033395,0.033395,0.034641,0.034641,0.034641,0.674931,0.305997,0.992120,0.059139,0.033434,0.051086,0.145446,42.011399,41.415252,-3.003798,1.994898,-1.570032,0.000000,0.000000,0.000000,0.000000,0.000000,0.000000
1778249226.303594,0.654759,0.296744,0.975373,10.0000,10.0000,10.0000,0.033741,0.033741,0.033741,0.034641,0.034641,0.034641,0.675277,0.306343,0.992467,0.059136,0.033449,0.051080,0.145455,42.060750,41.461896,-3.003798,1.994902,-1.570028,0.000000,0.000000,0.000000,0.000000,0.000000,0.000000
1778249226.313425,0.654915,0.296975,0.975553,10.0000,10.0000,10.0000,0.034088,0.034088,0.034088,0.034641,0.034641,0.034641,0.675624,0.306690,0.992813,0.059129,0.033462,0.051079,0.145463,42.019524,41.420421,-3.003799,1.994900,-1.570024,0.000000,0.000000,0.000000,0.000000,0.000000,0.000000
1778249226.323299,0.655061,0.297213,0.975727,10.0000,10.0000,10.0000,0.034434,0.034434,0.034434,0.034641,0.034641,0.034641,0.675970,0.307036,0.993160,0.059134,0.033454,0.051079,0.145473,42.090323,41.494731,-3.003799,1.994895,-1.570027,0.000000,0.000000,0.000000,0.000000,0.000000,0.000000
1778249226.333284,0.655216,0.297450,0.975909,10.0000,10.0000,10.0000,0.034781,0.034781,0.034781,0.034641,0.034641,0.034641,0.676317,0.307383,0.993506,0.059133,0.033455,0.051078,0.145482,42.055407,41.456588,-3.003799,1.994901,-1.570027,0.000000,0.000000,0.000000,0.000000,0.000000,0.000000
1778249226.343333,0.655364,0.297685,0.976087,10.0000,10.0000,10.0000,0.035127,0.035127,0.035127,0.034641,0.034641,0.034641,0.676663,0.307729,0.993853,0.059136,0.033455,0.051075,0.145492,42.041316,41.445776,-3.003799,1.994897,-1.570027,0.000000,0.000000,0.000000,0.000000,0.000000,0.000000
1778249226.353405,0.655477,0.297859,0.976221,10.0000,10.0000,10.0000,0.035473,0.035473,0.035473,0.034641,0.034641,0.034641,0.677009,0.308076,0.994199,0.059101,0.033528,0.051068,0.145491,42.085481,41.489232,-3.003799,1.994900,-1.570028,0.000000,0.000000,0.000000,0.000000,0.000000,0.000000
1778249226.363179,0.655630,0.298090,0.976400,10.0000,10.0000,10.0000,0.035820,0.035820,0.035820,0.034641,0.034641,0.034641,0.677356,0.308422,0.994545,0.059097,0.033538,0.051066,0.145492,42.101424,41.504426,-3.003798,1.994902,-1.570026,0.000000,0.000000,0.000000,0.000000,0.000000,0.000000
1778249226.373190,0.655808,0.298390,0.976623,10.0000,10.0000,10.0000,0.036166,0.036166,0.036166,0.034641,0.034641,0.034641,0.677702,0.308768,0.994892,0.059148,0.033458,0.051060,0.145509,42.091223,41.497866,-3.003799,1.994898,-1.570026,0.000000,0.000000,0.000000,0.000000,0.000000,0.000000
1778249226.383283,0.655919,0.298571,0.976756,10.0000,10.0000,10.0000,0.036513,0.036513,0.036513,0.034641,0.034641,0.034641,0.678049,0.309115,0.995238,0.059119,0.033513,0.051057,0.145515,42.143448,41.547380,-3.003799,1.994899,-1.570030,0.000000,0.000000,0.000000,0.000000,0.000000,0.000000
1778249226.393488,0.656072,0.298808,0.976933,10.0000,10.0000,10.0000,0.036859,0.036859,0.036859,0.034641,0.034641,0.034641,0.678395,0.309461,0.995585,0.059117,0.033511,0.051060,0.145522,42.128419,41.531322,-3.003799,1.994899,-1.570029,0.000000,0.000000,0.000000,0.000000,0.000000,0.000000
1778249226.403166,0.656262,0.299100,0.977153,10.0000,10.0000,10.0000,0.037205,0.037205,0.037205,0.034641,0.034641,0.034641,0.678742,0.309808,0.995931,0.059146,0.033452,0.051066,0.145539,42.173023,41.577300,-3.003799,1.994900,-1.570028,0.000000,0.000000,0.000000,0.000000,0.000000,0.000000
1778249226.413267,0.656414,0.299333,0.977330,10.0000,10.0000,10.0000,0.037552,0.037552,0.037552,0.034641,0.034641,0.034641,0.679088,0.310154,0.996277,0.059142,0.033457,0.051067,0.145554,42.163288,41.566423,-3.003799,1.994900,-1.570026,0.000000,0.000000,0.000000,0.000000,0.000000,0.000000
1778249226.423269,0.656559,0.299572,0.977508,10.0000,10.0000,10.0000,0.037898,0.037898,0.037898,0.034641,0.034641,0.034641,0.679434,0.310500,0.996624,0.059150,0.033448,0.051063,0.145568,42.135210,41.542719,-3.003799,1.994899,-1.570030,0.000000,0.000000,0.000000,0.000000,0.000000,0.000000
1778249226.433453,0.656704,0.299803,0.977690,10.0000,10.0000,10.0000,0.038245,0.038245,0.038245,0.034641,0.034641,0.034641,0.679781,0.310847,0.996970,0.059159,0.033456,0.051048,0.145580,42.181866,41.590003,-3.003799,1.994901,-1.570029,0.000000,0.000000,0.000000,0.000000,0.000000,0.000000
1778249226.443395,0.656852,0.300033,0.977873,10.0000,10.0000,10.0000,0.038591,0.038591,0.038591,0.034641,0.034641,0.034641,0.680127,0.311193,0.997317,0.059162,0.033467,0.051037,0.145590,42.125821,41.530022,-3.003799,1.994899,-1.570025,0.000000,0.000000,0.000000,0.000000,0.000000,0.000000
1778249226.453486,0.657002,0.300272,0.978046,10.0000,10.0000,10.0000,0.038938,0.038938,0.038938,0.034641,0.034641,0.034641,0.680474,0.311540,0.997663,0.059162,0.033459,0.051043,0.145602,42.210002,41.615541,-3.003799,1.994898,-1.570026,0.000000,0.000000,0.000000,0.000000,0.000000,0.000000
1778249226.463642,0.657158,0.300505,0.978223,10.0000,10.0000,10.0000,0.039284,0.039284,0.039284,0.034641,0.034641,0.034641,0.680820,0.311886,0.998009,0.059153,0.033466,0.051048,0.145611,42.171826,41.575069,-3.003799,1.994899,-1.570026,0.000000,0.000000,0.000000,0.000000,0.000000,0.000000
1778249226.473679,0.657308,0.300736,0.978398,10.0000,10.0000,10.0000,0.039630,0.039630,0.039630,0.034641,0.034641,0.034641,0.681166,0.312232,0.998356,0.059150,0.033474,0.051048,0.145619,42.200169,41.607193,-3.003799,1.994897,-1.570024,0.000000,0.000000,0.000000,0.000000,0.000000,0.000000
1778249226.483630,0.657454,0.300969,0.978580,10.0000,10.0000,10.0000,0.039977,0.039977,0.039977,0.034641,0.034641,0.034641,0.681513,0.312579,0.998702,0.059157,0.033478,0.051037,0.145628,42.207842,41.616100,-3.003799,1.994901,-1.570024,0.000000,0.000000,0.000000,0.000000,0.000000,0.000000
1778249226.493458,0.657598,0.301202,0.978760,10.0000,10.0000,10.0000,0.040323,0.040323,0.040323,0.034641,0.034641,0.034641,0.681859,0.312925,0.999049,0.059164,0.033478,0.051027,0.145638,42.189929,41.597790,-3.003799,1.994899,-1.570026,0.000000,0.000000,0.000000,0.000000,0.000000,0.000000
1778249226.503614,0.657746,0.301432,0.978938,10.0000,10.0000,10.0000,0.040670,0.040670,0.040670,0.034641,0.034641,0.034641,0.682206,0.313272,0.999395,0.059165,0.033488,0.051020,0.145646,42.220208,41.629227,-3.003799,1.994899,-1.570023,0.000000,0.000000,0.000000,0.000000,0.000000,0.000000
1778249226.513478,0.657896,0.301669,0.979114,10.0000,10.0000,10.0000,0.041016,0.041016,0.041016,0.034641,0.034641,0.034641,0.682552,0.313618,0.999741,0.059164,0.033485,0.051023,0.145655,42.245405,41.650897,-3.003798,1.994900,-1.570026,0.000000,0.000000,0.000000,0.000000,0.000000,0.000000
1778249226.523524,0.658047,0.301906,0.979288,10.0000,10.0000,10.0000,0.041362,0.041362,0.041362,0.034641,0.034641,0.034641,0.682898,0.313965,1.000088,0.059162,0.033480,0.051029,0.145665,42.241290,41.647842,-3.003798,1.994898,-1.570029,0.000000,0.000000,0.000000,0.000000,0.000000,0.000000
1778249226.533609,0.658203,0.302136,0.979463,10.0000,10.0000,10.0000,0.041709,0.041709,0.041709,0.034641,0.034641,0.034641,0.683245,0.314311,1.000434,0.059151,0.033491,0.051034,0.145672,42.288463,41.692770,-3.003799,1.994902,-1.570025,0.000000,0.000000,0.000000,0.000000,0.000000,0.000000
1778249226.543571,0.658353,0.302363,0.979639,10.0000,10.0000,10.0000,0.042055,0.042055,0.042055,0.034641,0.034641,0.034641,0.683591,0.314657,1.000781,0.059147,0.033504,0.051031,0.145679,42.216564,41.624727,-3.003799,1.994899,-1.570020,0.000000,0.000000,0.000000,0.000000,0.000000,0.000000
1778249226.553734,0.658498,0.302598,0.979817,10.0000,10.0000,10.0000,0.042402,0.042402,0.042402,0.034641,0.034641,0.034641,0.683938,0.315004,1.001127,0.059152,0.033504,0.051025,0.145687,42.309786,41.718932,-3.003799,1.994902,-1.570026,0.000000,0.000000,0.000000,0.000000,0.000000,0.000000
1778249226.563610,0.658648,0.302831,0.979994,10.0000,10.0000,10.0000,0.042402,0.042402,0.042402,0.034641,0.034641,0.034641,0.683938,0.315004,1.001127,0.059152,0.033504,0.051025,0.145687,42.309786,41.718932,-3.003798,1.994902,-1.570024,0.000000,0.000000,0.000000,0.000000,0.000000,0.000000
1778249226.573706,0.658793,0.303068,0.980170,10.0000,10.0000,10.0000,0.043094,0.043094,0.043094,0.034641,0.034641,0.034641,0.684630,0.315697,1.001820,0.059157,0.033501,0.051022,0.145704,42.265392,41.673445,-3.003799,1.994898,-1.570027,0.000000,0.000000,0.000000,0.000000,0.000000,0.000000
1778249226.583662,0.658937,0.303301,0.980349,10.0000,10.0000,10.0000,0.043441,0.043441,0.043441,0.034641,0.034641,0.034641,0.684977,0.316043,1.002166,0.059163,0.033501,0.051014,0.145714,42.287086,41.695709,-3.003799,1.994898,-1.570026,0.000000,0.000000,0.000000,0.000000,0.000000,0.000000
1778249226.593534,0.659086,0.303530,0.980528,10.0000,10.0000,10.0000,0.043787,0.043787,0.043787,0.034641,0.034641,0.034641,0.685323,0.316389,1.002513,0.059162,0.033512,0.051008,0.145722,42.277998,41.686005,-3.003799,1.994900,-1.570025,0.000000,0.000000,0.000000,0.000000,0.000000,0.000000
1778249226.603635,0.659234,0.303759,0.980704,10.0000,10.0000,10.0000,0.044134,0.044134,0.044134,0.034641,0.034641,0.034641,0.685670,0.316736,1.002859,0.059159,0.033520,0.051005,0.145730,42.331392,41.739714,-3.003799,1.994901,-1.570023,0.000000,0.000000,0.000000,0.000000,0.000000,0.000000
1778249226.613678,0.659384,0.303992,0.980879,10.0000,10.0000,10.0000,0.044480,0.044480,0.044480,0.034641,0.034641,0.034641,0.686016,0.317082,1.003206,0.059157,0.033523,0.051006,0.145737,42.309071,41.716394,-3.003799,1.994902,-1.570025,0.000000,0.000000,0.000000,0.000000,0.000000,0.000000
1778249226.623691,0.659530,0.304226,0.981052,10.0000,10.0000,10.0000,0.044827,0.044827,0.044827,0.034641,0.034641,0.034641,0.686363,0.317429,1.003552,0.059157,0.033520,0.051009,0.145746,42.321553,41.730414,-3.003799,1.994898,-1.570026,0.000000,0.000000,0.000000,0.000000,0.000000,0.000000
1778249226.633761,0.659676,0.304459,0.981231,10.0000,10.0000,10.0000,0.045173,0.045173,0.045173,0.034641,0.034641,0.034641,0.686709,0.317775,1.003898,0.059161,0.033522,0.051002,0.145755,42.327523,41.736993,-3.003799,1.994903,-1.570027,0.000000,0.000000,0.000000,0.000000,0.000000,0.000000
1778249226.643609,0.659816,0.304691,0.981406,10.0000,10.0000,10.0000,0.045519,0.045519,0.045519,0.034641,0.034641,0.034641,0.687055,0.318121,1.004245,0.059168,0.033522,0.050994,0.145764,42.282560,41.693012,-3.003799,1.994894,-1.570026,0.000000,0.000000,0.000000,0.000000,0.000000,0.000000
1778249226.653860,0.659967,0.304918,0.981581,10.0000,10.0000,10.0000,0.045866,0.045866,0.045866,0.034641,0.034641,0.034641,0.687402,0.318468,1.004591,0.059162,0.033534,0.050994,0.145772,42.412941,41.821096,-3.003799,1.994904,-1.570025,0.000000,0.000000,0.000000,0.000000,0.000000,0.000000
1778249226.663587,0.660113,0.305148,0.981757,10.0000,10.0000,10.0000,0.046212,0.046212,0.046212,0.034641,0.034641,0.034641,0.687748,0.318814,1.004938,0.059162,0.033539,0.050991,0.145779,42.327402,41.736976,-3.003799,1.994899,-1.570023,0.000000,0.000000,0.000000,0.000000,0.000000,0.000000
1778249226.673596,0.660259,0.305379,0.981932,10.0000,10.0000,10.0000,0.046559,0.046559,0.046559,0.034641,0.034641,0.034641,0.688095,0.319161,1.005284,0.059161,0.033543,0.050989,0.145787,42.374245,41.785531,-3.003799,1.994898,-1.570023,0.000000,0.000000,0.000000,0.000000,0.000000,0.000000
1778249226.683396,0.660403,0.305614,0.982108,10.0000,10.0000,10.0000,0.046905,0.046905,0.046905,0.034641,0.034641,0.034641,0.688441,0.319507,1.005630,0.059166,0.033540,0.050986,0.145795,42.383086,41.794337,-3.003799,1.994901,-1.570024,0.000000,0.000000,0.000000,0.000000,0.000000,0.000000
1778249226.693260,0.660545,0.305843,0.982285,10.0000,10.0000,10.0000,0.047251,0.047251,0.047251,0.034641,0.034641,0.034641,0.688787,0.319853,1.005977,0.059170,0.033544,0.050977,0.145804,42.363877,41.775262,-3.003799,1.994899,-1.570020,0.000000,0.000000,0.000000,0.000000,0.000000,0.000000
1778249226.703639,0.660726,0.306133,0.982505,10.0000,10.0000,10.0000,0.047598,0.047598,0.047598,0.034641,0.034641,0.034641,0.689134,0.320200,1.006323,0.059201,0.033494,0.050975,0.145821,42.417548,41.826771,-3.003799,1.994902,-1.570025,0.000000,0.000000,0.000000,0.000000,0.000000,0.000000
1778249226.713449,0.660874,0.306365,0.982677,10.0000,10.0000,10.0000,0.047944,0.047944,0.047944,0.034641,0.034641,0.034641,0.689480,0.320546,1.006670,0.059198,0.033496,0.050977,0.145835,42.399166,41.809118,-3.003799,1.994899,-1.570024,0.000000,0.000000,0.000000,0.000000,0.000000,0.000000
1778249226.723551,0.661020,0.306593,0.982852,10.0000,10.0000,10.0000,0.048291,0.048291,0.048291,0.034641,0.034641,0.034641,0.689827,0.320893,1.007016,0.059195,0.033504,0.050974,0.145846,42.400779,41.811678,-3.003799,1.994899,-1.570022,0.000000,0.000000,0.000000,0.000000,0.000000,0.000000
1778249226.733646,0.661166,0.306824,0.983026,10.0000,10.0000,10.0000,0.048637,0.048637,0.048637,0.034641,0.034641,0.034641,0.690173,0.321239,1.007363,0.059195,0.033507,0.050973,0.145856,42.452528,41.864415,-3.003799,1.994901,-1.570023,0.000000,0.000000,0.000000,0.000000,0.000000,0.000000
1778249226.743598,0.661311,0.307056,0.983202,10.0000,10.0000,10.0000,0.048983,0.048983,0.048983,0.034641,0.034641,0.034641,0.690519,0.321586,1.007709,0.059197,0.033509,0.050970,0.145866,42.411449,41.821677,-3.003799,1.994900,-1.570022,0.000000,0.000000,0.000000,0.000000,0.000000,0.000000
1778249226.753567,0.661452,0.307288,0.983374,10.0000,10.0000,10.0000,0.049330,0.049330,0.049330,0.034641,0.034641,0.034641,0.690866,0.321932,1.008055,0.059200,0.033507,0.050967,0.145876,42.440694,41.854117,-3.003799,1.994897,-1.570021,0.000000,0.000000,0.000000,0.000000,0.000000,0.000000
1778249226.763562,0.661597,0.307521,0.983550,10.0000,10.0000,10.0000,0.049676,0.049676,0.049676,0.034641,0.034641,0.034641,0.691212,0.322278,1.008402,0.059201,0.033508,0.050965,0.145885,42.469707,41.882134,-3.003799,1.994901,-1.570023,0.000000,0.000000,0.000000,0.000000,0.000000,0.000000
1778249226.773593,0.661745,0.307750,0.983723,10.0000,10.0000,10.0000,0.050023,0.050023,0.050023,0.034641,0.034641,0.034641,0.691559,0.322625,1.008748,0.059198,0.033514,0.050965,0.145894,42.470187,41.880866,-3.003800,1.994901,-1.570024,0.000000,0.000000,0.000000,0.000000,0.000000,0.000000
1778249226.783601,0.661891,0.307978,0.983897,10.0000,10.0000,10.0000,0.050369,0.050369,0.050369,0.034641,0.034641,0.034641,0.691905,0.322971,1.009095,0.059195,0.033522,0.050963,0.145901,42.412043,41.822668,-3.003800,1.994897,-1.570023,0.000000,0.000000,0.000000,0.000000,0.000000,0.000000
1778249226.793523,0.662038,0.308207,0.984072,10.0000,10.0000,10.0000,0.050715,0.050715,0.050715,0.034641,0.034641,0.034641,0.692252,0.323318,1.009441,0.059193,0.033528,0.050961,0.145908,42.500697,41.913921,-3.003800,1.994903,-1.570019,0.000000,0.000000,0.000000,0.000000,0.000000,0.000000
1778249226.803460,0.662179,0.308438,0.984248,10.0000,10.0000,10.0000,0.051062,0.051062,0.051062,0.034641,0.034641,0.034641,0.692598,0.323664,1.009787,0.059199,0.033529,0.050954,0.145916,42.421458,41.833419,-3.003800,1.994898,-1.570023,0.000000,0.000000,0.000000,0.000000,0.000000,0.000000
1778249226.813456,0.662321,0.308668,0.984420,10.0000,10.0000,10.0000,0.051408,0.051408,0.051408,0.034641,0.034641,0.034641,0.692944,0.324010,1.010134,0.059200,0.033531,0.050952,0.145924,42.486039,41.900156,-3.003800,1.994897,-1.570023,0.000000,0.000000,0.000000,0.000000,0.000000,0.000000
1778249226.823506,0.662465,0.308895,0.984596,10.0000,10.0000,10.0000,0.051755,0.051755,0.051755,0.034641,0.034641,0.034641,0.693291,0.324357,1.010480,0.059200,0.033539,0.050946,0.145932,42.511093,41.925516,-3.003800,1.994902,-1.570024,0.000000,0.000000,0.000000,0.000000,0.000000,0.000000
1778249226.833448,0.662611,0.309118,0.984773,10.0000,10.0000,10.0000,0.052101,0.052101,0.052101,0.034641,0.034641,0.034641,0.693637,0.324703,1.010827,0.059198,0.033554,0.050939,0.145937,42.469138,41.880004,-3.003800,1.994901,-1.570024,0.000000,0.000000,0.000000,0.000000,0.000000,0.000000
1778249226.843702,0.662759,0.309344,0.984943,10.0000,10.0000,10.0000,0.052448,0.052448,0.052448,0.034641,0.034641,0.034641,0.693984,0.325050,1.011173,0.059190,0.033563,0.050941,0.145943,42.503171,41.915141,-3.003800,1.994897,-1.570019,0.000000,0.000000,0.000000,0.000000,0.000000,0.000000
1778249226.853869,0.662908,0.309579,0.985115,10.0000,10.0000,10.0000,0.052794,0.052794,0.052794,0.034641,0.034641,0.034641,0.694330,0.325396,1.011519,0.059187,0.033561,0.050947,0.145949,42.560938,41.972625,-3.003800,1.994902,-1.570027,0.000000,0.000000,0.000000,0.000000,0.000000,0.000000
1778249226.863693,0.663052,0.309804,0.985286,10.0000,10.0000,10.0000,0.053140,0.053140,0.053140,0.034641,0.034641,0.034641,0.694676,0.325742,1.011866,0.059184,0.033569,0.050945,0.145955,42.514030,41.926640,-3.003800,1.994899,-1.570019,0.000000,0.000000,0.000000,0.000000,0.000000,0.000000
1778249226.873695,0.663196,0.310039,0.985458,10.0000,10.0000,10.0000,0.053487,0.053487,0.053487,0.034641,0.034641,0.034641,0.695023,0.326089,1.012212,0.059185,0.033565,0.050947,0.145963,42.554199,41.967300,-3.003800,1.994900,-1.570023,0.000000,0.000000,0.000000,0.000000,0.000000,0.000000
1778249226.883940,0.663338,0.310267,0.985632,10.0000,10.0000,10.0000,0.053833,0.053833,0.053833,0.034641,0.034641,0.034641,0.695369,0.326435,1.012559,0.059186,0.033569,0.050943,0.145970,42.531947,41.945462,-3.003801,1.994899,-1.570021,0.000000,0.000000,0.000000,0.000000,0.000000,0.000000
1778249226.893787,0.663479,0.310494,0.985806,10.0000,10.0000,10.0000,0.054180,0.054180,0.054180,0.034641,0.034641,0.034641,0.695716,0.326782,1.012905,0.059188,0.033575,0.050937,0.145977,42.547675,41.963300,-3.003801,1.994897,-1.570020,0.000000,0.000000,0.000000,0.000000,0.000000,0.000000
1778249226.903823,0.663624,0.310721,0.985981,10.0000,10.0000,10.0000,0.054526,0.054526,0.054526,0.034641,0.034641,0.034641,0.696062,0.327128,1.013251,0.059186,0.033582,0.050933,0.145984,42.545269,41.957385,-3.003801,1.994903,-1.570018,0.000000,0.000000,0.000000,0.000000,0.000000,0.000000
1778249226.913967,0.663766,0.310952,0.986150,10.0000,10.0000,10.0000,0.054872,0.054872,0.054872,0.034641,0.034641,0.034641,0.696408,0.327475,1.013598,0.059186,0.033580,0.050935,0.145992,42.537976,41.951901,-3.003801,1.994897,-1.570022,0.000000,0.000000,0.000000,0.000000,0.000000,0.000000
1778249226.923679,0.663910,0.311173,0.986322,10.0000,10.0000,10.0000,0.055219,0.055219,0.055219,0.034641,0.034641,0.034641,0.696755,0.327821,1.013944,0.059182,0.033594,0.050931,0.145997,42.590700,42.006990,-3.003801,1.994898,-1.570017,0.000000,0.000000,0.000000,0.000000,0.000000,0.000000
1778249226.933634,0.664048,0.311406,0.986499,10.0000,10.0000,10.0000,0.055565,0.055565,0.055565,0.034641,0.034641,0.034641,0.697101,0.328167,1.014291,0.059189,0.033593,0.050923,0.146005,42.501497,41.913920,-3.003801,1.994897,-1.570021,0.000000,0.000000,0.000000,0.000000,0.000000,0.000000
1778249226.943819,0.664189,0.311636,0.986667,10.0000,10.0000,10.0000,0.055912,0.055912,0.055912,0.034641,0.034641,0.034641,0.697448,0.328514,1.014637,0.059189,0.033591,0.050925,0.146013,42.595574,42.010398,-3.003801,1.994899,-1.570022,0.000000,0.000000,0.000000,0.000000,0.000000,0.000000
1778249226.953488,0.664332,0.311866,0.986839,10.0000,10.0000,10.0000,0.056258,0.056258,0.056258,0.034641,0.034641,0.034641,0.697794,0.328860,1.014984,0.059188,0.033593,0.050924,0.146021,42.614322,42.028663,-3.003801,1.994901,-1.570019,0.000000,0.000000,0.000000,0.000000,0.000000,0.000000
1778249226.963994,0.664475,0.312093,0.987010,10.0000,10.0000,10.0000,0.056604,0.056604,0.056604,0.034641,0.034641,0.034641,0.698140,0.329207,1.015330,0.059187,0.033597,0.050923,0.146028,42.623456,42.039416,-3.003801,1.994901,-1.570021,0.000000,0.000000,0.000000,0.000000,0.000000,0.000000
1778249226.973527,0.664614,0.312321,0.987180,10.0000,10.0000,10.0000,0.056951,0.056951,0.056951,0.034641,0.034641,0.034641,0.698487,0.329553,1.015676,0.059188,0.033599,0.050921,0.146036,42.611534,42.026249,-3.003801,1.994897,-1.570022,0.000000,0.000000,0.000000,0.000000,0.000000,0.000000
1778249226.983781,0.664757,0.312546,0.987352,10.0000,10.0000,10.0000,0.057297,0.057297,0.057297,0.034641,0.034641,0.034641,0.698833,0.329899,1.016023,0.059186,0.033608,0.050917,0.146042,42.620783,42.036214,-3.003801,1.994900,-1.570021,0.000000,0.000000,0.000000,0.000000,0.000000,0.000000
1778249226.993609,0.664898,0.312772,0.987526,10.0000,10.0000,10.0000,0.057644,0.057644,0.057644,0.034641,0.034641,0.034641,0.699180,0.330246,1.016369,0.059187,0.033614,0.050912,0.146049,42.607609,42.022998,-3.003801,1.994900,-1.570020,0.000000,0.000000,0.000000,0.000000,0.000000,0.000000
1778249227.003606,0.665038,0.313004,0.987694,10.0000,10.0000,10.0000,0.057990,0.057990,0.057990,0.034641,0.034641,0.034641,0.699526,0.330592,1.016716,0.059188,0.033609,0.050914,0.146057,42.657034,42.073183,-3.003801,1.994900,-1.570021,0.000000,0.000000,0.000000,0.000000,0.000000,0.000000
1778249227.013659,0.665179,0.313232,0.987865,10.0000,10.0000,10.0000,0.058336,0.058336,0.058336,0.034641,0.034641,0.034641,0.699873,0.330939,1.017062,0.059187,0.033613,0.050912,0.146064,42.669358,42.085349,-3.003801,1.994901,-1.570019,0.000000,0.000000,0.000000,0.000000,0.000000,0.000000
1778249227.023303,0.665317,0.313460,0.988037,10.0000,10.0000,10.0000,0.058683,0.058683,0.058683,0.034641,0.034641,0.034641,0.700219,0.331285,1.017408,0.059190,0.033614,0.050908,0.146072,42.625601,42.040886,-3.003801,1.994898,-1.570023,0.000000,0.000000,0.000000,0.000000,0.000000,0.000000
1778249227.033697,0.665458,0.313685,0.988207,10.0000,10.0000,10.0000,0.059029,0.059029,0.059029,0.034641,0.034641,0.034641,0.700565,0.331631,1.017755,0.059189,0.033620,0.050905,0.146079,42.692924,42.110616,-3.003801,1.994900,-1.570021,0.000000,0.000000,0.000000,0.000000,0.000000,0.000000
1778249227.043563,0.665600,0.313909,0.988381,10.0000,10.0000,10.0000,0.059376,0.059376,0.059376,0.034641,0.034641,0.034641,0.700912,0.331978,1.018101,0.059188,0.033630,0.050900,0.146085,42.657987,42.072865,-3.003801,1.994902,-1.570022,0.000000,0.000000,0.000000,0.000000,0.000000,0.000000
1778249227.053443,0.665740,0.314133,0.988549,10.0000,10.0000,10.0000,0.059722,0.059722,0.059722,0.034641,0.034641,0.034641,0.701258,0.332324,1.018448,0.059186,0.033636,0.050899,0.146091,42.659190,42.074698,-3.003801,1.994896,-1.570017,0.000000,0.000000,0.000000,0.000000,0.000000,0.000000
1778249227.063754,0.665880,0.314363,0.988720,10.0000,10.0000,10.0000,0.060069,0.060069,0.060069,0.034641,0.034641,0.034641,0.701605,0.332671,1.018794,0.059187,0.033636,0.050897,0.146098,42.729667,42.146966,-3.003801,1.994901,-1.570019,0.000000,0.000000,0.000000,0.000000,0.000000,0.000000
1778249227.073774,0.666016,0.314592,0.988893,10.0000,10.0000,10.0000,0.060415,0.060415,0.060415,0.034641,0.034641,0.034641,0.701951,0.333017,1.019140,0.059193,0.033636,0.050891,0.146106,42.706248,42.124339,-3.003801,1.994901,-1.570021,0.000000,0.000000,0.000000,0.000000,0.000000,0.000000
1778249227.083565,0.666155,0.314822,0.989064,10.0000,10.0000,10.0000,0.060761,0.060761,0.060761,0.034641,0.034641,0.034641,0.702297,0.333363,1.019487,0.059195,0.033634,0.050889,0.146114,42.685447,42.101445,-3.003801,1.994900,-1.570021,0.000000,0.000000,0.000000,0.000000,0.000000,0.000000
1778249227.093391,0.666295,0.315048,0.989234,10.0000,10.0000,10.0000,0.061108,0.061108,0.061108,0.034641,0.034641,0.034641,0.702644,0.333710,1.019833,0.059195,0.033638,0.050887,0.146121,42.734837,42.152437,-3.003801,1.994897,-1.570020,0.000000,0.000000,0.000000,0.000000,0.000000,0.000000
1778249227.103528,0.666440,0.315271,0.989403,10.0000,10.0000,10.0000,0.061454,0.061454,0.061454,0.034641,0.034641,0.034641,0.702990,0.334056,1.020180,0.059188,0.033648,0.050888,0.146128,42.746058,42.161789,-3.003802,1.994900,-1.570017,0.000000,0.000000,0.000000,0.000000,0.000000,0.000000
1778249227.114109,0.666580,0.315499,0.989573,10.0000,10.0000,10.0000,0.061801,0.061801,0.061801,0.034641,0.034641,0.034641,0.703337,0.334403,1.020526,0.059189,0.033649,0.050886,0.146134,42.741903,42.160884,-3.003802,1.994900,-1.570022,0.000000,0.000000,0.000000,0.000000,0.000000,0.000000
1778249227.123521,0.666714,0.315724,0.989750,10.0000,10.0000,10.0000,0.062147,0.062147,0.062147,0.034641,0.034641,0.034641,0.703683,0.334749,1.020873,0.059196,0.033654,0.050874,0.146141,42.653704,42.071727,-3.003801,1.994903,-1.570022,0.000000,0.000000,0.000000,0.000000,0.000000,0.000000
1778249227.133686,0.666848,0.315953,0.989920,10.0000,10.0000,10.0000,0.062493,0.062493,0.062493,0.034641,0.034641,0.034641,0.704029,0.335096,1.021219,0.059201,0.033653,0.050870,0.146149,42.760905,42.178622,-3.003801,1.994897,-1.570022,0.000000,0.000000,0.000000,0.000000,0.000000,0.000000
1778249227.143288,0.667028,0.316242,0.990127,10.0000,10.0000,10.0000,0.062840,0.062840,0.062840,0.034641,0.034641,0.034641,0.704376,0.335442,1.021565,0.059218,0.033610,0.050879,0.146163,42.804392,42.221103,-3.003801,1.994899,-1.570021,0.000000,0.000000,0.000000,0.000000,0.000000,0.000000
1778249227.153396,0.667171,0.316467,0.990296,10.0000,10.0000,10.0000,0.063186,0.063186,0.063186,0.034641,0.034641,0.034641,0.704722,0.335788,1.021912,0.059214,0.033616,0.050879,0.146174,42.808134,42.226968,-3.003802,1.994903,-1.570018,0.000000,0.000000,0.000000,0.000000,0.000000,0.000000
1778249227.163880,0.667303,0.316693,0.990473,10.0000,10.0000,10.0000,0.063533,0.063533,0.063533,0.034641,0.034641,0.034641,0.705069,0.336135,1.022258,0.059223,0.033619,0.050867,0.146184,42.686415,42.107892,-3.003802,1.994900,-1.570016,0.000000,0.000000,0.000000,0.000000,0.000000,0.000000
1778249227.173969,0.667434,0.316920,0.990646,10.0000,10.0000,10.0000,0.063533,0.063533,0.063533,0.034641,0.034641,0.034641,0.705069,0.336135,1.022258,0.059223,0.033619,0.050867,0.146184,42.686415,42.107892,-3.003802,1.994898,-1.570021,0.000000,0.000000,0.000000,0.000000,0.000000,0.000000
1778249227.183426,0.667575,0.317146,0.990814,10.0000,10.0000,10.0000,0.064225,0.064225,0.064225,0.034641,0.034641,0.034641,0.705762,0.336828,1.022951,0.059228,0.033624,0.050858,0.146203,42.851711,42.271017,-3.003802,1.994896,-1.570021,0.000000,0.000000,0.000000,0.000000,0.000000,0.000000
1778249227.194255,0.667721,0.317364,0.990986,10.0000,10.0000,10.0000,0.064572,0.064572,0.064572,0.034641,0.034641,0.034641,0.706108,0.337174,1.023297,0.059221,0.033639,0.050855,0.146209,42.805581,42.222230,-3.003802,1.994903,-1.570018,0.000000,0.000000,0.000000,0.000000,0.000000,0.000000
1778249227.203535,0.667860,0.317590,0.991154,10.0000,10.0000,10.0000,0.064918,0.064918,0.064918,0.034641,0.034641,0.034641,0.706454,0.337520,1.023644,0.059220,0.033643,0.050854,0.146215,42.778926,42.195799,-3.003802,1.994902,-1.570017,0.000000,0.000000,0.000000,0.000000,0.000000,0.000000
1778249227.213629,0.668031,0.317878,0.991366,10.0000,10.0000,10.0000,0.065265,0.065265,0.065265,0.034641,0.034641,0.034641,0.706801,0.337867,1.023990,0.059245,0.033601,0.050853,0.146228,42.778365,42.196351,-3.003802,1.994897,-1.570022,0.000000,0.000000,0.000000,0.000000,0.000000,0.000000
1778249227.223830,0.668170,0.318098,0.991536,10.0000,10.0000,10.0000,0.065611,0.065611,0.065611,0.034641,0.034641,0.034641,0.707147,0.338213,1.024337,0.059242,0.033611,0.050849,0.146238,42.821068,42.241200,-3.003802,1.994897,-1.570018,0.000000,0.000000,0.000000,0.000000,0.000000,0.000000
1778249227.233551,0.668309,0.318322,0.991707,10.0000,10.0000,10.0000,0.065958,0.065958,0.065958,0.034641,0.034641,0.034641,0.707494,0.338560,1.024683,0.059242,0.033618,0.050845,0.146247,42.856886,42.276321,-3.003802,1.994901,-1.570020,0.000000,0.000000,0.000000,0.000000,0.000000,0.000000
1778249227.243774,0.668444,0.318547,0.991879,10.0000,10.0000,10.0000,0.065958,0.065958,0.065958,0.034641,0.034641,0.034641,0.707494,0.338560,1.024683,0.059242,0.033618,0.050845,0.146247,42.856886,42.276321,-3.003801,1.994899,-1.570017,0.000000,0.000000,0.000000,0.000000,0.000000,0.000000
1778249227.253440,0.668579,0.318775,0.992047,10.0000,10.0000,10.0000,0.066650,0.066650,0.066650,0.034641,0.034641,0.034641,0.708186,0.339252,1.025376,0.059247,0.033621,0.050837,0.146263,42.854614,42.275068,-3.003801,1.994900,-1.570017,0.000000,0.000000,0.000000,0.000000,0.000000,0.000000
1778249227.263785,0.668712,0.319003,0.992219,10.0000,10.0000,10.0000,0.066997,0.066997,0.066997,0.034641,0.034641,0.034641,0.708533,0.339599,1.025722,0.059254,0.033620,0.050830,0.146271,42.835441,42.257568,-3.003801,1.994901,-1.570020,0.000000,0.000000,0.000000,0.000000,0.000000,0.000000
1778249227.273660,0.668847,0.319225,0.992390,10.0000,10.0000,10.0000,0.067343,0.067343,0.067343,0.034641,0.034641,0.034641,0.708879,0.339945,1.026069,0.059256,0.033626,0.050823,0.146279,42.832569,42.252493,-3.003801,1.994897,-1.570017,0.000000,0.000000,0.000000,0.000000,0.000000,0.000000
1778249227.283366,0.668989,0.319455,0.992554,10.0000,10.0000,10.0000,0.067690,0.067690,0.067690,0.034641,0.034641,0.034641,0.709226,0.340292,1.026415,0.059251,0.033625,0.050830,0.146286,42.923759,42.339706,-3.003801,1.994900,-1.570018,0.000000,0.000000,0.000000,0.000000,0.000000,0.000000
1778249227.294148,0.669129,0.319680,0.992719,10.0000,10.0000,10.0000,0.068036,0.068036,0.068036,0.034641,0.034641,0.034641,0.709572,0.340638,1.026761,0.059247,0.033628,0.050832,0.146293,42.857264,42.277655,-3.003801,1.994899,-1.570016,0.000000,0.000000,0.000000,0.000000,0.000000,0.000000
1778249227.303511,0.669263,0.319899,0.992892,10.0000,10.0000,10.0000,0.068382,0.068382,0.068382,0.034641,0.034641,0.034641,0.709918,0.340985,1.027108,0.059250,0.033638,0.050822,0.146299,42.842311,42.265380,-3.003802,1.994899,-1.570016,0.000000,0.000000,0.000000,0.000000,0.000000,0.000000
1778249227.314024,0.669392,0.320124,0.993065,10.0000,10.0000,10.0000,0.068382,0.068382,0.068382,0.034641,0.034641,0.034641,0.709918,0.340985,1.027108,0.059250,0.033638,0.050822,0.146299,42.842311,42.265380,-3.003801,1.994900,-1.570018,0.000000,0.000000,0.000000,0.000000,0.000000,0.000000
1778249227.323699,0.669530,0.320350,0.993233,10.0000,10.0000,10.0000,0.069075,0.069075,0.069075,0.034641,0.034641,0.034641,0.710611,0.341677,1.027801,0.059257,0.033643,0.050811,0.146312,42.943504,42.363148,-3.003801,1.994901,-1.570016,0.000000,0.000000,0.000000,0.000000,0.000000,0.000000
1778249227.333678,0.669668,0.320576,0.993397,10.0000,10.0000,10.0000,0.069422,0.069422,0.069422,0.034641,0.034641,0.034641,0.710958,0.342024,1.028147,0.059254,0.033644,0.050814,0.146319,42.903752,42.323225,-3.003801,1.994900,-1.570017,0.000000,0.000000,0.000000,0.000000,0.000000,0.000000
1778249227.344120,0.669808,0.320802,0.993561,10.0000,10.0000,10.0000,0.069768,0.069768,0.069768,0.034641,0.034641,0.034641,0.711304,0.342370,1.028494,0.059250,0.033646,0.050817,0.146325,42.937111,42.356878,-3.003802,1.994898,-1.570019,0.000000,0.000000,0.000000,0.000000,0.000000,0.000000
1778249227.353281,0.669976,0.321079,0.993769,10.0000,10.0000,10.0000,0.070114,0.070114,0.070114,0.034641,0.034641,0.034641,0.711650,0.342717,1.028840,0.059269,0.033616,0.050815,0.146337,42.936817,42.360441,-3.003802,1.994897,-1.570017,0.000000,0.000000,0.000000,0.000000,0.000000,0.000000
1778249227.363795,0.670111,0.321304,0.993940,10.0000,10.0000,10.0000,0.070461,0.070461,0.070461,0.034641,0.034641,0.034641,0.711997,0.343063,1.029186,0.059272,0.033619,0.050810,0.146346,42.959950,42.382042,-3.003802,1.994903,-1.570018,0.000000,0.000000,0.000000,0.000000,0.000000,0.000000
1778249227.373343,0.670248,0.321527,0.994110,10.0000,10.0000,10.0000,0.070807,0.070807,0.070807,0.034641,0.034641,0.034641,0.712343,0.343409,1.029533,0.059272,0.033625,0.050806,0.146355,42.922931,42.343515,-3.003801,1.994902,-1.570016,0.000000,0.000000,0.000000,0.000000,0.000000,0.000000
1778249227.384044,0.670381,0.321750,0.994278,10.0000,10.0000,10.0000,0.071154,0.071154,0.071154,0.034641,0.034641,0.034641,0.712690,0.343756,1.029879,0.059274,0.033629,0.050801,0.146362,42.900138,42.321880,-3.003802,1.994899,-1.570017,0.000000,0.000000,0.000000,0.000000,0.000000,0.000000
1778249227.393887,0.670516,0.321972,0.994446,10.0000,10.0000,10.0000,0.071500,0.071500,0.071500,0.034641,0.034641,0.034641,0.713036,0.344102,1.030226,0.059274,0.033634,0.050798,0.146369,42.945858,42.368970,-3.003802,1.994898,-1.570015,0.000000,0.000000,0.000000,0.000000,0.000000,0.000000
1778249227.403671,0.670651,0.322192,0.994616,10.0000,10.0000,10.0000,0.071500,0.071500,0.071500,0.034641,0.034641,0.034641,0.713036,0.344102,1.030226,0.059274,0.033634,0.050798,0.146369,42.945858,42.368970,-3.003802,1.994901,-1.570017,0.000000,0.000000,0.000000,0.000000,0.000000,0.000000
1778249227.413554,0.670786,0.322412,0.994785,10.0000,10.0000,10.0000,0.071846,0.071846,0.071846,0.034641,0.034641,0.034641,0.713383,0.344449,1.030572,0.059273,0.033643,0.050792,0.146375,42.956899,42.378662,-3.003802,1.994899,-1.570016,0.000000,0.000000,0.000000,0.000000,0.000000,0.000000
1778249227.423985,0.670921,0.322637,0.994951,10.0000,10.0000,10.0000,0.072539,0.072539,0.072539,0.034641,0.034641,0.034641,0.714075,0.345141,1.031265,0.059273,0.033653,0.050786,0.146386,42.998164,42.419124,-3.003801,1.994901,-1.570016,0.000000,0.000000,0.000000,0.000000,0.000000,0.000000
1778249227.433608,0.671052,0.322863,0.995117,10.0000,10.0000,10.0000,0.072886,0.072886,0.072886,0.034641,0.034641,0.034641,0.714422,0.345488,1.031611,0.059276,0.033652,0.050783,0.146393,42.982097,42.405622,-3.003801,1.994898,-1.570018,0.000000,0.000000,0.000000,0.000000,0.000000,0.000000
1778249227.444144,0.671188,0.323086,0.995285,10.0000,10.0000,10.0000,0.073232,0.073232,0.073232,0.034641,0.034641,0.034641,0.714768,0.345834,1.031958,0.059276,0.033656,0.050781,0.146399,42.966120,42.387897,-3.003801,1.994901,-1.570015,0.000000,0.000000,0.000000,0.000000,0.000000,0.000000
1778249227.453345,0.671320,0.323311,0.995450,10.0000,10.0000,10.0000,0.073232,0.073232,0.073232,0.034641,0.034641,0.034641,0.714768,0.345834,1.031958,0.059276,0.033656,0.050781,0.146399,42.966120,42.387897,-3.003802,1.994897,-1.570015,0.000000,0.000000,0.000000,0.000000,0.000000,0.000000
1778249227.463567,0.671460,0.323534,0.995613,10.0000,10.0000,10.0000,0.073925,0.073925,0.073925,0.034641,0.034641,0.034641,0.715461,0.346527,1.032650,0.059271,0.033661,0.050783,0.146411,43.051490,42.472273,-3.003802,1.994901,-1.570017,0.000000,0.000000,0.000000,0.000000,0.000000,0.000000
1778249227.474085,0.671595,0.323756,0.995777,10.0000,10.0000,10.0000,0.074271,0.074271,0.074271,0.034641,0.034641,0.034641,0.715807,0.346873,1.032997,0.059269,0.033666,0.050782,0.146416,42.984546,42.407050,-3.003802,1.994898,-1.570019,0.000000,0.000000,0.000000,0.000000,0.000000,0.000000
1778249227.483631,0.671730,0.323977,0.995944,10.0000,10.0000,10.0000,0.074618,0.074618,0.074618,0.034641,0.034641,0.034641,0.716154,0.347220,1.033343,0.059268,0.033671,0.050779,0.146422,43.045705,42.470439,-3.003802,1.994898,-1.570017,0.000000,0.000000,0.000000,0.000000,0.000000,0.000000
1778249227.493412,0.671890,0.324256,0.996155,10.0000,10.0000,10.0000,0.074618,0.074618,0.074618,0.034641,0.034641,0.034641,0.716154,0.347220,1.033343,0.059268,0.033671,0.050779,0.146422,43.045705,42.470439,-3.003802,1.994899,-1.570019,0.000000,0.000000,0.000000,0.000000,0.000000,0.000000
1778249227.503392,0.672024,0.324480,0.996324,10.0000,10.0000,10.0000,0.075311,0.075311,0.075311,0.034641,0.034641,0.034641,0.716847,0.347913,1.034036,0.059295,0.033642,0.050768,0.146442,43.024095,42.447136,-3.003802,1.994901,-1.570016,0.000000,0.000000,0.000000,0.000000,0.000000,0.000000
1778249227.513504,0.672159,0.324702,0.996490,10.0000,10.0000,10.0000,0.075657,0.075657,0.075657,0.034641,0.034641,0.034641,0.717193,0.348259,1.034383,0.059294,0.033647,0.050765,0.146450,43.077089,42.501509,-3.003802,1.994902,-1.570015,0.000000,0.000000,0.000000,0.000000,0.000000,0.000000
1778249227.523970,0.672291,0.324925,0.996659,10.0000,10.0000,10.0000,0.076003,0.076003,0.076003,0.034641,0.034641,0.034641,0.717539,0.348606,1.034729,0.059297,0.033650,0.050760,0.146458,43.026047,42.447946,-3.003802,1.994901,-1.570017,0.000000,0.000000,0.000000,0.000000,0.000000,0.000000
1778249227.533934,0.672421,0.325146,0.996821,10.0000,10.0000,10.0000,0.076350,0.076350,0.076350,0.034641,0.034641,0.034641,0.717886,0.348952,1.035075,0.059296,0.033653,0.050759,0.146465,43.084276,42.508751,-3.003802,1.994896,-1.570016,0.000000,0.000000,0.000000,0.000000,0.000000,0.000000
1778249227.543636,0.672560,0.325368,0.996988,10.0000,10.0000,10.0000,0.076696,0.076696,0.076696,0.034641,0.034641,0.034641,0.718232,0.349298,1.035422,0.059293,0.033659,0.050758,0.146470,43.116437,42.539226,-3.003802,1.994903,-1.570015,0.000000,0.000000,0.000000,0.000000,0.000000,0.000000
1778249227.554014,0.672689,0.325591,0.997156,10.0000,10.0000,10.0000,0.077043,0.077043,0.077043,0.034641,0.034641,0.034641,0.718579,0.349645,1.035768,0.059296,0.033662,0.050753,0.146476,43.027018,42.450631,-3.003802,1.994900,-1.570017,0.000000,0.000000,0.000000,0.000000,0.000000,0.000000
1778249227.563457,0.672826,0.325806,0.997323,10.0000,10.0000,10.0000,0.077389,0.077389,0.077389,0.034641,0.034641,0.034641,0.718925,0.349991,1.036115,0.059292,0.033674,0.050750,0.146481,43.075615,42.499428,-3.003802,1.994900,-1.570015,0.000000,0.000000,0.000000,0.000000,0.000000,0.000000
1778249227.573690,0.672961,0.326027,0.997487,10.0000,10.0000,10.0000,0.077735,0.077735,0.077735,0.034641,0.034641,0.034641,0.719271,0.350338,1.036461,0.059290,0.033679,0.050749,0.146486,43.095108,42.518135,-3.003802,1.994898,-1.570014,0.000000,0.000000,0.000000,0.000000,0.000000,0.000000
1778249227.584075,0.673092,0.326250,0.997652,10.0000,10.0000,10.0000,0.078082,0.078082,0.078082,0.034641,0.034641,0.034641,0.719618,0.350684,1.036807,0.059291,0.033681,0.050747,0.146491,43.116369,42.542308,-3.003802,1.994900,-1.570015,0.000000,0.000000,0.000000,0.000000,0.000000,0.000000
1778249227.593594,0.673222,0.326470,0.997819,10.0000,10.0000,10.0000,0.078428,0.078428,0.078428,0.034641,0.034641,0.034641,0.719964,0.351030,1.037154,0.059293,0.033685,0.050741,0.146496,43.098062,42.523146,-3.003802,1.994900,-1.570016,0.000000,0.000000,0.000000,0.000000,0.000000,0.000000
1778249227.604146,0.673355,0.326688,0.997984,10.0000,10.0000,10.0000,0.078775,0.078775,0.078775,0.034641,0.034641,0.034641,0.720311,0.351377,1.037500,0.059291,0.033692,0.050739,0.146500,43.130320,42.554537,-3.003802,1.994899,-1.570016,0.000000,0.000000,0.000000,0.000000,0.000000,0.000000
1778249227.613447,0.673490,0.326903,0.998149,10.0000,10.0000,10.0000,0.079121,0.079121,0.079121,0.034641,0.034641,0.034641,0.720657,0.351723,1.037847,0.059287,0.033703,0.050736,0.146504,43.117208,42.541208,-3.003802,1.994901,-1.570014,0.000000,0.000000,0.000000,0.000000,0.000000,0.000000
1778249227.624066,0.673615,0.327133,0.998310,10.0000,10.0000,10.0000,0.079468,0.079468,0.079468,0.034641,0.034641,0.034641,0.721004,0.352070,1.038193,0.059292,0.033695,0.050736,0.146510,43.162522,42.589328,-3.003802,1.994895,-1.570017,0.000000,0.000000,0.000000,0.000000,0.000000,0.000000
1778249227.633922,0.673751,0.327356,0.998478,10.0000,10.0000,10.0000,0.079814,0.079814,0.079814,0.034641,0.034641,0.034641,0.721350,0.352416,1.038539,0.059291,0.033699,0.050733,0.146516,43.150666,42.573294,-3.003802,1.994903,-1.570019,0.000000,0.000000,0.000000,0.000000,0.000000,0.000000
1778249227.643738,0.673885,0.327572,0.998640,10.0000,10.0000,10.0000,0.080160,0.080160,0.080160,0.034641,0.034641,0.034641,0.721696,0.352762,1.038886,0.059288,0.033708,0.050732,0.146520,43.116013,42.540476,-3.003802,1.994899,-1.570016,0.000000,0.000000,0.000000,0.000000,0.000000,0.000000
1778249227.654048,0.674017,0.327789,0.998807,10.0000,10.0000,10.0000,0.080507,0.080507,0.080507,0.034641,0.034641,0.034641,0.722043,0.353109,1.039232,0.059287,0.033716,0.050727,0.146524,43.145708,42.571891,-3.003802,1.994899,-1.570014,0.000000,0.000000,0.000000,0.000000,0.000000,0.000000
1778249227.663563,0.674147,0.328013,0.998971,10.0000,10.0000,10.0000,0.080853,0.080853,0.080853,0.034641,0.034641,0.034641,0.722389,0.353455,1.039579,0.059289,0.033716,0.050726,0.146529,43.231933,42.657712,-3.003802,1.994899,-1.570017,0.000000,0.000000,0.000000,0.000000,0.000000,0.000000
1778249227.673476,0.674279,0.328232,0.999134,10.0000,10.0000,10.0000,0.081200,0.081200,0.081200,0.034641,0.034641,0.034641,0.722736,0.353802,1.039925,0.059287,0.033721,0.050724,0.146534,43.191532,42.616238,-3.003802,1.994901,-1.570012,0.000000,0.000000,0.000000,0.000000,0.000000,0.000000
1778249227.683544,0.674409,0.328454,0.999299,10.0000,10.0000,10.0000,0.081546,0.081546,0.081546,0.034641,0.034641,0.034641,0.723082,0.354148,1.040271,0.059288,0.033723,0.050721,0.146539,43.150720,42.576912,-3.003803,1.994899,-1.570013,0.000000,0.000000,0.000000,0.000000,0.000000,0.000000
1778249227.693275,0.674572,0.328730,0.999509,10.0000,10.0000,10.0000,0.081892,0.081892,0.081892,0.034641,0.034641,0.034641,0.723428,0.354495,1.040618,0.059308,0.033697,0.050716,0.146549,43.171327,42.597532,-3.003803,1.994900,-1.570014,0.000000,0.000000,0.000000,0.000000,0.000000,0.000000
1778249227.703657,0.674668,0.328896,0.999631,10.0000,10.0000,10.0000,0.082239,0.082239,0.082239,0.034641,0.034641,0.034641,0.723775,0.354841,1.040964,0.059292,0.033730,0.050712,0.146552,43.200921,42.627656,-3.003803,1.994899,-1.570014,0.000000,0.000000,0.000000,0.000000,0.000000,0.000000
1778249227.713235,0.674834,0.329172,0.999834,10.0000,10.0000,10.0000,0.082585,0.082585,0.082585,0.034641,0.034641,0.034641,0.724121,0.355187,1.041311,0.059306,0.033703,0.050713,0.146561,43.220236,42.645414,-3.003803,1.994901,-1.570014,0.000000,0.000000,0.000000,0.000000,0.000000,0.000000
1778249227.723565,0.674961,0.329389,1.000000,10.0000,10.0000,10.0000,0.082932,0.082932,0.082932,0.034641,0.034641,0.034641,0.724468,0.355534,1.041657,0.059309,0.033709,0.050707,0.146568,43.198577,42.627298,-3.003803,1.994899,-1.570016,0.000000,0.000000,0.000000,0.000000,0.000000,0.000000
1778249227.733374,0.675059,0.329553,1.000126,10.0000,10.0000,10.0000,0.083278,0.083278,0.083278,0.034641,0.034641,0.034641,0.724814,0.355880,1.042004,0.059292,0.033746,0.050702,0.146570,43.230661,42.656640,-3.003803,1.994903,-1.570013,0.000000,0.000000,0.000000,0.000000,0.000000,0.000000
1778249227.743199,0.675219,0.329828,1.000333,10.0000,10.0000,10.0000,0.083624,0.083624,0.083624,0.034641,0.034641,0.034641,0.725160,0.356227,1.042350,0.059312,0.033718,0.050697,0.146577,43.146054,42.570998,-3.003803,1.994898,-1.570015,0.000000,0.000000,0.000000,0.000000,0.000000,0.000000
1778249227.753241,0.675347,0.330048,1.000494,10.0000,10.0000,10.0000,0.083971,0.083971,0.083971,0.034641,0.034641,0.034641,0.725507,0.356573,1.042696,0.059311,0.033721,0.050696,0.146584,43.251705,42.678173,-3.003803,1.994898,-1.570016,0.000000,0.000000,0.000000,0.000000,0.000000,0.000000
1778249227.763196,0.675482,0.330263,1.000658,10.0000,10.0000,10.0000,0.084317,0.084317,0.084317,0.034641,0.034641,0.034641,0.725853,0.356919,1.043043,0.059308,0.033731,0.050694,0.146589,43.290198,42.714544,-3.003803,1.994904,-1.570013,0.000000,0.000000,0.000000,0.000000,0.000000,0.000000
1778249227.773411,0.675615,0.330483,1.000817,10.0000,10.0000,10.0000,0.084664,0.084664,0.084664,0.034641,0.034641,0.034641,0.726200,0.357266,1.043389,0.059304,0.033734,0.050696,0.146594,43.240136,42.664382,-3.003803,1.994898,-1.570013,0.000000,0.000000,0.000000,0.000000,0.000000,0.000000
1778249227.783235,0.675742,0.330707,1.000979,10.0000,10.0000,10.0000,0.085010,0.085010,0.085010,0.034641,0.034641,0.034641,0.726546,0.357612,1.043736,0.059306,0.033732,0.050695,0.146599,43.270130,42.697754,-3.003803,1.994898,-1.570018,0.000000,0.000000,0.000000,0.000000,0.000000,0.000000
1778249227.793224,0.675870,0.330926,1.001144,10.0000,10.0000,10.0000,0.085356,0.085356,0.085356,0.034641,0.034641,0.034641,0.726893,0.357959,1.044082,0.059307,0.033737,0.050690,0.146604,43.275180,42.703122,-3.003803,1.994901,-1.570016,0.000000,0.000000,0.000000,0.000000,0.000000,0.000000
1778249227.804248,0.675964,0.331087,1.001270,10.0000,10.0000,10.0000,0.085703,0.085703,0.085703,0.034641,0.034641,0.034641,0.727239,0.358305,1.044428,0.059293,0.033773,0.050683,0.146605,43.223902,42.652725,-3.003804,1.994899,-1.570013,0.000000,0.000000,0.000000,0.000000,0.000000,0.000000
1778249227.813418,0.676121,0.331360,1.001477,10.0000,10.0000,10.0000,0.086049,0.086049,0.086049,0.034641,0.034641,0.034641,0.727585,0.358651,1.044775,0.059313,0.033748,0.050676,0.146611,43.281918,42.710692,-3.003804,1.994899,-1.570013,0.000000,0.000000,0.000000,0.000000,0.000000,0.000000
1778249227.823431,0.676250,0.331578,1.001642,10.0000,10.0000,10.0000,0.086396,0.086396,0.086396,0.034641,0.034641,0.034641,0.727932,0.358998,1.045121,0.059313,0.033753,0.050672,0.146617,43.272495,42.697888,-3.003804,1.994899,-1.570016,0.000000,0.000000,0.000000,0.000000,0.000000,0.000000
1778249227.833714,0.676382,0.331789,1.001802,10.0000,10.0000,10.0000,0.086742,0.086742,0.086742,0.034641,0.034641,0.034641,0.728278,0.359344,1.045468,0.059308,0.033764,0.050671,0.146621,43.304544,42.731834,-3.003804,1.994899,-1.570012,0.000000,0.000000,0.000000,0.000000,0.000000,0.000000
1778249227.844121,0.676511,0.332007,1.001965,10.0000,10.0000,10.0000,0.087089,0.087089,0.087089,0.034641,0.034641,0.034641,0.728625,0.359691,1.045814,0.059308,0.033769,0.050668,0.146625,43.289262,42.717016,-3.003803,1.994899,-1.570011,0.000000,0.000000,0.000000,0.000000,0.000000,0.000000
1778249227.853334,0.676638,0.332228,1.002128,10.0000,10.0000,10.0000,0.087435,0.087435,0.087435,0.034641,0.034641,0.034641,0.728971,0.360037,1.046160,0.059310,0.033770,0.050665,0.146629,43.293690,42.721887,-3.003803,1.994901,-1.570014,0.000000,0.000000,0.000000,0.000000,0.000000,0.000000
1778249227.863497,0.676760,0.332450,1.002291,10.0000,10.0000,10.0000,0.087781,0.087781,0.087781,0.034641,0.034641,0.034641,0.729317,0.360383,1.046507,0.059314,0.033770,0.050660,0.146634,43.276125,42.706180,-3.003804,1.994898,-1.570014,0.000000,0.000000,0.000000,0.000000,0.000000,0.000000
1778249227.873562,0.676887,0.332661,1.002455,10.0000,10.0000,10.0000,0.088128,0.088128,0.088128,0.034641,0.034641,0.034641,0.729664,0.360730,1.046853,0.059313,0.033780,0.050655,0.146639,43.319228,42.747888,-3.003804,1.994898,-1.570013,0.000000,0.000000,0.000000,0.000000,0.000000,0.000000
1778249227.883614,0.677017,0.332879,1.002617,10.0000,10.0000,10.0000,0.088474,0.088474,0.088474,0.034641,0.034641,0.034641,0.730010,0.361076,1.047200,0.059312,0.033785,0.050653,0.146643,43.381626,42.809471,-3.003803,1.994903,-1.570012,0.000000,0.000000,0.000000,0.000000,0.000000,0.000000
1778249227.893599,0.677148,0.333098,1.002776,10.0000,10.0000,10.0000,0.088821,0.088821,0.088821,0.034641,0.034641,0.034641,0.730357,0.361423,1.047546,0.059309,0.033788,0.050654,0.146646,43.307929,42.733682,-3.003803,1.994899,-1.570010,0.000000,0.000000,0.000000,0.000000,0.000000,0.000000
1778249227.903620,0.677274,0.333318,1.002933,10.0000,10.0000,10.0000,0.089167,0.089167,0.089167,0.034641,0.034641,0.034641,0.730703,0.361769,1.047893,0.059309,0.033788,0.050655,0.146651,43.379551,42.809622,-3.003804,1.994898,-1.570012,0.000000,0.000000,0.000000,0.000000,0.000000,0.000000
1778249227.914401,0.677370,0.333482,1.003058,10.0000,10.0000,10.0000,0.089513,0.089513,0.089513,0.034641,0.034641,0.034641,0.731049,0.362116,1.048239,0.059294,0.033820,0.050650,0.146651,43.321833,42.748180,-3.003804,1.994901,-1.570015,0.000000,0.000000,0.000000,0.000000,0.000000,0.000000
1778249227.923319,0.677498,0.333693,1.003218,10.0000,10.0000,10.0000,0.089860,0.089860,0.089860,0.034641,0.034641,0.034641,0.731396,0.362462,1.048585,0.059291,0.033829,0.050648,0.146652,43.400521,42.829818,-3.003804,1.994897,-1.570010,0.000000,0.000000,0.000000,0.000000,0.000000,0.000000
1778249227.933681,0.677626,0.333911,1.003382,10.0000,10.0000,10.0000,0.090206,0.090206,0.090206,0.034641,0.034641,0.034641,0.731742,0.362808,1.048932,0.059292,0.033833,0.050644,0.146654,43.381606,42.810666,-3.003804,1.994901,-1.570014,0.000000,0.000000,0.000000,0.000000,0.000000,0.000000
1778249227.943738,0.677753,0.334126,1.003545,10.0000,10.0000,10.0000,0.090553,0.090553,0.090553,0.034641,0.034641,0.034641,0.732089,0.363155,1.049278,0.059292,0.033839,0.050640,0.146656,43.334995,42.762761,-3.003804,1.994902,-1.570013,0.000000,0.000000,0.000000,0.000000,0.000000,0.000000
1778249227.953614,0.677845,0.334289,1.003665,10.0000,10.0000,10.0000,0.090553,0.090553,0.090553,0.034641,0.034641,0.034641,0.732089,0.363155,1.049278,0.059292,0.033839,0.050640,0.146656,43.334995,42.762761,-3.003804,1.994898,-1.570013,0.000000,0.000000,0.000000,0.000000,0.000000,0.000000
1778249227.963614,0.678004,0.334558,1.003868,10.0000,10.0000,10.0000,0.091245,0.091245,0.091245,0.034641,0.034641,0.034641,0.732781,0.363848,1.049971,0.059292,0.033849,0.050633,0.146659,43.388576,42.817123,-3.003804,1.994898,-1.570014,0.000000,0.000000,0.000000,0.000000,0.000000,0.000000
1778249227.973938,0.678135,0.334773,1.004029,10.0000,10.0000,10.0000,0.091245,0.091245,0.091245,0.034641,0.034641,0.034641,0.732781,0.363848,1.049971,0.059292,0.033849,0.050633,0.146659,43.388576,42.817123,-3.003804,1.994901,-1.570014,0.000000,0.000000,0.000000,0.000000,0.000000,0.000000
1778249227.983376,0.678262,0.334985,1.004188,10.0000,10.0000,10.0000,0.091938,0.091938,0.091938,0.034641,0.034641,0.034641,0.733474,0.364540,1.050664,0.059287,0.033863,0.050630,0.146666,43.425903,42.856022,-3.003804,1.994899,-1.570011,0.000000,0.000000,0.000000,0.000000,0.000000,0.000000
1778249227.993762,0.678386,0.335201,1.004352,10.0000,10.0000,10.0000,0.092285,0.092285,0.092285,0.034641,0.034641,0.034641,0.733821,0.364887,1.051010,0.059289,0.033867,0.050624,0.146670,43.391091,42.821657,-3.003804,1.994901,-1.570014,0.000000,0.000000,0.000000,0.000000,0.000000,0.000000
1778249228.003399,0.678508,0.335413,1.004518,10.0000,10.0000,10.0000,0.092631,0.092631,0.092631,0.034641,0.034641,0.034641,0.734167,0.365233,1.051357,0.059292,0.033876,0.050615,0.146673,43.356793,42.787603,-3.003805,1.994902,-1.570014,0.000000,0.000000,0.000000,0.000000,0.000000,0.000000
1778249228.015776,0.678630,0.335628,1.004678,10.0000,10.0000,10.0000,0.092978,0.092978,0.092978,0.034641,0.034641,0.034641,0.734514,0.365580,1.051703,0.059293,0.033879,0.050612,0.146677,43.448576,42.878324,-3.003804,1.994896,-1.570014,0.000000,0.000000,0.000000,0.000000,0.000000,0.000000
1778249228.023531,0.678762,0.335845,1.004835,10.0000,10.0000,10.0000,0.093324,0.093324,0.093324,0.034641,0.034641,0.034641,0.734860,0.365926,1.052049,0.059289,0.033883,0.050614,0.146680,43.499988,42.927318,-3.003804,1.994899,-1.570011,0.000000,0.000000,0.000000,0.000000,0.000000,0.000000
1778249228.034551,0.678891,0.336062,1.004995,10.0000,10.0000,10.0000,0.093670,0.093670,0.093670,0.034641,0.034641,0.034641,0.735206,0.366272,1.052396,0.059287,0.033888,0.050613,0.146683,43.417283,42.846060,-3.003805,1.994902,-1.570009,0.000000,0.000000,0.000000,0.000000,0.000000,0.000000
1778249228.043259,0.679048,0.336335,1.005192,10.0000,10.0000,10.0000,0.094017,0.094017,0.094017,0.034641,0.034641,0.034641,0.735553,0.366619,1.052742,0.059301,0.033862,0.050614,0.146691,43.442565,42.871678,-3.003805,1.994898,-1.570011,0.000000,0.000000,0.000000,0.000000,0.000000,0.000000
1778249228.053247,0.679176,0.336546,1.005354,10.0000,10.0000,10.0000,0.094363,0.094363,0.094363,0.034641,0.034641,0.034641,0.735899,0.366965,1.053089,0.059299,0.033871,0.050610,0.146696,43.454061,42.884046,-3.003805,1.994902,-1.570013,0.000000,0.000000,0.000000,0.000000,0.000000,0.000000
1778249228.063795,0.679267,0.336706,1.005475,10.0000,10.0000,10.0000,0.094710,0.094710,0.094710,0.034641,0.034641,0.034641,0.736246,0.367312,1.053435,0.059285,0.033902,0.050606,0.146698,43.425698,42.858025,-3.003805,1.994899,-1.570012,0.000000,0.000000,0.000000,0.000000,0.000000,0.000000
1778249228.073607,0.679389,0.336917,1.005637,10.0000,10.0000,10.0000,0.094710,0.094710,0.094710,0.034641,0.034641,0.034641,0.736246,0.367312,1.053435,0.059285,0.033902,0.050606,0.146698,43.425698,42.858025,-3.003805,1.994897,-1.570009,0.000000,0.000000,0.000000,0.000000,0.000000,0.000000
1778249228.083594,0.679514,0.337135,1.005799,10.0000,10.0000,10.0000,0.095402,0.095402,0.095402,0.034641,0.034641,0.034641,0.736938,0.368004,1.054128,0.059287,0.033912,0.050596,0.146702,43.490079,42.917823,-3.003805,1.994901,-1.570012,0.000000,0.000000,0.000000,0.000000,0.000000,0.000000
1778249228.093970,0.679640,0.337352,1.005955,10.0000,10.0000,10.0000,0.095749,0.095749,0.095749,0.034641,0.034641,0.034641,0.737285,0.368351,1.054474,0.059286,0.033914,0.050596,0.146705,43.470140,42.900963,-3.003805,1.994896,-1.570009,0.000000,0.000000,0.000000,0.000000,0.000000,0.000000
1778249228.104102,0.679768,0.337573,1.006114,10.0000,10.0000,10.0000,0.096095,0.096095,0.096095,0.034641,0.034641,0.034641,0.737631,0.368697,1.054821,0.059286,0.033915,0.050597,0.146708,43.548119,42.978162,-3.003805,1.994903,-1.570010,0.000000,0.000000,0.000000,0.000000,0.000000,0.000000
1778249228.113776,0.679892,0.337792,1.006273,10.0000,10.0000,10.0000,0.096442,0.096442,0.096442,0.034641,0.034641,0.034641,0.737978,0.369044,1.055167,0.059286,0.033915,0.050595,0.146712,43.426000,42.854062,-3.003805,1.994897,-1.570011,0.000000,0.000000,0.000000,0.000000,0.000000,0.000000
1778249228.123977,0.680016,0.338004,1.006431,10.0000,10.0000,10.0000,0.096788,0.096788,0.096788,0.034641,0.034641,0.034641,0.738324,0.369390,1.055514,0.059285,0.033921,0.050593,0.146715,43.492226,42.922815,-3.003805,1.994896,-1.570011,0.000000,0.000000,0.000000,0.000000,0.000000,0.000000
1778249228.133349,0.680142,0.338218,1.006590,10.0000,10.0000,10.0000,0.097134,0.097134,0.097134,0.034641,0.034641,0.034641,0.738670,0.369737,1.055860,0.059283,0.033926,0.050592,0.146719,43.550079,42.981978,-3.003805,1.994900,-1.570007,0.000000,0.000000,0.000000,0.000000,0.000000,0.000000
1778249228.143519,0.680265,0.338436,1.006753,10.0000,10.0000,10.0000,0.097481,0.097481,0.097481,0.034641,0.034641,0.034641,0.739017,0.370083,1.056206,0.059286,0.033928,0.050587,0.146722,43.484842,42.917240,-3.003806,1.994902,-1.570014,0.000000,0.000000,0.000000,0.000000,0.000000,0.000000
1778249228.153441,0.680389,0.338644,1.006914,10.0000,10.0000,10.0000,0.097827,0.097827,0.097827,0.034641,0.034641,0.034641,0.739363,0.370429,1.056553,0.059285,0.033938,0.050581,0.146725,43.504075,42.935473,-3.003806,1.994900,-1.570009,0.000000,0.000000,0.000000,0.000000,0.000000,0.000000
1778249228.164050,0.680513,0.338859,1.007073,10.0000,10.0000,10.0000,0.098174,0.098174,0.098174,0.034641,0.034641,0.034641,0.739710,0.370776,1.056899,0.059285,0.033942,0.050580,0.146728,43.597707,43.028510,-3.003806,1.994903,-1.570011,0.000000,0.000000,0.000000,0.000000,0.000000,0.000000
1778249228.173689,0.680638,0.339074,1.007231,10.0000,10.0000,10.0000,0.098520,0.098520,0.098520,0.034641,0.034641,0.034641,0.740056,0.371122,1.057246,0.059284,0.033946,0.050578,0.146731,43.527694,42.956998,-3.003806,1.994900,-1.570014,0.000000,0.000000,0.000000,0.000000,0.000000,0.000000
1778249228.183723,0.680764,0.339287,1.007388,10.0000,10.0000,10.0000,0.098866,0.098866,0.098866,0.034641,0.034641,0.034641,0.740403,0.371469,1.057592,0.059281,0.033951,0.050578,0.146734,43.543238,42.974438,-3.003806,1.994898,-1.570013,0.000000,0.000000,0.000000,0.000000,0.000000,0.000000
1778249228.193809,0.680888,0.339502,1.007548,10.0000,10.0000,10.0000,0.099213,0.099213,0.099213,0.034641,0.034641,0.034641,0.740749,0.371815,1.057938,0.059282,0.033954,0.050575,0.146737,43.576147,43.008119,-3.003806,1.994900,-1.570012,0.000000,0.000000,0.000000,0.000000,0.000000,0.000000
1778249228.203638,0.681039,0.339768,1.007751,10.0000,10.0000,10.0000,0.099559,0.099559,0.099559,0.034641,0.034641,0.034641,0.741095,0.372161,1.058285,0.059298,0.033935,0.050568,0.146743,43.519542,42.951244,-3.003806,1.994900,-1.570010,0.000000,0.000000,0.000000,0.000000,0.000000,0.000000
1778249228.213194,0.681157,0.339982,1.007909,10.0000,10.0000,10.0000,0.099906,0.099906,0.099906,0.034641,0.034641,0.034641,0.741442,0.372508,1.058631,0.059301,0.033938,0.050563,0.146749,43.547015,42.981474,-3.003806,1.994896,-1.570012,0.000000,0.000000,0.000000,0.000000,0.000000,0.000000
1778249228.223746,0.681284,0.340195,1.008070,10.0000,10.0000,10.0000,0.100252,0.100252,0.100252,0.034641,0.034641,0.034641,0.741788,0.372854,1.058978,0.059299,0.033944,0.050561,0.146754,43.629455,43.058922,-3.003806,1.994905,-1.570011,0.000000,0.000000,0.000000,0.000000,0.000000,0.000000
1778249228.233455,0.681403,0.340412,1.008228,10.0000,10.0000,10.0000,0.100252,0.100252,0.100252,0.034641,0.034641,0.034641,0.741788,0.372854,1.058978,0.059299,0.033944,0.050561,0.146754,43.629455,43.058922,-3.003806,1.994896,-1.570011,0.000000,0.000000,0.000000,0.000000,0.000000,0.000000
1778249228.243948,0.681524,0.340627,1.008382,10.0000,10.0000,10.0000,0.100945,0.100945,0.100945,0.034641,0.034641,0.034641,0.742481,0.373547,1.059670,0.059300,0.033947,0.050557,0.146763,43.617356,43.049619,-3.003806,1.994895,-1.570011,0.000000,0.000000,0.000000,0.000000,0.000000,0.000000
1778249228.253985,0.681651,0.340842,1.008540,10.0000,10.0000,10.0000,0.101291,0.101291,0.101291,0.034641,0.034641,0.034641,0.742827,0.373893,1.060017,0.059299,0.033950,0.050557,0.146766,43.679136,43.110901,-3.003807,1.994901,-1.570011,0.000000,0.000000,0.000000,0.000000,0.000000,0.000000
1778249228.263552,0.681775,0.341057,1.008698,10.0000,10.0000,10.0000,0.101638,0.101638,0.101638,0.034641,0.034641,0.034641,0.743174,0.374240,1.060363,0.059298,0.033954,0.050555,0.146770,43.519444,42.949543,-3.003807,1.994903,-1.570011,0.000000,0.000000,0.000000,0.000000,0.000000,0.000000
1778249228.274502,0.681893,0.341273,1.008854,10.0000,10.0000,10.0000,0.101984,0.101984,0.101984,0.034641,0.034641,0.034641,0.743520,0.374586,1.060710,0.059300,0.033955,0.050553,0.146773,43.650265,43.084366,-3.003807,1.994896,-1.570013,0.000000,0.000000,0.000000,0.000000,0.000000,0.000000
1778249228.283450,0.682016,0.341486,1.009014,10.0000,10.0000,10.0000,0.102331,0.102331,0.102331,0.034641,0.034641,0.034641,0.743867,0.374933,1.061056,0.059300,0.033959,0.050550,0.146777,43.648019,43.079588,-3.003807,1.994901,-1.570010,0.000000,0.000000,0.000000,0.000000,0.000000,0.000000
1778249228.293824,0.682137,0.341700,1.009172,10.0000,10.0000,10.0000,0.102677,0.102677,0.102677,0.034641,0.034641,0.034641,0.744213,0.375279,1.061403,0.059301,0.033963,0.050546,0.146780,43.588505,43.020106,-3.003807,1.994899,-1.570013,0.000000,0.000000,0.000000,0.000000,0.000000,0.000000
1778249228.303776,0.682260,0.341901,1.009334,10.0000,10.0000,10.0000,0.103023,0.103023,0.103023,0.034641,0.034641,0.034641,0.744559,0.375626,1.061749,0.059298,0.033977,0.050540,0.146782,43.595424,43.029297,-3.003807,1.994898,-1.570010,0.000000,0.000000,0.000000,0.000000,0.000000,0.000000
1778249228.313822,0.682381,0.342111,1.009494,10.0000,10.0000,10.0000,0.103370,0.103370,0.103370,0.034641,0.034641,0.034641,0.744906,0.375972,1.062095,0.059299,0.033984,0.050535,0.146784,43.643430,43.075359,-3.003807,1.994901,-1.570012,0.000000,0.000000,0.000000,0.000000,0.000000,0.000000
1778249228.323660,0.682503,0.342324,1.009648,10.0000,10.0000,10.0000,0.103716,0.103716,0.103716,0.034641,0.034641,0.034641,0.745252,0.376318,1.062442,0.059297,0.033987,0.050534,0.146786,43.676732,43.109059,-3.003807,1.994897,-1.570009,0.000000,0.000000,0.000000,0.000000,0.000000,0.000000
1778249228.333240,0.682626,0.342543,1.009803,10.0000,10.0000,10.0000,0.104063,0.104063,0.104063,0.034641,0.034641,0.034641,0.745599,0.376665,1.062788,0.059297,0.033986,0.050535,0.146789,43.743872,43.176646,-3.003807,1.994900,-1.570010,0.000000,0.000000,0.000000,0.000000,0.000000,0.000000
1778249228.343422,0.682778,0.342813,1.009999,0.0000,0.0000,0.0000,0.104409,0.104409,0.104409,0.034641,0.034641,0.034641,0.745945,0.377011,1.063135,0.059311,0.033964,0.050533,0.146795,43.634106,43.065500,-3.003807,1.994901,-1.570007,0.000000,0.000000,0.000000,0.000000,0.000000,0.000000
1778249228.353335,0.682895,0.343025,1.010158,0.0000,0.0000,0.0000,0.104703,0.104703,0.104703,0.029400,0.029400,0.029400,0.746239,0.377305,1.063429,0.059432,0.033753,0.050532,0.146828,43.637275,43.071823,-3.003807,1.994898,-1.570010,0.000000,0.000000,0.000000,0.000000,0.000000,0.000000
1778249228.363666,0.683017,0.343234,1.010319,0.0000,0.0000,0.0000,0.104909,0.104909,0.104909,0.020580,0.020580,0.020580,0.746445,0.377511,1.063634,0.059648,0.033371,0.050533,0.146899,43.672470,43.105253,-3.003807,1.994902,-1.570009,0.000000,0.000000,0.000000,0.000000,0.000000,0.000000
1778249228.373667,0.683136,0.343444,1.010474,0.0000,0.0000,0.0000,0.105053,0.105053,0.105053,0.014406,0.014406,0.014406,0.746589,0.377655,1.063778,0.059819,0.033062,0.050533,0.146987,43.689928,43.124014,-3.003807,1.994898,-1.570010,0.000000,0.000000,0.000000,0.000000,0.000000,0.000000
1778249228.385677,0.683262,0.343653,1.010630,0.0000,0.0000,0.0000,0.105154,0.105154,0.105154,0.010084,0.010084,0.010084,0.746690,0.377756,1.063879,0.059956,0.032812,0.050534,0.147079,43.755049,43.187479,-3.003807,1.994898,-1.570008,0.000000,0.000000,0.000000,0.000000,0.000000,0.000000
1778249228.393526,0.683386,0.343864,1.010786,0.0000,0.0000,0.0000,0.105224,0.105224,0.105224,0.007059,0.007059,0.007059,0.746760,0.377826,1.063950,0.060071,0.032600,0.050534,0.147167,43.675716,43.106708,-3.003807,1.994898,-1.570009,0.000000,0.000000,0.000000,0.000000,0.000000,0.000000
1778249228.403816,0.683508,0.344075,1.010938,0.0000,0.0000,0.0000,0.105274,0.105274,0.105274,0.004941,0.004941,0.004941,0.746810,0.377876,1.063999,0.060169,0.032417,0.050535,0.147250,43.730926,43.165035,-3.003807,1.994895,-1.570011,0.000000,0.000000,0.000000,0.000000,0.000000,0.000000
1778249228.413371,0.683630,0.344280,1.011097,0.0000,0.0000,0.0000,0.105308,0.105308,0.105308,0.003459,0.003459,0.003459,0.746844,0.377910,1.064034,0.060256,0.032261,0.050531,0.147326,43.730413,43.165810,-3.003807,1.994901,-1.570010,0.000000,0.000000,0.000000,0.000000,0.000000,0.000000
1778249228.424148,0.683750,0.344487,1.011259,0.0000,0.0000,0.0000,0.105308,0.105308,0.105308,0.003459,0.003459,0.003459,0.746844,0.377910,1.064034,0.060256,0.032261,0.050531,0.147326,43.730413,43.165810,-3.003807,1.994903,-1.570011,0.000000,0.000000,0.000000,0.000000,0.000000,0.000000
1778249228.436310,0.683870,0.344692,1.011414,0.0000,0.0000,0.0000,0.105350,0.105350,0.105333,0.001695,0.001695,0.000000,0.746886,0.377952,1.064058,0.060509,0.032039,0.050370,0.147460,43.717597,43.152943,-3.003807,1.994897,-1.570008,0.000000,0.000000,0.000000,0.000000,0.000000,0.000000
1778249228.443662,0.683990,0.344899,1.011574,0.0000,0.0000,0.0000,0.105364,0.105364,0.105333,0.001424,0.001424,0.000000,0.746900,0.377966,1.064058,0.060566,0.031921,0.050377,0.147518,43.721069,43.155458,-3.003808,1.994900,-1.570010,0.000000,0.000000,0.000000,0.000000,0.000000,0.000000
1778249228.456997,0.684113,0.345104,1.011728,0.0000,0.0000,0.0000,0.105376,0.105376,0.105333,0.001196,0.001196,0.000000,0.746912,0.377978,1.064058,0.060619,0.031806,0.050386,0.147571,43.762426,43.195839,-3.003807,1.994900,-1.570010,0.000000,0.000000,0.000000,0.000000,0.000000,0.000000
1778249228.463316,0.684205,0.345258,1.011844,0.0000,0.0000,0.0000,0.105386,0.105386,0.105333,0.001005,0.001005,0.000000,0.746922,0.377988,1.064058,0.060659,0.031717,0.050394,0.147617,43.753546,43.187469,-3.003807,1.994899,-1.570009,0.000000,0.000000,0.000000,0.000000,0.000000,0.000000
1778249228.473621,0.684329,0.345465,1.011997,0.0000,0.0000,0.0000,0.105394,0.105394,0.105333,0.000844,0.000844,0.000000,0.746930,0.377996,1.064058,0.060713,0.031602,0.050400,0.147662,43.778318,43.212630,-3.003808,1.994900,-1.570009,0.000000,0.000000,0.000000,0.000000,0.000000,0.000000
1778249228.484180,0.684451,0.345669,1.012151,0.0000,0.0000,0.0000,0.105401,0.105401,0.105333,0.000709,0.000709,0.000000,0.746937,0.378003,1.064058,0.060769,0.031490,0.050404,0.147706,43.742288,43.175170,-3.003808,1.994901,-1.570009,0.000000,0.000000,0.000000,0.000000,0.000000,0.000000
1778249228.496152,0.684574,0.345864,1.012305,0.0000,0.0000,0.0000,0.105407,0.105407,0.105333,0.000595,0.000595,0.000000,0.746943,0.378009,1.064058,0.060822,0.031385,0.050405,0.147748,43.755776,43.192212,-3.003808,1.994900,-1.570009,0.000000,0.000000,0.000000,0.000000,0.000000,0.000000
1778249228.503885,0.684726,0.346112,1.012502,0.0000,0.0000,0.0000,0.105412,0.105412,0.105333,0.000500,0.000500,0.000000,0.746948,0.378014,1.064058,0.060893,0.031253,0.050401,0.147792,43.778712,43.213478,-3.003808,1.994901,-1.570011,0.000000,0.000000,0.000000,0.000000,0.000000,0.000000
1778249228.513878,0.684850,0.346306,1.012656,0.0000,0.0000,0.0000,0.105416,0.105416,0.105333,0.000420,0.000420,0.000000,0.746952,0.378019,1.064058,0.060947,0.031150,0.050400,0.147834,43.783971,43.219417,-3.003808,1.994901,-1.570010,0.000000,0.000000,0.000000,0.000000,0.000000,0.000000
1778249228.523406,0.684974,0.346501,1.012810,0.0000,0.0000,0.0000,0.105420,0.105420,0.105333,0.000353,0.000353,0.000000,0.746956,0.378022,1.064058,0.061001,0.031045,0.050399,0.147874,43.748581,43.182772,-3.003808,1.994899,-1.570006,0.000000,0.000000,0.000000,0.000000,0.000000,0.000000
1778249228.533968,0.685097,0.346701,1.012959,0.0000,0.0000,0.0000,0.105423,0.105423,0.105333,0.000296,0.000296,0.000000,0.746959,0.378025,1.064058,0.061056,0.030935,0.050401,0.147914,43.814686,43.250379,-3.003808,1.994899,-1.570010,0.000000,0.000000,0.000000,0.000000,0.000000,0.000000
1778249228.543355,0.685225,0.346894,1.013113,0.0000,0.0000,0.0000,0.105425,0.105425,0.105333,0.000249,0.000249,0.000000,0.746961,0.378028,1.064058,0.061108,0.030832,0.050400,0.147953,43.822372,43.256217,-3.003808,1.994902,-1.570008,0.000000,0.000000,0.000000,0.000000,0.000000,0.000000
1778249228.554799,0.685349,0.347088,1.013264,0.0000,0.0000,0.0000,0.105425,0.105425,0.105333,0.000249,0.000249,0.000000,0.746961,0.378028,1.064058,0.061108,0.030832,0.050400,0.147953,43.822372,43.256217,-3.003808,1.994898,-1.570008,0.000000,0.000000,0.000000,0.000000,0.000000,0.000000
1778249228.563651,0.685475,0.347277,1.013420,0.0000,0.0000,0.0000,0.105429,0.105429,0.105333,0.000176,0.000176,0.000000,0.746965,0.378031,1.064058,0.061216,0.030629,0.050393,0.148028,43.793684,43.228410,-3.003808,1.994903,-1.570010,0.000000,0.000000,0.000000,0.000000,0.000000,0.000000
1778249228.573501,0.685596,0.347466,1.013571,0.0000,0.0000,0.0000,0.105431,0.105431,0.105333,0.000148,0.000148,0.000000,0.746967,0.378033,1.064058,0.061271,0.030527,0.050389,0.148064,43.802207,43.237085,-3.003808,1.994896,-1.570010,0.000000,0.000000,0.000000,0.000000,0.000000,0.000000
1778249228.584223,0.685725,0.347661,1.013718,0.0000,0.0000,0.0000,0.105432,0.105432,0.105333,0.000124,0.000124,0.000000,0.746968,0.378034,1.064058,0.061321,0.030421,0.050391,0.148100,43.921334,43.355248,-3.003808,1.994899,-1.570006,0.000000,0.000000,0.000000,0.000000,0.000000,0.000000
1778249228.594708,0.685853,0.347851,1.013870,0.0000,0.0000,0.0000,0.105433,0.105433,0.105333,0.000104,0.000104,0.000000,0.746969,0.378035,1.064058,0.061374,0.030318,0.050389,0.148136,43.798057,43.233573,-3.003808,1.994901,-1.570007,0.000000,0.000000,0.000000,0.000000,0.000000,0.000000
1778249228.603429,0.685975,0.348036,1.014025,0.0000,0.0000,0.0000,0.105434,0.105434,0.105333,0.000087,0.000087,0.000000,0.746970,0.378036,1.064058,0.061430,0.030220,0.050380,0.148171,43.781911,43.218248,-3.003809,1.994897,-1.570007,0.000000,0.000000,0.000000,0.000000,0.000000,0.000000
1778249228.613460,0.686101,0.348225,1.014174,0.0000,0.0000,0.0000,0.105435,0.105435,0.105333,0.000073,0.000073,0.000000,0.746971,0.378037,1.064058,0.061482,0.030117,0.050378,0.148206,43.900903,43.335095,-3.003809,1.994900,-1.570011,0.000000,0.000000,0.000000,0.000000,0.000000,0.000000
1778249228.623354,0.686231,0.348413,1.014322,0.0000,0.0000,0.0000,0.105435,0.105435,0.105333,0.000062,0.000062,0.000000,0.746971,0.378037,1.064058,0.061532,0.030015,0.050378,0.148240,43.891299,43.325385,-3.003808,1.994900,-1.570009,0.000000,0.000000,0.000000,0.000000,0.000000,0.000000
1778249228.633359,0.686358,0.348598,1.014475,0.0000,0.0000,0.0000,0.105436,0.105436,0.105333,0.000052,0.000052,0.000000,0.746972,0.378038,1.064058,0.061585,0.029915,0.050372,0.148273,43.850837,43.286604,-3.003809,1.994901,-1.570009,0.000000,0.000000,0.000000,0.000000,0.000000,0.000000
1778249228.643317,0.686484,0.348777,1.014629,0.0000,0.0000,0.0000,0.105436,0.105436,0.105333,0.000044,0.000044,0.000000,0.746972,0.378038,1.064058,0.061638,0.029820,0.050364,0.148306,43.843126,43.279325,-3.003809,1.994901,-1.570007,0.000000,0.000000,0.000000,0.000000,0.000000,0.000000
1778249228.653599,0.686600,0.348962,1.014785,0.0000,0.0000,0.0000,0.105437,0.105437,0.105333,0.000037,0.000037,0.000000,0.746973,0.378039,1.064058,0.061698,0.029717,0.050351,0.148340,43.825311,43.263465,-3.003809,1.994899,-1.570009,0.000000,0.000000,0.000000,0.000000,0.000000,0.000000
1778249228.663807,0.686725,0.349142,1.014936,0.0000,0.0000,0.0000,0.105437,0.105437,0.105333,0.000031,0.000031,0.000000,0.746973,0.378039,1.064058,0.061751,0.029620,0.050344,0.148373,43.923462,43.358242,-3.003809,1.994902,-1.570007,0.000000,0.000000,0.000000,0.000000,0.000000,0.000000
1778249228.673306,0.686857,0.349322,1.015083,0.0000,0.0000,0.0000,0.105437,0.105437,0.105333,0.000026,0.000026,0.000000,0.746973,0.378039,1.064058,0.061798,0.029523,0.050343,0.148404,43.909733,43.343492,-3.003809,1.994899,-1.570007,0.000000,0.000000,0.000000,0.000000,0.000000,0.000000
1778249228.683726,0.686986,0.349504,1.015231,0.0000,0.0000,0.0000,0.105437,0.105437,0.105333,0.000022,0.000022,0.000000,0.746973,0.378039,1.064058,0.061849,0.029422,0.050340,0.148436,43.911406,43.346060,-3.003809,1.994901,-1.570007,0.000000,0.000000,0.000000,0.000000,0.000000,0.000000
1778249228.696746,0.687111,0.349684,1.015379,0.0000,0.0000,0.0000,0.105438,0.105438,0.105333,0.000018,0.000018,0.000000,0.746974,0.378040,1.064058,0.061900,0.029322,0.050335,0.148467,43.887583,43.324986,-3.003809,1.994897,-1.570006,0.000000,0.000000,0.000000,0.000000,0.000000,0.000000
1778249228.703328,0.687207,0.349817,1.015494,0.0000,0.0000,0.0000,0.105438,0.105438,0.105333,0.000015,0.000015,0.000000,0.746974,0.378040,1.064058,0.061940,0.029250,0.050328,0.148496,43.897505,43.333557,-3.003809,1.994902,-1.570007,0.000000,0.000000,0.000000,0.000000,0.000000,0.000000
1778249228.713492,0.687361,0.350039,1.015682,0.0000,0.0000,0.0000,0.105438,0.105438,0.105333,0.000013,0.000013,0.000000,0.746974,0.378040,1.064058,0.062007,0.029126,0.050318,0.148527,43.888972,43.326485,-3.003809,1.994898,-1.570006,0.000000,0.000000,0.000000,0.000000,0.000000,0.000000
1778249228.723817,0.687489,0.350218,1.015831,0.0000,0.0000,0.0000,0.105438,0.105438,0.105333,0.000011,0.000011,0.000000,0.746974,0.378040,1.064058,0.062058,0.029026,0.050312,0.148558,43.943069,43.377613,-3.003809,1.994901,-1.570009,0.000000,0.000000,0.000000,0.000000,0.000000,0.000000
1778249228.733288,0.687617,0.350393,1.015975,0.0000,0.0000,0.0000,0.105438,0.105438,0.105333,0.000000,0.000000,0.000000,0.746974,0.378040,1.064058,0.062106,0.028927,0.050310,0.148589,43.970572,43.405531,-3.003809,1.994897,-1.570008,0.000000,0.000000,0.000000,0.000000,0.000000,0.000000
1778249228.743528,0.687748,0.350567,1.016124,0.0000,0.0000,0.0000,0.105438,0.105438,0.105333,0.000000,0.000000,0.000000,0.746974,0.378040,1.064058,0.062155,0.028832,0.050304,0.148618,43.953808,43.388758,-3.003809,1.994901,-1.570006,0.000000,0.000000,0.000000,0.000000,0.000000,0.000000
1778249228.753533,0.687876,0.350740,1.016271,0.0000,0.0000,0.0000,0.105438,0.105438,0.105333,0.000000,0.000000,0.000000,0.746974,0.378040,1.064058,0.062204,0.028735,0.050299,0.148648,43.965758,43.401599,-3.003809,1.994900,-1.570006,0.000000,0.000000,0.000000,0.000000,0.000000,0.000000
1778249228.763514,0.688003,0.350916,1.016421,0.0000,0.0000,0.0000,0.105438,0.105438,0.105333,0.000000,0.000000,0.000000,0.746974,0.378040,1.064058,0.062256,0.028635,0.050291,0.148677,43.937824,43.373754,-3.003809,1.994900,-1.570008,0.000000,0.000000,0.000000,0.000000,0.000000,0.000000
1778249228.774015,0.688126,0.351094,1.016571,0.0000,0.0000,0.0000,0.105438,0.105438,0.105333,0.000000,0.000000,0.000000,0.746974,0.378040,1.064058,0.062311,0.028532,0.050282,0.148706,43.954515,43.391674,-3.003809,1.994900,-1.570010,0.000000,0.000000,0.000000,0.000000,0.000000,0.000000
1778249228.783392,0.688252,0.351265,1.016721,0.0000,0.0000,0.0000,0.105438,0.105438,0.105333,0.000000,0.000000,0.000000,0.746974,0.378040,1.064058,0.062363,0.028435,0.050272,0.148735,43.946912,43.383302,-3.003809,1.994900,-1.570010,0.000000,0.000000,0.000000,0.000000,0.000000,0.000000
1778249228.795222,0.688381,0.351428,1.016867,0.0000,0.0000,0.0000,0.105438,0.105438,0.105333,0.000000,0.000000,0.000000,0.746974,0.378040,1.064058,0.062363,0.028435,0.050272,0.148735,43.946912,43.383302,-3.003809,1.994898,-1.570004,0.000000,0.000000,0.000000,0.000000,0.000000,0.000000
1778249228.803385,0.688510,0.351597,1.017013,0.0000,0.0000,0.0000,0.105438,0.105438,0.105333,0.000000,0.000000,0.000000,0.746974,0.378040,1.064058,0.062458,0.028249,0.050259,0.148790,44.021169,43.457680,-3.003809,1.994900,-1.570007,0.000000,0.000000,0.000000,0.000000,0.000000,0.000000
1778249228.813920,0.688639,0.351766,1.017162,0.0000,0.0000,0.0000,0.105438,0.105438,0.105333,0.000000,0.000000,0.000000,0.746974,0.378040,1.064058,0.062508,0.028153,0.050251,0.148817,43.997027,43.433154,-3.003809,1.994902,-1.570009,0.000000,0.000000,0.000000,0.000000,0.000000,0.000000
1778249228.823827,0.688762,0.351939,1.017310,0.0000,0.0000,0.0000,0.105438,0.105438,0.105333,0.000000,0.000000,0.000000,0.746974,0.378040,1.064058,0.062562,0.028052,0.050241,0.148844,43.969544,43.406943,-3.003809,1.994898,-1.570006,0.000000,0.000000,0.000000,0.000000,0.000000,0.000000
1778249228.833430,0.688892,0.352109,1.017457,0.0000,0.0000,0.0000,0.105438,0.105438,0.105333,0.000000,0.000000,0.000000,0.746974,0.378040,1.064058,0.062611,0.027953,0.050234,0.148871,44.036517,43.472282,-3.003809,1.994900,-1.570006,0.000000,0.000000,0.000000,0.000000,0.000000,0.000000
1778249228.843677,0.689020,0.352281,1.017604,0.0000,0.0000,0.0000,0.105438,0.105438,0.105333,0.000000,0.000000,0.000000,0.746974,0.378040,1.064058,0.062662,0.027851,0.050227,0.148898,43.982859,43.417910,-3.003809,1.994904,-1.570011,0.000000,0.000000,0.000000,0.000000,0.000000,0.000000
1778249228.853230,0.689146,0.352443,1.017750,0.0000,0.0000,0.0000,0.105438,0.105438,0.105333,0.000000,0.000000,0.000000,0.746974,0.378040,1.064058,0.062711,0.027759,0.050218,0.148925,43.971122,43.410404,-3.003810,1.994898,-1.570007,0.000000,0.000000,0.000000,0.000000,0.000000,0.000000
1778249228.863546,0.689272,0.352602,1.017903,0.0000,0.0000,0.0000,0.105438,0.105438,0.105333,0.000000,0.000000,0.000000,0.746974,0.378040,1.064058,0.062762,0.027669,0.050203,0.148950,43.979083,43.417053,-3.003810,1.994900,-1.570008,0.000000,0.000000,0.000000,0.000000,0.000000,0.000000
1778249228.873483,0.689404,0.352765,1.018047,0.0000,0.0000,0.0000,0.105438,0.105438,0.105333,0.000000,0.000000,0.000000,0.746974,0.378040,1.064058,0.062808,0.027574,0.050197,0.148976,44.056979,43.492086,-3.003809,1.994899,-1.570008,0.000000,0.000000,0.000000,0.000000,0.000000,0.000000
1778249228.883387,0.689569,0.352974,1.018225,0.0000,0.0000,0.0000,0.105438,0.105438,0.105333,0.000000,0.000000,0.000000,0.746974,0.378040,1.064058,0.062866,0.027451,0.050193,0.149002,44.071280,43.506436,-3.003809,1.994901,-1.570009,0.000000,0.000000,0.000000,0.000000,0.000000,0.000000
1778249228.893448,0.689696,0.353138,1.018369,0.0000,0.0000,0.0000,0.105438,0.105438,0.105333,0.000000,0.000000,0.000000,0.746974,0.378040,1.064058,0.062914,0.027353,0.050186,0.149029,44.034039,43.470285,-3.003810,1.994899,-1.570008,0.000000,0.000000,0.000000,0.000000,0.000000,0.000000
1778249228.903503,0.689825,0.353302,1.018511,0.0000,0.0000,0.0000,0.105438,0.105438,0.105333,0.000000,0.000000,0.000000,0.746974,0.378040,1.064058,0.062962,0.027254,0.050180,0.149054,44.052061,43.489068,-3.003810,1.994897,-1.570007,0.000000,0.000000,0.000000,0.000000,0.000000,0.000000
1778249228.913692,0.689957,0.353460,1.018656,0.0000,0.0000,0.0000,0.105438,0.105438,0.105333,0.000000,0.000000,0.000000,0.746974,0.378040,1.064058,0.063008,0.027162,0.050172,0.149079,44.102523,43.539590,-3.003810,1.994901,-1.570006,0.000000,0.000000,0.000000,0.000000,0.000000,0.000000
1778249228.924340,0.690087,0.353620,1.018800,0.0000,0.0000,0.0000,0.105438,0.105438,0.105333,0.000000,0.000000,0.000000,0.746974,0.378040,1.064058,0.063054,0.027068,0.050165,0.149103,44.051484,43.486520,-3.003810,1.994900,-1.570006,0.000000,0.000000,0.000000,0.000000,0.000000,0.000000
1778249228.933259,0.690214,0.353776,1.018945,0.0000,0.0000,0.0000,0.105438,0.105438,0.105333,0.000000,0.000000,0.000000,0.746974,0.378040,1.064058,0.063102,0.026975,0.050154,0.149126,44.095998,43.535076,-3.003810,1.994897,-1.570007,0.000000,0.000000,0.000000,0.000000,0.000000,0.000000
1778249228.943258,0.690341,0.353929,1.019096,0.0000,0.0000,0.0000,0.105438,0.105438,0.105333,0.000000,0.000000,0.000000,0.746974,0.378040,1.064058,0.063153,0.026887,0.050138,0.149149,44.038640,43.475683,-3.003810,1.994902,-1.570008,0.000000,0.000000,0.000000,0.000000,0.000000,0.000000
1778249228.953253,0.690501,0.354120,1.019280,0.0000,0.0000,0.0000,0.105438,0.105438,0.105333,0.000000,0.000000,0.000000,0.746974,0.378040,1.064058,0.063213,0.026775,0.050122,0.149173,44.032472,43.469598,-3.003810,1.994898,-1.570006,0.000000,0.000000,0.000000,0.000000,0.000000,0.000000
1778249228.963302,0.690598,0.354234,1.019387,0.0000,0.0000,0.0000,0.105438,0.105438,0.105333,0.000000,0.000000,0.000000,0.746974,0.378040,1.064058,0.063247,0.026708,0.050115,0.149195,44.079856,43.517847,-3.003810,1.994900,-1.570006,0.000000,0.000000,0.000000,0.000000,0.000000,0.000000
1778249228.973673,0.690759,0.354432,1.019566,0.0000,0.0000,0.0000,0.105438,0.105438,0.105333,0.000000,0.000000,0.000000,0.746974,0.378040,1.064058,0.063306,0.026586,0.050105,0.149218,44.124996,43.561214,-3.003810,1.994898,-1.570007,0.000000,0.000000,0.000000,0.000000,0.000000,0.000000
1778249228.984869,0.690891,0.354591,1.019708,0.0000,0.0000,0.0000,0.105438,0.105438,0.105333,0.000000,0.000000,0.000000,0.746974,0.378040,1.064058,0.063352,0.026489,0.050099,0.149241,44.122126,43.557829,-3.003810,1.994902,-1.570008,0.000000,0.000000,0.000000,0.000000,0.000000,0.000000
1778249228.993354,0.691023,0.354739,1.019849,0.0000,0.0000,0.0000,0.105438,0.105438,0.105333,0.000000,0.000000,0.000000,0.746974,0.378040,1.064058,0.063395,0.026401,0.050091,0.149263,44.070763,43.507024,-3.003810,1.994897,-1.570007,0.000000,0.000000,0.000000,0.000000,0.000000,0.000000
1778249229.003522,0.691152,0.354892,1.019990,0.0000,0.0000,0.0000,0.105438,0.105438,0.105333,0.000000,0.000000,0.000000,0.746974,0.378040,1.064058,0.063395,0.026401,0.050091,0.149263,44.070763,43.507024,-3.003810,1.994902,-1.570006,0.000000,0.000000,0.000000,0.000000,0.000000,0.000000
1778249229.013513,0.691283,0.355041,1.020135,0.0000,0.0000,0.0000,0.105438,0.105438,0.105333,0.000000,0.000000,0.000000,0.746974,0.378040,1.064058,0.063486,0.026218,0.050071,0.149305,44.111593,43.547920,-3.003810,1.994901,-1.570007,0.000000,0.000000,0.000000,0.000000,0.000000,0.000000
1778249229.023470,0.691415,0.355184,1.020281,0.0000,0.0000,0.0000,0.105438,0.105438,0.105333,0.000000,0.000000,0.000000,0.746974,0.378040,1.064058,0.063530,0.026135,0.050059,0.149325,44.112341,43.550374,-3.003810,1.994900,-1.570002,0.000000,0.000000,0.000000,0.000000,0.000000,0.000000
1778249229.033894,0.691547,0.355333,1.020424,0.0000,0.0000,0.0000,0.105438,0.105438,0.105333,0.000000,0.000000,0.000000,0.746974,0.378040,1.064058,0.063575,0.026045,0.050049,0.149344,44.138899,43.575864,-3.003810,1.994901,-1.570003,0.000000,0.000000,0.000000,0.000000,0.000000,0.000000
1778249229.043518,0.691675,0.355485,1.020565,0.0000,0.0000,0.0000,0.105438,0.105438,0.105333,0.000000,0.000000,0.000000,0.746974,0.378040,1.064058,0.063621,0.025950,0.050039,0.149364,44.156014,43.594521,-3.003810,1.994897,-1.570005,0.000000,0.000000,0.000000,0.000000,0.000000,0.000000
1778249229.053920,0.691805,0.355632,1.020709,0.0000,0.0000,0.0000,0.105438,0.105438,0.105333,0.000000,0.000000,0.000000,0.746974,0.378040,1.064058,0.063668,0.025860,0.050027,0.149383,44.181288,43.619738,-3.003810,1.994901,-1.570005,0.000000,0.000000,0.000000,0.000000,0.000000,0.000000
1778249229.063494,0.691935,0.355776,1.020851,0.0000,0.0000,0.0000,0.105438,0.105438,0.105333,0.000000,0.000000,0.000000,0.746974,0.378040,1.064058,0.063712,0.025772,0.050016,0.149402,44.153558,43.590255,-3.003810,1.994899,-1.570004,0.000000,0.000000,0.000000,0.000000,0.000000,0.000000
1778249229.073802,0.692073,0.355927,1.020990,0.0000,0.0000,0.0000,0.105438,0.105438,0.105333,0.000000,0.000000,0.000000,0.746974,0.378040,1.064058,0.063753,0.025678,0.050012,0.149421,44.152311,43.586309,-3.003810,1.994903,-1.570007,0.000000,0.000000,0.000000,0.000000,0.000000,0.000000
1778249229.083951,0.692205,0.356071,1.021128,0.0000,0.0000,0.0000,0.105438,0.105438,0.105333,0.000000,0.000000,0.000000,0.746974,0.378040,1.064058,0.063794,0.025590,0.050004,0.149439,44.170213,43.609386,-3.003810,1.994897,-1.570006,0.000000,0.000000,0.000000,0.000000,0.000000,0.000000
1778249229.093245,0.692336,0.356212,1.021274,0.0000,0.0000,0.0000,0.105438,0.105438,0.105333,0.000000,0.000000,0.000000,0.746974,0.378040,1.064058,0.063840,0.025504,0.049990,0.149457,44.182570,43.620754,-3.003810,1.994902,-1.570004,0.000000,0.000000,0.000000,0.000000,0.000000,0.000000
1778249229.103584,0.692463,0.356354,1.021418,0.0000,0.0000,0.0000,0.105438,0.105438,0.105333,0.000000,0.000000,0.000000,0.746974,0.378040,1.064058,0.063887,0.025416,0.049975,0.149475,44.141271,43.579898,-3.003810,1.994900,-1.570005,0.000000,0.000000,0.000000,0.000000,0.000000,0.000000
1778249229.113410,0.692593,0.356494,1.021561,0.0000,0.0000,0.0000,0.105438,0.105438,0.105333,0.000000,0.000000,0.000000,0.746974,0.378040,1.064058,0.063932,0.025330,0.049961,0.149492,44.183493,43.622255,-3.003810,1.994897,-1.570005,0.000000,0.000000,0.000000,0.000000,0.000000,0.000000
1778249229.123316,0.692726,0.356636,1.021703,0.0000,0.0000,0.0000,0.105438,0.105438,0.105333,0.000000,0.000000,0.000000,0.746974,0.378040,1.064058,0.063975,0.025242,0.049950,0.149509,44.223533,43.661994,-3.003810,1.994900,-1.570006,0.000000,0.000000,0.000000,0.000000,0.000000,0.000000
1778249229.133527,0.692857,0.356779,1.021843,0.0000,0.0000,0.0000,0.105438,0.105438,0.105333,0.000000,0.000000,0.000000,0.746974,0.378040,1.064058,0.064019,0.025152,0.049939,0.149526,44.229346,43.666178,-3.003810,1.994901,-1.570006,0.000000,0.000000,0.000000,0.000000,0.000000,0.000000
1778249229.145151,0.692995,0.356921,1.021979,0.0000,0.0000,0.0000,0.105438,0.105438,0.105333,0.000000,0.000000,0.000000,0.746974,0.378040,1.064058,0.064057,0.025062,0.049935,0.149543,44.219517,43.654990,-3.003810,1.994901,-1.570006,0.000000,0.000000,0.000000,0.000000,0.000000,0.000000
1778249229.153414,0.693129,0.357059,1.022117,0.0000,0.0000,0.0000,0.105438,0.105438,0.105333,0.000000,0.000000,0.000000,0.746974,0.378040,1.064058,0.064098,0.024976,0.049927,0.149559,44.225426,43.663074,-3.003811,1.994897,-1.570005,0.000000,0.000000,0.000000,0.000000,0.000000,0.000000
1778249229.163286,0.693297,0.357228,1.022293,0.0000,0.0000,0.0000,0.105438,0.105438,0.105333,0.000000,0.000000,0.000000,0.746974,0.378040,1.064058,0.064149,0.024872,0.049913,0.149575,44.263706,43.701807,-3.003811,1.994901,-1.570004,0.000000,0.000000,0.000000,0.000000,0.000000,0.000000
1778249229.173502,0.693397,0.357330,1.022399,0.0000,0.0000,0.0000,0.105438,0.105438,0.105333,0.000000,0.000000,0.000000,0.746974,0.378040,1.064058,0.064180,0.024809,0.049904,0.149590,44.195081,43.632986,-3.003810,1.994899,-1.570002,0.000000,0.000000,0.000000,0.000000,0.000000,0.000000
1778249229.185387,0.693528,0.357468,1.022541,0.0000,0.0000,0.0000,0.105438,0.105438,0.105333,0.000000,0.000000,0.000000,0.746974,0.378040,1.064058,0.064225,0.024721,0.049890,0.149605,44.223769,43.662857,-3.003810,1.994899,-1.570005,0.000000,0.000000,0.000000,0.000000,0.000000,0.000000
1778249229.193868,0.693657,0.357604,1.022687,0.0000,0.0000,0.0000,0.105438,0.105438,0.105333,0.000000,0.000000,0.000000,0.746974,0.378040,1.064058,0.064272,0.024635,0.049872,0.149620,44.197806,43.637248,-3.003811,1.994900,-1.570006,0.000000,0.000000,0.000000,0.000000,0.000000,0.000000
1778249229.203320,0.693786,0.357737,1.022826,0.0000,0.0000,0.0000,0.105438,0.105438,0.105333,0.000000,0.000000,0.000000,0.746974,0.378040,1.064058,0.064315,0.024551,0.049858,0.149635,44.260255,43.698090,-3.003811,1.994896,-1.570007,0.000000,0.000000,0.000000,0.000000,0.000000,0.000000
1778249229.213358,0.693926,0.357870,1.022964,0.0000,0.0000,0.0000,0.105438,0.105438,0.105333,0.000000,0.000000,0.000000,0.746974,0.378040,1.064058,0.064352,0.024468,0.049851,0.149649,44.321204,43.757882,-3.003811,1.994905,-1.570006,0.000000,0.000000,0.000000,0.000000,0.000000,0.000000
1778249229.223341,0.694057,0.358000,1.023103,0.0000,0.0000,0.0000,0.105438,0.105438,0.105333,0.000000,0.000000,0.000000,0.746974,0.378040,1.064058,0.064394,0.024386,0.049838,0.149663,44.194891,43.632666,-3.003810,1.994894,-1.570005,0.000000,0.000000,0.000000,0.000000,0.000000,0.000000
1778249229.233465,0.694189,0.358136,1.023242,0.0000,0.0000,0.0000,0.105438,0.105438,0.105333,0.000000,0.000000,0.000000,0.746974,0.378040,1.064058,0.064436,0.024297,0.049826,0.149677,44.353843,43.792856,-3.003810,1.994904,-1.570005,0.000000,0.000000,0.000000,0.000000,0.000000,0.000000
1778249229.244033,0.694322,0.358269,1.023384,0.0000,0.0000,0.0000,0.105438,0.105438,0.105333,0.000000,0.000000,0.000000,0.746974,0.378040,1.064058,0.064436,0.024297,0.049826,0.149677,44.353843,43.792856,-3.003810,1.994902,-1.570007,0.000000,0.000000,0.000000,0.000000,0.000000,0.000000
1778249229.254428,0.694459,0.358398,1.023519,0.0000,0.0000,0.0000,0.105438,0.105438,0.105333,0.000000,0.000000,0.000000,0.746974,0.378040,1.064058,0.064516,0.024131,0.049803,0.149704,44.317191,43.756387,-3.003811,1.994897,-1.570006,0.000000,0.000000,0.000000,0.000000,0.000000,0.000000
1778249229.264533,0.694596,0.358524,1.023661,0.0000,0.0000,0.0000,0.105438,0.105438,0.105333,0.000000,0.000000,0.000000,0.746974,0.378040,1.064058,0.064556,0.024053,0.049790,0.149716,44.241606,43.678165,-3.003811,1.994903,-1.570002,0.000000,0.000000,0.000000,0.000000,0.000000,0.000000
1778249229.273336,0.694762,0.358691,1.023832,0.0000,0.0000,0.0000,0.105438,0.105438,0.105333,0.000000,0.000000,0.000000,0.746974,0.378040,1.064058,0.064607,0.023943,0.049776,0.149730,44.269388,43.708003,-3.003811,1.994900,-1.570006,0.000000,0.000000,0.000000,0.000000,0.000000,0.000000
1778249229.283325,0.694892,0.358821,1.023973,0.0000,0.0000,0.0000,0.105438,0.105438,0.105333,0.000000,0.000000,0.000000,0.746974,0.378040,1.064058,0.064651,0.023858,0.049760,0.149744,44.287427,43.725819,-3.003811,1.994900,-1.570008,0.000000,0.000000,0.000000,0.000000,0.000000,0.000000
1778249229.293628,0.694992,0.358914,1.024077,0.0000,0.0000,0.0000,0.105438,0.105438,0.105333,0.000000,0.000000,0.000000,0.746974,0.378040,1.064058,0.064681,0.023799,0.049749,0.149755,44.294552,43.732923,-3.003811,1.994900,-1.570006,0.000000,0.000000,0.000000,0.000000,0.000000,0.000000
1778249229.303309,0.695160,0.359070,1.024249,0.0000,0.0000,0.0000,0.105438,0.105438,0.105333,0.000000,0.000000,0.000000,0.746974,0.378040,1.064058,0.064730,0.023699,0.049733,0.149768,44.288690,43.726765,-3.003810,1.994899,-1.570004,0.000000,0.000000,0.000000,0.000000,0.000000,0.000000
1778249229.313544,0.695291,0.359196,1.024387,0.0000,0.0000,0.0000,0.105438,0.105438,0.105333,0.000000,0.000000,0.000000,0.746974,0.378040,1.064058,0.064772,0.023616,0.049718,0.149780,44.292288,43.731901,-3.003810,1.994899,-1.570006,0.000000,0.000000,0.000000,0.000000,0.000000,0.000000
1778249229.323403,0.695426,0.359319,1.024523,0.0000,0.0000,0.0000,0.105438,0.105438,0.105333,0.000000,0.000000,0.000000,0.746974,0.378040,1.064058,0.064810,0.023537,0.049706,0.149792,44.338947,43.774687,-3.003810,1.994900,-1.570004,0.000000,0.000000,0.000000,0.000000,0.000000,0.000000
1778249229.333761,0.695560,0.359454,1.024652,0.0000,0.0000,0.0000,0.105438,0.105438,0.105333,0.000000,0.000000,0.000000,0.746974,0.378040,1.064058,0.064848,0.023442,0.049702,0.149803,44.377711,43.815141,-3.003810,1.994898,-1.570008,0.000000,0.000000,0.000000,0.000000,0.000000,0.000000
1778249229.343994,0.695696,0.359578,1.024787,0.0000,0.0000,0.0000,0.105438,0.105438,0.105333,0.000000,0.000000,0.000000,0.746974,0.378040,1.064058,0.064848,0.023442,0.049702,0.149803,44.377711,43.815141,-3.003811,1.994899,-1.570005,0.000000,0.000000,0.000000,0.000000,0.000000,0.000000
1778249229.353733,0.695832,0.359699,1.024924,0.0000,0.0000,0.0000,0.105438,0.105438,0.105333,0.000000,0.000000,0.000000,0.746974,0.378040,1.064058,0.064923,0.023283,0.049678,0.149825,44.356340,43.794043,-3.003811,1.994900,-1.570005,0.000000,0.000000,0.000000,0.000000,0.000000,0.000000
1778249229.364537,0.695967,0.359814,1.025063,0.0000,0.0000,0.0000,0.105438,0.105438,0.105333,0.000000,0.000000,0.000000,0.746974,0.378040,1.064058,0.064923,0.023283,0.049678,0.149825,44.356340,43.794043,-3.003811,1.994902,-1.570003,0.000000,0.000000,0.000000,0.000000,0.000000,0.000000
1778249229.373229,0.696132,0.359967,1.025232,0.0000,0.0000,0.0000,0.105438,0.105438,0.105333,0.000000,0.000000,0.000000,0.746974,0.378040,1.064058,0.065010,0.023109,0.049646,0.149846,44.356644,43.795380,-3.003810,1.994899,-1.570006,0.000000,0.000000,0.000000,0.000000,0.000000,0.000000
1778249229.383230,0.696268,0.360087,1.025369,0.0000,0.0000,0.0000,0.105438,0.105438,0.105333,0.000000,0.000000,0.000000,0.746974,0.378040,1.064058,0.065048,0.023031,0.049632,0.149856,44.399191,43.836502,-3.003810,1.994903,-1.570004,0.000000,0.000000,0.000000,0.000000,0.000000,0.000000
1778249229.393817,0.696398,0.360209,1.025504,0.0000,0.0000,0.0000,0.105438,0.105438,0.105333,0.000000,0.000000,0.000000,0.746974,0.378040,1.064058,0.065088,0.022948,0.049618,0.149867,44.322179,43.761067,-3.003811,1.994896,-1.570007,0.000000,0.000000,0.000000,0.000000,0.000000,0.000000
1778249229.403989,0.696533,0.360326,1.025640,0.0000,0.0000,0.0000,0.105438,0.105438,0.105333,0.000000,0.000000,0.000000,0.746974,0.378040,1.064058,0.065127,0.022871,0.049603,0.149876,44.432306,43.872485,-3.003811,1.994904,-1.570005,0.000000,0.000000,0.000000,0.000000,0.000000,0.000000
1778249229.414891,0.696630,0.360415,1.025743,0.0000,0.0000,0.0000,0.105438,0.105438,0.105333,0.000000,0.000000,0.000000,0.746974,0.378040,1.064058,0.065157,0.022812,0.049590,0.149885,44.333927,43.772769,-3.003811,1.994903,-1.570005,0.000000,0.000000,0.000000,0.000000,0.000000,0.000000
1778249229.423518,0.696800,0.360564,1.025910,0.0000,0.0000,0.0000,0.105438,0.105438,0.105333,0.000000,0.000000,0.000000,0.746974,0.378040,1.064058,0.065203,0.022711,0.049575,0.149895,44.407444,43.847556,-3.003811,1.994900,-1.570008,0.000000,0.000000,0.000000,0.000000,0.000000,0.000000
1778249229.435372,0.696939,0.360676,1.026048,0.0000,0.0000,0.0000,0.105438,0.105438,0.105333,0.000000,0.000000,0.000000,0.746974,0.378040,1.064058,0.065239,0.022641,0.049560,0.149903,44.422429,43.858730,-3.003811,1.994903,-1.570003,0.000000,0.000000,0.000000,0.000000,0.000000,0.000000
1778249229.443550,0.697074,0.360797,1.026180,0.0000,0.0000,0.0000,0.105438,0.105438,0.105333,0.000000,0.000000,0.000000,0.746974,0.378040,1.064058,0.065239,0.022641,0.049560,0.149903,44.422429,43.858730,-3.003811,1.994899,-1.570007,0.000000,0.000000,0.000000,0.000000,0.000000,0.000000
1778249229.455299,0.697177,0.360887,1.026281,0.0000,0.0000,0.0000,0.105438,0.105438,0.105333,0.000000,0.000000,0.000000,0.746974,0.378040,1.064058,0.065304,0.022495,0.049541,0.149919,44.461933,43.900717,-3.003811,1.994896,-1.570007,0.000000,0.000000,0.000000,0.000000,0.000000,0.000000
1778249229.463238,0.697340,0.361029,1.026454,0.0000,0.0000,0.0000,0.105438,0.105438,0.105333,0.000000,0.000000,0.000000,0.746974,0.378040,1.064058,0.065356,0.022399,0.049516,0.149928,44.387991,43.827267,-3.003811,1.994903,-1.570004,0.000000,0.000000,0.000000,0.000000,0.000000,0.000000
1778249229.473514,0.697471,0.361143,1.026589,0.0000,0.0000,0.0000,0.105438,0.105438,0.105333,0.000000,0.000000,0.000000,0.746974,0.378040,1.064058,0.065396,0.022322,0.049499,0.149936,44.367003,43.806295,-3.003811,1.994896,-1.570004,0.000000,0.000000,0.000000,0.000000,0.000000,0.000000
1778249229.483344,0.697610,0.361253,1.026723,0.0000,0.0000,0.0000,0.105438,0.105438,0.105333,0.000000,0.000000,0.000000,0.746974,0.378040,1.064058,0.065430,0.022250,0.049486,0.149944,44.463266,43.900769,-3.003811,1.994901,-1.570004,0.000000,0.000000,0.000000,0.000000,0.000000,0.000000
1778249229.494082,0.697748,0.361367,1.026857,0.0000,0.0000,0.0000,0.105438,0.105438,0.105333,0.000000,0.000000,0.000000,0.746974,0.378040,1.064058,0.065465,0.022174,0.049473,0.149951,44.417762,43.854911,-3.003811,1.994900,-1.570004,0.000000,0.000000,0.000000,0.000000,0.000000,0.000000
1778249229.503539,0.697884,0.361484,1.026988,0.0000,0.0000,0.0000,0.105438,0.105438,0.105333,0.000000,0.000000,0.000000,0.746974,0.378040,1.064058,0.065501,0.022091,0.049463,0.149958,44.472808,43.911385,-3.003811,1.994900,-1.570005,0.000000,0.000000,0.000000,0.000000,0.000000,0.000000
1778249229.513520,0.698019,0.361600,1.027121,0.0000,0.0000,0.0000,0.105438,0.105438,0.105333,0.000000,0.000000,0.000000,0.746974,0.378040,1.064058,0.065539,0.022009,0.049450,0.149965,44.456002,43.893604,-3.003811,1.994900,-1.570006,0.000000,0.000000,0.000000,0.000000,0.000000,0.000000
1778249229.528286,0.698155,0.361712,1.027254,0.0000,0.0000,0.0000,0.105438,0.105438,0.105333,0.000000,0.000000,0.000000,0.746974,0.378040,1.064058,0.065575,0.021932,0.049436,0.149972,44.439543,43.878094,-3.003811,1.994899,-1.570003,0.000000,0.000000,0.000000,0.000000,0.000000,0.000000
1778249229.533435,0.698256,0.361798,1.027354,0.0000,0.0000,0.0000,0.105438,0.105438,0.105333,0.000000,0.000000,0.000000,0.746974,0.378040,1.064058,0.065603,0.021872,0.049425,0.149978,44.463729,43.902848,-3.003811,1.994901,-1.570004,0.000000,0.000000,0.000000,0.000000,0.000000,0.000000
1778249229.543570,0.698390,0.361907,1.027489,0.0000,0.0000,0.0000,0.105438,0.105438,0.105333,0.000000,0.000000,0.000000,0.746974,0.378040,1.064058,0.065641,0.021797,0.049408,0.149984,44.433119,43.872278,-3.003811,1.994899,-1.570005,0.000000,0.000000,0.000000,0.000000,0.000000,0.000000
1778249229.554208,0.698526,0.362014,1.027623,0.0000,0.0000,0.0000,0.105438,0.105438,0.105333,0.000000,0.000000,0.000000,0.746974,0.378040,1.064058,0.065677,0.021725,0.049392,0.149990,44.455377,43.893771,-3.003811,1.994901,-1.570003,0.000000,0.000000,0.000000,0.000000,0.000000,0.000000
1778249229.563692,0.698662,0.362124,1.027754,0.0000,0.0000,0.0000,0.105438,0.105438,0.105333,0.000000,0.000000,0.000000,0.746974,0.378040,1.064058,0.065712,0.021649,0.049379,0.149996,44.471827,43.910505,-3.003811,1.994898,-1.570005,0.000000,0.000000,0.000000,0.000000,0.000000,0.000000
1778249229.573703,0.698801,0.362231,1.027885,0.0000,0.0000,0.0000,0.105438,0.105438,0.105333,0.000000,0.000000,0.000000,0.746974,0.378040,1.064058,0.065744,0.021576,0.049367,0.150001,44.515072,43.951561,-3.003811,1.994901,-1.570003,0.000000,0.000000,0.000000,0.000000,0.000000,0.000000
1778249229.583491,0.698937,0.362340,1.028015,0.0000,0.0000,0.0000,0.105438,0.105438,0.105333,0.000000,0.000000,0.000000,0.746974,0.378040,1.064058,0.065779,0.021499,0.049355,0.150007,44.463087,43.902374,-3.003811,1.994899,-1.570004,0.000000,0.000000,0.000000,0.000000,0.000000,0.000000
1778249229.593281,0.699103,0.362466,1.028186,0.0000,0.0000,0.0000,0.105438,0.105438,0.105333,0.000000,0.000000,0.000000,0.746974,0.378040,1.064058,0.065827,0.021416,0.049327,0.150012,44.461710,43.901827,-3.003811,1.994899,-1.570002,0.000000,0.000000,0.000000,0.000000,0.000000,0.000000
1778249229.603757,0.699235,0.362574,1.028320,0.0000,0.0000,0.0000,0.105438,0.105438,0.105333,0.000000,0.000000,0.000000,0.746974,0.378040,1.064058,0.065866,0.021339,0.049308,0.150017,44.494831,43.933991,-3.003811,1.994900,-1.570007,0.000000,0.000000,0.000000,0.000000,0.000000,0.000000
1778249229.613580,0.699373,0.362677,1.028450,0.0000,0.0000,0.0000,0.105438,0.105438,0.105333,0.000000,0.000000,0.000000,0.746974,0.378040,1.064058,0.065899,0.021268,0.049295,0.150022,44.514816,43.952326,-3.003811,1.994900,-1.570005,0.000000,0.000000,0.000000,0.000000,0.000000,0.000000
1778249229.623237,0.699512,0.362783,1.028579,0.0000,0.0000,0.0000,0.105438,0.105438,0.105333,0.000000,0.000000,0.000000,0.746974,0.378040,1.064058,0.065930,0.021194,0.049285,0.150026,44.537356,43.975181,-3.003811,1.994901,-1.570003,0.000000,0.000000,0.000000,0.000000,0.000000,0.000000
1778249229.633455,0.699646,0.362886,1.028711,0.0000,0.0000,0.0000,0.105438,0.105438,0.105333,0.000000,0.000000,0.000000,0.746974,0.378040,1.064058,0.065966,0.021122,0.049268,0.150031,44.485409,43.925076,-3.003811,1.994899,-1.570004,0.000000,0.000000,0.000000,0.000000,0.000000,0.000000
1778249229.643500,0.699781,0.362988,1.028842,0.0000,0.0000,0.0000,0.105438,0.105438,0.105333,0.000000,0.000000,0.000000,0.746974,0.378040,1.064058,0.066002,0.021050,0.049251,0.150035,44.525917,43.963844,-3.003811,1.994899,-1.570005,0.000000,0.000000,0.000000,0.000000,0.000000,0.000000
1778249229.653805,0.699919,0.363091,1.028971,0.0000,0.0000,0.0000,0.105438,0.105438,0.105333,0.000000,0.000000,0.000000,0.746974,0.378040,1.064058,0.066002,0.021050,0.049251,0.150035,44.525917,43.963844,-3.003811,1.994899,-1.570005,0.000000,0.000000,0.000000,0.000000,0.000000,0.000000
1778249229.663471,0.700058,0.363190,1.029103,0.0000,0.0000,0.0000,0.105438,0.105438,0.105333,0.000000,0.000000,0.000000,0.746974,0.378040,1.064058,0.066066,0.020911,0.049224,0.150042,44.511173,43.948159,-3.003811,1.994903,-1.570004,0.000000,0.000000,0.000000,0.000000,0.000000,0.000000
1778249229.673487,0.700195,0.363286,1.029230,0.0000,0.0000,0.0000,0.105438,0.105438,0.105333,0.000000,0.000000,0.000000,0.746974,0.378040,1.064058,0.066097,0.020846,0.049211,0.150045,44.538830,43.979153,-3.003812,1.994896,-1.570002,0.000000,0.000000,0.000000,0.000000,0.000000,0.000000
1778249229.683611,0.700360,0.363409,1.029397,0.0000,0.0000,0.0000,0.105438,0.105438,0.105333,0.000000,0.000000,0.000000,0.746974,0.378040,1.064058,0.066144,0.020760,0.049183,0.150048,44.542430,43.982757,-3.003811,1.994898,-1.570004,0.000000,0.000000,0.000000,0.000000,0.000000,0.000000
1778249229.693421,0.700500,0.363510,1.029528,0.0000,0.0000,0.0000,0.105438,0.105438,0.105333,0.000000,0.000000,0.000000,0.746974,0.378040,1.064058,0.066176,0.020690,0.049169,0.150051,44.546944,43.983829,-3.003811,1.994900,-1.570004,0.000000,0.000000,0.000000,0.000000,0.000000,0.000000
1778249229.704051,0.700638,0.363609,1.029655,0.0000,0.0000,0.0000,0.105438,0.105438,0.105333,0.000000,0.000000,0.000000,0.746974,0.378040,1.064058,0.066208,0.020619,0.049157,0.150054,44.548435,43.986536,-3.003811,1.994898,-1.570004,0.000000,0.000000,0.000000,0.000000,0.000000,0.000000
1778249229.713531,0.700774,0.363707,1.029784,0.0000,0.0000,0.0000,0.105438,0.105438,0.105333,0.000000,0.000000,0.000000,0.746974,0.378040,1.064058,0.066241,0.020550,0.049141,0.150056,44.571487,44.010531,-3.003811,1.994899,-1.570002,0.000000,0.000000,0.000000,0.000000,0.000000,0.000000
1778249229.723606,0.700913,0.363803,1.029914,0.0000,0.0000,0.0000,0.105438,0.105438,0.105333,0.000000,0.000000,0.000000,0.746974,0.378040,1.064058,0.066273,0.020484,0.049126,0.150058,44.564491,44.001886,-3.003811,1.994903,-1.570003,0.000000,0.000000,0.000000,0.000000,0.000000,0.000000
1778249229.733397,0.701051,0.363900,1.030040,0.0000,0.0000,0.0000,0.105438,0.105438,0.105333,0.000000,0.000000,0.000000,0.746974,0.378040,1.064058,0.066273,0.020484,0.049126,0.150058,44.564491,44.001886,-3.003811,1.994900,-1.570004,0.000000,0.000000,0.000000,0.000000,0.000000,0.000000
1778249229.743824,0.701188,0.363995,1.030167,0.0000,0.0000,0.0000,0.105438,0.105438,0.105333,0.000000,0.000000,0.000000,0.746974,0.378040,1.064058,0.066334,0.020348,0.049100,0.150062,44.602206,44.042323,-3.003811,1.994898,-1.570003,0.000000,0.000000,0.000000,0.000000,0.000000,0.000000
1778249229.753247,0.701356,0.364112,1.030331,0.0000,0.0000,0.0000,0.105438,0.105438,0.105333,0.000000,0.000000,0.000000,0.746974,0.378040,1.064058,0.066377,0.020267,0.049075,0.150064,44.624768,44.064676,-3.003811,1.994904,-1.570004,0.000000,0.000000,0.000000,0.000000,0.000000,0.000000
1778249229.763827,0.701495,0.364206,1.030460,0.0000,0.0000,0.0000,0.105438,0.105438,0.105333,0.000000,0.000000,0.000000,0.746974,0.378040,1.064058,0.066408,0.020201,0.049060,0.150065,44.525796,43.962629,-3.003811,1.994898,-1.570003,0.000000,0.000000,0.000000,0.000000,0.000000,0.000000
1778249229.773541,0.701630,0.364303,1.030584,0.0000,0.0000,0.0000,0.105438,0.105438,0.105333,0.000000,0.000000,0.000000,0.746974,0.378040,1.064058,0.066408,0.020201,0.049060,0.150065,44.525796,43.962629,-3.003811,1.994898,-1.570003,0.000000,0.000000,0.000000,0.000000,0.000000,0.000000
1778249229.783575,0.701769,0.364398,1.030713,0.0000,0.0000,0.0000,0.105438,0.105438,0.105333,0.000000,0.000000,0.000000,0.746974,0.378040,1.064058,0.066472,0.020059,0.049032,0.150068,44.660956,44.098798,-3.003811,1.994901,-1.570002,0.000000,0.000000,0.000000,0.000000,0.000000,0.000000
1778249229.793849,0.701908,0.364492,1.030841,0.0000,0.0000,0.0000,0.105438,0.105438,0.105333,0.000000,0.000000,0.000000,0.746974,0.378040,1.064058,0.066502,0.019993,0.049017,0.150069,44.602548,44.038967,-3.003812,1.994902,-1.570002,0.000000,0.000000,0.000000,0.000000,0.000000,0.000000
1778249229.803323,0.702081,0.364609,1.030999,0.0000,0.0000,0.0000,0.105438,0.105438,0.105333,0.000000,0.000000,0.000000,0.746974,0.378040,1.064058,0.066541,0.019908,0.049000,0.150070,44.611802,44.049178,-3.003812,1.994901,-1.570004,0.000000,0.000000,0.000000,0.000000,0.000000,0.000000
1778249229.813531,0.702217,0.364695,1.031128,0.0000,0.0000,0.0000,0.105438,0.105438,0.105333,0.000000,0.000000,0.000000,0.746974,0.378040,1.064058,0.066573,0.019850,0.048980,0.150070,44.582631,44.023631,-3.003812,1.994897,-1.570004,0.000000,0.000000,0.000000,0.000000,0.000000,0.000000
1778249229.823561,0.702350,0.364782,1.031261,0.0000,0.0000,0.0000,0.105438,0.105438,0.105333,0.000000,0.000000,0.000000,0.746974,0.378040,1.064058,0.066573,0.019850,0.048980,0.150070,44.582631,44.023631,-3.003812,1.994899,-1.570003,0.000000,0.000000,0.000000,0.000000,0.000000,0.000000
1778249229.833678,0.702486,0.364873,1.031388,0.0000,0.0000,0.0000,0.105438,0.105438,0.105333,0.000000,0.000000,0.000000,0.746974,0.378040,1.064058,0.066641,0.019724,0.048938,0.150071,44.657697,44.094987,-3.003811,1.994900,-1.570002,0.000000,0.000000,0.000000,0.000000,0.000000,0.000000
1778249229.843676,0.702627,0.364963,1.031513,0.0000,0.0000,0.0000,0.105438,0.105438,0.105333,0.000000,0.000000,0.000000,0.746974,0.378040,1.064058,0.066669,0.019659,0.048926,0.150071,44.620235,44.058081,-3.003812,1.994899,-1.570003,0.000000,0.000000,0.000000,0.000000,0.000000,0.000000
1778249229.853703,0.702766,0.365058,1.031638,0.0000,0.0000,0.0000,0.105438,0.105438,0.105333,0.000000,0.000000,0.000000,0.746974,0.378040,1.064058,0.066699,0.019586,0.048914,0.150071,44.705805,44.143610,-3.003812,1.994900,-1.570006,0.000000,0.000000,0.000000,0.000000,0.000000,0.000000
1778249229.863468,0.702905,0.365148,1.031764,0.0000,0.0000,0.0000,0.105438,0.105438,0.105333,0.000000,0.000000,0.000000,0.746974,0.378040,1.064058,0.066729,0.019521,0.048900,0.150070,44.634610,44.070892,-3.003812,1.994902,-1.570005,0.000000,0.000000,0.000000,0.000000,0.000000,0.000000
1778249229.873129,0.703073,0.365257,1.031922,0.0000,0.0000,0.0000,0.105438,0.105438,0.105333,0.000000,0.000000,0.000000,0.746974,0.378040,1.064058,0.066770,0.019442,0.048875,0.150070,44.599899,44.040757,-3.003812,1.994896,-1.570005,0.000000,0.000000,0.000000,0.000000,0.000000,0.000000
1778249229.883152,0.703211,0.365338,1.032050,0.0000,0.0000,0.0000,0.105438,0.105438,0.105333,0.000000,0.000000,0.000000,0.746974,0.378040,1.064058,0.066799,0.019388,0.048856,0.150069,44.702341,44.140845,-3.003812,1.994900,-1.570004,0.000000,0.000000,0.000000,0.000000,0.000000,0.000000
1778249229.893791,0.703351,0.365424,1.032175,0.0000,0.0000,0.0000,0.105438,0.105438,0.105333,0.000000,0.000000,0.000000,0.746974,0.378040,1.064058,0.066828,0.019326,0.048842,0.150068,44.701561,44.138665,-3.003812,1.994900,-1.570006,0.000000,0.000000,0.000000,0.000000,0.000000,0.000000
1778249229.904122,0.703491,0.365511,1.032300,0.0000,0.0000,0.0000,0.105438,0.105438,0.105333,0.000000,0.000000,0.000000,0.746974,0.378040,1.064058,0.066856,0.019263,0.048828,0.150066,44.666716,44.104468,-3.003812,1.994900,-1.570004,0.000000,0.000000,0.000000,0.000000,0.000000,0.000000
1778249229.913380,0.703625,0.365602,1.032428,0.0000,0.0000,0.0000,0.105438,0.105438,0.105333,0.000000,0.000000,0.000000,0.746974,0.378040,1.064058,0.066891,0.019193,0.048808,0.150065,44.666476,44.106064,-3.003812,1.994900,-1.570006,0.000000,0.000000,0.000000,0.000000,0.000000,0.000000
1778249229.923509,0.703761,0.365685,1.032555,0.0000,0.0000,0.0000,0.105438,0.105438,0.105333,0.000000,0.000000,0.000000,0.746974,0.378040,1.064058,0.066923,0.019134,0.048787,0.150064,44.660793,44.099568,-3.003812,1.994900,-1.570006,0.000000,0.000000,0.000000,0.000000,0.000000,0.000000
1778249229.933475,0.703897,0.365769,1.032678,0.0000,0.0000,0.0000,0.105438,0.105438,0.105333,0.000000,0.000000,0.000000,0.746974,0.378040,1.064058,0.066952,0.019073,0.048771,0.150063,44.723841,44.162298,-3.003812,1.994898,-1.570004,0.000000,0.000000,0.000000,0.000000,0.000000,0.000000
1778249229.943441,0.704037,0.365851,1.032802,0.0000,0.0000,0.0000,0.105438,0.105438,0.105333,0.000000,0.000000,0.000000,0.746974,0.378040,1.064058,0.066979,0.019014,0.048758,0.150061,44.754062,44.191384,-3.003812,1.994902,-1.570004,0.000000,0.000000,0.000000,0.000000,0.000000,0.000000
1778249229.953759,0.704178,0.365932,1.032929,0.0000,0.0000,0.0000,0.105438,0.105438,0.105333,0.000000,0.000000,0.000000,0.746974,0.378040,1.064058,0.067008,0.018958,0.048740,0.150059,44.678790,44.116522,-3.003812,1.994903,-1.570004,0.000000,0.000000,0.000000,0.000000,0.000000,0.000000
1778249229.963566,0.704314,0.366017,1.033053,0.0000,0.0000,0.0000,0.105438,0.105438,0.105333,0.000000,0.000000,0.000000,0.746974,0.378040,1.064058,0.067038,0.018893,0.048723,0.150057,44.676667,44.114360,-3.003812,1.994900,-1.570006,0.000000,0.000000,0.000000,0.000000,0.000000,0.000000
1778249229.973606,0.704450,0.366100,1.033178,0.0000,0.0000,0.0000,0.105438,0.105438,0.105333,0.000000,0.000000,0.000000,0.746974,0.378040,1.064058,0.067069,0.018833,0.048704,0.150055,44.734025,44.173887,-3.003812,1.994897,-1.570005,0.000000,0.000000,0.000000,0.000000,0.000000,0.000000
1778249229.983445,0.704588,0.366181,1.033305,0.0000,0.0000,0.0000,0.105438,0.105438,0.105333,0.000000,0.000000,0.000000,0.746974,0.378040,1.064058,0.067100,0.018774,0.048684,0.150052,44.724717,44.161702,-3.003812,1.994902,-1.570004,0.000000,0.000000,0.000000,0.000000,0.000000,0.000000
1778249229.993429,0.704726,0.366263,1.033426,0.0000,0.0000,0.0000,0.105438,0.105438,0.105333,0.000000,0.000000,0.000000,0.746974,0.378040,1.064058,0.067127,0.018712,0.048671,0.150050,44.709483,44.146689,-3.003812,1.994899,-1.570004,0.000000,0.000000,0.000000,0.000000,0.000000,0.000000
1778249230.003374,0.704898,0.366365,1.033579,0.0000,0.0000,0.0000,0.105438,0.105438,0.105333,0.000000,0.000000,0.000000,0.746974,0.378040,1.064058,0.067163,0.018636,0.048650,0.150047,44.736857,44.176703,-3.003812,1.994899,-1.570005,0.000000,0.000000,0.000000,0.000000,0.000000,0.000000
1778249230.013410,0.705035,0.366444,1.033705,0.0000,0.0000,0.0000,0.105438,0.105438,0.105333,0.000000,0.000000,0.000000,0.746974,0.378040,1.064058,0.067193,0.018579,0.048631,0.150044,44.782002,44.221368,-3.003812,1.994902,-1.570004,0.000000,0.000000,0.000000,0.000000,0.000000,0.000000
1778249230.023594,0.705170,0.366525,1.033833,0.0000,0.0000,0.0000,0.105438,0.105438,0.105333,0.000000,0.000000,0.000000,0.746974,0.378040,1.064058,0.067227,0.018518,0.048607,0.150041,44.679539,44.118062,-3.003812,1.994899,-1.570005,0.000000,0.000000,0.000000,0.000000,0.000000,0.000000
1778249230.033514,0.705308,0.366602,1.033952,0.0000,0.0000,0.0000,0.105438,0.105438,0.105333,0.000000,0.000000,0.000000,0.746974,0.378040,1.064058,0.067252,0.018462,0.048593,0.150038,44.786896,44.225175,-3.003812,1.994898,-1.570009,0.000000,0.000000,0.000000,0.000000,0.000000,0.000000
1778249230.043481,0.705449,0.366681,1.034075,0.0000,0.0000,0.0000,0.105438,0.105438,0.105333,0.000000,0.000000,0.000000,0.746974,0.378040,1.064058,0.067279,0.018404,0.048578,0.150035,44.790651,44.227773,-3.003812,1.994902,-1.570002,0.000000,0.000000,0.000000,0.000000,0.000000,0.000000
1778249230.053874,0.705586,0.366761,1.034199,0.0000,0.0000,0.0000,0.105438,0.105438,0.105333,0.000000,0.000000,0.000000,0.746974,0.378040,1.064058,0.067309,0.018342,0.048559,0.150028,44.696421,44.133742,-3.003812,1.994901,-1.570004,0.000000,0.000000,0.000000,0.000000,0.000000,0.000000
1778249230.063330,0.705726,0.366838,1.034318,0.0000,0.0000,0.0000,0.105438,0.105438,0.105333,0.000000,0.000000,0.000000,0.746974,0.378040,1.064058,0.067333,0.018286,0.048548,0.150011,44.854406,44.293112,-3.003812,1.994898,-1.570004,0.000000,0.000000,0.000000,0.000000,0.000000,0.000000
1778249230.073269,0.705866,0.366913,1.034443,0.0000,0.0000,0.0000,0.105438,0.105438,0.105333,0.000000,0.000000,0.000000,0.746974,0.378040,1.064058,0.067361,0.018233,0.048529,0.149987,44.715700,44.154014,-3.003812,1.994904,-1.570006,0.000000,0.000000,0.000000,0.000000,0.000000,0.000000
1778249230.083362,0.706035,0.367005,1.034598,0.0000,0.0000,0.0000,0.105438,0.105438,0.105333,0.000000,0.000000,0.000000,0.746974,0.378040,1.064058,0.067399,0.018168,0.048501,0.149955,44.716361,44.155307,-3.003812,1.994895,-1.570006,0.000000,0.000000,0.000000,0.000000,0.000000,0.000000
1778249230.093462,0.706173,0.367081,1.034717,0.0000,0.0000,0.0000,0.105438,0.105438,0.105333,0.000000,0.000000,0.000000,0.746974,0.378040,1.064058,0.067399,0.018168,0.048501,0.149955,44.716361,44.155307,-3.003812,1.994902,-1.570008,0.000000,0.000000,0.000000,0.000000,0.000000,0.000000
1778249230.103594,0.706314,0.367152,1.034841,0.0000,0.0000,0.0000,0.105438,0.105438,0.105333,0.000000,0.000000,0.000000,0.746974,0.378040,1.064058,0.067451,0.018062,0.048468,0.149888,44.796326,44.231602,-3.003812,1.994904,-1.570005,0.000000,0.000000,0.000000,0.000000,0.000000,0.000000
1778249230.113425,0.706489,0.367245,1.034990,0.0000,0.0000,0.0000,0.105438,0.105438,0.105333,0.000000,0.000000,0.000000,0.746974,0.378040,1.064058,0.067481,0.017993,0.048452,0.149850,44.748115,44.185358,-3.003813,1.994898,-1.570006,0.000000,0.000000,0.000000,0.000000,0.000000,0.000000
1778249230.123416,0.706627,0.367313,1.035110,0.0000,0.0000,0.0000,0.105438,0.105438,0.105333,0.000000,0.000000,0.000000,0.746974,0.378040,1.064058,0.067505,0.017948,0.048434,0.149812,44.812946,44.252697,-3.003813,1.994900,-1.570003,0.000000,0.000000,0.000000,0.000000,0.000000,0.000000
1778249230.133771,0.706766,0.367387,1.035232,0.0000,0.0000,0.0000,0.105438,0.105438,0.105333,0.000000,0.000000,0.000000,0.746974,0.378040,1.064058,0.067533,0.017893,0.048417,0.149775,44.829935,44.265420,-3.003812,1.994901,-1.570002,0.000000,0.000000,0.000000,0.000000,0.000000,0.000000
1778249230.143701,0.706905,0.367467,1.035348,0.0000,0.0000,0.0000,0.105438,0.105438,0.105333,0.000000,0.000000,0.000000,0.746974,0.378040,1.064058,0.067533,0.017893,0.048417,0.149775,44.829935,44.265420,-3.003813,1.994901,-1.570005,0.000000,0.000000,0.000000,0.000000,0.000000,0.000000
1778249230.153338,0.707077,0.367557,1.035496,0.0000,0.0000,0.0000,0.105438,0.105438,0.105333,0.000000,0.000000,0.000000,0.746974,0.378040,1.064058,0.067589,0.017759,0.048387,0.149700,44.842589,44.280091,-3.003813,1.994898,-1.570005,0.000000,0.000000,0.000000,0.000000,0.000000,0.000000
1778249230.163683,0.707216,0.367626,1.035617,0.0000,0.0000,0.0000,0.105438,0.105438,0.105333,0.000000,0.000000,0.000000,0.746974,0.378040,1.064058,0.067615,0.017710,0.048369,0.149662,44.843639,44.281781,-3.003813,1.994900,-1.570003,0.000000,0.000000,0.000000,0.000000,0.000000,0.000000
1778249230.173728,0.707353,0.367694,1.035737,0.0000,0.0000,0.0000,0.105438,0.105438,0.105333,0.000000,0.000000,0.000000,0.746974,0.378040,1.064058,0.067642,0.017662,0.048349,0.149626,44.793748,44.230816,-3.003813,1.994900,-1.570004,0.000000,0.000000,0.000000,0.000000,0.000000,0.000000
1778249230.183698,0.707493,0.367760,1.035854,0.0000,0.0000,0.0000,0.105438,0.105438,0.105333,0.000000,0.000000,0.000000,0.746974,0.378040,1.064058,0.067662,0.017618,0.048337,0.149590,44.874263,44.311558,-3.003813,1.994897,-1.570003,0.000000,0.000000,0.000000,0.000000,0.000000,0.000000
1778249230.193677,0.707634,0.367830,1.035973,0.0000,0.0000,0.0000,0.105438,0.105438,0.105333,0.000000,0.000000,0.000000,0.746974,0.378040,1.064058,0.067686,0.017567,0.048322,0.149555,44.886395,44.323041,-3.003813,1.994903,-1.570003,0.000000,0.000000,0.000000,0.000000,0.000000,0.000000
1778249230.203243,0.707798,0.367918,1.036127,0.0000,0.0000,0.0000,0.105438,0.105438,0.105333,0.000000,0.000000,0.000000,0.746974,0.378040,1.064058,0.067729,0.017499,0.048287,0.149517,44.763212,44.202396,-3.003813,1.994896,-1.570006,0.000000,0.000000,0.000000,0.000000,0.000000,0.000000
1778249230.213433,0.707937,0.367979,1.036247,0.0000,0.0000,0.0000,0.105438,0.105438,0.105333,0.000000,0.000000,0.000000,0.746974,0.378040,1.064058,0.067752,0.017462,0.048268,0.149481,44.908315,44.346756,-3.003813,1.994903,-1.570005,0.000000,0.000000,0.000000,0.000000,0.000000,0.000000
1778249230.223436,0.708075,0.368045,1.036368,0.0000,0.0000,0.0000,0.105438,0.105438,0.105333,0.000000,0.000000,0.000000,0.746974,0.378040,1.064058,0.067778,0.017416,0.048248,0.149446,44.838185,44.274565,-3.003813,1.994900,-1.570002,0.000000,0.000000,0.000000,0.000000,0.000000,0.000000
1778249230.233856,0.708214,0.368113,1.036480,0.0000,0.0000,0.0000,0.105438,0.105438,0.105333,0.000000,0.000000,0.000000,0.746974,0.378040,1.064058,0.067798,0.017364,0.048238,0.149412,44.934868,44.371451,-3.003813,1.994898,-1.570004,0.000000,0.000000,0.000000,0.000000,0.000000,0.000000
1778249230.243570,0.708353,0.368181,1.036599,0.0000,0.0000,0.0000,0.105438,0.105438,0.105333,0.000000,0.000000,0.000000,0.746974,0.378040,1.064058,0.067823,0.017315,0.048221,0.149378,44.909154,44.346311,-3.003813,1.994902,-1.570001,0.000000,0.000000,0.000000,0.000000,0.000000,0.000000
1778249230.253709,0.708488,0.368248,1.036720,0.0000,0.0000,0.0000,0.105438,0.105438,0.105333,0.000000,0.000000,0.000000,0.746974,0.378040,1.064058,0.067852,0.017263,0.048198,0.149346,44.836697,44.275195,-3.003813,1.994898,-1.570004,0.000000,0.000000,0.000000,0.000000,0.000000,0.000000
1778249230.263731,0.708624,0.368309,1.036842,0.0000,0.0000,0.0000,0.105438,0.105438,0.105333,0.000000,0.000000,0.000000,0.746974,0.378040,1.064058,0.067879,0.017225,0.048174,0.149313,44.885675,44.323335,-3.003813,1.994897,-1.570007,0.000000,0.000000,0.000000,0.000000,0.000000,0.000000
1778249230.273744,0.708763,0.368374,1.036958,0.0000,0.0000,0.0000,0.105438,0.105438,0.105333,0.000000,0.000000,0.000000,0.746974,0.378040,1.064058,0.067903,0.017177,0.048158,0.149281,44.953749,44.390826,-3.003813,1.994899,-1.570005,0.000000,0.000000,0.000000,0.000000,0.000000,0.000000
1778249230.283782,0.708903,0.368438,1.037078,0.0000,0.0000,0.0000,0.105438,0.105438,0.105333,0.000000,0.000000,0.000000,0.746974,0.378040,1.064058,0.067903,0.017177,0.048158,0.149281,44.953749,44.390826,-3.003813,1.994902,-1.570004,0.000000,0.000000,0.000000,0.000000,0.000000,0.000000
1778249230.293593,0.709041,0.368495,1.037201,0.0000,0.0000,0.0000,0.105438,0.105438,0.105333,0.000000,0.000000,0.000000,0.746974,0.378040,1.064058,0.067954,0.017100,0.048113,0.149217,44.874294,44.312591,-3.003813,1.994901,-1.570001,0.000000,0.000000,0.000000,0.000000,0.000000,0.000000
1778249230.303554,0.709178,0.368559,1.037318,0.0000,0.0000,0.0000,0.105438,0.105438,0.105333,0.000000,0.000000,0.000000,0.746974,0.378040,1.064058,0.067979,0.017052,0.048094,0.149186,44.905754,44.341416,-3.003813,1.994901,-1.570004,0.000000,0.000000,0.000000,0.000000,0.000000,0.000000
1778249230.313655,0.709314,0.368621,1.037434,0.0000,0.0000,0.0000,0.105438,0.105438,0.105333,0.000000,0.000000,0.000000,0.746974,0.378040,1.064058,0.067979,0.017052,0.048094,0.149186,44.905754,44.341416,-3.003813,1.994897,-1.570004,0.000000,0.000000,0.000000,0.000000,0.000000,0.000000
1778249230.323638,0.709448,0.368681,1.037558,0.0000,0.0000,0.0000,0.105438,0.105438,0.105333,0.000000,0.000000,0.000000,0.746974,0.378040,1.064058,0.068035,0.016969,0.048045,0.149124,44.901462,44.340408,-3.003813,1.994901,-1.570008,0.000000,0.000000,0.000000,0.000000,0.000000,0.000000
1778249230.333529,0.709585,0.368740,1.037678,0.0000,0.0000,0.0000,0.105438,0.105438,0.105333,0.000000,0.000000,0.000000,0.746974,0.378040,1.064058,0.068062,0.016930,0.048020,0.149094,44.920868,44.356354,-3.003813,1.994899,-1.570005,0.000000,0.000000,0.000000,0.000000,0.000000,0.000000
1778249230.343540,0.709722,0.368805,1.037792,0.0000,0.0000,0.0000,0.105438,0.105438,0.105333,0.000000,0.000000,0.000000,0.746974,0.378040,1.064058,0.068085,0.016879,0.048006,0.149064,44.941880,44.379143,-3.003813,1.994899,-1.570004,0.000000,0.000000,0.000000,0.000000,0.000000,0.000000
1778249230.353712,0.709858,0.368864,1.037912,0.0000,0.0000,0.0000,0.105438,0.105438,0.105333,0.000000,0.000000,0.000000,0.746974,0.378040,1.064058,0.068112,0.016838,0.047981,0.149034,44.933253,44.371062,-3.003813,1.994900,-1.570005,0.000000,0.000000,0.000000,0.000000,0.000000,0.000000
1778249230.363712,0.709993,0.368922,1.038032,0.0000,0.0000,0.0000,0.105438,0.105438,0.105333,0.000000,0.000000,0.000000,0.746974,0.378040,1.064058,0.068112,0.016838,0.047981,0.149034,44.933253,44.371062,-3.003813,1.994898,-1.570004,0.000000,0.000000,0.000000,0.000000,0.000000,0.000000
1778249230.373720,0.710130,0.368984,1.038148,0.0000,0.0000,0.0000,0.105438,0.105438,0.105333,0.000000,0.000000,0.000000,0.746974,0.378040,1.064058,0.068165,0.016755,0.047936,0.148976,44.994472,44.431858,-3.003813,1.994903,-1.570004,0.000000,0.000000,0.000000,0.000000,0.000000,0.000000
1778249230.383626,0.710267,0.369047,1.038266,0.0000,0.0000,0.0000,0.105438,0.105438,0.105333,0.000000,0.000000,0.000000,0.746974,0.378040,1.064058,0.068191,0.016707,0.047915,0.148947,44.886331,44.321750,-3.003813,1.994905,-1.570005,0.000000,0.000000,0.000000,0.000000,0.000000,0.000000
1778249230.393343,0.710401,0.369106,1.038380,0.0000,0.0000,0.0000,0.105438,0.105438,0.105333,0.000000,0.000000,0.000000,0.746974,0.378040,1.064058,0.068216,0.016664,0.047894,0.148918,44.982376,44.419788,-3.003813,1.994896,-1.570004,0.000000,0.000000,0.000000,0.000000,0.000000,0.000000
1778249230.403242,0.710570,0.369179,1.038528,0.0000,0.0000,0.0000,0.105438,0.105438,0.105333,0.000000,0.000000,0.000000,0.746974,0.378040,1.064058,0.068250,0.016613,0.047864,0.148888,45.002421,44.440522,-3.003813,1.994901,-1.570001,0.000000,0.000000,0.000000,0.000000,0.000000,0.000000
1778249230.413318,0.710709,0.369234,1.038650,0.0000,0.0000,0.0000,0.105438,0.105438,0.105333,0.000000,0.000000,0.000000,0.746974,0.378040,1.064058,0.068277,0.016579,0.047836,0.148858,44.951174,44.386258,-3.003814,1.994903,-1.570006,0.000000,0.000000,0.000000,0.000000,0.000000,0.000000
1778249230.423308,0.710812,0.369273,1.038734,0.0000,0.0000,0.0000,0.105438,0.105438,0.105333,0.000000,0.000000,0.000000,0.746974,0.378040,1.064058,0.068277,0.016579,0.047836,0.148858,44.951174,44.386258,-3.003814,1.994896,-1.570003,0.000000,0.000000,0.000000,0.000000,0.000000,0.000000
1778249230.433175,0.710946,0.369333,1.038854,0.0000,0.0000,0.0000,0.105438,0.105438,0.105333,0.000000,0.000000,0.000000,0.746974,0.378040,1.064058,0.068322,0.016511,0.047796,0.148805,44.959259,44.396795,-3.003814,1.994900,-1.570003,0.000000,0.000000,0.000000,0.000000,0.000000,0.000000
1778249230.443385,0.711116,0.369403,1.039003,0.0000,0.0000,0.0000,0.105438,0.105438,0.105333,0.000000,0.000000,0.000000,0.746974,0.378040,1.064058,0.068357,0.016465,0.047762,0.148775,44.963537,44.400675,-3.003814,1.994899,-1.570004,0.000000,0.000000,0.000000,0.000000,0.000000,0.000000
1778249230.453282,0.711252,0.369456,1.039120,0.0000,0.0000,0.0000,0.105438,0.105438,0.105333,0.000000,0.000000,0.000000,0.746974,0.378040,1.064058,0.068382,0.016433,0.047738,0.148747,44.980092,44.416956,-3.003814,1.994898,-1.570003,0.000000,0.000000,0.000000,0.000000,0.000000,0.000000
1778249230.463257,0.711355,0.369497,1.039207,0.0000,0.0000,0.0000,0.105438,0.105438,0.105333,0.000000,0.000000,0.000000,0.746974,0.378040,1.064058,0.068399,0.016406,0.047722,0.148721,45.008036,44.444421,-3.003814,1.994900,-1.570004,0.000000,0.000000,0.000000,0.000000,0.000000,0.000000
1778249230.473367,0.711491,0.369550,1.039323,0.0000,0.0000,0.0000,0.105438,0.105438,0.105333,0.000000,0.000000,0.000000,0.746974,0.378040,1.064058,0.068424,0.016372,0.047698,0.148695,44.964847,44.402449,-3.003814,1.994899,-1.570003,0.000000,0.000000,0.000000,0.000000,0.000000,0.000000
1778249230.483384,0.711660,0.369614,1.039469,0.0000,0.0000,0.0000,0.105438,0.105438,0.105333,0.000000,0.000000,0.000000,0.746974,0.378040,1.064058,0.068456,0.016334,0.047665,0.148667,45.026946,44.464779,-3.003814,1.994901,-1.570002,0.000000,0.000000,0.000000,0.000000,0.000000,0.000000
1778249230.493287,0.711794,0.369672,1.039586,0.0000,0.0000,0.0000,0.105438,0.105438,0.105333,0.000000,0.000000,0.000000,0.746974,0.378040,1.064058,0.068485,0.016290,0.047639,0.148640,45.047170,44.482926,-3.003814,1.994902,-1.570002,0.000000,0.000000,0.000000,0.000000,0.000000,0.000000
1778249230.503728,0.711931,0.369727,1.039702,0.0000,0.0000,0.0000,0.105438,0.105438,0.105333,0.000000,0.000000,0.000000,0.746974,0.378040,1.064058,0.068509,0.016252,0.047616,0.148613,45.005860,44.440217,-3.003814,1.994900,-1.570007,0.000000,0.000000,0.000000,0.000000,0.000000,0.000000
1778249230.513564,0.712067,0.369776,1.039818,0.0000,0.0000,0.0000,0.105438,0.105438,0.105333,0.000000,0.000000,0.000000,0.746974,0.378040,1.064058,0.068533,0.016225,0.047592,0.148587,44.988166,44.425241,-3.003814,1.994898,-1.570001,0.000000,0.000000,0.000000,0.000000,0.000000,0.000000
1778249230.523871,0.712204,0.369827,1.039932,0.0000,0.0000,0.0000,0.105438,0.105438,0.105333,0.000000,0.000000,0.000000,0.746974,0.378040,1.064058,0.068556,0.016195,0.047569,0.148561,45.085660,44.522454,-3.003814,1.994903,-1.570004,0.000000,0.000000,0.000000,0.000000,0.000000,0.000000
1778249230.533562,0.712344,0.369877,1.040045,0.0000,0.0000,0.0000,0.105438,0.105438,0.105333,0.000000,0.000000,0.000000,0.746974,0.378040,1.064058,0.068576,0.016164,0.047551,0.148535,45.053346,44.488594,-3.003814,1.994900,-1.569999,0.000000,0.000000,0.000000,0.000000,0.000000,0.000000
1778249230.543740,0.712475,0.369935,1.040163,0.0000,0.0000,0.0000,0.105438,0.105438,0.105333,0.000000,0.000000,0.000000,0.746974,0.378040,1.064058,0.068608,0.016118,0.047520,0.148509,44.974951,44.412785,-3.003814,1.994900,-1.570006,0.000000,0.000000,0.000000,0.000000,0.000000,0.000000
1778249230.553752,0.712604,0.369981,1.040284,0.0000,0.0000,0.0000,0.105438,0.105438,0.105333,0.000000,0.000000,0.000000,0.746974,0.378040,1.064058,0.068608,0.016118,0.047520,0.148509,44.974951,44.412785,-3.003814,1.994899,-1.570006,0.000000,0.000000,0.000000,0.000000,0.000000,0.000000
1778249230.563407,0.712743,0.370028,1.040399,0.0000,0.0000,0.0000,0.105438,0.105438,0.105333,0.000000,0.000000,0.000000,0.746974,0.378040,1.064058,0.068663,0.016071,0.047457,0.148459,45.110248,44.545243,-3.003814,1.994903,-1.570003,0.000000,0.000000,0.000000,0.000000,0.000000,0.000000
1778249230.573647,0.712881,0.370071,1.040515,0.0000,0.0000,0.0000,0.105438,0.105438,0.105333,0.000000,0.000000,0.000000,0.746974,0.378040,1.064058,0.068684,0.016054,0.047431,0.148434,44.985596,44.420869,-3.003814,1.994898,-1.570003,0.000000,0.000000,0.000000,0.000000,0.000000,0.000000
1778249230.583947,0.713013,0.370118,1.040632,0.0000,0.0000,0.0000,0.105438,0.105438,0.105333,0.000000,0.000000,0.000000,0.746974,0.378040,1.064058,0.068714,0.016029,0.047397,0.148409,44.985628,44.425243,-3.003814,1.994898,-1.570004,0.000000,0.000000,0.000000,0.000000,0.000000,0.000000
1778249230.594016,0.713145,0.370166,1.040752,0.0000,0.0000,0.0000,0.105438,0.105438,0.105333,0.000000,0.000000,0.000000,0.746974,0.378040,1.064058,0.068745,0.016002,0.047361,0.148385,45.035729,44.471978,-3.003814,1.994901,-1.570004,0.000000,0.000000,0.000000,0.000000,0.000000,0.000000
1778249230.603658,0.713285,0.370213,1.040863,0.0000,0.0000,0.0000,0.105438,0.105438,0.105333,0.000000,0.000000,0.000000,0.746974,0.378040,1.064058,0.068763,0.015977,0.047344,0.148360,45.094476,44.529227,-3.003814,1.994901,-1.570003,0.000000,0.000000,0.000000,0.000000,0.000000,0.000000
1778249230.613642,0.713422,0.370259,1.040974,0.0000,0.0000,0.0000,0.105438,0.105438,0.105333,0.000000,0.000000,0.000000,0.746974,0.378040,1.064058,0.068783,0.015951,0.047322,0.148336,45.072108,44.508087,-3.003814,1.994900,-1.570001,0.000000,0.000000,0.000000,0.000000,0.000000,0.000000
1778249230.623615,0.713558,0.370306,1.041088,0.0000,0.0000,0.0000,0.105438,0.105438,0.105333,0.000000,0.000000,0.000000,0.746974,0.378040,1.064058,0.068807,0.015924,0.047297,0.148312,45.066890,44.502821,-3.003814,1.994902,-1.570002,0.000000,0.000000,0.000000,0.000000,0.000000,0.000000
1778249230.633648,0.713689,0.370352,1.041201,0.0000,0.0000,0.0000,0.105438,0.105438,0.105333,0.000000,0.000000,0.000000,0.746974,0.378040,1.064058,0.068833,0.015899,0.047268,0.148288,45.075577,44.511185,-3.003814,1.994898,-1.570001,0.000000,0.000000,0.000000,0.000000,0.000000,0.000000
1778249230.643676,0.713826,0.370401,1.041312,0.0000,0.0000,0.0000,0.105438,0.105438,0.105333,0.000000,0.000000,0.000000,0.746974,0.378040,1.064058,0.068833,0.015899,0.047268,0.148288,45.075577,44.511185,-3.003814,1.994900,-1.570003,0.000000,0.000000,0.000000,0.000000,0.000000,0.000000
1778249230.653373,0.713957,0.370447,1.041428,0.0000,0.0000,0.0000,0.105438,0.105438,0.105333,0.000000,0.000000,0.000000,0.746974,0.378040,1.064058,0.068883,0.015841,0.047214,0.148242,45.035002,44.472780,-3.003814,1.994901,-1.570003,0.000000,0.000000,0.000000,0.000000,0.000000,0.000000
1778249230.663152,0.714118,0.370505,1.041575,0.0000,0.0000,0.0000,0.105438,0.105438,0.105333,0.000000,0.000000,0.000000,0.746974,0.378040,1.064058,0.068925,0.015808,0.047165,0.148217,45.067693,44.505098,-3.003815,1.994899,-1.570004,0.000000,0.000000,0.000000,0.000000,0.000000,0.000000
1778249230.673524,0.714256,0.370547,1.041686,0.0000,0.0000,0.0000,0.105438,0.105438,0.105333,0.000000,0.000000,0.000000,0.746974,0.378040,1.064058,0.068944,0.015789,0.047143,0.148192,45.125944,44.560438,-3.003814,1.994900,-1.570003,0.000000,0.000000,0.000000,0.000000,0.000000,0.000000
1778249230.683419,0.714392,0.370592,1.041798,0.0000,0.0000,0.0000,0.105438,0.105438,0.105333,0.000000,0.000000,0.000000,0.746974,0.378040,1.064058,0.068966,0.015765,0.047118,0.148169,45.134406,44.570336,-3.003814,1.994901,-1.570001,0.000000,0.000000,0.000000,0.000000,0.000000,0.000000
1778249230.693665,0.714524,0.370639,1.041913,0.0000,0.0000,0.0000,0.105438,0.105438,0.105333,0.000000,0.000000,0.000000,0.746974,0.378040,1.064058,0.068995,0.015735,0.047086,0.148146,45.077417,44.513667,-3.003814,1.994899,-1.570002,0.000000,0.000000,0.000000,0.000000,0.000000,0.000000
1778249230.703668,0.714658,0.370686,1.042025,0.0000,0.0000,0.0000,0.105438,0.105438,0.105333,0.000000,0.000000,0.000000,0.746974,0.378040,1.064058,0.068995,0.015735,0.047086,0.148146,45.077417,44.513667,-3.003814,1.994899,-1.570005,0.000000,0.000000,0.000000,0.000000,0.000000,0.000000
1778249230.713625,0.714793,0.370729,1.042136,0.0000,0.0000,0.0000,0.105438,0.105438,0.105333,0.000000,0.000000,0.000000,0.746974,0.378040,1.064058,0.069043,0.015685,0.047033,0.148100,45.148030,44.583825,-3.003814,1.994900,-1.570003,0.000000,0.000000,0.000000,0.000000,0.000000,0.000000
1778249230.724122,0.714926,0.370774,1.042252,0.0000,0.0000,0.0000,0.105438,0.105438,0.105333,0.000000,0.000000,0.000000,0.746974,0.378040,1.064058,0.069043,0.015685,0.047033,0.148100,45.148030,44.583825,-3.003815,1.994902,-1.570001,0.000000,0.000000,0.000000,0.000000,0.000000,0.000000
1778249230.733755,0.715057,0.370819,1.042365,0.0000,0.0000,0.0000,0.105438,0.105438,0.105333,0.000000,0.000000,0.000000,0.746974,0.378040,1.064058,0.069099,0.015634,0.046966,0.148056,45.116548,44.553189,-3.003815,1.994898,-1.570001,0.000000,0.000000,0.000000,0.000000,0.000000,0.000000
1778249230.743318,0.715193,0.370860,1.042479,0.0000,0.0000,0.0000,0.105438,0.105438,0.105333,0.000000,0.000000,0.000000,0.746974,0.378040,1.064058,0.069125,0.015616,0.046935,0.148034,45.136882,44.571810,-3.003815,1.994900,-1.570005,0.000000,0.000000,0.000000,0.000000,0.000000,0.000000
1778249230.753354,0.715363,0.370911,1.042617,0.0000,0.0000,0.0000,0.105438,0.105438,0.105333,0.000000,0.000000,0.000000,0.746974,0.378040,1.064058,0.069151,0.015595,0.046903,0.148011,45.133732,44.569572,-3.003815,1.994898,-1.570003,0.000000,0.000000,0.000000,0.000000,0.000000,0.000000
1778249230.763820,0.715500,0.370955,1.042727,0.0000,0.0000,0.0000,0.105438,0.105438,0.105333,0.000000,0.000000,0.000000,0.746974,0.378040,1.064058,0.069151,0.015595,0.046903,0.148011,45.133732,44.569572,-3.003815,1.994901,-1.570002,0.000000,0.000000,0.000000,0.000000,0.000000,0.000000
1778249230.773810,0.715633,0.370999,1.042839,0.0000,0.0000,0.0000,0.105438,0.105438,0.105333,0.000000,0.000000,0.000000,0.746974,0.378040,1.064058,0.069199,0.015545,0.046849,0.147966,45.104381,44.540766,-3.003815,1.994899,-1.570002,0.000000,0.000000,0.000000,0.000000,0.000000,0.000000
1778249230.783647,0.715763,0.371046,1.042951,0.0000,0.0000,0.0000,0.105438,0.105438,0.105333,0.000000,0.000000,0.000000,0.746974,0.378040,1.064058,0.069229,0.015513,0.046816,0.147944,45.152488,44.588207,-3.003815,1.994900,-1.570003,0.000000,0.000000,0.000000,0.000000,0.000000,0.000000
1778249230.794001,0.715896,0.371086,1.043064,0.0000,0.0000,0.0000,0.105438,0.105438,0.105333,0.000000,0.000000,0.000000,0.746974,0.378040,1.064058,0.069229,0.015513,0.046816,0.147944,45.152488,44.588207,-3.003815,1.994900,-1.570002,0.000000,0.000000,0.000000,0.000000,0.000000,0.000000
1778249230.803241,0.716066,0.371133,1.043203,0.0000,0.0000,0.0000,0.105438,0.105438,0.105333,0.000000,0.000000,0.000000,0.746974,0.378040,1.064058,0.069282,0.015481,0.046748,0.147900,45.162675,44.597692,-3.003815,1.994901,-1.570003,0.000000,0.000000,0.000000,0.000000,0.000000,0.000000
1778249230.813429,0.716197,0.371174,1.043314,0.0000,0.0000,0.0000,0.105438,0.105438,0.105333,0.000000,0.000000,0.000000,0.746974,0.378040,1.064058,0.069309,0.015462,0.046714,0.147878,45.151662,44.588131,-3.003815,1.994899,-1.569999,0.000000,0.000000,0.000000,0.000000,0.000000,0.000000
1778249230.823258,0.716331,0.371216,1.043425,0.0000,0.0000,0.0000,0.105438,0.105438,0.105333,0.000000,0.000000,0.000000,0.746974,0.378040,1.064058,0.069334,0.015440,0.046684,0.147856,45.212329,44.646458,-3.003815,1.994901,-1.570002,0.000000,0.000000,0.000000,0.000000,0.000000,0.000000
1778249230.833399,0.716465,0.371260,1.043535,0.0000,0.0000,0.0000,0.105438,0.105438,0.105333,0.000000,0.000000,0.000000,0.746974,0.378040,1.064058,0.069358,0.015414,0.046656,0.147835,45.166103,44.601025,-3.003815,1.994899,-1.570004,0.000000,0.000000,0.000000,0.000000,0.000000,0.000000
1778249230.844024,0.716600,0.371297,1.043645,0.0000,0.0000,0.0000,0.105438,0.105438,0.105333,0.000000,0.000000,0.000000,0.746974,0.378040,1.064058,0.069380,0.015402,0.046628,0.147814,45.169410,44.605143,-3.003815,1.994899,-1.570001,0.000000,0.000000,0.000000,0.000000,0.000000,0.000000
1778249230.853655,0.716732,0.371338,1.043757,0.0000,0.0000,0.0000,0.105438,0.105438,0.105333,0.000000,0.000000,0.000000,0.746974,0.378040,1.064058,0.069408,0.015382,0.046594,0.147794,45.171580,44.606744,-3.003815,1.994900,-1.570000,0.000000,0.000000,0.000000,0.000000,0.000000,0.000000
1778249230.863641,0.716865,0.371381,1.043865,0.0000,0.0000,0.0000,0.105438,0.105438,0.105333,0.000000,0.000000,0.000000,0.746974,0.378040,1.064058,0.069432,0.015355,0.046566,0.147773,45.196493,44.631492,-3.003815,1.994900,-1.570002,0.000000,0.000000,0.000000,0.000000,0.000000,0.000000
1778249230.874037,0.716999,0.371421,1.043974,0.0000,0.0000,0.0000,0.105438,0.105438,0.105333,0.000000,0.000000,0.000000,0.746974,0.378040,1.064058,0.069455,0.015338,0.046537,0.147753,45.215634,44.649688,-3.003815,1.994900,-1.570002,0.000000,0.000000,0.000000,0.000000,0.000000,0.000000
1778249230.883792,0.717132,0.371460,1.044084,0.0000,0.0000,0.0000,0.105438,0.105438,0.105333,0.000000,0.000000,0.000000,0.746974,0.378040,1.064058,0.069480,0.015321,0.046506,0.147733,45.216214,44.650761,-3.003815,1.994902,-1.570001,0.000000,0.000000,0.000000,0.000000,0.000000,0.000000
1778249230.893709,0.717261,0.371501,1.044193,0.0000,0.0000,0.0000,0.105438,0.105438,0.105333,0.000000,0.000000,0.000000,0.746974,0.378040,1.064058,0.069509,0.015296,0.046470,0.147714,45.176036,44.611722,-3.003815,1.994898,-1.570003,0.000000,0.000000,0.000000,0.000000,0.000000,0.000000
1778249230.903646,0.717392,0.371540,1.044303,0.0000,0.0000,0.0000,0.105438,0.105438,0.105333,0.000000,0.000000,0.000000,0.746974,0.378040,1.064058,0.069536,0.015280,0.046436,0.147694,45.225258,44.661503,-3.003815,1.994900,-1.570002,0.000000,0.000000,0.000000,0.000000,0.000000,0.000000
1778249230.913623,0.717527,0.371579,1.044412,0.0000,0.0000,0.0000,0.105438,0.105438,0.105333,0.000000,0.000000,0.000000,0.746974,0.378040,1.064058,0.069536,0.015280,0.046436,0.147694,45.225258,44.661503,-3.003815,1.994901,-1.570001,0.000000,0.000000,0.000000,0.000000,0.000000,0.000000
1778249230.924083,0.717662,0.371617,1.044520,0.0000,0.0000,0.0000,0.105438,0.105438,0.105333,0.000000,0.000000,0.000000,0.746974,0.378040,1.064058,0.069580,0.015247,0.046380,0.147655,45.210696,44.644330,-3.003815,1.994900,-1.570003,0.000000,0.000000,0.000000,0.000000,0.000000,0.000000
1778249230.933937,0.717799,0.371650,1.044628,0.0000,0.0000,0.0000,0.105438,0.105438,0.105333,0.000000,0.000000,0.000000,0.746974,0.378040,1.064058,0.069600,0.015243,0.046352,0.147636,45.215597,44.650280,-3.003815,1.994900,-1.570002,0.000000,0.000000,0.000000,0.000000,0.000000,0.000000
1778249230.943469,0.717932,0.371685,1.044738,0.0000,0.0000,0.0000,0.105438,0.105438,0.105333,0.000000,0.000000,0.000000,0.746974,0.378040,1.064058,0.069600,0.015243,0.046352,0.147636,45.215597,44.650280,-3.003815,1.994901,-1.570001,0.000000,0.000000,0.000000,0.000000,0.000000,0.000000
1778249230.954125,0.718061,0.371723,1.044845,0.0000,0.0000,0.0000,0.105438,0.105438,0.105333,0.000000,0.000000,0.000000,0.746974,0.378040,1.064058,0.069651,0.015217,0.046284,0.147597,45.252996,44.689616,-3.003815,1.994896,-1.570002,0.000000,0.000000,0.000000,0.000000,0.000000,0.000000
1778249230.963263,0.718228,0.371771,1.044982,0.0000,0.0000,0.0000,0.105438,0.105438,0.105333,0.000000,0.000000,0.000000,0.746974,0.378040,1.064058,0.069684,0.015196,0.046241,0.147577,45.280692,44.714855,-3.003815,1.994905,-1.570000,0.000000,0.000000,0.000000,0.000000,0.000000,0.000000
1778249230.973524,0.718359,0.371809,1.045089,0.0000,0.0000,0.0000,0.105438,0.105438,0.105333,0.000000,0.000000,0.000000,0.746974,0.378040,1.064058,0.069708,0.015179,0.046211,0.147557,45.193427,44.628184,-3.003815,1.994896,-1.570000,0.000000,0.000000,0.000000,0.000000,0.000000,0.000000
1778249230.983373,0.718495,0.371846,1.045197,0.0000,0.0000,0.0000,0.105438,0.105438,0.105333,0.000000,0.000000,0.000000,0.746974,0.378040,1.064058,0.069730,0.015166,0.046181,0.147537,45.240234,44.673840,-3.003815,1.994900,-1.570001,0.000000,0.000000,0.000000,0.000000,0.000000,0.000000
1778249230.993350,0.718634,0.371879,1.045301,0.0000,0.0000,0.0000,0.105438,0.105438,0.105333,0.000000,0.000000,0.000000,0.746974,0.378040,1.064058,0.069744,0.015162,0.046161,0.147518,45.284749,44.717913,-3.003815,1.994900,-1.569999,0.000000,0.000000,0.000000,0.000000,0.000000,0.000000
1778249231.003778,0.718767,0.371914,1.045409,0.0000,0.0000,0.0000,0.105438,0.105438,0.105333,0.000000,0.000000,0.000000,0.746974,0.378040,1.064058,0.069769,0.015151,0.046128,0.147499,45.229946,44.664712,-3.003815,1.994899,-1.570000,0.000000,0.000000,0.000000,0.000000,0.000000,0.000000
1778249231.013698,0.718899,0.371949,1.045516,0.0000,0.0000,0.0000,0.105438,0.105438,0.105333,0.000000,0.000000,0.000000,0.746974,0.378040,1.064058,0.069793,0.015142,0.046094,0.147480,45.251974,44.686682,-3.003815,1.994900,-1.570000,0.000000,0.000000,0.000000,0.000000,0.000000,0.000000
1778249231.023468,0.719030,0.371988,1.045622,0.0000,0.0000,0.0000,0.105438,0.105438,0.105333,0.000000,0.000000,0.000000,0.746974,0.378040,1.064058,0.069793,0.015142,0.046094,0.147480,45.251974,44.686682,-3.003815,1.994902,-1.570000,0.000000,0.000000,0.000000,0.000000,0.000000,0.000000
1778249231.034265,0.719160,0.372026,1.045729,0.0000,0.0000,0.0000,0.105438,0.105438,0.105333,0.000000,0.000000,0.000000,0.746974,0.378040,1.064058,0.069845,0.015103,0.046028,0.147443,45.268057,44.702226,-3.003815,1.994900,-1.570001,0.000000,0.000000,0.000000,0.000000,0.000000,0.000000
1778249231.043639,0.719329,0.372065,1.045860,0.0000,0.0000,0.0000,0.105438,0.105438,0.105333,0.000000,0.000000,0.000000,0.746974,0.378040,1.064058,0.069868,0.015102,0.045993,0.147423,45.267958,44.702175,-3.003815,1.994899,-1.569999,0.000000,0.000000,0.000000,0.000000,0.000000,0.000000
1778249231.053424,0.719432,0.372087,1.045939,0.0000,0.0000,0.0000,0.105438,0.105438,0.105333,0.000000,0.000000,0.000000,0.746974,0.378040,1.064058,0.069881,0.015104,0.045973,0.147405,45.271143,44.703473,-3.003815,1.994902,-1.569999,0.000000,0.000000,0.000000,0.000000,0.000000,0.000000
1778249231.063204,0.719596,0.372130,1.046071,0.0000,0.0000,0.0000,0.105438,0.105438,0.105333,0.000000,0.000000,0.000000,0.746974,0.378040,1.064058,0.069911,0.015091,0.045931,0.147386,45.231502,44.665975,-3.003815,1.994897,-1.570000,0.000000,0.000000,0.000000,0.000000,0.000000,0.000000
1778249231.073226,0.719726,0.372167,1.046173,0.0000,0.0000,0.0000,0.105438,0.105438,0.105333,0.000000,0.000000,0.000000,0.746974,0.378040,1.064058,0.069934,0.015073,0.045903,0.147367,45.349815,44.784025,-3.003815,1.994901,-1.570000,0.000000,0.000000,0.000000,0.000000,0.000000,0.000000
1778249231.083722,0.719857,0.372204,1.046279,0.0000,0.0000,0.0000,0.105438,0.105438,0.105333,0.000000,0.000000,0.000000,0.746974,0.378040,1.064058,0.069934,0.015073,0.045903,0.147367,45.349815,44.784025,-3.003815,1.994900,-1.570000,0.000000,0.000000,0.000000,0.000000,0.000000,0.000000
1778249231.093554,0.719990,0.372240,1.046383,0.0000,0.0000,0.0000,0.105438,0.105438,0.105333,0.000000,0.000000,0.000000,0.746974,0.378040,1.064058,0.069982,0.015041,0.045840,0.147331,45.330384,44.763782,-3.003815,1.994901,-1.570001,0.000000,0.000000,0.000000,0.000000,0.000000,0.000000
1778249231.103549,0.720127,0.372271,1.046487,0.0000,0.0000,0.0000,0.105438,0.105438,0.105333,0.000000,0.000000,0.000000,0.746974,0.378040,1.064058,0.069999,0.015042,0.045813,0.147313,45.291822,44.723613,-3.003816,1.994901,-1.570000,0.000000,0.000000,0.000000,0.000000,0.000000,0.000000
1778249231.113539,0.720259,0.372300,1.046591,0.0000,0.0000,0.0000,0.105438,0.105438,0.105333,0.000000,0.000000,0.000000,0.746974,0.378040,1.064058,0.070020,0.015044,0.045781,0.147295,45.263429,44.698338,-3.003816,1.994898,-1.569998,0.000000,0.000000,0.000000,0.000000,0.000000,0.000000
1778249231.123687,0.720392,0.372330,1.046695,0.0000,0.0000,0.0000,0.105438,0.105438,0.105333,0.000000,0.000000,0.000000,0.746974,0.378040,1.064058,0.070040,0.015045,0.045749,0.147277,45.354427,44.786509,-3.003816,1.994900,-1.570003,0.000000,0.000000,0.000000,0.000000,0.000000,0.000000
1778249231.133695,0.720528,0.372360,1.046798,0.0000,0.0000,0.0000,0.105438,0.105438,0.105333,0.000000,0.000000,0.000000,0.746974,0.378040,1.064058,0.070057,0.015048,0.045723,0.147259,45.309068,44.741193,-3.003815,1.994900,-1.569996,0.000000,0.000000,0.000000,0.000000,0.000000,0.000000
1778249231.143728,0.720657,0.372398,1.046900,0.0000,0.0000,0.0000,0.105438,0.105438,0.105333,0.000000,0.000000,0.000000,0.746974,0.378040,1.064058,0.070082,0.015024,0.045693,0.147242,45.339602,44.774633,-3.003816,1.994900,-1.569998,0.000000,0.000000,0.000000,0.000000,0.000000,0.000000
1778249231.153489,0.720784,0.372432,1.047010,0.0000,0.0000,0.0000,0.105438,0.105438,0.105333,0.000000,0.000000,0.000000,0.746974,0.378040,1.064058,0.070117,0.015014,0.045642,0.147225,45.281731,44.716120,-3.003816,1.994900,-1.570001,0.000000,0.000000,0.000000,0.000000,0.000000,0.000000
1778249231.163680,0.720914,0.372460,1.047113,0.0000,0.0000,0.0000,0.105438,0.105438,0.105333,0.000000,0.000000,0.000000,0.746974,0.378040,1.064058,0.070139,0.015018,0.045606,0.147207,45.339171,44.772523,-3.003816,1.994897,-1.570001,0.000000,0.000000,0.000000,0.000000,0.000000,0.000000
1778249231.173595,0.721047,0.372495,1.047214,0.0000,0.0000,0.0000,0.105438,0.105438,0.105333,0.000000,0.000000,0.000000,0.746974,0.378040,1.064058,0.070159,0.015004,0.045580,0.147190,45.394855,44.827019,-3.003816,1.994901,-1.569999,0.000000,0.000000,0.000000,0.000000,0.000000,0.000000
1778249231.183527,0.721179,0.372531,1.047318,0.0000,0.0000,0.0000,0.105438,0.105438,0.105333,0.000000,0.000000,0.000000,0.746974,0.378040,1.064058,0.070184,0.014990,0.045547,0.147173,45.341933,44.774320,-3.003816,1.994901,-1.570000,0.000000,0.000000,0.000000,0.000000,0.000000,0.000000
1778249231.193587,0.721314,0.372563,1.047416,0.0000,0.0000,0.0000,0.105438,0.105438,0.105333,0.000000,0.000000,0.000000,0.746974,0.378040,1.064058,0.070198,0.014985,0.045527,0.147156,45.362387,44.793638,-3.003816,1.994898,-1.570001,0.000000,0.000000,0.000000,0.000000,0.000000,0.000000
1778249231.203437,0.721450,0.372591,1.047520,0.0000,0.0000,0.0000,0.105438,0.105438,0.105333,0.000000,0.000000,0.000000,0.746974,0.378040,1.064058,0.070217,0.014989,0.045497,0.147139,45.356623,44.789395,-3.003816,1.994901,-1.570000,0.000000,0.000000,0.000000,0.000000,0.000000,0.000000
1778249231.213581,0.721581,0.372623,1.047622,0.0000,0.0000,0.0000,0.105438,0.105438,0.105333,0.000000,0.000000,0.000000,0.746974,0.378040,1.064058,0.070239,0.014983,0.045464,0.147122,45.341145,44.773798,-3.003816,1.994899,-1.570002,0.000000,0.000000,0.000000,0.000000,0.000000,0.000000
1778249231.223666,0.721713,0.372654,1.047725,0.0000,0.0000,0.0000,0.105438,0.105438,0.105333,0.000000,0.000000,0.000000,0.746974,0.378040,1.064058,0.070262,0.014981,0.045429,0.147105,45.356147,44.789269,-3.003816,1.994900,-1.570001,0.000000,0.000000,0.000000,0.000000,0.000000,0.000000
1778249231.233595,0.721845,0.372683,1.047827,0.0000,0.0000,0.0000,0.105438,0.105438,0.105333,0.000000,0.000000,0.000000,0.746974,0.378040,1.064058,0.070283,0.014983,0.045396,0.147088,45.359128,44.791933,-3.003816,1.994900,-1.570000,0.000000,0.000000,0.000000,0.000000,0.000000,0.000000
1778249231.243797,0.721976,0.372714,1.047929,0.0000,0.0000,0.0000,0.105438,0.105438,0.105333,0.000000,0.000000,0.000000,0.746974,0.378040,1.064058,0.070305,0.014978,0.045364,0.147071,45.358499,44.790540,-3.003816,1.994899,-1.570001,0.000000,0.000000,0.000000,0.000000,0.000000,0.000000
1778249231.253484,0.722109,0.372743,1.048031,0.0000,0.0000,0.0000,0.105438,0.105438,0.105333,0.000000,0.000000,0.000000,0.746974,0.378040,1.064058,0.070326,0.014980,0.045330,0.147054,45.353110,44.785711,-3.003816,1.994900,-1.569999,0.000000,0.000000,0.000000,0.000000,0.000000,0.000000
1778249231.263511,0.722236,0.372774,1.048134,0.0000,0.0000,0.0000,0.105438,0.105438,0.105333,0.000000,0.000000,0.000000,0.746974,0.378040,1.064058,0.070354,0.014976,0.045288,0.147038,45.331590,44.766090,-3.003816,1.994899,-1.569999,0.000000,0.000000,0.000000,0.000000,0.000000,0.000000
1778249231.273642,0.722365,0.372807,1.048235,0.0000,0.0000,0.0000,0.105438,0.105438,0.105333,0.000000,0.000000,0.000000,0.746974,0.378040,1.064058,0.070379,0.014964,0.045253,0.147021,45.400990,44.833535,-3.003816,1.994898,-1.570002,0.000000,0.000000,0.000000,0.000000,0.000000,0.000000
1778249231.283457,0.722499,0.372839,1.048335,0.0000,0.0000,0.0000,0.105438,0.105438,0.105333,0.000000,0.000000,0.000000,0.746974,0.378040,1.064058,0.070398,0.014961,0.045225,0.147005,45.386289,44.818168,-3.003816,1.994902,-1.570004,0.000000,0.000000,0.000000,0.000000,0.000000,0.000000
1778249231.293580,0.722631,0.372869,1.048432,0.0000,0.0000,0.0000,0.105438,0.105438,0.105333,0.000000,0.000000,0.000000,0.746974,0.378040,1.064058,0.070415,0.014957,0.045200,0.146988,45.399482,44.831252,-3.003816,1.994898,-1.570002,0.000000,0.000000,0.000000,0.000000,0.000000,0.000000
1778249231.303546,0.722766,0.372900,1.048530,0.0000,0.0000,0.0000,0.105438,0.105438,0.105333,0.000000,0.000000,0.000000,0.746974,0.378040,1.064058,0.070430,0.014954,0.045177,0.146972,45.411539,44.841843,-3.003816,1.994899,-1.570001,0.000000,0.000000,0.000000,0.000000,0.000000,0.000000
1778249231.313650,0.722898,0.372932,1.048628,0.0000,0.0000,0.0000,0.105438,0.105438,0.105333,0.000000,0.000000,0.000000,0.746974,0.378040,1.064058,0.070430,0.014954,0.045177,0.146972,45.411539,44.841843,-3.003816,1.994899,-1.569999,0.000000,0.000000,0.000000,0.000000,0.000000,0.000000
1778249231.323795,0.723026,0.372963,1.048731,0.0000,0.0000,0.0000,0.105438,0.105438,0.105333,0.000000,0.000000,0.000000,0.746974,0.378040,1.064058,0.070478,0.014941,0.045107,0.146940,45.374032,44.806368,-3.003816,1.994900,-1.570001,0.000000,0.000000,0.000000,0.000000,0.000000,0.000000
1778249231.333767,0.723157,0.372991,1.048831,0.0000,0.0000,0.0000,0.105438,0.105438,0.105333,0.000000,0.000000,0.000000,0.746974,0.378040,1.064058,0.070499,0.014944,0.045072,0.146923,45.401766,44.835128,-3.003816,1.994898,-1.569999,0.000000,0.000000,0.000000,0.000000,0.000000,0.000000
1778249231.343752,0.723287,0.373022,1.048932,0.0000,0.0000,0.0000,0.105438,0.105438,0.105333,0.000000,0.000000,0.000000,0.746974,0.378040,1.064058,0.070525,0.014939,0.045034,0.146907,45.429644,44.860502,-3.003816,1.994900,-1.570001,0.000000,0.000000,0.000000,0.000000,0.000000,0.000000
1778249231.353574,0.723419,0.373053,1.049032,0.0000,0.0000,0.0000,0.105438,0.105438,0.105333,0.000000,0.000000,0.000000,0.746974,0.378040,1.064058,0.070546,0.014937,0.045002,0.146891,45.408034,44.840332,-3.003816,1.994899,-1.570001,0.000000,0.000000,0.000000,0.000000,0.000000,0.000000
1778249231.363182,0.723585,0.373088,1.049153,0.0000,0.0000,0.0000,0.105438,0.105438,0.105333,0.000000,0.000000,0.000000,0.746974,0.378040,1.064058,0.070566,0.014942,0.044968,0.146874,45.447326,44.879507,-3.003816,1.994900,-1.570000,0.000000,0.000000,0.000000,0.000000,0.000000,0.000000
1778249231.373347,0.723683,0.373110,1.049229,0.0000,0.0000,0.0000,0.105438,0.105438,0.105333,0.000000,0.000000,0.000000,0.746974,0.378040,1.064058,0.070584,0.014941,0.044941,0.146858,45.385937,44.817237,-3.003817,1.994899,-1.569999,0.000000,0.000000,0.000000,0.000000,0.000000,0.000000
1778249231.383387,0.723846,0.373147,1.049351,0.0000,0.0000,0.0000,0.105438,0.105438,0.105333,0.000000,0.000000,0.000000,0.746974,0.378040,1.064058,0.070609,0.014939,0.044902,0.146841,45.443801,44.875740,-3.003816,1.994898,-1.570000,0.000000,0.000000,0.000000,0.000000,0.000000,0.000000
1778249231.393422,0.723979,0.373177,1.049451,0.0000,0.0000,0.0000,0.105438,0.105438,0.105333,0.000000,0.000000,0.000000,0.746974,0.378040,1.064058,0.070631,0.014937,0.044868,0.146824,45.454605,44.886444,-3.003816,1.994904,-1.570002,0.000000,0.000000,0.000000,0.000000,0.000000,0.000000
1778249231.403674,0.724107,0.373208,1.049552,0.0000,0.0000,0.0000,0.105438,0.105438,0.105333,0.000000,0.000000,0.000000,0.746974,0.378040,1.064058,0.070660,0.014930,0.044824,0.146807,45.373797,44.805651,-3.003817,1.994899,-1.570001,0.000000,0.000000,0.000000,0.000000,0.000000,0.000000
1778249231.413508,0.724237,0.373236,1.049649,0.0000,0.0000,0.0000,0.105438,0.105438,0.105333,0.000000,0.000000,0.000000,0.746974,0.378040,1.064058,0.070680,0.014933,0.044792,0.146791,45.471952,44.903389,-3.003817,1.994898,-1.570001,0.000000,0.000000,0.000000,0.000000,0.000000,0.000000
1778249231.423568,0.724372,0.373267,1.049745,0.0000,0.0000,0.0000,0.105438,0.105438,0.105333,0.000000,0.000000,0.000000,0.746974,0.378040,1.064058,0.070696,0.014928,0.044768,0.146775,45.520275,44.948020,-3.003817,1.994902,-1.570000,0.000000,0.000000,0.000000,0.000000,0.000000,0.000000
1778249231.433945,0.724509,0.373303,1.049835,0.0000,0.0000,0.0000,0.105438,0.105438,0.105333,0.000000,0.000000,0.000000,0.746974,0.378040,1.064058,0.070704,0.014908,0.044763,0.146759,45.457711,44.884431,-3.003817,1.994898,-1.570003,0.000000,0.000000,0.000000,0.000000,0.000000,0.000000
1778249231.443493,0.724641,0.373330,1.049927,0.0000,0.0000,0.0000,0.105438,0.105438,0.105333,0.000000,0.000000,0.000000,0.746974,0.378040,1.064058,0.070715,0.014915,0.044743,0.146743,45.462719,44.894608,-3.003817,1.994896,-1.569998,0.000000,0.000000,0.000000,0.000000,0.000000,0.000000
1778249231.453566,0.724771,0.373360,1.050029,0.0000,0.0000,0.0000,0.105438,0.105438,0.105333,0.000000,0.000000,0.000000,0.746974,0.378040,1.064058,0.070743,0.014911,0.044700,0.146728,45.496628,44.927752,-3.003817,1.994904,-1.569999,0.000000,0.000000,0.000000,0.000000,0.000000,0.000000
1778249231.463731,0.724899,0.373386,1.050130,0.0000,0.0000,0.0000,0.105438,0.105438,0.105333,0.000000,0.000000,0.000000,0.746974,0.378040,1.064058,0.070771,0.014922,0.044652,0.146712,45.387248,44.818535,-3.003817,1.994902,-1.569999,0.000000,0.000000,0.000000,0.000000,0.000000,0.000000
1778249231.473556,0.725026,0.373413,1.050231,0.0000,0.0000,0.0000,0.105438,0.105438,0.105333,0.000000,0.000000,0.000000,0.746974,0.378040,1.064058,0.070801,0.014925,0.044604,0.146696,45.402871,44.834930,-3.003817,1.994898,-1.569998,0.000000,0.000000,0.000000,0.000000,0.000000,0.000000
1778249231.483969,0.725154,0.373443,1.050328,0.0000,0.0000,0.0000,0.105438,0.105438,0.105333,0.000000,0.000000,0.000000,0.746974,0.378040,1.064058,0.070825,0.014920,0.044568,0.146680,45.481138,44.911659,-3.003818,1.994900,-1.570001,0.000000,0.000000,0.000000,0.000000,0.000000,0.000000
1778249231.493705,0.725290,0.373468,1.050422,0.0000,0.0000,0.0000,0.105438,0.105438,0.105333,0.000000,0.000000,0.000000,0.746974,0.378040,1.064058,0.070835,0.014937,0.044545,0.146664,45.485481,44.914888,-3.003818,1.994900,-1.570002,0.000000,0.000000,0.000000,0.000000,0.000000,0.000000
1778249231.503650,0.725425,0.373495,1.050513,0.0000,0.0000,0.0000,0.105438,0.105438,0.105333,0.000000,0.000000,0.000000,0.746974,0.378040,1.064058,0.070844,0.014941,0.044529,0.146649,45.494908,44.924332,-3.003817,1.994900,-1.570002,0.000000,0.000000,0.000000,0.000000,0.000000,0.000000
1778249231.513580,0.725556,0.373521,1.050608,0.0000,0.0000,0.0000,0.105438,0.105438,0.105333,0.000000,0.000000,0.000000,0.746974,0.378040,1.064058,0.070861,0.014952,0.044499,0.146633,45.477546,44.908605,-3.003817,1.994900,-1.570001,0.000000,0.000000,0.000000,0.000000,0.000000,0.000000
1778249231.523422,0.725684,0.373551,1.050703,0.0000,0.0000,0.0000,0.105438,0.105438,0.105333,0.000000,0.000000,0.000000,0.746974,0.378040,1.064058,0.070884,0.014945,0.044464,0.146617,45.485706,44.916494,-3.003817,1.994900,-1.570004,0.000000,0.000000,0.000000,0.000000,0.000000,0.000000
1778249231.533510,0.725814,0.373578,1.050799,0.0000,0.0000,0.0000,0.105438,0.105438,0.105333,0.000000,0.000000,0.000000,0.746974,0.378040,1.064058,0.070904,0.014953,0.044431,0.146602,45.497312,44.926628,-3.003817,1.994900,-1.570003,0.000000,0.000000,0.000000,0.000000,0.000000,0.000000
1778249231.543265,0.725977,0.373611,1.050915,0.0000,0.0000,0.0000,0.105438,0.105438,0.105333,0.000000,0.000000,0.000000,0.746974,0.378040,1.064058,0.070924,0.014962,0.044395,0.146585,45.505221,44.936360,-3.003817,1.994899,-1.570001,0.000000,0.000000,0.000000,0.000000,0.000000,0.000000
1778249231.553255,0.726109,0.373639,1.051009,0.0000,0.0000,0.0000,0.105438,0.105438,0.105333,0.000000,0.000000,0.000000,0.746974,0.378040,1.064058,0.070942,0.014965,0.044366,0.146569,45.549553,44.978665,-3.003817,1.994900,-1.570000,0.000000,0.000000,0.000000,0.000000,0.000000,0.000000
1778249231.563388,0.726239,0.373668,1.051105,0.0000,0.0000,0.0000,0.105438,0.105438,0.105333,0.000000,0.000000,0.000000,0.746974,0.378040,1.064058,0.070964,0.014963,0.044330,0.146553,45.499169,44.928515,-3.003817,1.994901,-1.570000,0.000000,0.000000,0.000000,0.000000,0.000000,0.000000
1778249231.573366,0.726365,0.373701,1.051197,0.0000,0.0000,0.0000,0.105438,0.105438,0.105333,0.000000,0.000000,0.000000,0.746974,0.378040,1.064058,0.070987,0.014945,0.044299,0.146538,45.503860,44.934584,-3.003817,1.994898,-1.570004,0.000000,0.000000,0.000000,0.000000,0.000000,0.000000
1778249231.583393,0.726498,0.373727,1.051292,0.0000,0.0000,0.0000,0.105438,0.105438,0.105333,0.000000,0.000000,0.000000,0.746974,0.378040,1.064058,0.071005,0.014958,0.044267,0.146522,45.520916,44.949616,-3.003818,1.994901,-1.570001,0.000000,0.000000,0.000000,0.000000,0.000000,0.000000
1778249231.593428,0.726632,0.373748,1.051386,0.0000,0.0000,0.0000,0.105438,0.105438,0.105333,0.000000,0.000000,0.000000,0.746974,0.378040,1.064058,0.071016,0.014983,0.044241,0.146506,45.515269,44.944314,-3.003818,1.994899,-1.570000,0.000000,0.000000,0.000000,0.000000,0.000000,0.000000
1778249231.603696,0.726765,0.373773,1.051478,0.0000,0.0000,0.0000,0.105438,0.105438,0.105333,0.000000,0.000000,0.000000,0.746974,0.378040,1.064058,0.071028,0.014996,0.044216,0.146491,45.555259,44.984679,-3.003818,1.994901,-1.570000,0.000000,0.000000,0.000000,0.000000,0.000000,0.000000
1778249231.613802,0.726892,0.373807,1.051571,0.0000,0.0000,0.0000,0.105438,0.105438,0.105333,0.000000,0.000000,0.000000,0.746974,0.378040,1.064058,0.071054,0.014978,0.044181,0.146475,45.516082,44.945662,-3.003817,1.994902,-1.570003,0.000000,0.000000,0.000000,0.000000,0.000000,0.000000
1778249231.623763,0.727022,0.373831,1.051665,0.0000,0.0000,0.0000,0.105438,0.105438,0.105333,0.000000,0.000000,0.000000,0.746974,0.378040,1.064058,0.071073,0.014992,0.044146,0.146460,45.519131,44.948962,-3.003818,1.994901,-1.570001,0.000000,0.000000,0.000000,0.000000,0.000000,0.000000
1778249231.633640,0.727153,0.373859,1.051757,0.0000,0.0000,0.0000,0.105438,0.105438,0.105333,0.000000,0.000000,0.000000,0.746974,0.378040,1.064058,0.071090,0.014994,0.044118,0.146445,45.536740,44.965332,-3.003818,1.994900,-1.570002,0.000000,0.000000,0.000000,0.000000,0.000000,0.000000
1778249231.643506,0.727285,0.373884,1.051850,0.0000,0.0000,0.0000,0.105438,0.105438,0.105333,0.000000,0.000000,0.000000,0.746974,0.378040,1.064058,0.071104,0.015009,0.044090,0.146429,45.547881,44.976883,-3.003818,1.994901,-1.570001,0.000000,0.000000,0.000000,0.000000,0.000000,0.000000
1778249231.653348,0.727444,0.373920,1.051965,0.0000,0.0000,0.0000,0.105438,0.105438,0.105333,0.000000,0.000000,0.000000,0.746974,0.378040,1.064058,0.071132,0.015006,0.044045,0.146413,45.536668,44.966662,-3.003818,1.994899,-1.570003,0.000000,0.000000,0.000000,0.000000,0.000000,0.000000
1778249231.663269,0.727576,0.373947,1.052057,0.0000,0.0000,0.0000,0.105438,0.105438,0.105333,0.000000,0.000000,0.000000,0.746974,0.378040,1.064058,0.071149,0.015012,0.044016,0.146397,45.581695,45.009124,-3.003818,1.994901,-1.570004,0.000000,0.000000,0.000000,0.000000,0.000000,0.000000
1778249231.673277,0.727706,0.373974,1.052146,0.0000,0.0000,0.0000,0.105438,0.105438,0.105333,0.000000,0.000000,0.000000,0.746974,0.378040,1.064058,0.071162,0.015017,0.043994,0.146381,45.555307,44.984219,-3.003818,1.994898,-1.570002,0.000000,0.000000,0.000000,0.000000,0.000000,0.000000
1778249231.683318,0.727837,0.373999,1.052239,0.0000,0.0000,0.0000,0.105438,0.105438,0.105333,0.000000,0.000000,0.000000,0.746974,0.378040,1.064058,0.071178,0.015031,0.043963,0.146366,45.589582,45.019315,-3.003818,1.994902,-1.570002,0.000000,0.000000,0.000000,0.000000,0.000000,0.000000
1778249231.693379,0.727964,0.374026,1.052335,0.0000,0.0000,0.0000,0.105438,0.105438,0.105333,0.000000,0.000000,0.000000,0.746974,0.378040,1.064058,0.071208,0.015036,0.043913,0.146350,45.505408,44.934804,-3.003818,1.994898,-1.569999,0.000000,0.000000,0.000000,0.000000,0.000000,0.000000
1778249231.703565,0.728092,0.374056,1.052424,0.0000,0.0000,0.0000,0.105438,0.105438,0.105333,0.000000,0.000000,0.000000,0.746974,0.378040,1.064058,0.071227,0.015028,0.043885,0.146335,45.597229,45.026444,-3.003818,1.994898,-1.570002,0.000000,0.000000,0.000000,0.000000,0.000000,0.000000
1778249231.713578,0.728225,0.374085,1.052516,0.0000,0.0000,0.0000,0.105438,0.105438,0.105333,0.000000,0.000000,0.000000,0.746974,0.378040,1.064058,0.071243,0.015028,0.043859,0.146319,45.610277,45.035640,-3.003818,1.994903,-1.569999,0.000000,0.000000,0.000000,0.000000,0.000000,0.000000
1778249231.723567,0.728354,0.374114,1.052604,0.0000,0.0000,0.0000,0.105438,0.105438,0.105333,0.000000,0.000000,0.000000,0.746974,0.378040,1.064058,0.071259,0.015024,0.043835,0.146304,45.533163,44.961148,-3.003818,1.994898,-1.570000,0.000000,0.000000,0.000000,0.000000,0.000000,0.000000
1778249231.733735,0.728487,0.374140,1.052694,0.0000,0.0000,0.0000,0.105438,0.105438,0.105333,0.000000,0.000000,0.000000,0.746974,0.378040,1.064058,0.071259,0.015024,0.043835,0.146304,45.533163,44.961148,-3.003818,1.994900,-1.570002,0.000000,0.000000,0.000000,0.000000,0.000000,0.000000
1778249231.743640,0.728619,0.374164,1.052786,0.0000,0.0000,0.0000,0.105438,0.105438,0.105333,0.000000,0.000000,0.000000,0.746974,0.378040,1.064058,0.071288,0.015055,0.043777,0.146273,45.594700,45.021583,-3.003818,1.994904,-1.569999,0.000000,0.000000,0.000000,0.000000,0.000000,0.000000
1778249231.753696,0.728745,0.374191,1.052877,0.0000,0.0000,0.0000,0.105438,0.105438,0.105333,0.000000,0.000000,0.000000,0.746974,0.378040,1.064058,0.071309,0.015057,0.043741,0.146258,45.541038,44.969340,-3.003818,1.994900,-1.569999,0.000000,0.000000,0.000000,0.000000,0.000000,0.000000
1778249231.763494,0.728874,0.374221,1.052965,0.0000,0.0000,0.0000,0.105438,0.105438,0.105333,0.000000,0.000000,0.000000,0.746974,0.378040,1.064058,0.071327,0.015051,0.043715,0.146243,45.664799,45.092586,-3.003818,1.994898,-1.570001,0.000000,0.000000,0.000000,0.000000,0.000000,0.000000
1778249231.773308,0.729036,0.374258,1.053077,0.0000,0.0000,0.0000,0.105438,0.105438,0.105333,0.000000,0.000000,0.000000,0.746974,0.378040,1.064058,0.071351,0.015043,0.043678,0.146227,45.647353,45.073907,-3.003818,1.994903,-1.570005,0.000000,0.000000,0.000000,0.000000,0.000000,0.000000
1778249231.783638,0.729167,0.374279,1.053167,0.0000,0.0000,0.0000,0.105438,0.105438,0.105333,0.000000,0.000000,0.000000,0.746974,0.378040,1.064058,0.071363,0.015074,0.043647,0.146211,45.546200,44.974085,-3.003818,1.994897,-1.570001,0.000000,0.000000,0.000000,0.000000,0.000000,0.000000
1778249231.793529,0.729298,0.374301,1.053257,0.0000,0.0000,0.0000,0.105438,0.105438,0.105333,0.000000,0.000000,0.000000,0.746974,0.378040,1.064058,0.071377,0.015098,0.043616,0.146195,45.611009,45.039365,-3.003818,1.994899,-1.570000,0.000000,0.000000,0.000000,0.000000,0.000000,0.000000
1778249231.803794,0.729426,0.374330,1.053350,0.0000,0.0000,0.0000,0.105438,0.105438,0.105333,0.000000,0.000000,0.000000,0.746974,0.378040,1.064058,0.071377,0.015098,0.043616,0.146195,45.611009,45.039365,-3.003818,1.994903,-1.570004,0.000000,0.000000,0.000000,0.000000,0.000000,0.000000
1778249231.813735,0.729553,0.374359,1.053437,0.0000,0.0000,0.0000,0.105438,0.105438,0.105333,0.000000,0.000000,0.000000,0.746974,0.378040,1.064058,0.071404,0.015097,0.043573,0.146179,45.594954,45.022033,-3.003818,1.994899,-1.570002,0.000000,0.000000,0.000000,0.000000,0.000000,0.000000
1778249231.823616,0.729688,0.374386,1.053523,0.0000,0.0000,0.0000,0.105438,0.105438,0.105333,0.000000,0.000000,0.000000,0.746974,0.378040,1.064058,0.071429,0.015100,0.043530,0.146149,45.676400,45.100893,-3.003818,1.994904,-1.570001,0.000000,0.000000,0.000000,0.000000,0.000000,0.000000
1778249231.833771,0.729815,0.374413,1.053610,0.0000,0.0000,0.0000,0.105438,0.105438,0.105333,0.000000,0.000000,0.000000,0.746974,0.378040,1.064058,0.071445,0.015101,0.043504,0.146134,45.584171,45.011283,-3.003818,1.994900,-1.570001,0.000000,0.000000,0.000000,0.000000,0.000000,0.000000
1778249231.843649,0.729943,0.374437,1.053699,0.0000,0.0000,0.0000,0.105438,0.105438,0.105333,0.000000,0.000000,0.000000,0.746974,0.378040,1.064058,0.071464,0.015120,0.043466,0.146119,45.665258,45.094788,-3.003819,1.994897,-1.570000,0.000000,0.000000,0.000000,0.000000,0.000000,0.000000
1778249231.853719,0.730073,0.374461,1.053793,0.0000,0.0000,0.0000,0.105438,0.105438,0.105333,0.000000,0.000000,0.000000,0.746974,0.378040,1.064058,0.071488,0.015139,0.043421,0.146103,45.622607,45.048102,-3.003818,1.994905,-1.570001,0.000000,0.000000,0.000000,0.000000,0.000000,0.000000
1778249231.863791,0.730199,0.374489,1.053881,0.0000,0.0000,0.0000,0.105438,0.105438,0.105333,0.000000,0.000000,0.000000,0.746974,0.378040,1.064058,0.071510,0.015139,0.043384,0.146087,45.576195,45.002997,-3.003818,1.994901,-1.570003,0.000000,0.000000,0.000000,0.000000,0.000000,0.000000
1778249231.873733,0.730331,0.374516,1.053963,0.0000,0.0000,0.0000,0.105438,0.105438,0.105333,0.000000,0.000000,0.000000,0.746974,0.378040,1.064058,0.071513,0.015140,0.043379,0.146073,45.687557,45.112459,-3.003818,1.994897,-1.570002,0.000000,0.000000,0.000000,0.000000,0.000000,0.000000
1778249231.883775,0.730464,0.374546,1.054048,0.0000,0.0000,0.0000,0.105438,0.105438,0.105333,0.000000,0.000000,0.000000,0.746974,0.378040,1.064058,0.071521,0.015136,0.043366,0.146058,45.693176,45.118125,-3.003818,1.994902,-1.570000,0.000000,0.000000,0.000000,0.000000,0.000000,0.000000
1778249231.893376,0.730586,0.374578,1.054138,0.0000,0.0000,0.0000,0.105438,0.105438,0.105333,0.000000,0.000000,0.000000,0.746974,0.378040,1.064058,0.071556,0.015117,0.043315,0.146043,45.594132,45.023106,-3.003819,1.994899,-1.570004,0.000000,0.000000,0.000000,0.000000,0.000000,0.000000
1778249231.903203,0.730746,0.374601,1.054252,0.0000,0.0000,0.0000,0.105438,0.105438,0.105333,0.000000,0.000000,0.000000,0.746974,0.378040,1.064058,0.071582,0.015170,0.043254,0.146026,45.654714,45.082186,-3.003819,1.994899,-1.570000,0.000000,0.000000,0.000000,0.000000,0.000000,0.000000
1778249231.913339,0.730881,0.374623,1.054334,0.0000,0.0000,0.0000,0.105438,0.105438,0.105333,0.000000,0.000000,0.000000,0.746974,0.378040,1.064058,0.071578,0.015197,0.043252,0.146010,45.733190,45.156967,-3.003819,1.994900,-1.570001,0.000000,0.000000,0.000000,0.000000,0.000000,0.000000
1778249231.923563,0.731011,0.374650,1.054422,0.0000,0.0000,0.0000,0.105438,0.105438,0.105333,0.000000,0.000000,0.000000,0.746974,0.378040,1.064058,0.071596,0.015204,0.043218,0.145994,45.623395,45.050468,-3.003819,1.994899,-1.570004,0.000000,0.000000,0.000000,0.000000,0.000000,0.000000
1778249231.933465,0.731137,0.374675,1.054513,0.0000,0.0000,0.0000,0.105438,0.105438,0.105333,0.000000,0.000000,0.000000,0.746974,0.378040,1.064058,0.071623,0.015219,0.043169,0.145978,45.662824,45.090503,-3.003819,1.994901,-1.570004,0.000000,0.000000,0.000000,0.000000,0.000000,0.000000
1778249231.943575,0.731264,0.374700,1.054601,0.0000,0.0000,0.0000,0.105438,0.105438,0.105333,0.000000,0.000000,0.000000,0.746974,0.378040,1.064058,0.071644,0.015234,0.043129,0.145962,45.673612,45.098833,-3.003819,1.994900,-1.569998,0.000000,0.000000,0.000000,0.000000,0.000000,0.000000
1778249231.953633,0.731390,0.374733,1.054685,0.0000,0.0000,0.0000,0.105438,0.105438,0.105333,0.000000,0.000000,0.000000,0.746974,0.378040,1.064058,0.071665,0.015209,0.043103,0.145947,45.682267,45.108244,-3.003819,1.994897,-1.569999,0.000000,0.000000,0.000000,0.000000,0.000000,0.000000
1778249231.963348,0.731520,0.374757,1.054773,0.0000,0.0000,0.0000,0.105438,0.105438,0.105333,0.000000,0.000000,0.000000,0.746974,0.378040,1.064058,0.071682,0.015227,0.043068,0.145931,45.709659,45.136083,-3.003819,1.994903,-1.570002,0.000000,0.000000,0.000000,0.000000,0.000000,0.000000
1778249231.973785,0.731647,0.374782,1.054862,0.0000,0.0000,0.0000,0.105438,0.105438,0.105333,0.000000,0.000000,0.000000,0.746974,0.378040,1.064058,0.071707,0.015244,0.043021,0.145915,45.613221,45.039207,-3.003819,1.994903,-1.570002,0.000000,0.000000,0.000000,0.000000,0.000000,0.000000
1778249231.983277,0.731809,0.374814,1.054969,0.0000,0.0000,0.0000,0.105438,0.105438,0.105333,0.000000,0.000000,0.000000,0.746974,0.378040,1.064058,0.071725,0.015257,0.042986,0.145898,45.694737,45.118746,-3.003819,1.994901,-1.570001,0.000000,0.000000,0.000000,0.000000,0.000000,0.000000
1778249231.993677,0.731942,0.374845,1.055049,0.0000,0.0000,0.0000,0.105438,0.105438,0.105333,0.000000,0.000000,0.000000,0.746974,0.378040,1.064058,0.071727,0.015246,0.042986,0.145883,45.726500,45.149776,-3.003819,1.994900,-1.570003,0.000000,0.000000,0.000000,0.000000,0.000000,0.000000
1778249232.003409,0.732074,0.374866,1.055131,0.0000,0.0000,0.0000,0.105438,0.105438,0.105333,0.000000,0.000000,0.000000,0.746974,0.378040,1.064058,0.071728,0.015277,0.042973,0.145867,45.705497,45.130302,-3.003819,1.994899,-1.570000,0.000000,0.000000,0.000000,0.000000,0.000000,0.000000
1778249232.013460,0.732199,0.374897,1.055217,0.0000,0.0000,0.0000,0.105438,0.105438,0.105333,0.000000,0.000000,0.000000,0.746974,0.378040,1.064058,0.071754,0.015264,0.042934,0.145851,45.729509,45.154688,-3.003819,1.994901,-1.569999,0.000000,0.000000,0.000000,0.000000,0.000000,0.000000
1778249232.023672,0.732326,0.374923,1.055304,0.0000,0.0000,0.0000,0.105438,0.105438,0.105333,0.000000,0.000000,0.000000,0.746974,0.378040,1.064058,0.071754,0.015264,0.042934,0.145851,45.729509,45.154688,-3.003819,1.994900,-1.570002,0.000000,0.000000,0.000000,0.000000,0.000000,0.000000
1778249232.033526,0.732457,0.374948,1.055386,0.0000,0.0000,0.0000,0.105438,0.105438,0.105333,0.000000,0.000000,0.000000,0.746974,0.378040,1.064058,0.071782,0.015288,0.042879,0.145821,45.715492,45.139676,-3.003819,1.994899,-1.570001,0.000000,0.000000,0.000000,0.000000,0.000000,0.000000
1778249232.044132,0.735680,0.375972,1.057228,0.0000,0.0000,0.0000,0.105438,0.105438,0.105333,0.000000,0.000000,0.000000,0.746974,0.378040,1.064058,0.071858,0.013156,0.043455,0.145730,45.988733,45.402252,-3.003819,1.994901,-1.570004,0.000000,0.000000,0.000000,0.000000,0.000000,0.000000
1778249232.054015,0.735821,0.376041,1.057286,0.0000,0.0000,0.0000,0.105438,0.105438,0.105333,0.000000,0.000000,0.000000,0.746974,0.378040,1.064058,0.071817,0.012873,0.043608,0.145671,45.964153,45.379009,-3.003820,1.994898,-1.570005,0.000000,0.000000,0.000000,0.000000,0.000000,0.000000
1778249232.063539,0.735962,0.376098,1.057349,0.0000,0.0000,0.0000,0.105438,0.105438,0.105333,0.000000,0.000000,0.000000,0.746974,0.378040,1.064058,0.071780,0.012657,0.043731,0.145630,45.985577,45.400347,-3.003819,1.994902,-1.569999,0.000000,0.000000,0.000000,0.000000,0.000000,0.000000
1778249232.074296,0.736095,0.376155,1.057419,0.0000,0.0000,0.0000,0.105438,0.105438,0.105333,0.000000,0.000000,0.000000,0.746974,0.378040,1.064058,0.071775,0.012439,0.043801,0.145600,45.912263,45.328451,-3.003819,1.994898,-1.570002,0.000000,0.000000,0.000000,0.000000,0.000000,0.000000
1778249232.083507,0.736227,0.376201,1.057492,0.0000,0.0000,0.0000,0.105438,0.105438,0.105333,0.000000,0.000000,0.000000,0.746974,0.378040,1.064058,0.071773,0.012283,0.043849,0.145577,45.913033,45.330127,-3.003820,1.994900,-1.570002,0.000000,0.000000,0.000000,0.000000,0.000000,0.000000
1778249232.093689,0.736357,0.376239,1.057570,0.0000,0.0000,0.0000,0.105438,0.105438,0.105333,0.000000,0.000000,0.000000,0.746974,0.378040,1.064058,0.071773,0.012283,0.043849,0.145577,45.913033,45.330127,-3.003819,1.994902,-1.570000,0.000000,0.000000,0.000000,0.000000,0.000000,0.000000
1778249232.103275,0.736518,0.376283,1.057664,0.0000,0.0000,0.0000,0.105438,0.105438,0.105333,0.000000,0.000000,0.000000,0.746974,0.378040,1.064058,0.071782,0.012064,0.043895,0.145539,45.895933,45.311733,-3.003819,1.994897,-1.570000,0.000000,0.000000,0.000000,0.000000,0.000000,0.000000
1778249232.114290,0.736647,0.376317,1.057736,0.0000,0.0000,0.0000,0.105438,0.105438,0.105333,0.000000,0.000000,0.000000,0.746974,0.378040,1.064058,0.071771,0.011974,0.043937,0.145522,45.962400,45.378978,-3.003820,1.994898,-1.570002,0.000000,0.000000,0.000000,0.000000,0.000000,0.000000
1778249232.123813,0.736779,0.376341,1.057816,0.0000,0.0000,0.0000,0.105438,0.105438,0.105333,0.000000,0.000000,0.000000,0.746974,0.378040,1.064058,0.071772,0.011960,0.043941,0.145507,45.952932,45.368196,-3.003820,1.994903,-1.570000,0.000000,0.000000,0.000000,0.000000,0.000000,0.000000
1778249232.133739,0.736903,0.376366,1.057897,0.0000,0.0000,0.0000,0.105438,0.105438,0.105333,0.000000,0.000000,0.000000,0.746974,0.378040,1.064058,0.071790,0.011937,0.043917,0.145492,45.854082,45.272520,-3.003820,1.994899,-1.570003,0.000000,0.000000,0.000000,0.000000,0.000000,0.000000
1778249232.143650,0.737025,0.376381,1.057986,0.0000,0.0000,0.0000,0.105438,0.105438,0.105333,0.000000,0.000000,0.000000,0.746974,0.378040,1.064058,0.071790,0.011937,0.043917,0.145492,45.854082,45.272520,-3.003820,1.994900,-1.570000,0.000000,0.000000,0.000000,0.000000,0.000000,0.000000
1778249232.153952,0.737147,0.376396,1.058074,0.0000,0.0000,0.0000,0.105438,0.105438,0.105333,0.000000,0.000000,0.000000,0.746974,0.378040,1.064058,0.071868,0.012025,0.043765,0.145461,45.879197,45.298081,-3.003820,1.994900,-1.570002,0.000000,0.000000,0.000000,0.000000,0.000000,0.000000
1778249232.163268,0.737272,0.376406,1.058158,0.0000,0.0000,0.0000,0.105438,0.105438,0.105333,0.000000,0.000000,0.000000,0.746974,0.378040,1.064058,0.071868,0.012025,0.043765,0.145461,45.879197,45.298081,-3.003820,1.994900,-1.569999,0.000000,0.000000,0.000000,0.000000,0.000000,0.000000
1778249232.173273,0.737397,0.376421,1.058239,0.0000,0.0000,0.0000,0.105438,0.105438,0.105333,0.000000,0.000000,0.000000,0.746974,0.378040,1.064058,0.071827,0.012146,0.043644,0.145390,45.933921,45.351254,-3.003820,1.994899,-1.570000,0.000000,0.000000,0.000000,0.000000,0.000000,0.000000
1778249232.183351,0.737553,0.376434,1.058342,0.0000,0.0000,0.0000,0.105438,0.105438,0.105333,0.000000,0.000000,0.000000,0.746974,0.378040,1.064058,0.070655,0.012045,0.042873,0.144617,45.945629,45.363676,-3.003820,1.994901,-1.569999,0.000000,0.000000,0.000000,0.000000,0.000000,0.000000
1778249232.195712,0.737677,0.376442,1.058430,0.0000,0.0000,0.0000,0.105438,0.105438,0.105333,0.000000,0.000000,0.000000,0.746974,0.378040,1.064058,0.069727,0.011987,0.042210,0.143497,45.830245,45.249090,-3.003820,1.994903,-1.570004,0.000000,0.000000,0.000000,0.000000,0.000000,0.000000
1778249232.203491,0.737769,0.376441,1.058495,0.0000,0.0000,0.0000,0.105438,0.105438,0.105333,0.000000,0.000000,0.000000,0.746974,0.378040,1.064058,0.069038,0.011996,0.041727,0.142302,45.859663,45.279613,-3.003820,1.994897,-1.570000,0.000000,0.000000,0.000000,0.000000,0.000000,0.000000
1778249232.213446,0.737926,0.376449,1.058599,0.0000,0.0000,0.0000,0.105438,0.105438,0.105333,0.000000,0.000000,0.000000,0.746974,0.378040,1.064058,0.067860,0.011932,0.040942,0.140753,45.933982,45.350642,-3.003819,1.994903,-1.569998,0.000000,0.000000,0.000000,0.000000,0.000000,0.000000
1778249232.223672,0.738047,0.376457,1.058687,0.0000,0.0000,0.0000,0.105438,0.105438,0.105333,0.000000,0.000000,0.000000,0.746974,0.378040,1.064058,0.066950,0.011870,0.040282,0.139114,45.794847,45.213474,-3.003820,1.994902,-1.570004,0.000000,0.000000,0.000000,0.000000,0.000000,0.000000
1778249232.233495,0.738169,0.376455,1.058775,0.0000,0.0000,0.0000,0.105438,0.105438,0.105333,0.000000,0.000000,0.000000,0.746974,0.378040,1.064058,0.066950,0.011870,0.040282,0.139114,45.794847,45.213474,-3.003819,1.994901,-1.569999,0.000000,0.000000,0.000000,0.000000,0.000000,0.000000
1778249232.243832,0.738292,0.376464,1.058855,0.0000,0.0000,0.0000,0.105438,0.105438,0.105333,0.000000,0.000000,0.000000,0.746974,0.378040,1.064058,0.065112,0.011820,0.039024,0.135694,45.844660,45.259545,-3.003819,1.994900,-1.570000,0.000000,0.000000,0.000000,0.000000,0.000000,0.000000
1778249232.253509,0.738446,0.376471,1.058952,0.0000,0.0000,0.0000,0.105438,0.105438,0.105333,0.000000,0.000000,0.000000,0.746974,0.378040,1.064058,0.063963,0.011766,0.038297,0.133814,45.805554,45.224012,-3.003819,1.994898,-1.569999,0.000000,0.000000,0.000000,0.000000,0.000000,0.000000
1778249232.263317,0.738561,0.376477,1.059035,0.0000,0.0000,0.0000,0.105438,0.105438,0.105333,0.000000,0.000000,0.000000,0.746974,0.378040,1.064058,0.063094,0.011720,0.037675,0.131982,45.791130,45.210353,-3.003820,1.994902,-1.570001,0.000000,0.000000,0.000000,0.000000,0.000000,0.000000
1778249232.273636,0.738677,0.376482,1.059116,0.0000,0.0000,0.0000,0.105438,0.105438,0.105333,0.000000,0.000000,0.000000,0.746974,0.378040,1.064058,0.062230,0.011682,0.037062,0.130188,45.748335,45.165870,-3.003820,1.994899,-1.570001,0.000000,0.000000,0.000000,0.000000,0.000000,0.000000
1778249232.283388,0.738792,0.376481,1.059198,0.0000,0.0000,0.0000,0.105438,0.105438,0.105333,0.000000,0.000000,0.000000,0.746974,0.378040,1.064058,0.061363,0.011692,0.036454,0.128424,45.760042,45.178318,-3.003820,1.994900,-1.569998,0.000000,0.000000,0.000000,0.000000,0.000000,0.000000
1778249232.293588,0.738903,0.376491,1.059276,0.0000,0.0000,0.0000,0.105438,0.105438,0.105333,0.000000,0.000000,0.000000,0.746974,0.378040,1.064058,0.060531,0.011618,0.035869,0.126696,45.780097,45.197448,-3.003820,1.994899,-1.570000,0.000000,0.000000,0.000000,0.000000,0.000000,0.000000
1778249232.303751,0.739021,0.376496,1.059346,0.0000,0.0000,0.0000,0.105438,0.105438,0.105333,0.000000,0.000000,0.000000,0.746974,0.378040,1.064058,0.059650,0.011580,0.035343,0.124989,45.831702,45.247707,-3.003820,1.994901,-1.569997,0.000000,0.000000,0.000000,0.000000,0.000000,0.000000
1778249232.313730,0.739134,0.376503,1.059420,0.0000,0.0000,0.0000,0.105438,0.105438,0.105333,0.000000,0.000000,0.000000,0.746974,0.378040,1.064058,0.058802,0.011528,0.034787,0.123302,45.761499,45.177882,-3.003820,1.994900,-1.570001,0.000000,0.000000,0.000000,0.000000,0.000000,0.000000
1778249232.323770,0.739245,0.376508,1.059496,0.0000,0.0000,0.0000,0.105438,0.105438,0.105333,0.000000,0.000000,0.000000,0.746974,0.378040,1.064058,0.057967,0.011489,0.034214,0.121632,45.727950,45.144843,-3.003820,1.994902,-1.570003,0.000000,0.000000,0.000000,0.000000,0.000000,0.000000
1778249232.333735,0.739354,0.376513,1.059567,0.0000,0.0000,0.0000,0.105438,0.105438,0.105333,0.000000,0.000000,0.000000,0.746974,0.378040,1.064058,0.057150,0.011450,0.033683,0.119992,45.747829,45.163989,-3.003820,1.994899,-1.569999,0.000000,0.000000,0.000000,0.000000,0.000000,0.000000
1778249232.343343,0.739461,0.376525,1.059636,0.0000,0.0000,0.0000,0.105438,0.105438,0.105333,0.000000,0.000000,0.000000,0.746974,0.378040,1.064058,0.056346,0.011359,0.033168,0.118380,45.795114,45.211335,-3.003820,1.994899,-1.569999,0.000000,0.000000,0.000000,0.000000,0.000000,0.000000
1778249232.353412,0.739569,0.376535,1.059705,0.0000,0.0000,0.0000,0.105438,0.105438,0.105333,0.000000,0.000000,0.000000,0.746974,0.378040,1.064058,0.055534,0.011285,0.032651,0.116782,45.748853,45.163108,-3.003820,1.994903,-1.570000,0.000000,0.000000,0.000000,0.000000,0.000000,0.000000
1778249232.364201,0.739674,0.376539,1.059771,0.0000,0.0000,0.0000,0.105438,0.105438,0.105333,0.000000,0.000000,0.000000,0.746974,0.378040,1.064058,0.054752,0.011256,0.032154,0.115218,45.704918,45.121662,-3.003820,1.994897,-1.569999,0.000000,0.000000,0.000000,0.000000,0.000000,0.000000
1778249232.373257,0.739803,0.376552,1.059856,0.0000,0.0000,0.0000,0.105438,0.105438,0.105333,0.000000,0.000000,0.000000,0.746974,0.378040,1.064058,0.053784,0.011162,0.031518,0.113553,45.766714,45.182382,-3.003820,1.994901,-1.569999,0.000000,0.000000,0.000000,0.000000,0.000000,0.000000
1778249232.383471,0.739904,0.376565,1.059922,0.0000,0.0000,0.0000,0.105438,0.105438,0.105333,0.000000,0.000000,0.000000,0.746974,0.378040,1.064058,0.053022,0.011059,0.031021,0.111945,45.725393,45.140144,-3.003820,1.994901,-1.570000,0.000000,0.000000,0.000000,0.000000,0.000000,0.000000
1778249232.393426,0.740005,0.376578,1.059983,0.0000,0.0000,0.0000,0.105438,0.105438,0.105333,0.000000,0.000000,0.000000,0.746974,0.378040,1.064058,0.052268,0.010961,0.030562,0.110391,45.749623,45.163188,-3.003820,1.994899,-1.570002,0.000000,0.000000,0.000000,0.000000,0.000000,0.000000
1778249232.403526,0.740104,0.376590,1.060043,0.0000,0.0000,0.0000,0.105438,0.105438,0.105333,0.000000,0.000000,0.000000,0.746974,0.378040,1.064058,0.052268,0.010961,0.030562,0.110391,45.749623,45.163188,-3.003820,1.994898,-1.569996,0.000000,0.000000,0.000000,0.000000,0.000000,0.000000
1778249232.413601,0.740205,0.376604,1.060103,0.0000,0.0000,0.0000,0.105438,0.105438,0.105333,0.000000,0.000000,0.000000,0.746974,0.378040,1.064058,0.050768,0.010768,0.029662,0.107395,45.775638,45.187917,-3.003820,1.994903,-1.569999,0.000000,0.000000,0.000000,0.000000,0.000000,0.000000
1778249232.423873,0.740303,0.376620,1.060155,0.0000,0.0000,0.0000,0.105438,0.105438,0.105333,0.000000,0.000000,0.000000,0.746974,0.378040,1.064058,0.050768,0.010768,0.029662,0.107395,45.775638,45.187917,-3.003820,1.994897,-1.570002,0.000000,0.000000,0.000000,0.000000,0.000000,0.000000
1778249232.433530,0.740405,0.376630,1.060211,0.0000,0.0000,0.0000,0.105438,0.105438,0.105333,0.000000,0.000000,0.000000,0.746974,0.378040,1.064058,0.049270,0.010577,0.028854,0.104516,45.787662,45.199627,-3.003820,1.994901,-1.569998,0.000000,0.000000,0.000000,0.000000,0.000000,0.000000
1778249232.443659,0.740498,0.376644,1.060269,0.0000,0.0000,0.0000,0.105438,0.105438,0.105333,0.000000,0.000000,0.000000,0.746974,0.378040,1.064058,0.048573,0.010471,0.028415,0.103111,45.696513,45.111223,-3.003820,1.994900,-1.569998,0.000000,0.000000,0.000000,0.000000,0.000000,0.000000
1778249232.453461,0.740609,0.376670,1.060338,0.0000,0.0000,0.0000,0.105438,0.105438,0.105333,0.000000,0.000000,0.000000,0.746974,0.378040,1.064058,0.047739,0.010276,0.027898,0.101637,45.747061,45.160355,-3.003820,1.994898,-1.570003,0.000000,0.000000,0.000000,0.000000,0.000000,0.000000
1778249232.463361,0.740701,0.376690,1.060391,0.0000,0.0000,0.0000,0.105438,0.105438,0.105333,0.000000,0.000000,0.000000,0.746974,0.378040,1.064058,0.047043,0.010128,0.027505,0.100214,45.754336,45.165799,-3.003820,1.994899,-1.569999,0.000000,0.000000,0.000000,0.000000,0.000000,0.000000
1778249232.473389,0.740793,0.376710,1.060442,0.0000,0.0000,0.0000,0.105438,0.105438,0.105333,0.000000,0.000000,0.000000,0.746974,0.378040,1.064058,0.046359,0.009974,0.027123,0.098833,45.736387,45.147534,-3.003820,1.994899,-1.570003,0.000000,0.000000,0.000000,0.000000,0.000000,0.000000
1778249232.483312,0.740885,0.376728,1.060488,0.0000,0.0000,0.0000,0.105438,0.105438,0.105333,0.000000,0.000000,0.000000,0.746974,0.378040,1.064058,0.045664,0.009843,0.026776,0.097487,45.777794,45.189318,-3.003820,1.994900,-1.569999,0.000000,0.000000,0.000000,0.000000,0.000000,0.000000
1778249232.493527,0.740970,0.376747,1.060541,0.0000,0.0000,0.0000,0.105438,0.105438,0.105333,0.000000,0.000000,0.000000,0.746974,0.378040,1.064058,0.045032,0.009696,0.026382,0.096179,45.720112,45.134756,-3.003821,1.994900,-1.570003,0.000000,0.000000,0.000000,0.000000,0.000000,0.000000
1778249232.503650,0.741057,0.376763,1.060593,0.0000,0.0000,0.0000,0.105438,0.105438,0.105333,0.000000,0.000000,0.000000,0.746974,0.378040,1.064058,0.044379,0.009580,0.025987,0.094890,45.723925,45.135390,-3.003821,1.994902,-1.570002,0.000000,0.000000,0.000000,0.000000,0.000000,0.000000
1778249232.513685,0.741142,0.376775,1.060641,0.0000,0.0000,0.0000,0.105438,0.105438,0.105333,0.000000,0.000000,0.000000,0.746974,0.378040,1.064058,0.043737,0.009485,0.025625,0.093629,45.761515,45.172624,-3.003820,1.994900,-1.569997,0.000000,0.000000,0.000000,0.000000,0.000000,0.000000
1778249232.523671,0.741217,0.376790,1.060698,0.0000,0.0000,0.0000,0.105438,0.105438,0.105333,0.000000,0.000000,0.000000,0.746974,0.378040,1.064058,0.043174,0.009372,0.025199,0.092401,45.753103,45.163092,-3.003820,1.994901,-1.570002,0.000000,0.000000,0.000000,0.000000,0.000000,0.000000
1778249232.533649,0.741286,0.376801,1.060756,0.0000,0.0000,0.0000,0.105438,0.105438,0.105333,0.000000,0.000000,0.000000,0.746974,0.378040,1.064058,0.043174,0.009372,0.025199,0.092401,45.753103,45.163092,-3.003820,1.994900,-1.570005,0.000000,0.000000,0.000000,0.000000,0.000000,0.000000
1778249232.543870,0.741349,0.376799,1.060822,0.0000,0.0000,0.0000,0.105438,0.105438,0.105333,0.000000,0.000000,0.000000,0.746974,0.378040,1.064058,0.042661,0.009295,0.024767,0.091219,45.763116,45.173778,-3.003821,1.994902,-1.569999,0.000000,0.000000,0.000000,0.000000,0.000000,0.000000
1778249232.553725,0.741409,0.376802,1.060886,0.0000,0.0000,0.0000,0.105438,0.105438,0.105333,0.000000,0.000000,0.000000,0.746974,0.378040,1.064058,0.042185,0.009304,0.024271,0.090074,45.711842,45.123907,-3.003821,1.994902,-1.569999,0.000000,0.000000,0.000000,0.000000,0.000000,0.000000
1778249232.563704,0.741472,0.376813,1.060942,0.0000,0.0000,0.0000,0.105438,0.105438,0.105333,0.000000,0.000000,0.000000,0.746974,0.378040,1.064058,0.041268,0.009201,0.023372,0.087892,45.764771,45.174275,-3.003821,1.994898,-1.570003,0.000000,0.000000,0.000000,0.000000,0.000000,0.000000
1778249232.573269,0.741540,0.376819,1.060997,0.0000,0.0000,0.0000,0.105438,0.105438,0.105333,0.000000,0.000000,0.000000,0.746974,0.378040,1.064058,0.040753,0.009160,0.022961,0.086821,45.778351,45.186770,-3.003821,1.994902,-1.570000,0.000000,0.000000,0.000000,0.000000,0.000000,0.000000
1778249232.583727,0.741603,0.376823,1.061051,0.0000,0.0000,0.0000,0.105438,0.105438,0.105333,0.000000,0.000000,0.000000,0.746974,0.378040,1.064058,0.040280,0.009130,0.022555,0.085775,45.716997,45.127150,-3.003821,1.994899,-1.570000,0.000000,0.000000,0.000000,0.000000,0.000000,0.000000
1778249232.593244,0.741678,0.376830,1.061120,0.0000,0.0000,0.0000,0.105438,0.105438,0.105333,0.000000,0.000000,0.000000,0.746974,0.378040,1.064058,0.039719,0.009072,0.022035,0.084675,45.757315,45.168656,-3.003821,1.994901,-1.570000,0.000000,0.000000,0.000000,0.000000,0.000000,0.000000
1778249232.603417,0.741737,0.376838,1.061174,0.0000,0.0000,0.0000,0.105438,0.105438,0.105333,0.000000,0.000000,0.000000,0.746974,0.378040,1.064058,0.039274,0.009012,0.021631,0.083621,45.754417,45.164680,-3.003821,1.994900,-1.570002,0.000000,0.000000,0.000000,0.000000,0.000000,0.000000
1778249232.613626,0.741798,0.376842,1.061231,0.0000,0.0000,0.0000,0.105438,0.105438,0.105333,0.000000,0.000000,0.000000,0.746974,0.378040,1.064058,0.038820,0.008983,0.021200,0.082591,45.675914,45.087031,-3.003821,1.994902,-1.569999,0.000000,0.000000,0.000000,0.000000,0.000000,0.000000
1778249232.623865,0.741852,0.376846,1.061287,0.0000,0.0000,0.0000,0.105438,0.105438,0.105333,0.000000,0.000000,0.000000,0.746974,0.378040,1.064058,0.038416,0.008956,0.020784,0.081603,45.722248,45.135397,-3.003821,1.994901,-1.569999,0.000000,0.000000,0.000000,0.000000,0.000000,0.000000
1778249232.633643,0.741912,0.376854,1.061338,0.0000,0.0000,0.0000,0.105438,0.105438,0.105333,0.000000,0.000000,0.000000,0.746974,0.378040,1.064058,0.037968,0.008897,0.020399,0.080630,45.764469,45.171803,-3.003821,1.994902,-1.570000,0.000000,0.000000,0.000000,0.000000,0.000000,0.000000
1778249232.644054,0.741978,0.376869,1.061379,0.0000,0.0000,0.0000,0.105438,0.105438,0.105333,0.000000,0.000000,0.000000,0.746974,0.378040,1.064058,0.037473,0.008780,0.020090,0.079662,45.726776,45.134266,-3.003821,1.994900,-1.570002,0.000000,0.000000,0.000000,0.000000,0.000000,0.000000
1778249232.653912,0.742058,0.376883,1.061431,0.0000,0.0000,0.0000,0.105438,0.105438,0.105333,0.000000,0.000000,0.000000,0.746974,0.378040,1.064058,0.036873,0.008677,0.019700,0.078634,45.772349,45.182842,-3.003821,1.994902,-1.570001,0.000000,0.000000,0.000000,0.000000,0.000000,0.000000
1778249232.663299,0.742117,0.376888,1.061480,0.0000,0.0000,0.0000,0.105438,0.105438,0.105333,0.000000,0.000000,0.000000,0.746974,0.378040,1.064058,0.036427,0.008640,0.019334,0.077643,45.700054,45.109294,-3.003822,1.994901,-1.570000,0.000000,0.000000,0.000000,0.000000,0.000000,0.000000
1778249232.673349,0.742176,0.376897,1.061527,0.0000,0.0000,0.0000,0.105438,0.105438,0.105333,0.000000,0.000000,0.000000,0.746974,0.378040,1.064058,0.035988,0.008573,0.018980,0.076683,45.690020,45.099374,-3.003822,1.994900,-1.569998,0.000000,0.000000,0.000000,0.000000,0.000000,0.000000
1778249232.683364,0.742234,0.376911,1.061570,0.0000,0.0000,0.0000,0.105438,0.105438,0.105333,0.000000,0.000000,0.000000,0.746974,0.378040,1.064058,0.035552,0.008465,0.018658,0.075749,45.719510,45.127699,-3.003821,1.994899,-1.569998,0.000000,0.000000,0.000000,0.000000,0.000000,0.000000
1778249232.693619,0.742293,0.376926,1.061609,0.0000,0.0000,0.0000,0.105438,0.105438,0.105333,0.000000,0.000000,0.000000,0.746974,0.378040,1.064058,0.035106,0.008353,0.018367,0.074837,45.730040,45.137538,-3.003821,1.994899,-1.569998,0.000000,0.000000,0.000000,0.000000,0.000000,0.000000
1778249232.703499,0.742350,0.376943,1.061647,0.0000,0.0000,0.0000,0.105438,0.105438,0.105333,0.000000,0.000000,0.000000,0.746974,0.378040,1.064058,0.034679,0.008226,0.018080,0.073949,45.710264,45.117044,-3.003822,1.994897,-1.570000,0.000000,0.000000,0.000000,0.000000,0.000000,0.000000
1778249232.713897,0.742413,0.376953,1.061682,0.0000,0.0000,0.0000,0.105438,0.105438,0.105333,0.000000,0.000000,0.000000,0.746974,0.378040,1.064058,0.034205,0.008155,0.017822,0.073068,45.727727,45.134413,-3.003822,1.994900,-1.569999,0.000000,0.000000,0.000000,0.000000,0.000000,0.000000
1778249232.723678,0.742468,0.376968,1.061720,0.0000,0.0000,0.0000,0.105438,0.105438,0.105333,0.000000,0.000000,0.000000,0.746974,0.378040,1.064058,0.034205,0.008155,0.017822,0.073068,45.727727,45.134413,-3.003822,1.994899,-1.570000,0.000000,0.000000,0.000000,0.000000,0.000000,0.000000
1778249232.733572,0.742526,0.376982,1.061755,0.0000,0.0000,0.0000,0.105438,0.105438,0.105333,0.000000,0.000000,0.000000,0.746974,0.378040,1.064058,0.033360,0.007938,0.017271,0.071365,45.731986,45.138285,-3.003822,1.994901,-1.569999,0.000000,0.000000,0.000000,0.000000,0.000000,0.000000
1778249232.743297,0.742581,0.376997,1.061788,0.0000,0.0000,0.0000,0.105438,0.105438,0.105333,0.000000,0.000000,0.000000,0.746974,0.378040,1.064058,0.032946,0.007820,0.017024,0.070539,45.720755,45.127317,-3.003822,1.994899,-1.570000,0.000000,0.000000,0.000000,0.000000,0.000000,0.000000
1778249232.753466,0.742641,0.377010,1.061820,0.0000,0.0000,0.0000,0.105438,0.105438,0.105333,0.000000,0.000000,0.000000,0.746974,0.378040,1.064058,0.032498,0.007726,0.016788,0.069719,45.741689,45.146987,-3.003822,1.994901,-1.569999,0.000000,0.000000,0.000000,0.000000,0.000000,0.000000
1778249232.763271,0.742710,0.377029,1.061858,0.0000,0.0000,0.0000,0.105438,0.105438,0.105333,0.000000,0.000000,0.000000,0.746974,0.378040,1.064058,0.031980,0.007580,0.016499,0.068854,45.731766,45.137289,-3.003822,1.994899,-1.570000,0.000000,0.000000,0.000000,0.000000,0.000000,0.000000
1778249232.773352,0.742767,0.377039,1.061889,0.0000,0.0000,0.0000,0.105438,0.105438,0.105333,0.000000,0.000000,0.000000,0.746974,0.378040,1.064058,0.031980,0.007580,0.016499,0.068854,45.731766,45.137289,-3.003822,1.994899,-1.569997,0.000000,0.000000,0.000000,0.000000,0.000000,0.000000
1778249232.783739,0.742822,0.377055,1.061917,0.0000,0.0000,0.0000,0.105438,0.105438,0.105333,0.000000,0.000000,0.000000,0.746974,0.378040,1.064058,0.031138,0.007387,0.016061,0.067215,45.721533,45.127303,-3.003822,1.994898,-1.570000,0.000000,0.000000,0.000000,0.000000,0.000000,0.000000
1778249232.793813,0.742876,0.377068,1.061946,0.0000,0.0000,0.0000,0.105438,0.105438,0.105333,0.000000,0.000000,0.000000,0.746974,0.378040,1.064058,0.030732,0.007287,0.015843,0.066432,45.779477,45.185447,-3.003822,1.994903,-1.570000,0.000000,0.000000,0.000000,0.000000,0.000000,0.000000
1778249232.803629,0.742926,0.377082,1.061978,0.0000,0.0000,0.0000,0.105438,0.105438,0.105333,0.000000,0.000000,0.000000,0.746974,0.378040,1.064058,0.030359,0.007183,0.015602,0.065672,45.677922,45.083576,-3.003822,1.994900,-1.569996,0.000000,0.000000,0.000000,0.000000,0.000000,0.000000
1778249232.814118,0.742982,0.377101,1.062002,0.0000,0.0000,0.0000,0.105438,0.105438,0.105333,0.000000,0.000000,0.000000,0.746974,0.378040,1.064058,0.029938,0.007039,0.015421,0.064920,45.798852,45.202506,-3.003822,1.994900,-1.569997,0.000000,0.000000,0.000000,0.000000,0.000000,0.000000
1778249232.823246,0.743042,0.377123,1.062022,0.0000,0.0000,0.0000,0.105438,0.105438,0.105333,0.000000,0.000000,0.000000,0.746974,0.378040,1.064058,0.029486,0.006880,0.015271,0.064168,45.800101,45.199447,-3.003822,1.994904,-1.570002,0.000000,0.000000,0.000000,0.000000,0.000000,0.000000
1778249232.833645,0.743100,0.377134,1.062041,0.0000,0.0000,0.0000,0.105438,0.105438,0.105333,0.000000,0.000000,0.000000,0.746974,0.378040,1.064058,0.029055,0.006795,0.015126,0.063431,45.735369,45.139652,-3.003822,1.994896,-1.570002,0.000000,0.000000,0.000000,0.000000,0.000000,0.000000
1778249232.843623,0.743165,0.377151,1.062074,0.0000,0.0000,0.0000,0.105438,0.105438,0.105333,0.000000,0.000000,0.000000,0.746974,0.378040,1.064058,0.028564,0.006669,0.014880,0.062654,45.736857,45.142473,-3.003822,1.994899,-1.569999,0.000000,0.000000,0.000000,0.000000,0.000000,0.000000
1778249232.853777,0.743215,0.377167,1.062104,0.0000,0.0000,0.0000,0.105438,0.105438,0.105333,0.000000,0.000000,0.000000,0.746974,0.378040,1.064058,0.028192,0.006547,0.014653,0.061903,45.747219,45.150323,-3.003822,1.994901,-1.570002,0.000000,0.000000,0.000000,0.000000,0.000000,0.000000
1778249232.863970,0.743265,0.377181,1.062129,0.0000,0.0000,0.0000,0.105438,0.105438,0.105333,0.000000,0.000000,0.000000,0.746974,0.378040,1.064058,0.027815,0.006441,0.014465,0.061180,45.706903,45.109151,-3.003822,1.994899,-1.570003,0.000000,0.000000,0.000000,0.000000,0.000000,0.000000
1778249232.873285,0.743329,0.377199,1.062157,0.0000,0.0000,0.0000,0.105438,0.105438,0.105333,0.000000,0.000000,0.000000,0.746974,0.378040,1.064058,0.027339,0.006308,0.014258,0.060428,45.776128,45.178827,-3.003822,1.994899,-1.570003,0.000000,0.000000,0.000000,0.000000,0.000000,0.000000
1778249232.883296,0.743381,0.377211,1.062178,0.0000,0.0000,0.0000,0.105438,0.105438,0.105333,0.000000,0.000000,0.000000,0.746974,0.378040,1.064058,0.026948,0.006216,0.014104,0.059709,45.816900,45.218981,-3.003822,1.994900,-1.569997,0.000000,0.000000,0.000000,0.000000,0.000000,0.000000
1778249232.893520,0.743432,0.377225,1.062202,0.0000,0.0000,0.0000,0.105438,0.105438,0.105333,0.000000,0.000000,0.000000,0.746974,0.378040,1.064058,0.026565,0.006109,0.013922,0.059009,45.752374,45.154048,-3.003822,1.994901,-1.570000,0.000000,0.000000,0.000000,0.000000,0.000000,0.000000
1778249232.903446,0.743488,0.377233,1.062224,0.0000,0.0000,0.0000,0.105438,0.105438,0.105333,0.000000,0.000000,0.000000,0.746974,0.378040,1.064058,0.026146,0.006056,0.013755,0.058316,45.729339,45.130552,-3.003823,1.994900,-1.570000,0.000000,0.000000,0.000000,0.000000,0.000000,0.000000
1778249232.913489,0.743540,0.377244,1.062243,0.0000,0.0000,0.0000,0.105438,0.105438,0.105333,0.000000,0.000000,0.000000,0.746974,0.378040,1.064058,0.025753,0.005969,0.013610,0.057640,45.786048,45.186455,-3.003822,1.994899,-1.570001,0.000000,0.000000,0.000000,0.000000,0.000000,0.000000
1778249232.923725,0.743589,0.377259,1.062265,0.0000,0.0000,0.0000,0.105438,0.105438,0.105333,0.000000,0.000000,0.000000,0.746974,0.378040,1.064058,0.025391,0.005860,0.013451,0.056985,45.751435,45.152772,-3.003822,1.994899,-1.570000,0.000000,0.000000,0.000000,0.000000,0.000000,0.000000
1778249232.933526,0.743635,0.377273,1.062286,0.0000,0.0000,0.0000,0.105438,0.105438,0.105333,0.000000,0.000000,0.000000,0.746974,0.378040,1.064058,0.025043,0.005750,0.013290,0.056350,45.787614,45.189017,-3.003822,1.994901,-1.570002,0.000000,0.000000,0.000000,0.000000,0.000000,0.000000
1778249232.943494,0.743682,0.377285,1.062308,0.0000,0.0000,0.0000,0.105438,0.105438,0.105333,0.000000,0.000000,0.000000,0.746974,0.378040,1.064058,0.024686,0.005666,0.013125,0.055725,45.742984,45.143032,-3.003822,1.994899,-1.569999,0.000000,0.000000,0.000000,0.000000,0.000000,0.000000
1778249232.953675,0.743730,0.377298,1.062326,0.0000,0.0000,0.0000,0.105438,0.105438,0.105333,0.000000,0.000000,0.000000,0.746974,0.378040,1.064058,0.024329,0.005564,0.012994,0.055117,45.777152,45.177377,-3.003822,1.994898,-1.569997,0.000000,0.000000,0.000000,0.000000,0.000000,0.000000
1778249232.963631,0.743779,0.377308,1.062346,0.0000,0.0000,0.0000,0.105438,0.105438,0.105333,0.000000,0.000000,0.000000,0.746974,0.378040,1.064058,0.023963,0.005490,0.012844,0.054512,45.763301,45.164045,-3.003822,1.994901,-1.570001,0.000000,0.000000,0.000000,0.000000,0.000000,0.000000
1778249232.973564,0.743820,0.377322,1.062372,0.0000,0.0000,0.0000,0.105438,0.105438,0.105333,0.000000,0.000000,0.000000,0.746974,0.378040,1.064058,0.023963,0.005490,0.012844,0.054512,45.763301,45.164045,-3.003822,1.994903,-1.570000,0.000000,0.000000,0.000000,0.000000,0.000000,0.000000
1778249232.983716,0.743858,0.377338,1.062391,0.0000,0.0000,0.0000,0.105438,0.105438,0.105333,0.000000,0.000000,0.000000,0.746974,0.378040,1.064058,0.023373,0.005262,0.012501,0.053362,45.767284,45.168395,-3.003822,1.994896,-1.570000,0.000000,0.000000,0.000000,0.000000,0.000000,0.000000
1778249232.993722,0.743900,0.377353,1.062412,0.0000,0.0000,0.0000,0.105438,0.105438,0.105333,0.000000,0.000000,0.000000,0.746974,0.378040,1.064058,0.023054,0.005154,0.012342,0.052807,45.800632,45.200608,-3.003823,1.994901,-1.570000,0.000000,0.000000,0.000000,0.000000,0.000000,0.000000
1778249233.003541,0.743943,0.377363,1.062432,0.0000,0.0000,0.0000,0.105438,0.105438,0.105333,0.000000,0.000000,0.000000,0.746974,0.378040,1.064058,0.022736,0.005076,0.012194,0.052260,45.750758,45.150511,-3.003823,1.994897,-1.569999,0.000000,0.000000,0.000000,0.000000,0.000000,0.000000
1778249233.013470,0.743989,0.377377,1.062452,0.0000,0.0000,0.0000,0.105438,0.105438,0.105333,0.000000,0.000000,0.000000,0.746974,0.378040,1.064058,0.022390,0.004973,0.012047,0.051708,45.765200,45.163171,-3.003823,1.994902,-1.569999,0.000000,0.000000,0.000000,0.000000,0.000000,0.000000
1778249233.023387,0.744029,0.377395,1.062465,0.0000,0.0000,0.0000,0.105438,0.105438,0.105333,0.000000,0.000000,0.000000,0.746974,0.378040,1.064058,0.022086,0.004836,0.011951,0.051179,45.781934,45.181325,-3.003823,1.994895,-1.570001,0.000000,0.000000,0.000000,0.000000,0.000000,0.000000
1778249233.033521,0.744074,0.377406,1.062485,0.0000,0.0000,0.0000,0.105438,0.105438,0.105333,0.000000,0.000000,0.000000,0.746974,0.378040,1.064058,0.021753,0.004753,0.011799,0.050645,45.779280,45.178218,-3.003823,1.994904,-1.569998,0.000000,0.000000,0.000000,0.000000,0.000000,0.000000
1778249233.043324,0.744108,0.377415,1.062508,0.0000,0.0000,0.0000,0.105438,0.105438,0.105333,0.000000,0.000000,0.000000,0.746974,0.378040,1.064058,0.021492,0.004686,0.011624,0.050133,45.684816,45.084668,-3.003823,1.994902,-1.570001,0.000000,0.000000,0.000000,0.000000,0.000000,0.000000
1778249233.053573,0.744149,0.377427,1.062523,0.0000,0.0000,0.0000,0.105438,0.105438,0.105333,0.000000,0.000000,0.000000,0.746974,0.378040,1.064058,0.021186,0.004599,0.011510,0.049631,45.818588,45.218160,-3.003823,1.994897,-1.570001,0.000000,0.000000,0.000000,0.000000,0.000000,0.000000
1778249233.063464,0.744190,0.377440,1.062544,0.0000,0.0000,0.0000,0.105438,0.105438,0.105333,0.000000,0.000000,0.000000,0.746974,0.378040,1.064058,0.021186,0.004599,0.011510,0.049631,45.818588,45.218160,-3.003823,1.994905,-1.569999,0.000000,0.000000,0.000000,0.000000,0.000000,0.000000
1778249233.073776,0.744226,0.377458,1.062556,0.0000,0.0000,0.0000,0.105438,0.105438,0.105333,0.000000,0.000000,0.000000,0.746974,0.378040,1.064058,0.020878,0.004502,0.011355,0.049126,45.710287,45.107773,-3.003823,1.994895,-1.570000,0.000000,0.000000,0.000000,0.000000,0.000000,0.000000
1778249233.083729,0.744266,0.377472,1.062577,0.0000,0.0000,0.0000,0.105438,0.105438,0.105333,0.000000,0.000000,0.000000,0.746974,0.378040,1.064058,0.020308,0.004263,0.011108,0.048160,45.723763,45.122312,-3.003823,1.994902,-1.569999,0.000000,0.000000,0.000000,0.000000,0.000000,0.000000
1778249233.093516,0.744303,0.377487,1.062590,0.0000,0.0000,0.0000,0.105438,0.105438,0.105333,0.000000,0.000000,0.000000,0.746974,0.378040,1.064058,0.020030,0.004149,0.011011,0.047691,45.757949,45.156784,-3.003823,1.994897,-1.570000,0.000000,0.000000,0.000000,0.000000,0.000000,0.000000
1778249233.103805,0.744345,0.377500,1.062604,0.0000,0.0000,0.0000,0.105438,0.105438,0.105333,0.000000,0.000000,0.000000,0.746974,0.378040,1.064058,0.019716,0.004047,0.010906,0.047220,45.820593,45.217304,-3.003823,1.994901,-1.569995,0.000000,0.000000,0.000000,0.000000,0.000000,0.000000
1778249233.113467,0.744385,0.377511,1.062619,0.0000,0.0000,0.0000,0.105438,0.105438,0.105333,0.000000,0.000000,0.000000,0.746974,0.378040,1.064058,0.019421,0.003965,0.010790,0.046753,45.736084,45.133849,-3.003823,1.994898,-1.569997,0.000000,0.000000,0.000000,0.000000,0.000000,0.000000
1778249233.123420,0.744421,0.377523,1.062635,0.0000,0.0000,0.0000,0.105438,0.105438,0.105333,0.000000,0.000000,0.000000,0.746974,0.378040,1.064058,0.019146,0.003881,0.010672,0.046298,45.772835,45.171193,-3.003823,1.994900,-1.570001,0.000000,0.000000,0.000000,0.000000,0.000000,0.000000
1778249233.133358,0.744458,0.377530,1.062653,0.0000,0.0000,0.0000,0.105438,0.105438,0.105333,0.000000,0.000000,0.000000,0.746974,0.378040,1.064058,0.018866,0.003824,0.010535,0.045847,45.761491,45.158146,-3.003823,1.994902,-1.570001,0.000000,0.000000,0.000000,0.000000,0.000000,0.000000
1778249233.143266,0.744482,0.377536,1.062665,0.0000,0.0000,0.0000,0.105438,0.105438,0.105333,0.000000,0.000000,0.000000,0.746974,0.378040,1.064058,0.018686,0.003780,0.010450,0.045451,45.741134,45.140533,-3.003823,1.994898,-1.569999,0.000000,0.000000,0.000000,0.000000,0.000000,0.000000
1778249233.153510,0.744517,0.377545,1.062682,0.0000,0.0000,0.0000,0.105438,0.105438,0.105333,0.000000,0.000000,0.000000,0.746974,0.378040,1.064058,0.018425,0.003711,0.010319,0.045048,45.796511,45.194646,-3.003823,1.994900,-1.570000,0.000000,0.000000,0.000000,0.000000,0.000000,0.000000
1778249233.163801,0.744551,0.377551,1.062701,0.0000,0.0000,0.0000,0.105438,0.105438,0.105333,0.000000,0.000000,0.000000,0.746974,0.378040,1.064058,0.018174,0.003667,0.010174,0.044644,45.735481,45.132563,-3.003824,1.994902,-1.569998,0.000000,0.000000,0.000000,0.000000,0.000000,0.000000
1778249233.173759,0.744590,0.377561,1.062711,0.0000,0.0000,0.0000,0.105438,0.105438,0.105333,0.000000,0.000000,0.000000,0.746974,0.378040,1.064058,0.018174,0.003667,0.010174,0.044644,45.735481,45.132563,-3.003824,1.994897,-1.569999,0.000000,0.000000,0.000000,0.000000,0.000000,0.000000
1778249233.183775,0.744627,0.377574,1.062723,0.0000,0.0000,0.0000,0.105438,0.105438,0.105333,0.000000,0.000000,0.000000,0.746974,0.378040,1.064058,0.017601,0.003495,0.010016,0.043831,45.775377,45.172725,-3.003823,1.994900,-1.569999,0.000000,0.000000,0.000000,0.000000,0.000000,0.000000
1778249233.193612,0.744659,0.377585,1.062741,0.0000,0.0000,0.0000,0.105438,0.105438,0.105333,0.000000,0.000000,0.000000,0.746974,0.378040,1.064058,0.017360,0.003411,0.009881,0.043430,45.729218,45.127364,-3.003824,1.994900,-1.570002,0.000000,0.000000,0.000000,0.000000,0.000000,0.000000
1778249233.203620,0.744695,0.377588,1.062758,0.0000,0.0000,0.0000,0.105438,0.105438,0.105333,0.000000,0.000000,0.000000,0.746974,0.378040,1.064058,0.017095,0.003388,0.009752,0.043030,45.725309,45.122463,-3.003824,1.994899,-1.570000,0.000000,0.000000,0.000000,0.000000,0.000000,0.000000
1778249233.213413,0.744726,0.377599,1.062771,0.0000,0.0000,0.0000,0.105438,0.105438,0.105333,0.000000,0.000000,0.000000,0.746974,0.378040,1.064058,0.016862,0.003309,0.009654,0.042646,45.777549,45.173855,-3.003824,1.994898,-1.569998,0.000000,0.000000,0.000000,0.000000,0.000000,0.000000
1778249233.223614,0.744762,0.377606,1.062785,0.0000,0.0000,0.0000,0.105438,0.105438,0.105333,0.000000,0.000000,0.000000,0.746974,0.378040,1.064058,0.016590,0.003254,0.009547,0.042260,45.748615,45.144722,-3.003824,1.994900,-1.569999,0.000000,0.000000,0.000000,0.000000,0.000000,0.000000
1778249233.233503,0.744797,0.377614,1.062795,0.0000,0.0000,0.0000,0.105438,0.105438,0.105333,0.000000,0.000000,0.000000,0.746974,0.378040,1.064058,0.016324,0.003195,0.009474,0.041881,45.780636,45.176695,-3.003824,1.994898,-1.570001,0.000000,0.000000,0.000000,0.000000,0.000000,0.000000
1778249233.243427,0.744827,0.377626,1.062809,0.0000,0.0000,0.0000,0.105438,0.105438,0.105333,0.000000,0.000000,0.000000,0.746974,0.378040,1.064058,0.016099,0.003103,0.009366,0.041512,45.813516,45.209968,-3.003824,1.994902,-1.569999,0.000000,0.000000,0.000000,0.000000,0.000000,0.000000
1778249233.253491,0.744858,0.377635,1.062823,0.0000,0.0000,0.0000,0.105438,0.105438,0.105333,0.000000,0.000000,0.000000,0.746974,0.378040,1.064058,0.015870,0.003038,0.009263,0.041153,45.768869,45.163739,-3.003824,1.994898,-1.570002,0.000000,0.000000,0.000000,0.000000,0.000000,0.000000
1778249233.263620,0.744893,0.377639,1.062836,0.0000,0.0000,0.0000,0.105438,0.105438,0.105333,0.000000,0.000000,0.000000,0.746974,0.378040,1.064058,0.015610,0.003010,0.009164,0.040792,45.764197,45.160153,-3.003824,1.994900,-1.570000,0.000000,0.000000,0.000000,0.000000,0.000000,0.000000
1778249233.273660,0.744924,0.377642,1.062852,0.0000,0.0000,0.0000,0.105438,0.105438,0.105333,0.000000,0.000000,0.000000,0.746974,0.378040,1.064058,0.015375,0.002985,0.009046,0.040438,45.742802,45.139660,-3.003824,1.994899,-1.570001,0.000000,0.000000,0.000000,0.000000,0.000000,0.000000
1778249233.283514,0.744954,0.377649,1.062867,0.0000,0.0000,0.0000,0.105438,0.105438,0.105333,0.000000,0.000000,0.000000,0.746974,0.378040,1.064058,0.015151,0.002936,0.008934,0.040091,45.739214,45.135376,-3.003824,1.994900,-1.570001,0.000000,0.000000,0.000000,0.000000,0.000000,0.000000
1778249233.293384,0.744978,0.377657,1.062880,0.0000,0.0000,0.0000,0.105438,0.105438,0.105333,0.000000,0.000000,0.000000,0.746974,0.378040,1.064058,0.014967,0.002873,0.008832,0.039766,45.744027,45.141517,-3.003824,1.994898,-1.570000,0.000000,0.000000,0.000000,0.000000,0.000000,0.000000
1778249233.303292,0.745013,0.377663,1.062891,0.0000,0.0000,0.0000,0.105438,0.105438,0.105333,0.000000,0.000000,0.000000,0.746974,0.378040,1.064058,0.014703,0.002828,0.008750,0.039432,45.776962,45.170688,-3.003824,1.994900,-1.570000,0.000000,0.000000,0.000000,0.000000,0.000000,0.000000
1778249233.313343,0.745043,0.377671,1.062900,0.0000,0.0000,0.0000,0.105438,0.105438,0.105333,0.000000,0.000000,0.000000,0.746974,0.378040,1.064058,0.014479,0.002769,0.008683,0.039110,45.771551,45.167258,-3.003824,1.994897,-1.570001,0.000000,0.000000,0.000000,0.000000,0.000000,0.000000
1778249233.323157,0.745067,0.377674,1.062911,0.0000,0.0000,0.0000,0.105438,0.105438,0.105333,0.000000,0.000000,0.000000,0.746974,0.378040,1.064058,0.014302,0.002747,0.008605,0.038812,45.777727,45.172158,-3.003824,1.994902,-1.569999,0.000000,0.000000,0.000000,0.000000,0.000000,0.000000
1778249233.333576,0.745095,0.377675,1.062925,0.0000,0.0000,0.0000,0.105438,0.105438,0.105333,0.000000,0.000000,0.000000,0.746974,0.378040,1.064058,0.014094,0.002736,0.008501,0.038516,45.750658,45.146775,-3.003824,1.994900,-1.569996,0.000000,0.000000,0.000000,0.000000,0.000000,0.000000
