timestamp,pos_x,pos_y,pos_z,force_x,force_y,force_z,adm_disp_x,adm_disp_y,adm_disp_z,adm_vel_x,adm_vel_y,adm_vel_z,ee_des_x,ee_des_y,ee_des_z,ee_vel_cmd_x,ee_vel_cmd_y,ee_vel_cmd_z,qdot_cmd_norm,tau_norm,tau_max_abs,base_x,base_y,base_yaw,base_ref_x,base_ref_y,base_ref_yaw,base_vel_cmd_x,base_vel_cmd_y,base_vel_cmd_yaw
1778249147.334188,0.641333,0.270499,0.962254,0.0000,0.0000,0.0000,0.000000,0.000000,0.000000,0.000000,0.000000,0.000000,0.641298,0.270460,0.962239,-0.000258,-0.000292,-0.000118,0.000731,40.780535,40.150239,-3.003906,1.996772,-1.574194,0.000000,0.000000,0.000000,0.000000,0.000000,0.000000
1778249147.343894,0.641334,0.270499,0.962252,0.0000,0.0000,0.0000,0.000000,0.000000,0.000000,0.000000,0.000000,0.000000,0.641298,0.270460,0.962239,-0.000268,-0.000289,-0.000100,0.000725,40.807548,40.172272,-3.003906,1.996760,-1.574185,0.000000,0.000000,0.000000,0.000000,0.000000,0.000000
1778249147.353956,0.641335,0.270499,0.962251,0.0000,0.0000,0.0000,0.000000,0.000000,0.000000,0.000000,0.000000,0.000000,0.641298,0.270460,0.962239,-0.000275,-0.000289,-0.000095,0.000723,40.780027,40.150506,-3.003907,1.996752,-1.574174,0.000000,0.000000,0.000000,0.000000,0.000000,0.000000
1778249147.363822,0.641338,0.270498,0.962250,0.0000,0.0000,0.0000,0.000000,0.000000,0.000000,0.000000,0.000000,0.000000,0.641298,0.270460,0.962239,-0.000293,-0.000280,-0.000090,0.000726,40.791746,40.157467,-3.003908,1.996742,-1.574165,0.000000,0.000000,0.000000,0.000000,0.000000,0.000000
1778249147.373928,0.641337,0.270496,0.962251,0.0000,0.0000,0.0000,0.000000,0.000000,0.000000,0.000000,0.000000,0.000000,0.641298,0.270460,0.962239,-0.000287,-0.000265,-0.000093,0.000725,40.788311,40.158536,-3.003908,1.996731,-1.574156,0.000000,0.000000,0.000000,0.000000,0.000000,0.000000
1778249147.384531,0.641333,0.270495,0.962251,0.0000,0.0000,0.0000,0.000000,0.000000,0.000000,0.000000,0.000000,0.000000,0.641298,0.270460,0.962239,-0.000262,-0.000258,-0.000096,0.000714,40.795412,40.164747,-3.003909,1.996718,-1.574147,0.000000,0.000000,0.000000,0.000000,0.000000,0.000000
1778249147.394377,0.641335,0.270494,0.962250,0.0000,0.0000,0.0000,0.000000,0.000000,0.000000,0.000000,0.000000,0.000000,0.641298,0.270460,0.962239,-0.000273,-0.000254,-0.000083,0.000708,40.784450,40.153960,-3.003909,1.996707,-1.574137,0.000000,0.000000,0.000000,0.000000,0.000000,0.000000
1778249147.403889,0.641338,0.270493,0.962247,0.0000,0.0000,0.0000,0.000000,0.000000,0.000000,0.000000,0.000000,0.000000,0.641298,0.270460,0.962239,-0.000300,-0.000245,-0.000066,0.000709,40.802615,40.167280,-3.003909,1.996696,-1.574126,0.000000,0.000000,0.000000,0.000000,0.000000,0.000000
1778249147.413910,0.641341,0.270491,0.962247,0.0000,0.0000,0.0000,0.000000,0.000000,0.000000,0.000000,0.000000,0.000000,0.641298,0.270460,0.962239,-0.000318,-0.000234,-0.000064,0.000715,40.775701,40.146718,-3.003910,1.996690,-1.574113,0.000000,0.000000,0.000000,0.000000,0.000000,0.000000
1778249147.424019,0.641337,0.270488,0.962248,0.0000,0.0000,0.0000,0.000000,0.000000,0.000000,0.000000,0.000000,0.000000,0.641298,0.270460,0.962239,-0.000287,-0.000210,-0.000073,0.000706,40.803827,40.172458,-3.003910,1.996675,-1.574105,0.000000,0.000000,0.000000,0.000000,0.000000,0.000000
1778249147.434177,0.641343,0.270487,0.962244,0.0000,0.0000,0.0000,0.000000,0.000000,0.000000,0.000000,0.000000,0.000000,0.641298,0.270460,0.962239,-0.000332,-0.000198,-0.000042,0.000711,40.804658,40.171477,-3.003910,1.996666,-1.574090,0.000000,0.000000,0.000000,0.000000,0.000000,0.000000
1778249147.444560,0.641342,0.270484,0.962246,0.0000,0.0000,0.0000,0.000000,0.000000,0.000000,0.000000,0.000000,0.000000,0.641298,0.270460,0.962239,-0.000332,-0.000198,-0.000042,0.000711,40.804658,40.171477,-3.003910,1.996651,-1.574075,0.000000,0.000000,0.000000,0.000000,0.000000,0.000000
1778249147.454337,0.641340,0.270481,0.962245,0.0000,0.0000,0.0000,0.000000,0.000000,0.000000,0.000000,0.000000,0.000000,0.641298,0.270460,0.962239,-0.000312,-0.000157,-0.000046,0.000703,40.817086,40.182445,-3.003910,1.996637,-1.574063,0.000000,0.000000,0.000000,0.000000,0.000000,0.000000
1778249147.464633,0.641344,0.270478,0.962243,0.0000,0.0000,0.0000,0.000000,0.000000,0.000000,0.000000,0.000000,0.000000,0.641298,0.270460,0.962239,-0.000312,-0.000157,-0.000046,0.000703,40.817086,40.182445,-3.003909,1.996627,-1.574047,0.000000,0.000000,0.000000,0.000000,0.000000,0.000000
1778249147.473874,0.641340,0.270475,0.962244,0.0000,0.0000,0.0000,0.000000,0.000000,0.000000,0.000000,0.000000,0.000000,0.641298,0.270460,0.962239,-0.000315,-0.000111,-0.000038,0.000695,40.785331,40.156859,-3.003909,1.996612,-1.574034,0.000000,0.000000,0.000000,0.000000,0.000000,0.000000
1778249147.484206,0.641345,0.270471,0.962240,0.0000,0.0000,0.0000,0.000000,0.000000,0.000000,0.000000,0.000000,0.000000,0.641298,0.270460,0.962239,-0.000346,-0.000085,-0.000014,0.000695,40.811564,40.175199,-3.003909,1.996602,-1.574017,0.000000,0.000000,0.000000,0.000000,0.000000,0.000000
1778249147.494522,0.641345,0.270469,0.962241,0.0000,0.0000,0.0000,0.000000,0.000000,0.000000,0.000000,0.000000,0.000000,0.641298,0.270460,0.962239,-0.000346,-0.000085,-0.000014,0.000695,40.811564,40.175199,-3.003908,1.996589,-1.574002,0.000000,0.000000,0.000000,0.000000,0.000000,0.000000
1778249147.504210,0.641347,0.270466,0.962240,0.0000,0.0000,0.0000,0.000000,0.000000,0.000000,0.000000,0.000000,0.000000,0.641298,0.270460,0.962239,-0.000367,-0.000044,-0.000008,0.000703,40.795103,40.163210,-3.003908,1.996579,-1.573985,0.000000,0.000000,0.000000,0.000000,0.000000,0.000000
1778249147.514302,0.641337,0.270464,0.962243,0.0000,0.0000,0.0000,0.000000,0.000000,0.000000,0.000000,0.000000,0.000000,0.641298,0.270460,0.962239,-0.000287,-0.000030,-0.000033,0.000678,40.810183,40.181304,-3.003907,1.996561,-1.573973,0.000000,0.000000,0.000000,0.000000,0.000000,0.000000
1778249147.523958,0.641338,0.270464,0.962239,0.0000,0.0000,0.0000,0.000000,0.000000,0.000000,0.000000,0.000000,0.000000,0.641298,0.270460,0.962239,-0.000300,-0.000026,-0.000003,0.000662,40.828191,40.193029,-3.003907,1.996545,-1.573957,0.000000,0.000000,0.000000,0.000000,0.000000,0.000000
1778249147.534276,0.641349,0.270461,0.962235,0.0000,0.0000,0.0000,0.000000,0.000000,0.000000,0.000000,0.000000,0.000000,0.641298,0.270460,0.962239,-0.000380,-0.000006,0.000025,0.000681,40.784199,40.150321,-3.003906,1.996538,-1.573936,0.000000,0.000000,0.000000,0.000000,0.000000,0.000000
1778249147.544217,0.641347,0.270460,0.962240,0.0000,0.0000,0.0000,0.000000,0.000000,0.000000,0.000000,0.000000,0.000000,0.641298,0.270460,0.962239,-0.000367,0.000003,-0.000010,0.000693,40.761187,40.134117,-3.003906,1.996527,-1.573923,0.000000,0.000000,0.000000,0.000000,0.000000,0.000000
1778249147.554123,0.641335,0.270457,0.962244,0.0000,0.0000,0.0000,0.000000,0.000000,0.000000,0.000000,0.000000,0.000000,0.641298,0.270460,0.962239,-0.000272,0.000025,-0.000043,0.000666,40.819110,40.188651,-3.003905,1.996507,-1.573909,0.000000,0.000000,0.000000,0.000000,0.000000,0.000000
1778249147.564311,0.641339,0.270456,0.962239,0.0000,0.0000,0.0000,0.000000,0.000000,0.000000,0.000000,0.000000,0.000000,0.641298,0.270460,0.962239,-0.000272,0.000025,-0.000043,0.000666,40.819110,40.188651,-3.003904,1.996492,-1.573888,0.000000,0.000000,0.000000,0.000000,0.000000,0.000000
1778249147.574206,0.641347,0.270454,0.962237,0.0000,0.0000,0.0000,0.000000,0.000000,0.000000,0.000000,0.000000,0.000000,0.641298,0.270460,0.962239,-0.000365,0.000045,0.000014,0.000672,40.779483,40.143135,-3.003904,1.996480,-1.573869,0.000000,0.000000,0.000000,0.000000,0.000000,0.000000
1778249147.584133,0.641347,0.270454,0.962241,0.0000,0.0000,0.0000,0.000000,0.000000,0.000000,0.000000,0.000000,0.000000,0.641298,0.270460,0.962239,-0.000365,0.000046,-0.000019,0.000689,40.746465,40.118455,-3.003903,1.996472,-1.573851,0.000000,0.000000,0.000000,0.000000,0.000000,0.000000
1778249147.594157,0.641341,0.270454,0.962246,0.0000,0.0000,0.0000,0.000000,0.000000,0.000000,0.000000,0.000000,0.000000,0.641298,0.270460,0.962239,-0.000317,0.000046,-0.000054,0.000685,40.787439,40.157684,-3.003903,1.996458,-1.573839,0.000000,0.000000,0.000000,0.000000,0.000000,0.000000
1778249147.604240,0.641342,0.270454,0.962243,0.0000,0.0000,0.0000,0.000000,0.000000,0.000000,0.000000,0.000000,0.000000,0.641298,0.270460,0.962239,-0.000325,0.000044,-0.000034,0.000683,40.814680,40.181826,-3.003902,1.996443,-1.573820,0.000000,0.000000,0.000000,0.000000,0.000000,0.000000
1778249147.614361,0.641341,0.270455,0.962243,0.0000,0.0000,0.0000,0.000000,0.000000,0.000000,0.000000,0.000000,0.000000,0.641298,0.270460,0.962239,-0.000318,0.000039,-0.000032,0.000679,40.798018,40.166230,-3.003901,1.996428,-1.573803,0.000000,0.000000,0.000000,0.000000,0.000000,0.000000
1778249147.624437,0.641346,0.270454,0.962241,0.0000,0.0000,0.0000,0.000000,0.000000,0.000000,0.000000,0.000000,0.000000,0.641298,0.270460,0.962239,-0.000357,0.000043,-0.000020,0.000691,40.789408,40.157088,-3.003901,1.996414,-1.573778,0.000000,0.000000,0.000000,0.000000,0.000000,0.000000
1778249147.634145,0.641345,0.270454,0.962244,0.0000,0.0000,0.0000,0.000000,0.000000,0.000000,0.000000,0.000000,0.000000,0.641298,0.270460,0.962239,-0.000346,0.000043,-0.000042,0.000697,40.773647,40.143390,-3.003900,1.996401,-1.573763,0.000000,0.000000,0.000000,0.000000,0.000000,0.000000
1778249147.644545,0.641344,0.270455,0.962245,0.0000,0.0000,0.0000,0.000000,0.000000,0.000000,0.000000,0.000000,0.000000,0.641298,0.270460,0.962239,-0.000339,0.000042,-0.000051,0.000701,40.768812,40.139756,-3.003900,1.996388,-1.573745,0.000000,0.000000,0.000000,0.000000,0.000000,0.000000
1778249147.654281,0.641342,0.270454,0.962246,0.0000,0.0000,0.0000,0.000000,0.000000,0.000000,0.000000,0.000000,0.000000,0.641298,0.270460,0.962239,-0.000327,0.000043,-0.000054,0.000699,40.796448,40.163056,-3.003899,1.996372,-1.573726,0.000000,0.000000,0.000000,0.000000,0.000000,0.000000
1778249147.664322,0.641347,0.270454,0.962244,0.0000,0.0000,0.0000,0.000000,0.000000,0.000000,0.000000,0.000000,0.000000,0.641298,0.270460,0.962239,-0.000367,0.000048,-0.000044,0.000712,40.775393,40.144502,-3.003898,1.996362,-1.573705,0.000000,0.000000,0.000000,0.000000,0.000000,0.000000
1778249147.674220,0.641343,0.270454,0.962247,0.0000,0.0000,0.0000,0.000000,0.000000,0.000000,0.000000,0.000000,0.000000,0.641298,0.270460,0.962239,-0.000336,0.000045,-0.000065,0.000712,40.778478,40.150927,-3.003897,1.996347,-1.573688,0.000000,0.000000,0.000000,0.000000,0.000000,0.000000
1778249147.684272,0.641347,0.270455,0.962244,0.0000,0.0000,0.0000,0.000000,0.000000,0.000000,0.000000,0.000000,0.000000,0.641298,0.270460,0.962239,-0.000365,0.000039,-0.000042,0.000720,40.817272,40.181017,-3.003897,1.996335,-1.573667,0.000000,0.000000,0.000000,0.000000,0.000000,0.000000
1778249147.694354,0.641349,0.270456,0.962244,0.0000,0.0000,0.0000,0.000000,0.000000,0.000000,0.000000,0.000000,0.000000,0.641298,0.270460,0.962239,-0.000376,0.000030,-0.000041,0.000730,40.787967,40.157162,-3.003896,1.996322,-1.573647,0.000000,0.000000,0.000000,0.000000,0.000000,0.000000
1778249147.704266,0.641347,0.270458,0.962245,0.0000,0.0000,0.0000,0.000000,0.000000,0.000000,0.000000,0.000000,0.000000,0.641298,0.270460,0.962239,-0.000363,0.000014,-0.000048,0.000733,40.794878,40.163466,-3.003896,1.996307,-1.573629,0.000000,0.000000,0.000000,0.000000,0.000000,0.000000
1778249147.714586,0.641350,0.270461,0.962244,0.0000,0.0000,0.0000,0.000000,0.000000,0.000000,0.000000,0.000000,0.000000,0.641298,0.270460,0.962239,-0.000383,-0.000004,-0.000038,0.000742,40.772745,40.142091,-3.003896,1.996296,-1.573608,0.000000,0.000000,0.000000,0.000000,0.000000,0.000000
1778249147.723926,0.641350,0.270463,0.962244,0.0000,0.0000,0.0000,0.000000,0.000000,0.000000,0.000000,0.000000,0.000000,0.641298,0.270460,0.962239,-0.000383,-0.000018,-0.000045,0.000749,40.786354,40.156578,-3.003896,1.996284,-1.573588,0.000000,0.000000,0.000000,0.000000,0.000000,0.000000
1778249147.733969,0.641354,0.270465,0.962242,0.0000,0.0000,0.0000,0.000000,0.000000,0.000000,0.000000,0.000000,0.000000,0.641298,0.270460,0.962239,-0.000419,-0.000034,-0.000027,0.000767,40.808167,40.175102,-3.003896,1.996273,-1.573568,0.000000,0.000000,0.000000,0.000000,0.000000,0.000000
1778249147.744166,0.641354,0.270466,0.962244,0.0000,0.0000,0.0000,0.000000,0.000000,0.000000,0.000000,0.000000,0.000000,0.641298,0.270460,0.962239,-0.000417,-0.000044,-0.000038,0.000781,40.769832,40.139481,-3.003896,1.996260,-1.573548,0.000000,0.000000,0.000000,0.000000,0.000000,0.000000
1778249147.754468,0.641355,0.270467,0.962242,0.0000,0.0000,0.0000,0.000000,0.000000,0.000000,0.000000,0.000000,0.000000,0.641298,0.270460,0.962239,-0.000425,-0.000053,-0.000028,0.000792,40.819142,40.183446,-3.003896,1.996246,-1.573530,0.000000,0.000000,0.000000,0.000000,0.000000,0.000000
1778249147.764088,0.641358,0.270469,0.962241,0.0000,0.0000,0.0000,0.000000,0.000000,0.000000,0.000000,0.000000,0.000000,0.641298,0.270460,0.962239,-0.000448,-0.000067,-0.000022,0.000810,40.781617,40.152139,-3.003895,1.996237,-1.573507,0.000000,0.000000,0.000000,0.000000,0.000000,0.000000
1778249147.774288,0.641355,0.270471,0.962243,0.0000,0.0000,0.0000,0.000000,0.000000,0.000000,0.000000,0.000000,0.000000,0.641298,0.270460,0.962239,-0.000427,-0.000078,-0.000030,0.000814,40.804912,40.172506,-3.003895,1.996222,-1.573488,0.000000,0.000000,0.000000,0.000000,0.000000,0.000000
1778249147.784203,0.641360,0.270472,0.962240,0.0000,0.0000,0.0000,0.000000,0.000000,0.000000,0.000000,0.000000,0.000000,0.641298,0.270460,0.962239,-0.000462,-0.000090,-0.000011,0.000830,40.781481,40.149820,-3.003896,1.996211,-1.573467,0.000000,0.000000,0.000000,0.000000,0.000000,0.000000
1778249147.794816,0.641355,0.270474,0.962242,0.0000,0.0000,0.0000,0.000000,0.000000,0.000000,0.000000,0.000000,0.000000,0.641298,0.270460,0.962239,-0.000423,-0.000103,-0.000024,0.000827,40.806072,40.175307,-3.003896,1.996192,-1.573443,0.000000,0.000000,0.000000,0.000000,0.000000,0.000000
1778249147.804712,0.641356,0.270475,0.962239,0.0000,0.0000,0.0000,0.000000,0.000000,0.000000,0.000000,0.000000,0.000000,0.641298,0.270460,0.962239,-0.000423,-0.000103,-0.000024,0.000827,40.806072,40.175307,-3.003896,1.996178,-1.573421,0.000000,0.000000,0.000000,0.000000,0.000000,0.000000
1778249147.814399,0.641365,0.270474,0.962237,0.0000,0.0000,0.0000,0.000000,0.000000,0.000000,0.000000,0.000000,0.000000,0.641298,0.270460,0.962239,-0.000434,-0.000114,-0.000007,0.000827,40.824712,40.192063,-3.003896,1.996171,-1.573392,0.000000,0.000000,0.000000,0.000000,0.000000,0.000000
1778249147.824043,0.641363,0.270473,0.962241,0.0000,0.0000,0.0000,0.000000,0.000000,0.000000,0.000000,0.000000,0.000000,0.641298,0.270460,0.962239,-0.000482,-0.000100,-0.000020,0.000869,40.769068,40.137203,-3.003896,1.996158,-1.573372,0.000000,0.000000,0.000000,0.000000,0.000000,0.000000
1778249147.833938,0.641360,0.270474,0.962242,0.0000,0.0000,0.0000,0.000000,0.000000,0.000000,0.000000,0.000000,0.000000,0.641298,0.270460,0.962239,-0.000459,-0.000104,-0.000027,0.000870,40.801987,40.169984,-3.003897,1.996144,-1.573352,0.000000,0.000000,0.000000,0.000000,0.000000,0.000000
1778249147.843976,0.641363,0.270476,0.962240,0.0000,0.0000,0.0000,0.000000,0.000000,0.000000,0.000000,0.000000,0.000000,0.641298,0.270460,0.962239,-0.000485,-0.000115,-0.000014,0.000881,40.786895,40.155726,-3.003897,1.996134,-1.573327,0.000000,0.000000,0.000000,0.000000,0.000000,0.000000
1778249147.854044,0.641361,0.270476,0.962242,0.0000,0.0000,0.0000,0.000000,0.000000,0.000000,0.000000,0.000000,0.000000,0.641298,0.270460,0.962239,-0.000467,-0.000121,-0.000028,0.000883,40.781661,40.153030,-3.003898,1.996122,-1.573303,0.000000,0.000000,0.000000,0.000000,0.000000,0.000000
1778249147.864072,0.641357,0.270478,0.962243,0.0000,0.0000,0.0000,0.000000,0.000000,0.000000,0.000000,0.000000,0.000000,0.641298,0.270460,0.962239,-0.000441,-0.000134,-0.000035,0.000875,40.802643,40.170886,-3.003898,1.996107,-1.573284,0.000000,0.000000,0.000000,0.000000,0.000000,0.000000
1778249147.874206,0.641361,0.270479,0.962241,0.0000,0.0000,0.0000,0.000000,0.000000,0.000000,0.000000,0.000000,0.000000,0.641298,0.270460,0.962239,-0.000471,-0.000141,-0.000017,0.000880,40.778789,40.146994,-3.003899,1.996096,-1.573259,0.000000,0.000000,0.000000,0.000000,0.000000,0.000000
1778249147.884383,0.641361,0.270478,0.962242,0.0000,0.0000,0.0000,0.000000,0.000000,0.000000,0.000000,0.000000,0.000000,0.641298,0.270460,0.962239,-0.000466,-0.000136,-0.000028,0.000883,40.792068,40.162963,-3.003900,1.996079,-1.573229,0.000000,0.000000,0.000000,0.000000,0.000000,0.000000
1778249147.893880,0.641365,0.270479,0.962239,0.0000,0.0000,0.0000,0.000000,0.000000,0.000000,0.000000,0.000000,0.000000,0.641298,0.270460,0.962239,-0.000501,-0.000141,-0.000005,0.000898,40.806730,40.169945,-3.003901,1.996070,-1.573202,0.000000,0.000000,0.000000,0.000000,0.000000,0.000000
1778249147.903936,0.641363,0.270480,0.962241,0.0000,0.0000,0.0000,0.000000,0.000000,0.000000,0.000000,0.000000,0.000000,0.641298,0.270460,0.962239,-0.000486,-0.000146,-0.000017,0.000903,40.767143,40.138524,-3.003902,1.996056,-1.573180,0.000000,0.000000,0.000000,0.000000,0.000000,0.000000
1778249147.914300,0.641360,0.270481,0.962242,0.0000,0.0000,0.0000,0.000000,0.000000,0.000000,0.000000,0.000000,0.000000,0.641298,0.270460,0.962239,-0.000464,-0.000153,-0.000024,0.000898,40.790261,40.158959,-3.003903,1.996043,-1.573156,0.000000,0.000000,0.000000,0.000000,0.000000,0.000000
1778249147.924039,0.641362,0.270482,0.962239,0.0000,0.0000,0.0000,0.000000,0.000000,0.000000,0.000000,0.000000,0.000000,0.641298,0.270460,0.962239,-0.000473,-0.000163,-0.000002,0.000897,40.821361,40.186060,-3.003905,1.996029,-1.573130,0.000000,0.000000,0.000000,0.000000,0.000000,0.000000
1778249147.933856,0.641357,0.270485,0.962241,0.0000,0.0000,0.0000,0.000000,0.000000,0.000000,0.000000,0.000000,0.000000,0.641298,0.270460,0.962239,-0.000441,-0.000186,-0.000016,0.000885,40.769391,40.141326,-3.003906,1.996015,-1.573109,0.000000,0.000000,0.000000,0.000000,0.000000,0.000000
1778249147.943953,0.641357,0.270486,0.962240,0.0000,0.0000,0.0000,0.000000,0.000000,0.000000,0.000000,0.000000,0.000000,0.641298,0.270460,0.962239,-0.000440,-0.000196,-0.000008,0.000877,40.818407,40.182779,-3.003907,1.996002,-1.573085,0.000000,0.000000,0.000000,0.000000,0.000000,0.000000
1778249147.954062,0.641360,0.270488,0.962237,0.0000,0.0000,0.0000,0.000000,0.000000,0.000000,0.000000,0.000000,0.000000,0.641298,0.270460,0.962239,-0.000462,-0.000211,0.000009,0.000879,40.846960,40.217252,-3.003908,1.995994,-1.573057,0.000000,0.000000,0.000000,0.000000,0.000000,0.000000
1778249147.963999,0.641356,0.270488,0.962240,0.0000,0.0000,0.0000,0.000000,0.000000,0.000000,0.000000,0.000000,0.000000,0.641298,0.270460,0.962239,-0.000433,-0.000210,-0.000010,0.000871,40.753393,40.124373,-3.003910,1.995977,-1.573035,0.000000,0.000000,0.000000,0.000000,0.000000,0.000000
1778249147.974247,0.641354,0.270487,0.962241,0.0000,0.0000,0.0000,0.000000,0.000000,0.000000,0.000000,0.000000,0.000000,0.641298,0.270460,0.962239,-0.000416,-0.000200,-0.000021,0.000860,40.798935,40.165846,-3.003911,1.995963,-1.573009,0.000000,0.000000,0.000000,0.000000,0.000000,0.000000
1778249147.984190,0.641359,0.270485,0.962241,0.0000,0.0000,0.0000,0.000000,0.000000,0.000000,0.000000,0.000000,0.000000,0.641298,0.270460,0.962239,-0.000452,-0.000188,-0.000018,0.000866,40.778561,40.146955,-3.003912,1.995954,-1.572981,0.000000,0.000000,0.000000,0.000000,0.000000,0.000000
1778249147.995098,0.641351,0.270490,0.962242,0.0000,0.0000,0.0000,0.000000,0.000000,0.000000,0.000000,0.000000,0.000000,0.641298,0.270460,0.962239,-0.000397,-0.000221,-0.000025,0.000851,40.766739,40.138668,-3.003914,1.995937,-1.572962,0.000000,0.000000,0.000000,0.000000,0.000000,0.000000
1778249148.004470,0.641350,0.270489,0.962242,0.0000,0.0000,0.0000,0.000000,0.000000,0.000000,0.000000,0.000000,0.000000,0.641298,0.270460,0.962239,-0.000389,-0.000216,-0.000030,0.000838,40.806136,40.173271,-3.003915,1.995923,-1.572937,0.000000,0.000000,0.000000,0.000000,0.000000,0.000000
1778249148.014719,0.641355,0.270488,0.962242,0.0000,0.0000,0.0000,0.000000,0.000000,0.000000,0.000000,0.000000,0.000000,0.641298,0.270460,0.962239,-0.000389,-0.000216,-0.000030,0.000838,40.806136,40.173271,-3.003918,1.995910,-1.572901,0.000000,0.000000,0.000000,0.000000,0.000000,0.000000
1778249148.024477,0.641348,0.270489,0.962245,0.0000,0.0000,0.0000,0.000000,0.000000,0.000000,0.000000,0.000000,0.000000,0.641298,0.270460,0.962239,-0.000370,-0.000218,-0.000048,0.000828,40.795359,40.165590,-3.003919,1.995894,-1.572880,0.000000,0.000000,0.000000,0.000000,0.000000,0.000000
1778249148.034372,0.641344,0.270492,0.962245,0.0000,0.0000,0.0000,0.000000,0.000000,0.000000,0.000000,0.000000,0.000000,0.641298,0.270460,0.962239,-0.000341,-0.000236,-0.000047,0.000807,40.809228,40.176729,-3.003920,1.995880,-1.572854,0.000000,0.000000,0.000000,0.000000,0.000000,0.000000
1778249148.043917,0.641352,0.270493,0.962241,0.0000,0.0000,0.0000,0.000000,0.000000,0.000000,0.000000,0.000000,0.000000,0.641298,0.270460,0.962239,-0.000399,-0.000244,-0.000019,0.000814,40.803449,40.169128,-3.003922,1.995872,-1.572826,0.000000,0.000000,0.000000,0.000000,0.000000,0.000000
1778249148.054664,0.641349,0.270496,0.962241,0.0000,0.0000,0.0000,0.000000,0.000000,0.000000,0.000000,0.000000,0.000000,0.641298,0.270460,0.962239,-0.000379,-0.000270,-0.000016,0.000813,40.799400,40.170403,-3.003924,1.995857,-1.572806,0.000000,0.000000,0.000000,0.000000,0.000000,0.000000
1778249148.063995,0.641345,0.270495,0.962244,0.0000,0.0000,0.0000,0.000000,0.000000,0.000000,0.000000,0.000000,0.000000,0.641298,0.270460,0.962239,-0.000352,-0.000260,-0.000041,0.000805,40.787601,40.155139,-3.003924,1.995844,-1.572782,0.000000,0.000000,0.000000,0.000000,0.000000,0.000000
1778249148.074092,0.641345,0.270494,0.962245,0.0000,0.0000,0.0000,0.000000,0.000000,0.000000,0.000000,0.000000,0.000000,0.641298,0.270460,0.962239,-0.000351,-0.000257,-0.000052,0.000800,40.786916,40.157782,-3.003925,1.995836,-1.572757,0.000000,0.000000,0.000000,0.000000,0.000000,0.000000
1778249148.084309,0.641337,0.270495,0.962249,0.0000,0.0000,0.0000,0.000000,0.000000,0.000000,0.000000,0.000000,0.000000,0.641298,0.270460,0.962239,-0.000292,-0.000262,-0.000076,0.000778,40.805935,40.175620,-3.003926,1.995820,-1.572737,0.000000,0.000000,0.000000,0.000000,0.000000,0.000000
1778249148.094355,0.641342,0.270496,0.962245,0.0000,0.0000,0.0000,0.000000,0.000000,0.000000,0.000000,0.000000,0.000000,0.641298,0.270460,0.962239,-0.000327,-0.000269,-0.000049,0.000774,40.817747,40.183180,-3.003926,1.995806,-1.572706,0.000000,0.000000,0.000000,0.000000,0.000000,0.000000
1778249148.104436,0.641345,0.270496,0.962245,0.0000,0.0000,0.0000,0.000000,0.000000,0.000000,0.000000,0.000000,0.000000,0.641298,0.270460,0.962239,-0.000351,-0.000269,-0.000048,0.000781,40.794561,40.160252,-3.003927,1.995798,-1.572688,0.000000,0.000000,0.000000,0.000000,0.000000,0.000000
1778249148.114460,0.641349,0.270498,0.962243,0.0000,0.0000,0.0000,0.000000,0.000000,0.000000,0.000000,0.000000,0.000000,0.641298,0.270460,0.962239,-0.000382,-0.000283,-0.000030,0.000796,40.797175,40.166077,-3.003928,1.995786,-1.572661,0.000000,0.000000,0.000000,0.000000,0.000000,0.000000
1778249148.124364,0.641341,0.270495,0.962249,0.0000,0.0000,0.0000,0.000000,0.000000,0.000000,0.000000,0.000000,0.000000,0.641298,0.270460,0.962239,-0.000382,-0.000283,-0.000030,0.000796,40.797175,40.166077,-3.003929,1.995772,-1.572641,0.000000,0.000000,0.000000,0.000000,0.000000,0.000000
1778249148.134521,0.641339,0.270494,0.962250,0.0000,0.0000,0.0000,0.000000,0.000000,0.000000,0.000000,0.000000,0.000000,0.641298,0.270460,0.962239,-0.000301,-0.000255,-0.000087,0.000776,40.809194,40.175228,-3.003929,1.995763,-1.572624,0.000000,0.000000,0.000000,0.000000,0.000000,0.000000
1778249148.144717,0.641346,0.270494,0.962247,0.0000,0.0000,0.0000,0.000000,0.000000,0.000000,0.000000,0.000000,0.000000,0.641298,0.270460,0.962239,-0.000301,-0.000255,-0.000087,0.000776,40.809194,40.175228,-3.003930,1.995752,-1.572591,0.000000,0.000000,0.000000,0.000000,0.000000,0.000000
1778249148.154516,0.641343,0.270496,0.962247,0.0000,0.0000,0.0000,0.000000,0.000000,0.000000,0.000000,0.000000,0.000000,0.641298,0.270460,0.962239,-0.000335,-0.000268,-0.000065,0.000785,40.758751,40.130272,-3.003931,1.995742,-1.572578,0.000000,0.000000,0.000000,0.000000,0.000000,0.000000
1778249148.164576,0.641338,0.270494,0.962251,0.0000,0.0000,0.0000,0.000000,0.000000,0.000000,0.000000,0.000000,0.000000,0.641298,0.270460,0.962239,-0.000335,-0.000268,-0.000065,0.000785,40.758751,40.130272,-3.003931,1.995726,-1.572551,0.000000,0.000000,0.000000,0.000000,0.000000,0.000000
1778249148.174187,0.641339,0.270492,0.962251,0.0000,0.0000,0.0000,0.000000,0.000000,0.000000,0.000000,0.000000,0.000000,0.641298,0.270460,0.962239,-0.000302,-0.000237,-0.000094,0.000766,40.787506,40.155684,-3.003932,1.995716,-1.572527,0.000000,0.000000,0.000000,0.000000,0.000000,0.000000
1778249148.184574,0.641339,0.270490,0.962252,0.0000,0.0000,0.0000,0.000000,0.000000,0.000000,0.000000,0.000000,0.000000,0.641298,0.270460,0.962239,-0.000300,-0.000226,-0.000098,0.000760,40.789190,40.159818,-3.003932,1.995705,-1.572505,0.000000,0.000000,0.000000,0.000000,0.000000,0.000000
1778249148.194842,0.641334,0.270490,0.962253,0.0000,0.0000,0.0000,0.000000,0.000000,0.000000,0.000000,0.000000,0.000000,0.641298,0.270460,0.962239,-0.000269,-0.000220,-0.000111,0.000746,40.792691,40.161190,-3.003932,1.995695,-1.572488,0.000000,0.000000,0.000000,0.000000,0.000000,0.000000
1778249148.204435,0.641331,0.270492,0.962252,0.0000,0.0000,0.0000,0.000000,0.000000,0.000000,0.000000,0.000000,0.000000,0.641298,0.270460,0.962239,-0.000246,-0.000236,-0.000099,0.000728,40.805696,40.172324,-3.003932,1.995678,-1.572460,0.000000,0.000000,0.000000,0.000000,0.000000,0.000000
1778249148.214136,0.641341,0.270490,0.962248,0.0000,0.0000,0.0000,0.000000,0.000000,0.000000,0.000000,0.000000,0.000000,0.641298,0.270460,0.962239,-0.000315,-0.000225,-0.000071,0.000735,40.795967,40.160642,-3.003933,1.995671,-1.572433,0.000000,0.000000,0.000000,0.000000,0.000000,0.000000
1778249148.224021,0.641340,0.270487,0.962251,0.0000,0.0000,0.0000,0.000000,0.000000,0.000000,0.000000,0.000000,0.000000,0.641298,0.270460,0.962239,-0.000312,-0.000200,-0.000091,0.000740,40.761630,40.132609,-3.003933,1.995661,-1.572412,0.000000,0.000000,0.000000,0.000000,0.000000,0.000000
1778249148.234197,0.641337,0.270485,0.962252,0.0000,0.0000,0.0000,0.000000,0.000000,0.000000,0.000000,0.000000,0.000000,0.641298,0.270460,0.962239,-0.000288,-0.000186,-0.000102,0.000734,40.807837,40.173074,-3.003933,1.995649,-1.572389,0.000000,0.000000,0.000000,0.000000,0.000000,0.000000
1778249148.244266,0.641338,0.270485,0.962251,0.0000,0.0000,0.0000,0.000000,0.000000,0.000000,0.000000,0.000000,0.000000,0.641298,0.270460,0.962239,-0.000296,-0.000186,-0.000091,0.000732,40.795624,40.164345,-3.003933,1.995640,-1.572365,0.000000,0.000000,0.000000,0.000000,0.000000,0.000000
1778249148.254178,0.641330,0.270484,0.962254,0.0000,0.0000,0.0000,0.000000,0.000000,0.000000,0.000000,0.000000,0.000000,0.641298,0.270460,0.962239,-0.000239,-0.000182,-0.000113,0.000712,40.781147,40.153802,-3.003933,1.995627,-1.572344,0.000000,0.000000,0.000000,0.000000,0.000000,0.000000
1778249148.264241,0.641333,0.270485,0.962251,0.0000,0.0000,0.0000,0.000000,0.000000,0.000000,0.000000,0.000000,0.000000,0.641298,0.270460,0.962239,-0.000261,-0.000188,-0.000093,0.000705,40.811020,40.174936,-3.003934,1.995616,-1.572320,0.000000,0.000000,0.000000,0.000000,0.000000,0.000000
1778249148.274285,0.641334,0.270484,0.962251,0.0000,0.0000,0.0000,0.000000,0.000000,0.000000,0.000000,0.000000,0.000000,0.641298,0.270460,0.962239,-0.000268,-0.000182,-0.000094,0.000702,40.773921,40.144178,-3.003934,1.995608,-1.572295,0.000000,0.000000,0.000000,0.000000,0.000000,0.000000
1778249148.284295,0.641326,0.270484,0.962254,0.0000,0.0000,0.0000,0.000000,0.000000,0.000000,0.000000,0.000000,0.000000,0.641298,0.270460,0.962239,-0.000208,-0.000175,-0.000114,0.000681,40.796740,40.167012,-3.003934,1.995593,-1.572275,0.000000,0.000000,0.000000,0.000000,0.000000,0.000000
1778249148.294262,0.641326,0.270483,0.962253,0.0000,0.0000,0.0000,0.000000,0.000000,0.000000,0.000000,0.000000,0.000000,0.641298,0.270460,0.962239,-0.000203,-0.000172,-0.000105,0.000664,40.804221,40.172074,-3.003934,1.995582,-1.572251,0.000000,0.000000,0.000000,0.000000,0.000000,0.000000
1778249148.304338,0.641328,0.270482,0.962252,0.0000,0.0000,0.0000,0.000000,0.000000,0.000000,0.000000,0.000000,0.000000,0.641298,0.270460,0.962239,-0.000219,-0.000166,-0.000101,0.000657,40.785142,40.152391,-3.003934,1.995572,-1.572227,0.000000,0.000000,0.000000,0.000000,0.000000,0.000000
1778249148.314395,0.641330,0.270480,0.962253,0.0000,0.0000,0.0000,0.000000,0.000000,0.000000,0.000000,0.000000,0.000000,0.641298,0.270460,0.962239,-0.000233,-0.000148,-0.000106,0.000656,40.783352,40.153379,-3.003934,1.995565,-1.572202,0.000000,0.000000,0.000000,0.000000,0.000000,0.000000
1778249148.324261,0.641321,0.270479,0.962256,0.0000,0.0000,0.0000,0.000000,0.000000,0.000000,0.000000,0.000000,0.000000,0.641298,0.270460,0.962239,-0.000171,-0.000138,-0.000130,0.000638,40.790420,40.163136,-3.003934,1.995551,-1.572182,0.000000,0.000000,0.000000,0.000000,0.000000,0.000000
1778249148.334080,0.641320,0.270479,0.962254,0.0000,0.0000,0.0000,0.000000,0.000000,0.000000,0.000000,0.000000,0.000000,0.641298,0.270460,0.962239,-0.000160,-0.000144,-0.000118,0.000621,40.811781,40.177415,-3.003934,1.995536,-1.572160,0.000000,0.000000,0.000000,0.000000,0.000000,0.000000
1778249148.344403,0.641324,0.270479,0.962252,10.0000,0.0000,0.0000,0.000000,0.000000,0.000000,0.000000,0.000000,0.000000,0.641298,0.270460,0.962239,-0.000160,-0.000144,-0.000118,0.000621,40.811781,40.177415,-3.003934,1.995525,-1.572127,0.000000,0.000000,0.000000,0.000000,0.000000,0.000000
1778249148.354387,0.641323,0.270478,0.962254,10.0000,0.0000,0.0000,0.000486,0.000000,0.000000,0.030600,0.000000,0.000000,0.641784,0.270460,0.962239,0.034059,-0.000131,-0.000113,0.023963,40.740574,40.130183,-3.003934,1.995516,-1.572111,0.000000,0.000000,0.000000,0.000000,0.000000,0.000000
1778249148.364506,0.641327,0.270475,0.962253,10.0000,0.0000,0.0000,0.000880,0.000000,0.000000,0.039420,0.000000,0.000000,0.642179,0.270460,0.962239,0.045806,-0.000113,-0.000108,0.039784,40.738779,40.138364,-3.003934,1.995500,-1.572082,0.000000,0.000000,0.000000,0.000000,0.000000,0.000000
1778249148.374576,0.641353,0.270473,0.962244,10.0000,0.0000,0.0000,0.001336,0.000000,0.000000,0.045594,0.000000,0.000000,0.642635,0.270460,0.962239,0.055203,-0.000100,-0.000042,0.055377,40.752786,40.153442,-3.003933,1.995493,-1.572061,0.000000,0.000000,0.000000,0.000000,0.000000,0.000000
1778249148.384254,0.641395,0.270471,0.962233,10.0000,0.0000,0.0000,0.001835,0.000000,0.000000,0.049916,0.000000,0.000000,0.643134,0.270460,0.962239,0.062960,-0.000082,0.000039,0.069976,40.713339,40.125218,-3.003933,1.995485,-1.572035,0.000000,0.000000,0.000000,0.000000,0.000000,0.000000
1778249148.394642,0.641450,0.270469,0.962218,10.0000,0.0000,0.0000,0.001835,0.000000,0.000000,0.049916,0.000000,0.000000,0.643134,0.270460,0.962239,0.062960,-0.000082,0.000039,0.069976,40.713339,40.125218,-3.003933,1.995467,-1.572008,0.000000,0.000000,0.000000,0.000000,0.000000,0.000000
1778249148.404378,0.641538,0.270469,0.962190,10.0000,0.0000,0.0000,0.002915,0.000000,0.000000,0.055059,0.000000,0.000000,0.644214,0.270460,0.962239,0.075127,-0.000065,0.000366,0.095268,40.764377,40.179470,-3.003933,1.995456,-1.571983,0.000000,0.000000,0.000000,0.000000,0.000000,0.000000
1778249148.414056,0.641694,0.270471,0.962138,10.0000,0.0000,0.0000,0.003481,0.000000,0.000000,0.056541,0.000000,0.000000,0.644779,0.270460,0.962239,0.079678,-0.000081,0.000752,0.105812,40.839624,40.253503,-3.003933,1.995449,-1.571955,0.000000,0.000000,0.000000,0.000000,0.000000,0.000000
1778249148.424150,0.641847,0.270467,0.962094,10.0000,0.0000,0.0000,0.004056,0.000000,0.000000,0.057579,0.000000,0.000000,0.645355,0.270460,0.962239,0.083891,-0.000052,0.001085,0.115206,40.749004,40.165672,-3.003933,1.995437,-1.571932,0.000000,0.000000,0.000000,0.000000,0.000000,0.000000
1778249148.434081,0.642018,0.270459,0.962048,10.0000,0.0000,0.0000,0.004640,0.000000,0.000000,0.058305,0.000000,0.000000,0.645938,0.270460,0.962239,0.084989,0.000007,0.001383,0.122214,40.777450,40.195073,-3.003933,1.995425,-1.571905,0.000000,0.000000,0.000000,0.000000,0.000000,0.000000
1778249148.444223,0.642269,0.270453,0.961974,10.0000,0.0000,0.0000,0.005228,0.000000,0.000000,0.058814,0.000000,0.000000,0.646526,0.270460,0.962239,0.084980,0.000049,0.001860,0.127065,40.860694,40.271040,-3.003933,1.995412,-1.571886,0.000000,0.000000,0.000000,0.000000,0.000000,0.000000
1778249148.453981,0.642510,0.270452,0.961899,10.0000,0.0000,0.0000,0.005228,0.000000,0.000000,0.058814,0.000000,0.000000,0.646526,0.270460,0.962239,0.084980,0.000049,0.001860,0.127065,40.860694,40.271040,-3.003933,1.995402,-1.571858,0.000000,0.000000,0.000000,0.000000,0.000000,0.000000
1778249148.464056,0.642772,0.270448,0.961820,10.0000,0.0000,0.0000,0.006414,0.000000,0.000000,0.059419,0.000000,0.000000,0.647712,0.270460,0.962239,0.084955,0.000081,0.002763,0.132823,40.906711,40.309318,-3.003933,1.995396,-1.571837,0.000000,0.000000,0.000000,0.000000,0.000000,0.000000
1778249148.473934,0.643116,0.270441,0.961718,10.0000,0.0000,0.0000,0.007009,0.000000,0.000000,0.059593,0.000000,0.000000,0.648308,0.270460,0.962239,0.084933,0.000123,0.003367,0.134547,40.938527,40.338811,-3.003933,1.995386,-1.571819,0.000000,0.000000,0.000000,0.000000,0.000000,0.000000
1778249148.484133,0.643417,0.270434,0.961627,10.0000,0.0000,0.0000,0.007607,0.000000,0.000000,0.059715,0.000000,0.000000,0.648905,0.270460,0.962239,0.084912,0.000163,0.003863,0.135808,40.983087,40.376808,-3.003932,1.995380,-1.571797,0.000000,0.000000,0.000000,0.000000,0.000000,0.000000
1778249148.494060,0.643733,0.270427,0.961531,10.0000,0.0000,0.0000,0.008205,0.000000,0.000000,0.059801,0.000000,0.000000,0.649503,0.270460,0.962239,0.084887,0.000206,0.004373,0.136754,41.060799,40.451411,-3.003932,1.995372,-1.571773,0.000000,0.000000,0.000000,0.000000,0.000000,0.000000
1778249148.503956,0.644135,0.270417,0.961410,10.0000,0.0000,0.0000,0.008803,0.000000,0.000000,0.059860,0.000000,0.000000,0.650102,0.270460,0.962239,0.084850,0.000262,0.005040,0.137514,41.027348,40.415586,-3.003932,1.995363,-1.571757,0.000000,0.000000,0.000000,0.000000,0.000000,0.000000
1778249148.513964,0.644472,0.270407,0.961312,10.0000,0.0000,0.0000,0.009402,0.000000,0.000000,0.059902,0.000000,0.000000,0.650701,0.270460,0.962239,0.084820,0.000316,0.005526,0.138115,41.064126,40.448940,-3.003932,1.995359,-1.571738,0.000000,0.000000,0.000000,0.000000,0.000000,0.000000
1778249148.524334,0.644814,0.270398,0.961213,10.0000,0.0000,0.0000,0.010002,0.000000,0.000000,0.059932,0.000000,0.000000,0.651300,0.270460,0.962239,0.084787,0.000362,0.006007,0.138608,41.097461,40.480848,-3.003932,1.995354,-1.571721,0.000000,0.000000,0.000000,0.000000,0.000000,0.000000
1778249148.534338,0.645160,0.270390,0.961112,10.0000,0.0000,0.0000,0.010601,0.000000,0.000000,0.059952,0.000000,0.000000,0.651900,0.270460,0.962239,0.084752,0.000404,0.006481,0.139025,41.130111,40.511533,-3.003931,1.995347,-1.571705,0.000000,0.000000,0.000000,0.000000,0.000000,0.000000
1778249148.544264,0.645514,0.270382,0.961009,10.0000,0.0000,0.0000,0.011201,0.000000,0.000000,0.059966,0.000000,0.000000,0.652499,0.270460,0.962239,0.084714,0.000441,0.006953,0.139390,41.160041,40.537651,-3.003931,1.995341,-1.571688,0.000000,0.000000,0.000000,0.000000,0.000000,0.000000
1778249148.554270,0.645872,0.270373,0.960907,10.0000,0.0000,0.0000,0.011801,0.000000,0.000000,0.059977,0.000000,0.000000,0.653099,0.270460,0.962239,0.084676,0.000482,0.007404,0.139716,41.167797,40.545107,-3.003931,1.995338,-1.571671,0.000000,0.000000,0.000000,0.000000,0.000000,0.000000
1778249148.564373,0.646231,0.270364,0.960807,10.0000,0.0000,0.0000,0.011801,0.000000,0.000000,0.059977,0.000000,0.000000,0.653099,0.270460,0.962239,0.084676,0.000482,0.007404,0.139716,41.167797,40.545107,-3.003931,1.995331,-1.571651,0.000000,0.000000,0.000000,0.000000,0.000000,0.000000
1778249148.574535,0.646596,0.270355,0.960705,10.0000,0.0000,0.0000,0.013000,0.000000,0.000000,0.059989,0.000000,0.000000,0.654299,0.270460,0.962239,0.084596,0.000565,0.008263,0.140285,41.215245,40.589201,-3.003931,1.995327,-1.571634,0.000000,0.000000,0.000000,0.000000,0.000000,0.000000
1778249148.584276,0.646960,0.270347,0.960606,10.0000,0.0000,0.0000,0.013600,0.000000,0.000000,0.059992,0.000000,0.000000,0.654899,0.270460,0.962239,0.084555,0.000598,0.008662,0.140539,41.227754,40.601036,-3.003931,1.995325,-1.571621,0.000000,0.000000,0.000000,0.000000,0.000000,0.000000
1778249148.594493,0.647324,0.270339,0.960508,10.0000,0.0000,0.0000,0.013600,0.000000,0.000000,0.059992,0.000000,0.000000,0.654899,0.270460,0.962239,0.084555,0.000598,0.008662,0.140539,41.227754,40.601036,-3.003931,1.995317,-1.571602,0.000000,0.000000,0.000000,0.000000,0.000000,0.000000
1778249148.604282,0.647690,0.270330,0.960411,10.0000,0.0000,0.0000,0.014800,0.000000,0.000000,0.059996,0.000000,0.000000,0.656099,0.270460,0.962239,0.084475,0.000669,0.009407,0.140999,41.252508,40.621843,-3.003931,1.995313,-1.571590,0.000000,0.000000,0.000000,0.000000,0.000000,0.000000
1778249148.614430,0.648059,0.270321,0.960315,10.0000,0.0000,0.0000,0.015400,0.000000,0.000000,0.059997,0.000000,0.000000,0.656699,0.270460,0.962239,0.084435,0.000705,0.009760,0.141210,41.260890,40.630928,-3.003931,1.995309,-1.571568,0.000000,0.000000,0.000000,0.000000,0.000000,0.000000
1778249148.624565,0.648423,0.270316,0.960219,10.0000,0.0000,0.0000,0.016000,0.000000,0.000000,0.059998,0.000000,0.000000,0.657299,0.270460,0.962239,0.084395,0.000722,0.010101,0.141411,41.309465,40.679913,-3.003931,1.995301,-1.571555,0.000000,0.000000,0.000000,0.000000,0.000000,0.000000
1778249148.634067,0.648794,0.270307,0.960126,10.0000,0.0000,0.0000,0.016600,0.000000,0.000000,0.059999,0.000000,0.000000,0.657899,0.270460,0.962239,0.084356,0.000758,0.010416,0.141601,41.277106,40.644594,-3.003931,1.995301,-1.571535,0.000000,0.000000,0.000000,0.000000,0.000000,0.000000
1778249148.643979,0.649159,0.270301,0.960034,10.0000,0.0000,0.0000,0.017200,0.000000,0.000000,0.059999,0.000000,0.000000,0.658498,0.270460,0.962239,0.084317,0.000775,0.010722,0.141782,41.368622,40.737153,-3.003932,1.995294,-1.571522,0.000000,0.000000,0.000000,0.000000,0.000000,0.000000
1778249148.653900,0.649617,0.270292,0.959922,10.0000,0.0000,0.0000,0.017800,0.000000,0.000000,0.059999,0.000000,0.000000,0.659098,0.270460,0.962239,0.084260,0.000812,0.011164,0.141977,41.329031,40.696985,-3.003932,1.995290,-1.571505,0.000000,0.000000,0.000000,0.000000,0.000000,0.000000
1778249148.663862,0.649981,0.270281,0.959839,10.0000,0.0000,0.0000,0.018400,0.000000,0.000000,0.060000,0.000000,0.000000,0.659698,0.270460,0.962239,0.084227,0.000852,0.011407,0.142151,41.313701,40.680372,-3.003932,1.995286,-1.571489,0.000000,0.000000,0.000000,0.000000,0.000000,0.000000
1778249148.673902,0.650253,0.270274,0.959776,10.0000,0.0000,0.0000,0.019000,0.000000,0.000000,0.060000,0.000000,0.000000,0.660298,0.270460,0.962239,0.084215,0.000869,0.011494,0.142287,41.337886,40.704088,-3.003933,1.995279,-1.571475,0.000000,0.000000,0.000000,0.000000,0.000000,0.000000
1778249148.684059,0.650708,0.270265,0.959670,10.0000,0.0000,0.0000,0.019600,0.000000,0.000000,0.060000,0.000000,0.000000,0.660898,0.270460,0.962239,0.084161,0.000903,0.011882,0.142443,41.393848,40.758173,-3.003933,1.995274,-1.571460,0.000000,0.000000,0.000000,0.000000,0.000000,0.000000
1778249148.694261,0.651067,0.270259,0.959589,10.0000,0.0000,0.0000,0.020200,0.000000,0.000000,0.060000,0.000000,0.000000,0.661498,0.270460,0.962239,0.084130,0.000916,0.012093,0.142585,41.354127,40.721207,-3.003933,1.995266,-1.571448,0.000000,0.000000,0.000000,0.000000,0.000000,0.000000
1778249148.704467,0.651424,0.270252,0.959513,10.0000,0.0000,0.0000,0.020800,0.000000,0.000000,0.060000,0.000000,0.000000,0.662098,0.270460,0.962239,0.084104,0.000936,0.012276,0.142714,41.348971,40.713628,-3.003933,1.995257,-1.571436,0.000000,0.000000,0.000000,0.000000,0.000000,0.000000
1778249148.714284,0.651786,0.270247,0.959434,10.0000,0.0000,0.0000,0.020800,0.000000,0.000000,0.060000,0.000000,0.000000,0.662098,0.270460,0.962239,0.084104,0.000936,0.012276,0.142714,41.348971,40.713628,-3.003934,1.995254,-1.571417,0.000000,0.000000,0.000000,0.000000,0.000000,0.000000
1778249148.724510,0.652146,0.270241,0.959357,10.0000,0.0000,0.0000,0.021400,0.000000,0.000000,0.060000,0.000000,0.000000,0.662698,0.270460,0.962239,0.084075,0.000947,0.012468,0.142835,41.404205,40.768133,-3.003934,1.995247,-1.571405,0.000000,0.000000,0.000000,0.000000,0.000000,0.000000
1778249148.733928,0.652597,0.270233,0.959263,10.0000,0.0000,0.0000,0.022600,0.000000,0.000000,0.060000,0.000000,0.000000,0.663898,0.270460,0.962239,0.084002,0.000989,0.012948,0.143074,41.395982,40.759219,-3.003934,1.995245,-1.571392,0.000000,0.000000,0.000000,0.000000,0.000000,0.000000
1778249148.743964,0.652949,0.270229,0.959191,10.0000,0.0000,0.0000,0.023200,0.000000,0.000000,0.060000,0.000000,0.000000,0.664498,0.270460,0.962239,0.083980,0.000993,0.013093,0.143186,41.388315,40.752755,-3.003934,1.995234,-1.571384,0.000000,0.000000,0.000000,0.000000,0.000000,0.000000
1778249148.754295,0.653310,0.270223,0.959118,10.0000,0.0000,0.0000,0.023800,0.000000,0.000000,0.060000,0.000000,0.000000,0.665098,0.270460,0.962239,0.083957,0.001006,0.013238,0.143288,41.408723,40.768607,-3.003934,1.995233,-1.571368,0.000000,0.000000,0.000000,0.000000,0.000000,0.000000
1778249148.764334,0.653668,0.270218,0.959046,10.0000,0.0000,0.0000,0.024400,0.000000,0.000000,0.060000,0.000000,0.000000,0.665698,0.270460,0.962239,0.083934,0.001016,0.013379,0.143383,41.432223,40.793888,-3.003935,1.995226,-1.571355,0.000000,0.000000,0.000000,0.000000,0.000000,0.000000
1778249148.774519,0.654024,0.270212,0.958976,10.0000,0.0000,0.0000,0.025000,0.000000,0.000000,0.060000,0.000000,0.000000,0.666298,0.270460,0.962239,0.083914,0.001029,0.013504,0.143470,41.429949,40.790377,-3.003935,1.995223,-1.571343,0.000000,0.000000,0.000000,0.000000,0.000000,0.000000
1778249148.783959,0.654377,0.270208,0.958906,10.0000,0.0000,0.0000,0.025600,0.000000,0.000000,0.060000,0.000000,0.000000,0.666898,0.270460,0.962239,0.083895,0.001029,0.013624,0.143551,41.458241,40.819696,-3.003935,1.995215,-1.571335,0.000000,0.000000,0.000000,0.000000,0.000000,0.000000
1778249148.794109,0.654731,0.270205,0.958838,10.0000,0.0000,0.0000,0.026200,0.000000,0.000000,0.060000,0.000000,0.000000,0.667498,0.270460,0.962239,0.083877,0.001031,0.013733,0.143627,41.428254,40.785854,-3.003935,1.995214,-1.571322,0.000000,0.000000,0.000000,0.000000,0.000000,0.000000
1778249148.804351,0.655082,0.270205,0.958769,10.0000,0.0000,0.0000,0.026800,0.000000,0.000000,0.060000,0.000000,0.000000,0.668098,0.270460,0.962239,0.083859,0.001018,0.013842,0.143699,41.477304,40.837934,-3.003935,1.995207,-1.571314,0.000000,0.000000,0.000000,0.000000,0.000000,0.000000
1778249148.814437,0.655435,0.270200,0.958705,10.0000,0.0000,0.0000,0.027400,0.000000,0.000000,0.060000,0.000000,0.000000,0.668698,0.270460,0.962239,0.083844,0.001024,0.013932,0.143766,41.476741,40.836010,-3.003936,1.995205,-1.571301,0.000000,0.000000,0.000000,0.000000,0.000000,0.000000
1778249148.824382,0.655785,0.270196,0.958639,10.0000,0.0000,0.0000,0.028000,0.000000,0.000000,0.060000,0.000000,0.000000,0.669298,0.270460,0.962239,0.083829,0.001028,0.014025,0.143829,41.486663,40.846325,-3.003936,1.995196,-1.571295,0.000000,0.000000,0.000000,0.000000,0.000000,0.000000
1778249148.834214,0.656228,0.270190,0.958559,10.0000,0.0000,0.0000,0.028600,0.000000,0.000000,0.060000,0.000000,0.000000,0.669898,0.270460,0.962239,0.083794,0.001043,0.014228,0.143906,41.498724,40.855521,-3.003936,1.995196,-1.571282,0.000000,0.000000,0.000000,0.000000,0.000000,0.000000
1778249148.843938,0.656578,0.270187,0.958496,10.0000,0.0000,0.0000,0.029200,0.000000,0.000000,0.060000,0.000000,0.000000,0.670498,0.270460,0.962239,0.083781,0.001044,0.014305,0.143974,41.491301,40.850031,-3.003936,1.995192,-1.571274,0.000000,0.000000,0.000000,0.000000,0.000000,0.000000
1778249148.854126,0.656928,0.270182,0.958435,10.0000,0.0000,0.0000,0.029800,0.000000,0.000000,0.060000,0.000000,0.000000,0.671098,0.270460,0.962239,0.083769,0.001051,0.014373,0.144035,41.490327,40.846533,-3.003936,1.995187,-1.571265,0.000000,0.000000,0.000000,0.000000,0.000000,0.000000
1778249148.863935,0.657274,0.270180,0.958373,10.0000,0.0000,0.0000,0.030400,0.000000,0.000000,0.060000,0.000000,0.000000,0.671698,0.270460,0.962239,0.083758,0.001045,0.014439,0.144090,41.522194,40.880795,-3.003936,1.995183,-1.571258,0.000000,0.000000,0.000000,0.000000,0.000000,0.000000
1778249148.874115,0.657532,0.270177,0.958330,10.0000,0.0000,0.0000,0.031000,0.000000,0.000000,0.060000,0.000000,0.000000,0.672298,0.270460,0.962239,0.083768,0.001041,0.014382,0.144124,41.501236,40.858710,-3.003936,1.995179,-1.571249,0.000000,0.000000,0.000000,0.000000,0.000000,0.000000
1778249148.884091,0.657883,0.270173,0.958270,10.0000,0.0000,0.0000,0.031600,0.000000,0.000000,0.060000,0.000000,0.000000,0.672898,0.270460,0.962239,0.083757,0.001046,0.014444,0.144161,41.533867,40.888975,-3.003936,1.995178,-1.571238,0.000000,0.000000,0.000000,0.000000,0.000000,0.000000
1778249148.893876,0.658315,0.270170,0.958193,10.0000,0.0000,0.0000,0.032200,0.000000,0.000000,0.060000,0.000000,0.000000,0.673498,0.270460,0.962239,0.083729,0.001047,0.014609,0.144214,41.533740,40.889326,-3.003936,1.995171,-1.571233,0.000000,0.000000,0.000000,0.000000,0.000000,0.000000
1778249148.903935,0.658666,0.270168,0.958131,10.0000,0.0000,0.0000,0.032800,0.000000,0.000000,0.060000,0.000000,0.000000,0.674098,0.270460,0.962239,0.083717,0.001045,0.014673,0.144264,41.604620,40.958101,-3.003937,1.995171,-1.571222,0.000000,0.000000,0.000000,0.000000,0.000000,0.000000
1778249148.913862,0.658922,0.270168,0.958087,10.0000,0.0000,0.0000,0.033400,0.000000,0.000000,0.060000,0.000000,0.000000,0.674698,0.270460,0.962239,0.083727,0.001030,0.014619,0.144295,41.530682,40.886307,-3.003937,1.995163,-1.571218,0.000000,0.000000,0.000000,0.000000,0.000000,0.000000
1778249148.923929,0.659269,0.270164,0.958030,10.0000,0.0000,0.0000,0.034000,0.000000,0.000000,0.060000,0.000000,0.000000,0.675298,0.270460,0.962239,0.083720,0.001034,0.014662,0.144326,41.592230,40.946140,-3.003937,1.995163,-1.571208,0.000000,0.000000,0.000000,0.000000,0.000000,0.000000
1778249148.934185,0.659701,0.270155,0.957962,10.0000,0.0000,0.0000,0.034600,0.000000,0.000000,0.060000,0.000000,0.000000,0.675898,0.270460,0.962239,0.083696,0.001056,0.014792,0.144371,41.543923,40.897503,-3.003937,1.995161,-1.571199,0.000000,0.000000,0.000000,0.000000,0.000000,0.000000
1778249148.944177,0.660039,0.270153,0.957906,10.0000,0.0000,0.0000,0.035200,0.000000,0.000000,0.060000,0.000000,0.000000,0.676498,0.270460,0.962239,0.083691,0.001050,0.014824,0.144411,41.570468,40.926132,-3.003937,1.995156,-1.571194,0.000000,0.000000,0.000000,0.000000,0.000000,0.000000
1778249148.954334,0.660383,0.270147,0.957852,10.0000,0.0000,0.0000,0.035800,0.000000,0.000000,0.060000,0.000000,0.000000,0.677098,0.270460,0.962239,0.083686,0.001059,0.014851,0.144447,41.581919,40.935180,-3.003937,1.995155,-1.571186,0.000000,0.000000,0.000000,0.000000,0.000000,0.000000
1778249148.964283,0.660725,0.270143,0.957795,10.0000,0.0000,0.0000,0.035800,0.000000,0.000000,0.060000,0.000000,0.000000,0.677098,0.270460,0.962239,0.083686,0.001059,0.014851,0.144447,41.581919,40.935180,-3.003937,1.995149,-1.571180,0.000000,0.000000,0.000000,0.000000,0.000000,0.000000
1778249148.974273,0.661071,0.270141,0.957737,10.0000,0.0000,0.0000,0.036400,0.000000,0.000000,0.060000,0.000000,0.000000,0.677698,0.270460,0.962239,0.083679,0.001062,0.014889,0.144481,41.598388,40.950537,-3.003937,1.995146,-1.571170,0.000000,0.000000,0.000000,0.000000,0.000000,0.000000
1778249148.984566,0.661412,0.270137,0.957684,10.0000,0.0000,0.0000,0.037600,0.000000,0.000000,0.060000,0.000000,0.000000,0.678898,0.270460,0.962239,0.083668,0.001061,0.014953,0.144545,41.594279,40.947082,-3.003937,1.995145,-1.571164,0.000000,0.000000,0.000000,0.000000,0.000000,0.000000
1778249148.994316,0.661748,0.270136,0.957630,10.0000,0.0000,0.0000,0.038200,0.000000,0.000000,0.060000,0.000000,0.000000,0.679498,0.270460,0.962239,0.083664,0.001054,0.014974,0.144574,41.605266,40.957363,-3.003937,1.995140,-1.571160,0.000000,0.000000,0.000000,0.000000,0.000000,0.000000
1778249149.004266,0.662091,0.270134,0.957574,10.0000,0.0000,0.0000,0.038800,0.000000,0.000000,0.060000,0.000000,0.000000,0.680098,0.270460,0.962239,0.083659,0.001049,0.015005,0.144602,41.679600,41.030454,-3.003937,1.995142,-1.571153,0.000000,0.000000,0.000000,0.000000,0.000000,0.000000
1778249149.014415,0.662431,0.270130,0.957518,10.0000,0.0000,0.0000,0.039400,0.000000,0.000000,0.060000,0.000000,0.000000,0.680698,0.270460,0.962239,0.083654,0.001050,0.015033,0.144630,41.640791,40.991672,-3.003938,1.995135,-1.571149,0.000000,0.000000,0.000000,0.000000,0.000000,0.000000
1778249149.024294,0.662774,0.270127,0.957463,10.0000,0.0000,0.0000,0.040000,0.000000,0.000000,0.060000,0.000000,0.000000,0.681298,0.270460,0.962239,0.083648,0.001050,0.015061,0.144657,41.671719,41.020342,-3.003938,1.995133,-1.571142,0.000000,0.000000,0.000000,0.000000,0.000000,0.000000
1778249149.034287,0.663114,0.270123,0.957410,10.0000,0.0000,0.0000,0.040600,0.000000,0.000000,0.060000,0.000000,0.000000,0.681898,0.270460,0.962239,0.083645,0.001052,0.015078,0.144682,41.641987,40.992393,-3.003938,1.995132,-1.571137,0.000000,0.000000,0.000000,0.000000,0.000000,0.000000
1778249149.044290,0.663453,0.270117,0.957358,10.0000,0.0000,0.0000,0.041200,0.000000,0.000000,0.060000,0.000000,0.000000,0.682498,0.270460,0.962239,0.083642,0.001062,0.015094,0.144707,41.660025,41.009608,-3.003938,1.995129,-1.571132,0.000000,0.000000,0.000000,0.000000,0.000000,0.000000
1778249149.054346,0.663792,0.270111,0.957306,10.0000,0.0000,0.0000,0.041800,0.000000,0.000000,0.060000,0.000000,0.000000,0.683098,0.270460,0.962239,0.083640,0.001069,0.015107,0.144730,41.660384,41.008277,-3.003938,1.995128,-1.571124,0.000000,0.000000,0.000000,0.000000,0.000000,0.000000
1778249149.064735,0.664127,0.270112,0.957250,10.0000,0.0000,0.0000,0.042400,0.000000,0.000000,0.060000,0.000000,0.000000,0.683698,0.270460,0.962239,0.083636,0.001056,0.015132,0.144753,41.716026,41.065526,-3.003938,1.995121,-1.571123,0.000000,0.000000,0.000000,0.000000,0.000000,0.000000
1778249149.074530,0.664468,0.270110,0.957196,10.0000,0.0000,0.0000,0.042400,0.000000,0.000000,0.060000,0.000000,0.000000,0.683698,0.270460,0.962239,0.083636,0.001056,0.015132,0.144753,41.716026,41.065526,-3.003938,1.995122,-1.571115,0.000000,0.000000,0.000000,0.000000,0.000000,0.000000
1778249149.084488,0.664805,0.270108,0.957142,10.0000,0.0000,0.0000,0.043600,0.000000,0.000000,0.060000,0.000000,0.000000,0.684898,0.270460,0.962239,0.083628,0.001049,0.015172,0.144800,41.671975,41.018159,-3.003938,1.995118,-1.571110,0.000000,0.000000,0.000000,0.000000,0.000000,0.000000
1778249149.094648,0.665145,0.270104,0.957090,10.0000,0.0000,0.0000,0.044200,0.000000,0.000000,0.060000,0.000000,0.000000,0.685498,0.270460,0.962239,0.083626,0.001049,0.015186,0.144822,41.739138,41.085738,-3.003938,1.995118,-1.571106,0.000000,0.000000,0.000000,0.000000,0.000000,0.000000
1778249149.103903,0.665566,0.270098,0.957025,10.0000,0.0000,0.0000,0.044800,0.000000,0.000000,0.060000,0.000000,0.000000,0.686098,0.270460,0.962239,0.083609,0.001060,0.015277,0.144855,41.698803,41.045828,-3.003939,1.995116,-1.571103,0.000000,0.000000,0.000000,0.000000,0.000000,0.000000
1778249149.114040,0.665819,0.270095,0.956986,10.0000,0.0000,0.0000,0.045400,0.000000,0.000000,0.060000,0.000000,0.000000,0.686698,0.270460,0.962239,0.083622,0.001057,0.015208,0.144871,41.758105,41.104209,-3.003939,1.995115,-1.571100,0.000000,0.000000,0.000000,0.000000,0.000000,0.000000
1778249149.124068,0.666239,0.270091,0.956922,10.0000,0.0000,0.0000,0.046000,0.000000,0.000000,0.060000,0.000000,0.000000,0.687298,0.270460,0.962239,0.083606,0.001063,0.015295,0.144900,41.757459,41.103243,-3.003939,1.995117,-1.571094,0.000000,0.000000,0.000000,0.000000,0.000000,0.000000
1778249149.134070,0.666574,0.270090,0.956870,10.0000,0.0000,0.0000,0.046600,0.000000,0.000000,0.060000,0.000000,0.000000,0.687898,0.270460,0.962239,0.083604,0.001056,0.015306,0.144925,41.734660,41.078300,-3.003939,1.995112,-1.571093,0.000000,0.000000,0.000000,0.000000,0.000000,0.000000
1778249149.144306,0.666908,0.270086,0.956818,10.0000,0.0000,0.0000,0.047200,0.000000,0.000000,0.060000,0.000000,0.000000,0.688498,0.270460,0.962239,0.083602,0.001058,0.015315,0.144948,41.765915,41.111188,-3.003940,1.995113,-1.571090,0.000000,0.000000,0.000000,0.000000,0.000000,0.000000
1778249149.154251,0.667243,0.270083,0.956766,10.0000,0.0000,0.0000,0.047800,0.000000,0.000000,0.060000,0.000000,0.000000,0.689098,0.270460,0.962239,0.083600,0.001056,0.015325,0.144969,41.813436,41.158446,-3.003940,1.995113,-1.571087,0.000000,0.000000,0.000000,0.000000,0.000000,0.000000
1778249149.164425,0.667579,0.270080,0.956714,10.0000,0.0000,0.0000,0.047800,0.000000,0.000000,0.060000,0.000000,0.000000,0.689098,0.270460,0.962239,0.083600,0.001056,0.015325,0.144969,41.813436,41.158446,-3.003941,1.995111,-1.571085,0.000000,0.000000,0.000000,0.000000,0.000000,0.000000
1778249149.174727,0.667916,0.270075,0.956661,10.0000,0.0000,0.0000,0.049000,0.000000,0.000000,0.060000,0.000000,0.000000,0.690298,0.270460,0.962239,0.083596,0.001061,0.015347,0.145010,41.834282,41.177322,-3.003942,1.995110,-1.571082,0.000000,0.000000,0.000000,0.000000,0.000000,0.000000
1778249149.184240,0.668251,0.270071,0.956611,10.0000,0.0000,0.0000,0.049600,0.000000,0.000000,0.060000,0.000000,0.000000,0.690898,0.270460,0.962239,0.083596,0.001063,0.015351,0.145028,41.771468,41.112634,-3.003942,1.995111,-1.571079,0.000000,0.000000,0.000000,0.000000,0.000000,0.000000
1778249149.194133,0.668587,0.270074,0.956558,10.0000,0.0000,0.0000,0.050200,0.000000,0.000000,0.060000,0.000000,0.000000,0.691498,0.270460,0.962239,0.083594,0.001044,0.015361,0.145047,41.786869,41.128115,-3.003943,1.995114,-1.571083,0.000000,0.000000,0.000000,0.000000,0.000000,0.000000
1778249149.204032,0.669001,0.270074,0.956496,10.0000,0.0000,0.0000,0.050800,0.000000,0.000000,0.060000,0.000000,0.000000,0.692098,0.270460,0.962239,0.083581,0.001038,0.015434,0.145074,41.812334,41.155462,-3.003943,1.995117,-1.571089,0.000000,0.000000,0.000000,0.000000,0.000000,0.000000
1778249149.214239,0.669330,0.270071,0.956449,10.0000,0.0000,0.0000,0.051400,0.000000,0.000000,0.060000,0.000000,0.000000,0.692698,0.270460,0.962239,0.083582,0.001037,0.015427,0.145096,41.800341,41.143137,-3.003943,1.995118,-1.571092,0.000000,0.000000,0.000000,0.000000,0.000000,0.000000
1778249149.224630,0.669659,0.270070,0.956398,10.0000,0.0000,0.0000,0.052000,0.000000,0.000000,0.060000,0.000000,0.000000,0.693298,0.270460,0.962239,0.083581,0.001032,0.015430,0.145116,41.816720,41.156902,-3.003943,1.995115,-1.571094,0.000000,0.000000,0.000000,0.000000,0.000000,0.000000
1778249149.234217,0.669993,0.270061,0.956345,10.0000,0.0000,0.0000,0.052600,0.000000,0.000000,0.060000,0.000000,0.000000,0.693898,0.270460,0.962239,0.083580,0.001046,0.015439,0.145135,41.824896,41.165425,-3.003944,1.995117,-1.571088,0.000000,0.000000,0.000000,0.000000,0.000000,0.000000
1778249149.244454,0.670319,0.270061,0.956293,10.0000,0.0000,0.0000,0.053200,0.000000,0.000000,0.060000,0.000000,0.000000,0.694498,0.270460,0.962239,0.083579,0.001036,0.015443,0.145153,41.908125,41.249630,-3.003944,1.995118,-1.571089,0.000000,0.000000,0.000000,0.000000,0.000000,0.000000
1778249149.254211,0.670651,0.270053,0.956241,10.0000,0.0000,0.0000,0.053800,0.000000,0.000000,0.060000,0.000000,0.000000,0.695098,0.270460,0.962239,0.083578,0.001049,0.015448,0.145170,41.881573,41.220135,-3.003944,1.995118,-1.571091,0.000000,0.000000,0.000000,0.000000,0.000000,0.000000
1778249149.264258,0.670982,0.270044,0.956190,10.0000,0.0000,0.0000,0.054400,0.000000,0.000000,0.060000,0.000000,0.000000,0.695698,0.270460,0.962239,0.083577,0.001062,0.015450,0.145186,41.913471,41.253603,-3.003944,1.995119,-1.571089,0.000000,0.000000,0.000000,0.000000,0.000000,0.000000
1778249149.274523,0.671312,0.270039,0.956141,10.0000,0.0000,0.0000,0.055000,0.000000,0.000000,0.060000,0.000000,0.000000,0.696298,0.270460,0.962239,0.083577,0.001068,0.015450,0.145201,41.872639,41.211712,-3.003944,1.995117,-1.571092,0.000000,0.000000,0.000000,0.000000,0.000000,0.000000
1778249149.284173,0.671643,0.270033,0.956090,10.0000,0.0000,0.0000,0.055600,0.000000,0.000000,0.060000,0.000000,0.000000,0.696898,0.270460,0.962239,0.083577,0.001074,0.015451,0.145216,41.897288,41.235305,-3.003944,1.995117,-1.571089,0.000000,0.000000,0.000000,0.000000,0.000000,0.000000
1778249149.294214,0.671972,0.270030,0.956039,10.0000,0.0000,0.0000,0.056200,0.000000,0.000000,0.060000,0.000000,0.000000,0.697498,0.270460,0.962239,0.083576,0.001072,0.015455,0.145231,41.937056,41.275508,-3.003944,1.995117,-1.571088,0.000000,0.000000,0.000000,0.000000,0.000000,0.000000
1778249149.304380,0.672303,0.270026,0.955989,10.0000,0.0000,0.0000,0.056800,0.000000,0.000000,0.060000,0.000000,0.000000,0.698098,0.270460,0.962239,0.083576,0.001073,0.015455,0.145246,41.879318,41.215386,-3.003944,1.995117,-1.571090,0.000000,0.000000,0.000000,0.000000,0.000000,0.000000
1778249149.314503,0.672632,0.270021,0.955934,10.0000,0.0000,0.0000,0.057400,0.000000,0.000000,0.060000,0.000000,0.000000,0.698698,0.270460,0.962239,0.083574,0.001077,0.015466,0.145261,41.933542,41.269647,-3.003944,1.995115,-1.571089,0.000000,0.000000,0.000000,0.000000,0.000000,0.000000
1778249149.324596,0.672966,0.270013,0.955884,10.0000,0.0000,0.0000,0.058000,0.000000,0.000000,0.060000,0.000000,0.000000,0.699298,0.270460,0.962239,0.083574,0.001089,0.015468,0.145276,41.912588,41.249275,-3.003944,1.995118,-1.571087,0.000000,0.000000,0.000000,0.000000,0.000000,0.000000
1778249149.334421,0.673294,0.270005,0.955832,10.0000,0.0000,0.0000,0.058600,0.000000,0.000000,0.060000,0.000000,0.000000,0.699898,0.270460,0.962239,0.083573,0.001099,0.015472,0.145291,41.983785,41.320360,-3.003944,1.995115,-1.571085,0.000000,0.000000,0.000000,0.000000,0.000000,0.000000
1778249149.344478,0.673625,0.270000,0.955783,10.0000,0.0000,0.0000,0.059200,0.000000,0.000000,0.060000,0.000000,0.000000,0.700498,0.270460,0.962239,0.083573,0.001102,0.015470,0.145306,41.956748,41.291879,-3.003944,1.995121,-1.571087,0.000000,0.000000,0.000000,0.000000,0.000000,0.000000
1778249149.354388,0.673948,0.269995,0.955732,10.0000,0.0000,0.0000,0.059800,0.000000,0.000000,0.060000,0.000000,0.000000,0.701098,0.270460,0.962239,0.083573,0.001106,0.015470,0.145320,41.943017,41.280329,-3.003944,1.995113,-1.571083,0.000000,0.000000,0.000000,0.000000,0.000000,0.000000
1778249149.364031,0.674279,0.269997,0.955682,10.0000,0.0000,0.0000,0.060400,0.000000,0.000000,0.060000,0.000000,0.000000,0.701698,0.270460,0.962239,0.083573,0.001094,0.015471,0.145333,42.019973,41.352496,-3.003944,1.995119,-1.571087,0.000000,0.000000,0.000000,0.000000,0.000000,0.000000
1778249149.374356,0.674610,0.270000,0.955626,10.0000,0.0000,0.0000,0.061000,0.000000,0.000000,0.060000,0.000000,0.000000,0.702298,0.270460,0.962239,0.083571,0.001078,0.015483,0.145348,42.002272,41.335275,-3.003944,1.995118,-1.571087,0.000000,0.000000,0.000000,0.000000,0.000000,0.000000
1778249149.384437,0.674937,0.269998,0.955578,10.0000,0.0000,0.0000,0.061600,0.000000,0.000000,0.060000,0.000000,0.000000,0.702898,0.270460,0.962239,0.083572,0.001074,0.015479,0.145362,41.932898,41.267721,-3.003944,1.995120,-1.571088,0.000000,0.000000,0.000000,0.000000,0.000000,0.000000
1778249149.394249,0.675259,0.269993,0.955528,10.0000,0.0000,0.0000,0.062200,0.000000,0.000000,0.060000,0.000000,0.000000,0.703498,0.270460,0.962239,0.083573,0.001077,0.015474,0.145375,41.977608,41.312109,-3.003945,1.995115,-1.571089,0.000000,0.000000,0.000000,0.000000,0.000000,0.000000
1778249149.404207,0.675583,0.269984,0.955484,10.0000,0.0000,0.0000,0.062800,0.000000,0.000000,0.060000,0.000000,0.000000,0.704098,0.270460,0.962239,0.083575,0.001089,0.015461,0.145386,41.977054,41.311688,-3.003945,1.995118,-1.571088,0.000000,0.000000,0.000000,0.000000,0.000000,0.000000
1778249149.413941,0.675992,0.269976,0.955420,10.0000,0.0000,0.0000,0.063400,0.000000,0.000000,0.060000,0.000000,0.000000,0.704698,0.270460,0.962239,0.083563,0.001102,0.015522,0.145407,42.024646,41.356699,-3.003945,1.995116,-1.571087,0.000000,0.000000,0.000000,0.000000,0.000000,0.000000
1778249149.423969,0.676319,0.269975,0.955369,10.0000,0.0000,0.0000,0.064000,0.000000,0.000000,0.060000,0.000000,0.000000,0.705298,0.270460,0.962239,0.083563,0.001097,0.015523,0.145425,42.031024,41.362157,-3.003944,1.995119,-1.571089,0.000000,0.000000,0.000000,0.000000,0.000000,0.000000
1778249149.434277,0.676640,0.269973,0.955317,10.0000,0.0000,0.0000,0.064600,0.000000,0.000000,0.060000,0.000000,0.000000,0.705898,0.270460,0.962239,0.083563,0.001094,0.015523,0.145441,42.009859,41.341784,-3.003945,1.995114,-1.571090,0.000000,0.000000,0.000000,0.000000,0.000000,0.000000
1778249149.444155,0.676970,0.269971,0.955260,10.0000,0.0000,0.0000,0.065200,0.000000,0.000000,0.060000,0.000000,0.000000,0.706498,0.270460,0.962239,0.083561,0.001089,0.015537,0.145458,42.143068,41.473178,-3.003944,1.995119,-1.571085,0.000000,0.000000,0.000000,0.000000,0.000000,0.000000
1778249149.454410,0.677295,0.269964,0.955213,10.0000,0.0000,0.0000,0.065800,0.000000,0.000000,0.060000,0.000000,0.000000,0.707098,0.270460,0.962239,0.083562,0.001096,0.015529,0.145473,42.025296,41.356211,-3.003945,1.995119,-1.571089,0.000000,0.000000,0.000000,0.000000,0.000000,0.000000
1778249149.464299,0.677617,0.269955,0.955164,10.0000,0.0000,0.0000,0.066400,0.000000,0.000000,0.060000,0.000000,0.000000,0.707698,0.270460,0.962239,0.083563,0.001108,0.015524,0.145486,42.054082,41.384474,-3.003945,1.995114,-1.571085,0.000000,0.000000,0.000000,0.000000,0.000000,0.000000
1778249149.474478,0.677942,0.269953,0.955115,10.0000,0.0000,0.0000,0.067000,0.000000,0.000000,0.060000,0.000000,0.000000,0.708298,0.270460,0.962239,0.083564,0.001105,0.015519,0.145498,42.126926,41.457852,-3.003945,1.995121,-1.571086,0.000000,0.000000,0.000000,0.000000,0.000000,0.000000
1778249149.484695,0.678267,0.269952,0.955064,10.0000,0.0000,0.0000,0.067600,0.000000,0.000000,0.060000,0.000000,0.000000,0.708898,0.270460,0.962239,0.083564,0.001100,0.015519,0.145511,42.087850,41.414564,-3.003945,1.995120,-1.571086,0.000000,0.000000,0.000000,0.000000,0.000000,0.000000
1778249149.494195,0.678596,0.269947,0.955012,10.0000,0.0000,0.0000,0.068200,0.000000,0.000000,0.060000,0.000000,0.000000,0.709498,0.270460,0.962239,0.083563,0.001103,0.015522,0.145524,42.067073,41.396274,-3.003945,1.995117,-1.571086,0.000000,0.000000,0.000000,0.000000,0.000000,0.000000
1778249149.504711,0.678920,0.269941,0.954966,10.0000,0.0000,0.0000,0.068800,0.000000,0.000000,0.060000,0.000000,0.000000,0.710098,0.270460,0.962239,0.083565,0.001107,0.015513,0.145535,42.071793,41.400851,-3.003945,1.995117,-1.571085,0.000000,0.000000,0.000000,0.000000,0.000000,0.000000
1778249149.514446,0.679239,0.269933,0.954918,10.0000,0.0000,0.0000,0.069400,0.000000,0.000000,0.060000,0.000000,0.000000,0.710698,0.270460,0.962239,0.083567,0.001117,0.015504,0.145546,42.085128,41.415604,-3.003945,1.995117,-1.571086,0.000000,0.000000,0.000000,0.000000,0.000000,0.000000
1778249149.524414,0.679562,0.269928,0.954865,10.0000,0.0000,0.0000,0.069400,0.000000,0.000000,0.060000,0.000000,0.000000,0.710698,0.270460,0.962239,0.083567,0.001117,0.015504,0.145546,42.085128,41.415604,-3.003945,1.995115,-1.571084,0.000000,0.000000,0.000000,0.000000,0.000000,0.000000
1778249149.534509,0.679884,0.269925,0.954816,10.0000,0.0000,0.0000,0.070600,0.000000,0.000000,0.060000,0.000000,0.000000,0.711898,0.270460,0.962239,0.083567,0.001118,0.015501,0.145568,42.160076,41.488155,-3.003945,1.995118,-1.571086,0.000000,0.000000,0.000000,0.000000,0.000000,0.000000
1778249149.544409,0.680207,0.269923,0.954765,10.0000,0.0000,0.0000,0.070600,0.000000,0.000000,0.060000,0.000000,0.000000,0.711898,0.270460,0.962239,0.083567,0.001118,0.015501,0.145568,42.160076,41.488155,-3.003945,1.995118,-1.571087,0.000000,0.000000,0.000000,0.000000,0.000000,0.000000
1778249149.554181,0.680529,0.269918,0.954719,10.0000,0.0000,0.0000,0.071800,0.000000,0.000000,0.060000,0.000000,0.000000,0.713098,0.270460,0.962239,0.083569,0.001117,0.015490,0.145590,42.106644,41.433343,-3.003945,1.995118,-1.571086,0.000000,0.000000,0.000000,0.000000,0.000000,0.000000
1778249149.564548,0.680852,0.269913,0.954669,10.0000,0.0000,0.0000,0.072400,0.000000,0.000000,0.060000,0.000000,0.000000,0.713698,0.270460,0.962239,0.083570,0.001119,0.015487,0.145600,42.137615,41.463270,-3.003945,1.995117,-1.571086,0.000000,0.000000,0.000000,0.000000,0.000000,0.000000
1778249149.574376,0.681179,0.269905,0.954615,10.0000,0.0000,0.0000,0.073000,0.000000,0.000000,0.060000,0.000000,0.000000,0.714298,0.270460,0.962239,0.083568,0.001127,0.015494,0.145612,42.180435,41.504241,-3.003945,1.995116,-1.571086,0.000000,0.000000,0.000000,0.000000,0.000000,0.000000
1778249149.584337,0.681503,0.269899,0.954564,10.0000,0.0000,0.0000,0.073600,0.000000,0.000000,0.060000,0.000000,0.000000,0.714898,0.270460,0.962239,0.083569,0.001133,0.015492,0.145624,42.165195,41.490927,-3.003945,1.995118,-1.571083,0.000000,0.000000,0.000000,0.000000,0.000000,0.000000
1778249149.594195,0.681819,0.269899,0.954517,10.0000,0.0000,0.0000,0.074200,0.000000,0.000000,0.060000,0.000000,0.000000,0.715498,0.270460,0.962239,0.083570,0.001126,0.015483,0.145634,42.171310,41.497367,-3.003945,1.995118,-1.571085,0.000000,0.000000,0.000000,0.000000,0.000000,0.000000
1778249149.604136,0.682140,0.269894,0.954466,10.0000,0.0000,0.0000,0.074800,0.000000,0.000000,0.060000,0.000000,0.000000,0.716098,0.270460,0.962239,0.083571,0.001128,0.015480,0.145645,42.187976,41.512213,-3.003945,1.995118,-1.571084,0.000000,0.000000,0.000000,0.000000,0.000000,0.000000
1778249149.614322,0.682460,0.269893,0.954413,10.0000,0.0000,0.0000,0.075400,0.000000,0.000000,0.060000,0.000000,0.000000,0.716698,0.270460,0.962239,0.083570,0.001122,0.015483,0.145657,42.189367,41.512038,-3.003945,1.995115,-1.571085,0.000000,0.000000,0.000000,0.000000,0.000000,0.000000
1778249149.624410,0.682782,0.269887,0.954360,10.0000,0.0000,0.0000,0.076000,0.000000,0.000000,0.060000,0.000000,0.000000,0.717298,0.270460,0.962239,0.083570,0.001127,0.015487,0.145669,42.199831,41.525130,-3.003945,1.995115,-1.571084,0.000000,0.000000,0.000000,0.000000,0.000000,0.000000
1778249149.634407,0.683106,0.269881,0.954311,10.0000,0.0000,0.0000,0.076000,0.000000,0.000000,0.060000,0.000000,0.000000,0.717298,0.270460,0.962239,0.083570,0.001127,0.015487,0.145669,42.199831,41.525130,-3.003945,1.995121,-1.571087,0.000000,0.000000,0.000000,0.000000,0.000000,0.000000
1778249149.644344,0.683422,0.269875,0.954259,10.0000,0.0000,0.0000,0.077200,0.000000,0.000000,0.060000,0.000000,0.000000,0.718498,0.270460,0.962239,0.083571,0.001136,0.015481,0.145691,42.171592,41.495975,-3.003945,1.995116,-1.571086,0.000000,0.000000,0.000000,0.000000,0.000000,0.000000
1778249149.654376,0.683738,0.269874,0.954209,10.0000,0.0000,0.0000,0.077800,0.000000,0.000000,0.060000,0.000000,0.000000,0.719098,0.270460,0.962239,0.083572,0.001130,0.015476,0.145702,42.303319,41.626826,-3.003945,1.995116,-1.571087,0.000000,0.000000,0.000000,0.000000,0.000000,0.000000
1778249149.664408,0.684060,0.269870,0.954158,10.0000,0.0000,0.0000,0.078400,0.000000,0.000000,0.060000,0.000000,0.000000,0.719698,0.270460,0.962239,0.083572,0.001129,0.015475,0.145713,42.237566,41.558708,-3.003945,1.995119,-1.571083,0.000000,0.000000,0.000000,0.000000,0.000000,0.000000
1778249149.674466,0.684376,0.269870,0.954105,10.0000,0.0000,0.0000,0.079000,0.000000,0.000000,0.060000,0.000000,0.000000,0.720298,0.270460,0.962239,0.083572,0.001122,0.015476,0.145724,42.234877,41.558279,-3.003946,1.995115,-1.571089,0.000000,0.000000,0.000000,0.000000,0.000000,0.000000
1778249149.684389,0.684700,0.269857,0.954055,10.0000,0.0000,0.0000,0.079600,0.000000,0.000000,0.060000,0.000000,0.000000,0.720898,0.270460,0.962239,0.083572,0.001140,0.015474,0.145735,42.252423,41.573080,-3.003946,1.995118,-1.571086,0.000000,0.000000,0.000000,0.000000,0.000000,0.000000
1778249149.694491,0.685018,0.269850,0.954005,10.0000,0.0000,0.0000,0.080200,0.000000,0.000000,0.060000,0.000000,0.000000,0.721498,0.270460,0.962239,0.083573,0.001146,0.015469,0.145746,42.230193,41.552085,-3.003946,1.995117,-1.571087,0.000000,0.000000,0.000000,0.000000,0.000000,0.000000
1778249149.704401,0.685332,0.269843,0.953955,10.0000,0.0000,0.0000,0.080800,0.000000,0.000000,0.060000,0.000000,0.000000,0.722098,0.270460,0.962239,0.083574,0.001151,0.015464,0.145756,42.300846,41.622726,-3.003945,1.995114,-1.571086,0.000000,0.000000,0.000000,0.000000,0.000000,0.000000
1778249149.714454,0.685655,0.269841,0.953903,10.0000,0.0000,0.0000,0.081400,0.000000,0.000000,0.060000,0.000000,0.000000,0.722698,0.270460,0.962239,0.083573,0.001148,0.015466,0.145767,42.312171,41.629295,-3.003945,1.995120,-1.571085,0.000000,0.000000,0.000000,0.000000,0.000000,0.000000
1778249149.724571,0.685974,0.269836,0.953847,10.0000,0.0000,0.0000,0.082000,0.000000,0.000000,0.060000,0.000000,0.000000,0.723298,0.270460,0.962239,0.083572,0.001151,0.015472,0.145779,42.302283,41.621694,-3.003945,1.995115,-1.571082,0.000000,0.000000,0.000000,0.000000,0.000000,0.000000
1778249149.734429,0.686293,0.269831,0.953797,10.0000,0.0000,0.0000,0.082600,0.000000,0.000000,0.060000,0.000000,0.000000,0.723898,0.270460,0.962239,0.083573,0.001153,0.015469,0.145790,42.325698,41.645334,-3.003945,1.995119,-1.571083,0.000000,0.000000,0.000000,0.000000,0.000000,0.000000
1778249149.744425,0.686610,0.269828,0.953746,10.0000,0.0000,0.0000,0.083200,0.000000,0.000000,0.060000,0.000000,0.000000,0.724498,0.270460,0.962239,0.083573,0.001152,0.015467,0.145801,42.269211,41.587281,-3.003945,1.995120,-1.571082,0.000000,0.000000,0.000000,0.000000,0.000000,0.000000
1778249149.754465,0.686923,0.269824,0.953693,10.0000,0.0000,0.0000,0.083800,0.000000,0.000000,0.060000,0.000000,0.000000,0.725098,0.270460,0.962239,0.083573,0.001151,0.015467,0.145812,42.344558,41.664541,-3.003945,1.995114,-1.571083,0.000000,0.000000,0.000000,0.000000,0.000000,0.000000
1778249149.764449,0.687239,0.269820,0.953646,10.0000,0.0000,0.0000,0.084400,0.000000,0.000000,0.060000,0.000000,0.000000,0.725698,0.270460,0.962239,0.083575,0.001151,0.015456,0.145822,42.312337,41.629963,-3.003945,1.995119,-1.571086,0.000000,0.000000,0.000000,0.000000,0.000000,0.000000
1778249149.773938,0.687555,0.269813,0.953593,10.0000,0.0000,0.0000,0.085000,0.000000,0.000000,0.060000,0.000000,0.000000,0.726298,0.270460,0.962239,0.083575,0.001157,0.015458,0.145832,42.367883,41.685759,-3.003945,1.995114,-1.571085,0.000000,0.000000,0.000000,0.000000,0.000000,0.000000
1778249149.783905,0.687955,0.269808,0.953527,10.0000,0.0000,0.0000,0.085600,0.000000,0.000000,0.060000,0.000000,0.000000,0.726898,0.270460,0.962239,0.083565,0.001161,0.015508,0.145850,42.393402,41.709172,-3.003945,1.995119,-1.571082,0.000000,0.000000,0.000000,0.000000,0.000000,0.000000
1778249149.794361,0.688188,0.269806,0.953487,10.0000,0.0000,0.0000,0.086200,0.000000,0.000000,0.060000,0.000000,0.000000,0.727498,0.270460,0.962239,0.083574,0.001155,0.015460,0.145858,42.337708,41.655696,-3.003945,1.995115,-1.571084,0.000000,0.000000,0.000000,0.000000,0.000000,0.000000
1778249149.804662,0.688506,0.269801,0.953435,10.0000,0.0000,0.0000,0.086200,0.000000,0.000000,0.060000,0.000000,0.000000,0.727498,0.270460,0.962239,0.083574,0.001155,0.015460,0.145858,42.337708,41.655696,-3.003945,1.995116,-1.571085,0.000000,0.000000,0.000000,0.000000,0.000000,0.000000
1778249149.814568,0.688826,0.269797,0.953382,10.0000,0.0000,0.0000,0.087400,0.000000,0.000000,0.060000,0.000000,0.000000,0.728698,0.270460,0.962239,0.083574,0.001158,0.015461,0.145878,42.379353,41.692689,-3.003945,1.995117,-1.571086,0.000000,0.000000,0.000000,0.000000,0.000000,0.000000
1778249149.825298,0.689142,0.269787,0.953330,10.0000,0.0000,0.0000,0.087400,0.000000,0.000000,0.060000,0.000000,0.000000,0.728698,0.270460,0.962239,0.083574,0.001158,0.015461,0.145878,42.379353,41.692689,-3.003945,1.995115,-1.571082,0.000000,0.000000,0.000000,0.000000,0.000000,0.000000
1778249149.834354,0.689457,0.269780,0.953282,10.0000,0.0000,0.0000,0.088600,0.000000,0.000000,0.060000,0.000000,0.000000,0.729898,0.270460,0.962239,0.083575,0.001173,0.015453,0.145898,42.388187,41.702839,-3.003945,1.995119,-1.571082,0.000000,0.000000,0.000000,0.000000,0.000000,0.000000
1778249149.844069,0.689850,0.269777,0.953214,10.0000,0.0000,0.0000,0.089200,0.000000,0.000000,0.060000,0.000000,0.000000,0.730498,0.270460,0.962239,0.083566,0.001174,0.015502,0.145914,42.387390,41.700545,-3.003945,1.995114,-1.571083,0.000000,0.000000,0.000000,0.000000,0.000000,0.000000
1778249149.854154,0.690164,0.269772,0.953160,10.0000,0.0000,0.0000,0.089200,0.000000,0.000000,0.060000,0.000000,0.000000,0.730498,0.270460,0.962239,0.083566,0.001174,0.015502,0.145914,42.387390,41.700545,-3.003945,1.995118,-1.571080,0.000000,0.000000,0.000000,0.000000,0.000000,0.000000
1778249149.864489,0.690480,0.269767,0.953110,10.0000,0.0000,0.0000,0.090400,0.000000,0.000000,0.060000,0.000000,0.000000,0.731698,0.270460,0.962239,0.083567,0.001177,0.015499,0.145942,42.443745,41.756077,-3.003945,1.995120,-1.571081,0.000000,0.000000,0.000000,0.000000,0.000000,0.000000
1778249149.874325,0.690794,0.269760,0.953058,10.0000,0.0000,0.0000,0.090400,0.000000,0.000000,0.060000,0.000000,0.000000,0.731698,0.270460,0.962239,0.083567,0.001177,0.015499,0.145942,42.443745,41.756077,-3.003945,1.995115,-1.571078,0.000000,0.000000,0.000000,0.000000,0.000000,0.000000
1778249149.884368,0.691109,0.269759,0.953009,10.0000,0.0000,0.0000,0.091600,0.000000,0.000000,0.060000,0.000000,0.000000,0.732898,0.270460,0.962239,0.083568,0.001177,0.015491,0.145965,42.455544,41.768089,-3.003945,1.995119,-1.571082,0.000000,0.000000,0.000000,0.000000,0.000000,0.000000
1778249149.894403,0.691420,0.269752,0.952959,10.0000,0.0000,0.0000,0.091600,0.000000,0.000000,0.060000,0.000000,0.000000,0.732898,0.270460,0.962239,0.083568,0.001177,0.015491,0.145965,42.455544,41.768089,-3.003945,1.995119,-1.571079,0.000000,0.000000,0.000000,0.000000,0.000000,0.000000
1778249149.904414,0.691729,0.269752,0.952910,10.0000,0.0000,0.0000,0.092800,0.000000,0.000000,0.060000,0.000000,0.000000,0.734098,0.270460,0.962239,0.083571,0.001175,0.015477,0.145984,42.462609,41.776207,-3.003945,1.995118,-1.571081,0.000000,0.000000,0.000000,0.000000,0.000000,0.000000
1778249149.914207,0.692039,0.269746,0.952861,10.0000,0.0000,0.0000,0.093400,0.000000,0.000000,0.060000,0.000000,0.000000,0.734698,0.270460,0.962239,0.083572,0.001179,0.015470,0.145993,42.461831,41.774632,-3.003945,1.995118,-1.571079,0.000000,0.000000,0.000000,0.000000,0.000000,0.000000
1778249149.924253,0.692350,0.269743,0.952808,10.0000,0.0000,0.0000,0.094000,0.000000,0.000000,0.060000,0.000000,0.000000,0.735298,0.270460,0.962239,0.083572,0.001176,0.015468,0.146002,42.523430,41.835322,-3.003946,1.995118,-1.571078,0.000000,0.000000,0.000000,0.000000,0.000000,0.000000
1778249149.934502,0.692667,0.269738,0.952755,10.0000,0.0000,0.0000,0.094000,0.000000,0.000000,0.060000,0.000000,0.000000,0.735298,0.270460,0.962239,0.083572,0.001176,0.015468,0.146002,42.523430,41.835322,-3.003946,1.995118,-1.571080,0.000000,0.000000,0.000000,0.000000,0.000000,0.000000
1778249149.944337,0.692979,0.269730,0.952705,10.0000,0.0000,0.0000,0.095200,0.000000,0.000000,0.060000,0.000000,0.000000,0.736498,0.270460,0.962239,0.083573,0.001184,0.015465,0.146020,42.460959,41.773610,-3.003946,1.995116,-1.571078,0.000000,0.000000,0.000000,0.000000,0.000000,0.000000
1778249149.954398,0.693291,0.269726,0.952654,10.0000,0.0000,0.0000,0.095800,0.000000,0.000000,0.060000,0.000000,0.000000,0.737098,0.270460,0.962239,0.083574,0.001185,0.015462,0.146029,42.527575,41.837488,-3.003946,1.995117,-1.571081,0.000000,0.000000,0.000000,0.000000,0.000000,0.000000
1778249149.964383,0.693606,0.269718,0.952601,10.0000,0.0000,0.0000,0.096400,0.000000,0.000000,0.060000,0.000000,0.000000,0.737698,0.270460,0.962239,0.083573,0.001190,0.015462,0.146039,42.559907,41.869584,-3.003946,1.995117,-1.571076,0.000000,0.000000,0.000000,0.000000,0.000000,0.000000
1778249149.974506,0.693920,0.269717,0.952548,10.0000,0.0000,0.0000,0.097000,0.000000,0.000000,0.060000,0.000000,0.000000,0.738298,0.270460,0.962239,0.083573,0.001185,0.015462,0.146048,42.532781,41.840196,-3.003946,1.995119,-1.571078,0.000000,0.000000,0.000000,0.000000,0.000000,0.000000
1778249149.984932,0.694231,0.269712,0.952496,10.0000,0.0000,0.0000,0.097000,0.000000,0.000000,0.060000,0.000000,0.000000,0.738298,0.270460,0.962239,0.083573,0.001185,0.015462,0.146048,42.532781,41.840196,-3.003946,1.995117,-1.571077,0.000000,0.000000,0.000000,0.000000,0.000000,0.000000
1778249149.994119,0.694542,0.269705,0.952445,10.0000,0.0000,0.0000,0.098200,0.000000,0.000000,0.060000,0.000000,0.000000,0.739498,0.270460,0.962239,0.083575,0.001191,0.015456,0.146067,42.576731,41.887552,-3.003946,1.995116,-1.571074,0.000000,0.000000,0.000000,0.000000,0.000000,0.000000
1778249150.004281,0.694846,0.269705,0.952399,10.0000,0.0000,0.0000,0.098800,0.000000,0.000000,0.060000,0.000000,0.000000,0.740098,0.270460,0.962239,0.083577,0.001185,0.015443,0.146075,42.531027,41.840201,-3.003946,1.995119,-1.571081,0.000000,0.000000,0.000000,0.000000,0.000000,0.000000
1778249150.014217,0.695155,0.269695,0.952352,10.0000,0.0000,0.0000,0.099400,0.000000,0.000000,0.060000,0.000000,0.000000,0.740698,0.270460,0.962239,0.083579,0.001194,0.015433,0.146082,42.500192,41.809568,-3.003946,1.995118,-1.571080,0.000000,0.000000,0.000000,0.000000,0.000000,0.000000
1778249150.024207,0.695463,0.269688,0.952301,10.0000,0.0000,0.0000,0.100000,0.000000,0.000000,0.060000,0.000000,0.000000,0.741298,0.270460,0.962239,0.083580,0.001199,0.015428,0.146089,42.574929,41.882570,-3.003946,1.995116,-1.571079,0.000000,0.000000,0.000000,0.000000,0.000000,0.000000
1778249150.034756,0.695777,0.269690,0.952246,10.0000,0.0000,0.0000,0.100000,0.000000,0.000000,0.060000,0.000000,0.000000,0.741298,0.270460,0.962239,0.083580,0.001199,0.015428,0.146089,42.574929,41.882570,-3.003945,1.995120,-1.571079,0.000000,0.000000,0.000000,0.000000,0.000000,0.000000
1778249150.044738,0.696088,0.269692,0.952189,10.0000,0.0000,0.0000,0.101200,0.000000,0.000000,0.060000,0.000000,0.000000,0.742498,0.270460,0.962239,0.083578,0.001180,0.015438,0.146107,42.581434,41.885861,-3.003945,1.995115,-1.571083,0.000000,0.000000,0.000000,0.000000,0.000000,0.000000
1778249150.054596,0.696400,0.269683,0.952136,10.0000,0.0000,0.0000,0.101800,0.000000,0.000000,0.060000,0.000000,0.000000,0.743098,0.270460,0.962239,0.083578,0.001188,0.015437,0.146117,42.663381,41.970675,-3.003946,1.995118,-1.571076,0.000000,0.000000,0.000000,0.000000,0.000000,0.000000
1778249150.066152,0.696708,0.269678,0.952085,10.0000,0.0000,0.0000,0.102400,0.000000,0.000000,0.060000,0.000000,0.000000,0.743698,0.270460,0.962239,0.083579,0.001189,0.015431,0.146126,42.557130,41.863506,-3.003946,1.995120,-1.571079,0.000000,0.000000,0.000000,0.000000,0.000000,0.000000
1778249150.074172,0.697092,0.269670,0.952023,10.0000,0.0000,0.0000,0.103000,0.000000,0.000000,0.060000,0.000000,0.000000,0.744298,0.270460,0.962239,0.083573,0.001197,0.015464,0.146139,42.553374,41.857810,-3.003946,1.995116,-1.571082,0.000000,0.000000,0.000000,0.000000,0.000000,0.000000
1778249150.084359,0.697398,0.269665,0.951969,10.0000,0.0000,0.0000,0.103600,0.000000,0.000000,0.060000,0.000000,0.000000,0.744898,0.270460,0.962239,0.083573,0.001197,0.015464,0.146152,42.632360,41.938932,-3.003946,1.995115,-1.571079,0.000000,0.000000,0.000000,0.000000,0.000000,0.000000
1778249150.094264,0.697711,0.269658,0.951918,10.0000,0.0000,0.0000,0.104200,0.000000,0.000000,0.060000,0.000000,0.000000,0.745498,0.270460,0.962239,0.083573,0.001202,0.015461,0.146163,42.633678,41.937250,-3.003946,1.995121,-1.571081,0.000000,0.000000,0.000000,0.000000,0.000000,0.000000
1778249150.104197,0.698015,0.269650,0.951865,10.0000,0.0000,0.0000,0.104800,0.000000,0.000000,0.060000,0.000000,0.000000,0.746098,0.270460,0.962239,0.083574,0.001207,0.015458,0.146173,42.614744,41.922340,-3.003946,1.995116,-1.571077,0.000000,0.000000,0.000000,0.000000,0.000000,0.000000
1778249150.114562,0.698320,0.269647,0.951816,10.0000,0.0000,0.0000,0.104800,0.000000,0.000000,0.060000,0.000000,0.000000,0.746098,0.270460,0.962239,0.083574,0.001207,0.015458,0.146173,42.614744,41.922340,-3.003946,1.995119,-1.571079,0.000000,0.000000,0.000000,0.000000,0.000000,0.000000
1778249150.124421,0.698623,0.269641,0.951766,10.0000,0.0000,0.0000,0.106000,0.000000,0.000000,0.060000,0.000000,0.000000,0.747298,0.270460,0.962239,0.083577,0.001207,0.015443,0.146190,42.654550,41.958141,-3.003946,1.995119,-1.571077,0.000000,0.000000,0.000000,0.000000,0.000000,0.000000
1778249150.134680,0.698927,0.269642,0.951711,10.0000,0.0000,0.0000,0.106600,0.000000,0.000000,0.060000,0.000000,0.000000,0.747898,0.270460,0.962239,0.083577,0.001201,0.015444,0.146199,42.692011,41.994906,-3.003946,1.995115,-1.571080,0.000000,0.000000,0.000000,0.000000,0.000000,0.000000
1778249150.145211,0.699242,0.269639,0.951655,10.0000,0.0000,0.0000,0.107200,0.000000,0.000000,0.060000,0.000000,0.000000,0.748498,0.270460,0.962239,0.083576,0.001198,0.015448,0.146208,42.730014,42.030347,-3.003946,1.995120,-1.571080,0.000000,0.000000,0.000000,0.000000,0.000000,0.000000
1778249150.154070,0.699628,0.269631,0.951587,10.0000,0.0000,0.0000,0.107800,0.000000,0.000000,0.060000,0.000000,0.000000,0.749098,0.270460,0.962239,0.083568,0.001206,0.015489,0.146223,42.658695,41.960878,-3.003946,1.995115,-1.571078,0.000000,0.000000,0.000000,0.000000,0.000000,0.000000
1778249150.165385,0.699933,0.269626,0.951535,10.0000,0.0000,0.0000,0.108400,0.000000,0.000000,0.060000,0.000000,0.000000,0.749698,0.270460,0.962239,0.083569,0.001207,0.015485,0.146235,42.708316,42.011545,-3.003946,1.995117,-1.571077,0.000000,0.000000,0.000000,0.000000,0.000000,0.000000
1778249150.174409,0.700238,0.269621,0.951485,10.0000,0.0000,0.0000,0.108400,0.000000,0.000000,0.060000,0.000000,0.000000,0.749698,0.270460,0.962239,0.083569,0.001207,0.015485,0.146235,42.708316,42.011545,-3.003946,1.995120,-1.571077,0.000000,0.000000,0.000000,0.000000,0.000000,0.000000
1778249150.184932,0.700539,0.269621,0.951431,10.0000,0.0000,0.0000,0.109600,0.000000,0.000000,0.060000,0.000000,0.000000,0.750898,0.270460,0.962239,0.083571,0.001202,0.015477,0.146255,42.697708,41.999398,-3.003946,1.995116,-1.571080,0.000000,0.000000,0.000000,0.000000,0.000000,0.000000
1778249150.193941,0.700847,0.269612,0.951378,10.0000,0.0000,0.0000,0.110200,0.000000,0.000000,0.060000,0.000000,0.000000,0.751498,0.270460,0.962239,0.083571,0.001209,0.015474,0.146264,42.748047,42.048186,-3.003946,1.995118,-1.571078,0.000000,0.000000,0.000000,0.000000,0.000000,0.000000
1778249150.203957,0.701231,0.269602,0.951311,10.0000,0.0000,0.0000,0.110800,0.000000,0.000000,0.060000,0.000000,0.000000,0.752098,0.270460,0.962239,0.083564,0.001218,0.015512,0.146278,42.764784,42.064059,-3.003946,1.995118,-1.571074,0.000000,0.000000,0.000000,0.000000,0.000000,0.000000
1778249150.214044,0.701536,0.269602,0.951258,10.0000,0.0000,0.0000,0.111400,0.000000,0.000000,0.060000,0.000000,0.000000,0.752698,0.270460,0.962239,0.083564,0.001213,0.015510,0.146291,42.762567,42.063184,-3.003946,1.995118,-1.571076,0.000000,0.000000,0.000000,0.000000,0.000000,0.000000
1778249150.224553,0.701837,0.269601,0.951208,10.0000,0.0000,0.0000,0.112000,0.000000,0.000000,0.060000,0.000000,0.000000,0.753298,0.270460,0.962239,0.083566,0.001208,0.015502,0.146301,42.734838,42.034619,-3.003946,1.995118,-1.571078,0.000000,0.000000,0.000000,0.000000,0.000000,0.000000
1778249150.234169,0.702139,0.269595,0.951155,10.0000,0.0000,0.0000,0.112600,0.000000,0.000000,0.060000,0.000000,0.000000,0.753898,0.270460,0.962239,0.083566,0.001210,0.015498,0.146310,42.746031,42.045526,-3.003946,1.995115,-1.571077,0.000000,0.000000,0.000000,0.000000,0.000000,0.000000
1778249150.244525,0.702447,0.269586,0.951101,10.0000,0.0000,0.0000,0.112600,0.000000,0.000000,0.060000,0.000000,0.000000,0.753898,0.270460,0.962239,0.083566,0.001210,0.015498,0.146310,42.746031,42.045526,-3.003947,1.995116,-1.571074,0.000000,0.000000,0.000000,0.000000,0.000000,0.000000
1778249150.254336,0.702755,0.269579,0.951048,10.0000,0.0000,0.0000,0.113800,0.000000,0.000000,0.060000,0.000000,0.000000,0.755098,0.270460,0.962239,0.083566,0.001220,0.015498,0.146327,42.730256,42.026605,-3.003947,1.995114,-1.571074,0.000000,0.000000,0.000000,0.000000,0.000000,0.000000
1778249150.264432,0.703056,0.269576,0.950994,10.0000,0.0000,0.0000,0.113800,0.000000,0.000000,0.060000,0.000000,0.000000,0.755098,0.270460,0.962239,0.083566,0.001220,0.015498,0.146327,42.730256,42.026605,-3.003946,1.995115,-1.571077,0.000000,0.000000,0.000000,0.000000,0.000000,0.000000
1778249150.274381,0.703354,0.269575,0.950946,10.0000,0.0000,0.0000,0.115000,0.000000,0.000000,0.060000,0.000000,0.000000,0.756298,0.270460,0.962239,0.083569,0.001214,0.015485,0.146343,42.826331,42.125604,-3.003946,1.995118,-1.571077,0.000000,0.000000,0.000000,0.000000,0.000000,0.000000
1778249150.285296,0.703655,0.269573,0.950897,10.0000,0.0000,0.0000,0.115600,0.000000,0.000000,0.060000,0.000000,0.000000,0.756898,0.270460,0.962239,0.083571,0.001211,0.015476,0.146349,42.753127,42.049569,-3.003946,1.995120,-1.571075,0.000000,0.000000,0.000000,0.000000,0.000000,0.000000
1778249150.294127,0.703957,0.269570,0.950844,10.0000,0.0000,0.0000,0.116200,0.000000,0.000000,0.060000,0.000000,0.000000,0.757498,0.270460,0.962239,0.083571,0.001209,0.015473,0.146356,42.815112,42.112447,-3.003947,1.995114,-1.571079,0.000000,0.000000,0.000000,0.000000,0.000000,0.000000
1778249150.304191,0.704266,0.269561,0.950791,10.0000,0.0000,0.0000,0.116800,0.000000,0.000000,0.060000,0.000000,0.000000,0.758098,0.270460,0.962239,0.083571,0.001215,0.015473,0.146363,42.858995,42.153513,-3.003947,1.995118,-1.571077,0.000000,0.000000,0.000000,0.000000,0.000000,0.000000
1778249150.314016,0.704646,0.269548,0.950726,10.0000,0.0000,0.0000,0.117400,0.000000,0.000000,0.060000,0.000000,0.000000,0.758698,0.270460,0.962239,0.083565,0.001228,0.015504,0.146375,42.832125,42.128589,-3.003947,1.995118,-1.571076,0.000000,0.000000,0.000000,0.000000,0.000000,0.000000
1778249150.324265,0.704949,0.269544,0.950675,10.0000,0.0000,0.0000,0.118000,0.000000,0.000000,0.060000,0.000000,0.000000,0.759298,0.270460,0.962239,0.083566,0.001228,0.015498,0.146384,42.864823,42.159927,-3.003946,1.995121,-1.571075,0.000000,0.000000,0.000000,0.000000,0.000000,0.000000
1778249150.336282,0.705245,0.269544,0.950623,10.0000,0.0000,0.0000,0.118600,0.000000,0.000000,0.060000,0.000000,0.000000,0.759898,0.270460,0.962239,0.083567,0.001222,0.015493,0.146393,42.833579,42.129533,-3.003946,1.995116,-1.571081,0.000000,0.000000,0.000000,0.000000,0.000000,0.000000
1778249150.344085,0.705471,0.269537,0.950585,10.0000,0.0000,0.0000,0.119200,0.000000,0.000000,0.060000,0.000000,0.000000,0.760498,0.270460,0.962239,0.083575,0.001224,0.015453,0.146396,42.856310,42.152762,-3.003946,1.995116,-1.571076,0.000000,0.000000,0.000000,0.000000,0.000000,0.000000
1778249150.355701,0.705770,0.269531,0.950538,10.0000,0.0000,0.0000,0.119200,0.000000,0.000000,0.060000,0.000000,0.000000,0.760498,0.270460,0.962239,0.083575,0.001224,0.015453,0.146396,42.856310,42.152762,-3.003946,1.995119,-1.571077,0.000000,0.000000,0.000000,0.000000,0.000000,0.000000
1778249150.364581,0.706150,0.269530,0.950468,10.0000,0.0000,0.0000,0.120400,0.000000,0.000000,0.060000,0.000000,0.000000,0.761698,0.270460,0.962239,0.083570,0.001223,0.015479,0.146409,42.862333,42.152596,-3.003946,1.995116,-1.571078,0.000000,0.000000,0.000000,0.000000,0.000000,0.000000
1778249150.374435,0.706447,0.269529,0.950413,10.0000,0.0000,0.0000,0.121000,0.000000,0.000000,0.060000,0.000000,0.000000,0.762298,0.270460,0.962239,0.083570,0.001219,0.015477,0.146418,42.838418,42.133438,-3.003947,1.995114,-1.571074,0.000000,0.000000,0.000000,0.000000,0.000000,0.000000
1778249150.384048,0.706745,0.269527,0.950359,10.0000,0.0000,0.0000,0.121600,0.000000,0.000000,0.060000,0.000000,0.000000,0.762898,0.270460,0.962239,0.083571,0.001215,0.015475,0.146426,42.928390,42.222667,-3.003947,1.995117,-1.571077,0.000000,0.000000,0.000000,0.000000,0.000000,0.000000
1778249150.394327,0.707046,0.269519,0.950310,10.0000,0.0000,0.0000,0.122200,0.000000,0.000000,0.060000,0.000000,0.000000,0.763498,0.270460,0.962239,0.083572,0.001220,0.015467,0.146433,42.879513,42.173462,-3.003947,1.995119,-1.571075,0.000000,0.000000,0.000000,0.000000,0.000000,0.000000
1778249150.404743,0.707339,0.269518,0.950257,10.0000,0.0000,0.0000,0.122200,0.000000,0.000000,0.060000,0.000000,0.000000,0.763498,0.270460,0.962239,0.083572,0.001220,0.015467,0.146433,42.879513,42.173462,-3.003947,1.995114,-1.571076,0.000000,0.000000,0.000000,0.000000,0.000000,0.000000
1778249150.414519,0.707642,0.269515,0.950205,10.0000,0.0000,0.0000,0.123400,0.000000,0.000000,0.060000,0.000000,0.000000,0.764698,0.270460,0.962239,0.083574,0.001215,0.015459,0.146446,42.988301,42.279594,-3.003947,1.995120,-1.571075,0.000000,0.000000,0.000000,0.000000,0.000000,0.000000
1778249150.424390,0.707935,0.269516,0.950150,10.0000,0.0000,0.0000,0.124000,0.000000,0.000000,0.060000,0.000000,0.000000,0.765298,0.270460,0.962239,0.083574,0.001207,0.015457,0.146453,42.882576,42.175692,-3.003947,1.995115,-1.571080,0.000000,0.000000,0.000000,0.000000,0.000000,0.000000
1778249150.434133,0.708237,0.269505,0.950098,10.0000,0.0000,0.0000,0.124600,0.000000,0.000000,0.060000,0.000000,0.000000,0.765898,0.270460,0.962239,0.083575,0.001216,0.015452,0.146459,43.004554,42.297218,-3.003947,1.995118,-1.571073,0.000000,0.000000,0.000000,0.000000,0.000000,0.000000
1778249150.444119,0.708531,0.269503,0.950048,10.0000,0.0000,0.0000,0.125200,0.000000,0.000000,0.060000,0.000000,0.000000,0.766498,0.270460,0.962239,0.083576,0.001213,0.015445,0.146465,42.884652,42.176353,-3.003947,1.995118,-1.571077,0.000000,0.000000,0.000000,0.000000,0.000000,0.000000
1778249150.454108,0.708833,0.269500,0.949992,10.0000,0.0000,0.0000,0.125800,0.000000,0.000000,0.060000,0.000000,0.000000,0.767098,0.270460,0.962239,0.083576,0.001211,0.015446,0.146471,43.020890,42.309851,-3.003947,1.995117,-1.571079,0.000000,0.000000,0.000000,0.000000,0.000000,0.000000
1778249150.463836,0.709211,0.269493,0.949926,10.0000,0.0000,0.0000,0.126400,0.000000,0.000000,0.060000,0.000000,0.000000,0.767698,0.270460,0.962239,0.083570,0.001215,0.015476,0.146482,42.941245,42.229420,-3.003947,1.995119,-1.571077,0.000000,0.000000,0.000000,0.000000,0.000000,0.000000
1778249150.474322,0.709430,0.269492,0.949883,10.0000,0.0000,0.0000,0.127000,0.000000,0.000000,0.060000,0.000000,0.000000,0.768298,0.270460,0.962239,0.083577,0.001210,0.015443,0.146487,43.054818,42.347224,-3.003947,1.995115,-1.571076,0.000000,0.000000,0.000000,0.000000,0.000000,0.000000
1778249150.484182,0.709797,0.269485,0.949823,10.0000,0.0000,0.0000,0.127600,0.000000,0.000000,0.060000,0.000000,0.000000,0.768898,0.270460,0.962239,0.083573,0.001215,0.015464,0.146496,42.956171,42.247391,-3.003947,1.995118,-1.571076,0.000000,0.000000,0.000000,0.000000,0.000000,0.000000
1778249150.494082,0.710094,0.269477,0.949773,10.0000,0.0000,0.0000,0.128200,0.000000,0.000000,0.060000,0.000000,0.000000,0.769498,0.270460,0.962239,0.083574,0.001219,0.015456,0.146503,42.990266,42.279722,-3.003947,1.995117,-1.571074,0.000000,0.000000,0.000000,0.000000,0.000000,0.000000
1778249150.504370,0.710393,0.269472,0.949721,10.0000,0.0000,0.0000,0.128800,0.000000,0.000000,0.060000,0.000000,0.000000,0.770098,0.270460,0.962239,0.083575,0.001219,0.015451,0.146510,42.975382,42.263795,-3.003947,1.995120,-1.571073,0.000000,0.000000,0.000000,0.000000,0.000000,0.000000
1778249150.514507,0.710687,0.269476,0.949664,10.0000,0.0000,0.0000,0.128800,0.000000,0.000000,0.060000,0.000000,0.000000,0.770098,0.270460,0.962239,0.083575,0.001219,0.015451,0.146510,42.975382,42.263795,-3.003947,1.995116,-1.571080,0.000000,0.000000,0.000000,0.000000,0.000000,0.000000
1778249150.524791,0.710985,0.269467,0.949613,10.0000,0.0000,0.0000,0.129400,0.000000,0.000000,0.060000,0.000000,0.000000,0.770698,0.270460,0.962239,0.083575,0.001209,0.015452,0.146517,43.037062,42.325657,-3.003947,1.995118,-1.571074,0.000000,0.000000,0.000000,0.000000,0.000000,0.000000
1778249150.534491,0.711280,0.269463,0.949559,10.0000,0.0000,0.0000,0.130600,0.000000,0.000000,0.060000,0.000000,0.000000,0.771898,0.270460,0.962239,0.083576,0.001214,0.015443,0.146529,43.041860,42.329122,-3.003947,1.995116,-1.571077,0.000000,0.000000,0.000000,0.000000,0.000000,0.000000
1778249150.544360,0.711579,0.269457,0.949506,10.0000,0.0000,0.0000,0.131200,0.000000,0.000000,0.060000,0.000000,0.000000,0.772498,0.270460,0.962239,0.083577,0.001217,0.015440,0.146535,43.047133,42.333118,-3.003947,1.995120,-1.571075,0.000000,0.000000,0.000000,0.000000,0.000000,0.000000
1778249150.554006,0.711945,0.269449,0.949440,10.0000,0.0000,0.0000,0.131800,0.000000,0.000000,0.060000,0.000000,0.000000,0.773098,0.270460,0.962239,0.083572,0.001222,0.015466,0.146544,42.996253,42.285009,-3.003947,1.995114,-1.571075,0.000000,0.000000,0.000000,0.000000,0.000000,0.000000
1778249150.564456,0.712238,0.269446,0.949389,10.0000,0.0000,0.0000,0.131800,0.000000,0.000000,0.060000,0.000000,0.000000,0.773098,0.270460,0.962239,0.083572,0.001222,0.015466,0.146544,42.996253,42.285009,-3.003947,1.995117,-1.571077,0.000000,0.000000,0.000000,0.000000,0.000000,0.000000
1778249150.574471,0.712529,0.269442,0.949340,10.0000,0.0000,0.0000,0.133000,0.000000,0.000000,0.060000,0.000000,0.000000,0.774298,0.270460,0.962239,0.083575,0.001219,0.015451,0.146559,42.986778,42.271926,-3.003947,1.995120,-1.571077,0.000000,0.000000,0.000000,0.000000,0.000000,0.000000
1778249150.584209,0.712825,0.269434,0.949282,10.0000,0.0000,0.0000,0.133600,0.000000,0.000000,0.060000,0.000000,0.000000,0.774898,0.270460,0.962239,0.083575,0.001223,0.015453,0.146565,43.116276,42.401836,-3.003947,1.995114,-1.571073,0.000000,0.000000,0.000000,0.000000,0.000000,0.000000
1778249150.594332,0.713196,0.269430,0.949216,10.0000,0.0000,0.0000,0.134200,0.000000,0.000000,0.060000,0.000000,0.000000,0.775498,0.270460,0.962239,0.083570,0.001225,0.015479,0.146575,43.120854,42.406203,-3.003947,1.995121,-1.571076,0.000000,0.000000,0.000000,0.000000,0.000000,0.000000
1778249150.604084,0.713486,0.269425,0.949165,10.0000,0.0000,0.0000,0.134800,0.000000,0.000000,0.060000,0.000000,0.000000,0.776098,0.270460,0.962239,0.083571,0.001225,0.015473,0.146584,43.054455,42.340991,-3.003947,1.995115,-1.571076,0.000000,0.000000,0.000000,0.000000,0.000000,0.000000
1778249150.614335,0.713780,0.269417,0.949113,10.0000,0.0000,0.0000,0.135400,0.000000,0.000000,0.060000,0.000000,0.000000,0.776698,0.270460,0.962239,0.083572,0.001230,0.015468,0.146591,43.123973,42.410128,-3.003947,1.995118,-1.571077,0.000000,0.000000,0.000000,0.000000,0.000000,0.000000
1778249150.624387,0.714073,0.269409,0.949061,10.0000,0.0000,0.0000,0.136000,0.000000,0.000000,0.060000,0.000000,0.000000,0.777298,0.270460,0.962239,0.083573,0.001233,0.015462,0.146597,43.170605,42.455730,-3.003948,1.995117,-1.571075,0.000000,0.000000,0.000000,0.000000,0.000000,0.000000
1778249150.634196,0.714368,0.269408,0.949009,10.0000,0.0000,0.0000,0.136600,0.000000,0.000000,0.060000,0.000000,0.000000,0.777898,0.270460,0.962239,0.083574,0.001230,0.015457,0.146602,43.102820,42.384694,-3.003947,1.995121,-1.571077,0.000000,0.000000,0.000000,0.000000,0.000000,0.000000
1778249150.644140,0.714661,0.269405,0.948953,10.0000,0.0000,0.0000,0.137200,0.000000,0.000000,0.060000,0.000000,0.000000,0.778498,0.270460,0.962239,0.083574,0.001228,0.015456,0.146608,43.140495,42.424166,-3.003947,1.995116,-1.571074,0.000000,0.000000,0.000000,0.000000,0.000000,0.000000
1778249150.654319,0.715027,0.269403,0.948888,10.0000,0.0000,0.0000,0.137800,0.000000,0.000000,0.060000,0.000000,0.000000,0.779098,0.270460,0.962239,0.083569,0.001226,0.015481,0.146617,43.146016,42.430247,-3.003947,1.995118,-1.571075,0.000000,0.000000,0.000000,0.000000,0.000000,0.000000
1778249150.664085,0.715318,0.269393,0.948838,10.0000,0.0000,0.0000,0.138400,0.000000,0.000000,0.060000,0.000000,0.000000,0.779698,0.270460,0.962239,0.083571,0.001232,0.015472,0.146624,43.151998,42.436048,-3.003947,1.995119,-1.571075,0.000000,0.000000,0.000000,0.000000,0.000000,0.000000
1778249150.674485,0.715608,0.269387,0.948789,10.0000,0.0000,0.0000,0.139000,0.000000,0.000000,0.060000,0.000000,0.000000,0.780298,0.270460,0.962239,0.083573,0.001234,0.015463,0.146629,43.098640,42.381182,-3.003948,1.995116,-1.571074,0.000000,0.000000,0.000000,0.000000,0.000000,0.000000
1778249150.684157,0.715900,0.269383,0.948732,10.0000,0.0000,0.0000,0.139600,0.000000,0.000000,0.060000,0.000000,0.000000,0.780898,0.270460,0.962239,0.083573,0.001233,0.015463,0.146635,43.222615,42.505674,-3.003947,1.995116,-1.571074,0.000000,0.000000,0.000000,0.000000,0.000000,0.000000
1778249150.694654,0.716194,0.269377,0.948683,10.0000,0.0000,0.0000,0.140000,0.000000,0.000000,0.000000,0.000000,0.000000,0.781298,0.270460,0.962239,0.083204,0.001384,0.017324,0.146838,43.227126,42.507267,-3.003947,1.995121,-1.571073,0.000000,0.000000,0.000000,0.000000,0.000000,0.000000
1778249150.704379,0.716483,0.269371,0.948630,10.0000,0.0000,0.0000,0.140000,0.000000,0.000000,0.000000,0.000000,0.000000,0.781298,0.270460,0.962239,0.083175,0.001397,0.017463,0.146993,43.186624,42.466853,-3.003947,1.995115,-1.571070,0.000000,0.000000,0.000000,0.000000,0.000000,0.000000
1778249150.715151,0.716777,0.269373,0.948576,10.0000,0.0000,0.0000,0.140000,0.000000,0.000000,0.000000,0.000000,0.000000,0.781298,0.270460,0.962239,0.083175,0.001397,0.017463,0.146993,43.186624,42.466853,-3.003947,1.995116,-1.571075,0.000000,0.000000,0.000000,0.000000,0.000000,0.000000
1778249150.724223,0.717070,0.269369,0.948524,10.0000,0.0000,0.0000,0.140000,0.000000,0.000000,0.000000,0.000000,0.000000,0.781298,0.270460,0.962239,0.083115,0.001412,0.017747,0.147216,43.243922,42.524198,-3.003948,1.995117,-1.571073,0.000000,0.000000,0.000000,0.000000,0.000000,0.000000
1778249150.734040,0.717427,0.269362,0.948471,10.0000,0.0000,0.0000,0.140000,0.000000,0.000000,0.000000,0.000000,0.000000,0.781298,0.270460,0.962239,0.083080,0.001428,0.017908,0.147302,43.226225,42.506929,-3.003948,1.995117,-1.571072,0.000000,0.000000,0.000000,0.000000,0.000000,0.000000
1778249150.745383,0.717642,0.269357,0.948439,10.0000,0.0000,0.0000,0.140000,0.000000,0.000000,0.000000,0.000000,0.000000,0.781298,0.270460,0.962239,0.083059,0.001439,0.018005,0.147372,43.241177,42.520732,-3.003948,1.995119,-1.571074,0.000000,0.000000,0.000000,0.000000,0.000000,0.000000
1778249150.754394,0.717997,0.269356,0.948379,10.0000,0.0000,0.0000,0.140000,0.000000,0.000000,0.000000,0.000000,0.000000,0.781298,0.270460,0.962239,0.083059,0.001439,0.018005,0.147372,43.241177,42.520732,-3.003948,1.995116,-1.571075,0.000000,0.000000,0.000000,0.000000,0.000000,0.000000
1778249150.763910,0.718359,0.269352,0.948320,10.0000,0.0000,0.0000,0.140000,0.000000,0.000000,0.000000,0.000000,0.000000,0.781298,0.270460,0.962239,0.082982,0.001462,0.018351,0.147503,43.286709,42.563445,-3.003948,1.995116,-1.571076,0.000000,0.000000,0.000000,0.000000,0.000000,0.000000
1778249150.774065,0.718646,0.269342,0.948276,10.0000,0.0000,0.0000,0.140000,0.000000,0.000000,0.000000,0.000000,0.000000,0.781298,0.270460,0.962239,0.082952,0.001480,0.018487,0.147562,43.308921,42.587242,-3.003948,1.995117,-1.571071,0.000000,0.000000,0.000000,0.000000,0.000000,0.000000
1778249150.784289,0.718929,0.269341,0.948234,10.0000,0.0000,0.0000,0.140000,0.000000,0.000000,0.000000,0.000000,0.000000,0.781298,0.270460,0.962239,0.082922,0.001488,0.018620,0.147616,43.283154,42.559858,-3.003948,1.995115,-1.571072,0.000000,0.000000,0.000000,0.000000,0.000000,0.000000
1778249150.794177,0.719212,0.269341,0.948186,10.0000,0.0000,0.0000,0.140000,0.000000,0.000000,0.000000,0.000000,0.000000,0.781298,0.270460,0.962239,0.082890,0.001495,0.018761,0.147668,43.389657,42.665672,-3.003948,1.995116,-1.571076,0.000000,0.000000,0.000000,0.000000,0.000000,0.000000
1778249150.804238,0.719500,0.269338,0.948145,10.0000,0.0000,0.0000,0.140000,0.000000,0.000000,0.000000,0.000000,0.000000,0.781298,0.270460,0.962239,0.082859,0.001505,0.018896,0.147717,43.369426,42.643730,-3.003948,1.995122,-1.571072,0.000000,0.000000,0.000000,0.000000,0.000000,0.000000
1778249150.814169,0.719777,0.269335,0.948106,10.0000,0.0000,0.0000,0.140000,0.000000,0.000000,0.000000,0.000000,0.000000,0.781298,0.270460,0.962239,0.082829,0.001515,0.019028,0.147765,43.261328,42.538884,-3.003948,1.995113,-1.571073,0.000000,0.000000,0.000000,0.000000,0.000000,0.000000
1778249150.824465,0.720057,0.269330,0.948069,10.0000,0.0000,0.0000,0.140000,0.000000,0.000000,0.000000,0.000000,0.000000,0.781298,0.270460,0.962239,0.082799,0.001527,0.019157,0.147810,43.408806,42.686350,-3.003948,1.995120,-1.571074,0.000000,0.000000,0.000000,0.000000,0.000000,0.000000
1778249150.834158,0.720332,0.269326,0.948037,10.0000,0.0000,0.0000,0.140000,0.000000,0.000000,0.000000,0.000000,0.000000,0.781298,0.270460,0.962239,0.082770,0.001540,0.019280,0.147854,43.321188,42.599783,-3.003948,1.995118,-1.571076,0.000000,0.000000,0.000000,0.000000,0.000000,0.000000
1778249150.844263,0.720610,0.269319,0.948002,10.0000,0.0000,0.0000,0.140000,0.000000,0.000000,0.000000,0.000000,0.000000,0.781298,0.270460,0.962239,0.082740,0.001555,0.019410,0.147897,43.398117,42.673403,-3.003948,1.995119,-1.571075,0.000000,0.000000,0.000000,0.000000,0.000000,0.000000
1778249150.854471,0.720891,0.269315,0.947963,10.0000,0.0000,0.0000,0.140000,0.000000,0.000000,0.000000,0.000000,0.000000,0.781298,0.270460,0.962239,0.082707,0.001568,0.019545,0.147940,43.399262,42.674722,-3.003948,1.995117,-1.571071,0.000000,0.000000,0.000000,0.000000,0.000000,0.000000
1778249150.864297,0.721169,0.269315,0.947927,10.0000,0.0000,0.0000,0.140000,0.000000,0.000000,0.000000,0.000000,0.000000,0.781298,0.270460,0.962239,0.082676,0.001575,0.019678,0.147983,43.442548,42.717563,-3.003948,1.995116,-1.571072,0.000000,0.000000,0.000000,0.000000,0.000000,0.000000
1778249150.874897,0.721446,0.269316,0.947894,10.0000,0.0000,0.0000,0.140000,0.000000,0.000000,0.000000,0.000000,0.000000,0.781298,0.270460,0.962239,0.082676,0.001575,0.019678,0.147983,43.442548,42.717563,-3.003948,1.995118,-1.571073,0.000000,0.000000,0.000000,0.000000,0.000000,0.000000
1778249150.886732,0.721723,0.269311,0.947860,10.0000,0.0000,0.0000,0.140000,0.000000,0.000000,0.000000,0.000000,0.000000,0.781298,0.270460,0.962239,0.082645,0.001580,0.019807,0.148024,43.376515,42.650763,-3.003948,1.995116,-1.571072,0.000000,0.000000,0.000000,0.000000,0.000000,0.000000
1778249150.894022,0.722068,0.269308,0.947820,10.0000,0.0000,0.0000,0.140000,0.000000,0.000000,0.000000,0.000000,0.000000,0.781298,0.270460,0.962239,0.082573,0.001607,0.020101,0.148109,43.442665,42.718323,-3.003948,1.995118,-1.571075,0.000000,0.000000,0.000000,0.000000,0.000000,0.000000
1778249150.903880,0.722344,0.269304,0.947792,10.0000,0.0000,0.0000,0.140000,0.000000,0.000000,0.000000,0.000000,0.000000,0.781298,0.270460,0.962239,0.082542,0.001619,0.020227,0.148151,43.439364,42.713125,-3.003948,1.995120,-1.571073,0.000000,0.000000,0.000000,0.000000,0.000000,0.000000
1778249150.914699,0.722480,0.269303,0.947775,10.0000,0.0000,0.0000,0.140000,0.000000,0.000000,0.000000,0.000000,0.000000,0.781298,0.270460,0.962239,0.082526,0.001624,0.020293,0.148186,43.456274,42.731202,-3.003948,1.995117,-1.571072,0.000000,0.000000,0.000000,0.000000,0.000000,0.000000
1778249150.924122,0.722753,0.269302,0.947751,10.0000,0.0000,0.0000,0.140000,0.000000,0.000000,0.000000,0.000000,0.000000,0.781298,0.270460,0.962239,0.082496,0.001632,0.020414,0.148221,43.417921,42.690910,-3.003948,1.995120,-1.571075,0.000000,0.000000,0.000000,0.000000,0.000000,0.000000
1778249150.934580,0.723027,0.269297,0.947720,10.0000,0.0000,0.0000,0.140000,0.000000,0.000000,0.000000,0.000000,0.000000,0.781298,0.270460,0.962239,0.082463,0.001647,0.020546,0.148257,43.464196,42.735926,-3.003948,1.995115,-1.571072,0.000000,0.000000,0.000000,0.000000,0.000000,0.000000
1778249150.944029,0.723308,0.269292,0.947688,10.0000,0.0000,0.0000,0.140000,0.000000,0.000000,0.000000,0.000000,0.000000,0.781298,0.270460,0.962239,0.082429,0.001661,0.020683,0.148295,43.529861,42.801095,-3.003948,1.995117,-1.571070,0.000000,0.000000,0.000000,0.000000,0.000000,0.000000
1778249150.953962,0.723580,0.269293,0.947662,10.0000,0.0000,0.0000,0.140000,0.000000,0.000000,0.000000,0.000000,0.000000,0.781298,0.270460,0.962239,0.082397,0.001667,0.020809,0.148332,43.404075,42.677187,-3.003948,1.995120,-1.571072,0.000000,0.000000,0.000000,0.000000,0.000000,0.000000
1778249150.964088,0.723913,0.269289,0.947631,10.0000,0.0000,0.0000,0.140000,0.000000,0.000000,0.000000,0.000000,0.000000,0.781298,0.270460,0.962239,0.082357,0.001680,0.020963,0.148371,43.472134,42.747977,-3.003948,1.995115,-1.571072,0.000000,0.000000,0.000000,0.000000,0.000000,0.000000
1778249150.974917,0.724114,0.269290,0.947619,10.0000,0.0000,0.0000,0.140000,0.000000,0.000000,0.000000,0.000000,0.000000,0.781298,0.270460,0.962239,0.082335,0.001686,0.021050,0.148405,43.483430,42.757340,-3.003948,1.995121,-1.571074,0.000000,0.000000,0.000000,0.000000,0.000000,0.000000
1778249150.984285,0.724449,0.269286,0.947589,10.0000,0.0000,0.0000,0.140000,0.000000,0.000000,0.000000,0.000000,0.000000,0.781298,0.270460,0.962239,0.082295,0.001699,0.021207,0.148442,43.456622,42.726799,-3.003948,1.995115,-1.571071,0.000000,0.000000,0.000000,0.000000,0.000000,0.000000
1778249150.996667,0.724721,0.269290,0.947557,10.0000,0.0000,0.0000,0.140000,0.000000,0.000000,0.000000,0.000000,0.000000,0.781298,0.270460,0.962239,0.082259,0.001701,0.021345,0.148480,43.568605,42.839093,-3.003948,1.995115,-1.571075,0.000000,0.000000,0.000000,0.000000,0.000000,0.000000
1778249151.003937,0.724992,0.269286,0.947535,10.0000,0.0000,0.0000,0.140000,0.000000,0.000000,0.000000,0.000000,0.000000,0.781298,0.270460,0.962239,0.082225,0.001714,0.021472,0.148516,43.541928,42.814410,-3.003949,1.995119,-1.571072,0.000000,0.000000,0.000000,0.000000,0.000000,0.000000
1778249151.014969,0.725259,0.269279,0.947517,10.0000,0.0000,0.0000,0.140000,0.000000,0.000000,0.000000,0.000000,0.000000,0.781298,0.270460,0.962239,0.082194,0.001732,0.021592,0.148552,43.446070,42.716711,-3.003949,1.995117,-1.571072,0.000000,0.000000,0.000000,0.000000,0.000000,0.000000
1778249151.024020,0.725523,0.269277,0.947494,10.0000,0.0000,0.0000,0.140000,0.000000,0.000000,0.000000,0.000000,0.000000,0.781298,0.270460,0.962239,0.082160,0.001743,0.021720,0.148587,43.547293,42.820473,-3.003949,1.995116,-1.571071,0.000000,0.000000,0.000000,0.000000,0.000000,0.000000
1778249151.033962,0.725791,0.269272,0.947475,10.0000,0.0000,0.0000,0.140000,0.000000,0.000000,0.000000,0.000000,0.000000,0.781298,0.270460,0.962239,0.082127,0.001758,0.021843,0.148621,43.606439,42.876756,-3.003949,1.995122,-1.571072,0.000000,0.000000,0.000000,0.000000,0.000000,0.000000
1778249151.044084,0.726053,0.269268,0.947458,10.0000,0.0000,0.0000,0.140000,0.000000,0.000000,0.000000,0.000000,0.000000,0.781298,0.270460,0.962239,0.082094,0.001771,0.021963,0.148654,43.500302,42.771434,-3.003949,1.995115,-1.571072,0.000000,0.000000,0.000000,0.000000,0.000000,0.000000
1778249151.054922,0.726318,0.269271,0.947437,10.0000,0.0000,0.0000,0.140000,0.000000,0.000000,0.000000,0.000000,0.000000,0.781298,0.270460,0.962239,0.082060,0.001775,0.022092,0.148687,43.607516,42.877514,-3.003948,1.995117,-1.571072,0.000000,0.000000,0.000000,0.000000,0.000000,0.000000
1778249151.064276,0.726590,0.269271,0.947415,10.0000,0.0000,0.0000,0.140000,0.000000,0.000000,0.000000,0.000000,0.000000,0.781298,0.270460,0.962239,0.082024,0.001782,0.022224,0.148720,43.622306,42.889119,-3.003948,1.995120,-1.571071,0.000000,0.000000,0.000000,0.000000,0.000000,0.000000
1778249151.074187,0.726849,0.269267,0.947399,10.0000,0.0000,0.0000,0.140000,0.000000,0.000000,0.000000,0.000000,0.000000,0.781298,0.270460,0.962239,0.081990,0.001797,0.022346,0.148753,43.524166,42.797199,-3.003949,1.995114,-1.571068,0.000000,0.000000,0.000000,0.000000,0.000000,0.000000
1778249151.084130,0.727108,0.269260,0.947388,10.0000,0.0000,0.0000,0.140000,0.000000,0.000000,0.000000,0.000000,0.000000,0.781298,0.270460,0.962239,0.081959,0.001815,0.022461,0.148784,43.596518,42.868517,-3.003949,1.995118,-1.571072,0.000000,0.000000,0.000000,0.000000,0.000000,0.000000
1778249151.094202,0.727372,0.269258,0.947374,10.0000,0.0000,0.0000,0.140000,0.000000,0.000000,0.000000,0.000000,0.000000,0.781298,0.270460,0.962239,0.081925,0.001826,0.022582,0.148815,43.600847,42.868932,-3.003948,1.995120,-1.571073,0.000000,0.000000,0.000000,0.000000,0.000000,0.000000
1778249151.104402,0.727566,0.269261,0.947358,10.0000,0.0000,0.0000,0.140000,0.000000,0.000000,0.000000,0.000000,0.000000,0.781298,0.270460,0.962239,0.081925,0.001826,0.022582,0.148815,43.600847,42.868932,-3.003948,1.995114,-1.571074,0.000000,0.000000,0.000000,0.000000,0.000000,0.000000
1778249151.117661,0.727830,0.269261,0.947345,10.0000,0.0000,0.0000,0.140000,0.000000,0.000000,0.000000,0.000000,0.000000,0.781298,0.270460,0.962239,0.081864,0.001836,0.022803,0.148872,43.647170,42.915051,-3.003949,1.995115,-1.571069,0.000000,0.000000,0.000000,0.000000,0.000000,0.000000
1778249151.123996,0.728156,0.269260,0.947329,10.0000,0.0000,0.0000,0.140000,0.000000,0.000000,0.000000,0.000000,0.000000,0.781298,0.270460,0.962239,0.081821,0.001848,0.022955,0.148904,43.610482,42.878489,-3.003949,1.995120,-1.571072,0.000000,0.000000,0.000000,0.000000,0.000000,0.000000
1778249151.135259,0.728346,0.269259,0.947319,10.0000,0.0000,0.0000,0.140000,0.000000,0.000000,0.000000,0.000000,0.000000,0.781298,0.270460,0.962239,0.081795,0.001856,0.023046,0.148932,43.623508,42.894937,-3.003949,1.995113,-1.571072,0.000000,0.000000,0.000000,0.000000,0.000000,0.000000
1778249151.144080,0.728604,0.269259,0.947313,10.0000,0.0000,0.0000,0.140000,0.000000,0.000000,0.000000,0.000000,0.000000,0.781298,0.270460,0.962239,0.081763,0.001865,0.023159,0.148959,43.697322,42.967314,-3.003949,1.995121,-1.571072,0.000000,0.000000,0.000000,0.000000,0.000000,0.000000
1778249151.154018,0.728857,0.269256,0.947303,10.0000,0.0000,0.0000,0.140000,0.000000,0.000000,0.000000,0.000000,0.000000,0.781298,0.270460,0.962239,0.081729,0.001876,0.023276,0.148987,43.597880,42.866525,-3.003949,1.995114,-1.571069,0.000000,0.000000,0.000000,0.000000,0.000000,0.000000
1778249151.164141,0.729121,0.269260,0.947290,10.0000,0.0000,0.0000,0.140000,0.000000,0.000000,0.000000,0.000000,0.000000,0.781298,0.270460,0.962239,0.081693,0.001879,0.023404,0.149014,43.713748,42.979914,-3.003949,1.995117,-1.571071,0.000000,0.000000,0.000000,0.000000,0.000000,0.000000
1778249151.174158,0.729384,0.269260,0.947279,10.0000,0.0000,0.0000,0.140000,0.000000,0.000000,0.000000,0.000000,0.000000,0.781298,0.270460,0.962239,0.081656,0.001888,0.023530,0.149042,43.687424,42.953100,-3.003949,1.995118,-1.571071,0.000000,0.000000,0.000000,0.000000,0.000000,0.000000
1778249151.184212,0.729639,0.269256,0.947273,10.0000,0.0000,0.0000,0.140000,0.000000,0.000000,0.000000,0.000000,0.000000,0.781298,0.270460,0.962239,0.081622,0.001903,0.023646,0.149069,43.620808,42.890857,-3.003949,1.995116,-1.571071,0.000000,0.000000,0.000000,0.000000,0.000000,0.000000
1778249151.193902,0.729955,0.269250,0.947266,10.0000,0.0000,0.0000,0.140000,0.000000,0.000000,0.000000,0.000000,0.000000,0.781298,0.270460,0.962239,0.081580,0.001923,0.023790,0.149098,43.709339,42.978295,-3.003949,1.995115,-1.571071,0.000000,0.000000,0.000000,0.000000,0.000000,0.000000
1778249151.203946,0.730211,0.269253,0.947263,10.0000,0.0000,0.0000,0.140000,0.000000,0.000000,0.000000,0.000000,0.000000,0.781298,0.270460,0.962239,0.081547,0.001926,0.023905,0.149125,43.723844,42.989967,-3.003949,1.995121,-1.571071,0.000000,0.000000,0.000000,0.000000,0.000000,0.000000
1778249151.213928,0.730463,0.269256,0.947255,10.0000,0.0000,0.0000,0.140000,0.000000,0.000000,0.000000,0.000000,0.000000,0.781298,0.270460,0.962239,0.081511,0.001930,0.024025,0.149152,43.675092,42.941627,-3.003949,1.995117,-1.571072,0.000000,0.000000,0.000000,0.000000,0.000000,0.000000
1778249151.224112,0.730652,0.269261,0.947251,10.0000,0.0000,0.0000,0.140000,0.000000,0.000000,0.000000,0.000000,0.000000,0.781298,0.270460,0.962239,0.081485,0.001930,0.024113,0.149176,43.675510,42.943270,-3.003949,1.995119,-1.571073,0.000000,0.000000,0.000000,0.000000,0.000000,0.000000
1778249151.233904,0.730970,0.269250,0.947246,10.0000,0.0000,0.0000,0.140000,0.000000,0.000000,0.000000,0.000000,0.000000,0.781298,0.270460,0.962239,0.081441,0.001959,0.024261,0.149202,43.698077,42.965453,-3.003950,1.995115,-1.571072,0.000000,0.000000,0.000000,0.000000,0.000000,0.000000
1778249151.245012,0.731160,0.269241,0.947245,10.0000,0.0000,0.0000,0.140000,0.000000,0.000000,0.000000,0.000000,0.000000,0.781298,0.270460,0.962239,0.081415,0.001979,0.024347,0.149225,43.730450,42.997535,-3.003949,1.995118,-1.571070,0.000000,0.000000,0.000000,0.000000,0.000000,0.000000
1778249151.254203,0.731477,0.269242,0.947239,10.0000,0.0000,0.0000,0.140000,0.000000,0.000000,0.000000,0.000000,0.000000,0.781298,0.270460,0.962239,0.081369,0.001990,0.024498,0.149251,43.784528,43.049620,-3.003949,1.995119,-1.571071,0.000000,0.000000,0.000000,0.000000,0.000000,0.000000
1778249151.264078,0.731729,0.269246,0.947234,10.0000,0.0000,0.0000,0.140000,0.000000,0.000000,0.000000,0.000000,0.000000,0.781298,0.270460,0.962239,0.081332,0.001992,0.024619,0.149276,43.764428,43.029897,-3.003949,1.995118,-1.571070,0.000000,0.000000,0.000000,0.000000,0.000000,0.000000
1778249151.274080,0.731978,0.269249,0.947231,10.0000,0.0000,0.0000,0.140000,0.000000,0.000000,0.000000,0.000000,0.000000,0.781298,0.270460,0.962239,0.081296,0.001996,0.024737,0.149300,43.791732,43.059261,-3.003949,1.995119,-1.571070,0.000000,0.000000,0.000000,0.000000,0.000000,0.000000
1778249151.285911,0.732223,0.269249,0.947232,10.0000,0.0000,0.0000,0.140000,0.000000,0.000000,0.000000,0.000000,0.000000,0.781298,0.270460,0.962239,0.081262,0.002005,0.024848,0.149324,43.726989,42.995098,-3.003949,1.995115,-1.571072,0.000000,0.000000,0.000000,0.000000,0.000000,0.000000
1778249151.294182,0.732471,0.269249,0.947232,10.0000,0.0000,0.0000,0.140000,0.000000,0.000000,0.000000,0.000000,0.000000,0.781298,0.270460,0.962239,0.081226,0.002016,0.024965,0.149347,43.805128,43.071600,-3.003949,1.995117,-1.571073,0.000000,0.000000,0.000000,0.000000,0.000000,0.000000
1778249151.304218,0.732720,0.269248,0.947232,10.0000,0.0000,0.0000,0.140000,0.000000,0.000000,0.000000,0.000000,0.000000,0.781298,0.270460,0.962239,0.081190,0.002027,0.025080,0.149369,43.844516,43.110890,-3.003949,1.995119,-1.571072,0.000000,0.000000,0.000000,0.000000,0.000000,0.000000
1778249151.314485,0.732970,0.269245,0.947238,10.0000,0.0000,0.0000,0.140000,0.000000,0.000000,0.000000,0.000000,0.000000,0.781298,0.270460,0.962239,0.081190,0.002027,0.025080,0.149369,43.844516,43.110890,-3.003949,1.995119,-1.571070,0.000000,0.000000,0.000000,0.000000,0.000000,0.000000
1778249151.325010,0.733216,0.269248,0.947239,10.0000,0.0000,0.0000,0.140000,0.000000,0.000000,0.000000,0.000000,0.000000,0.781298,0.270460,0.962239,0.081120,0.002045,0.025306,0.149412,43.808084,43.073741,-3.003949,1.995116,-1.571073,0.000000,0.000000,0.000000,0.000000,0.000000,0.000000
1778249151.334266,0.733466,0.269247,0.947242,10.0000,0.0000,0.0000,0.140000,0.000000,0.000000,0.000000,0.000000,0.000000,0.781298,0.270460,0.962239,0.081083,0.002056,0.025422,0.149434,43.871533,43.135888,-3.003949,1.995119,-1.571070,0.000000,0.000000,0.000000,0.000000,0.000000,0.000000
1778249151.344297,0.733713,0.269246,0.947244,0.0000,0.0000,0.0000,0.140000,0.000000,0.000000,0.000000,0.000000,0.000000,0.781298,0.270460,0.962239,0.081047,0.002068,0.025537,0.149454,43.850360,43.116257,-3.003949,1.995118,-1.571070,0.000000,0.000000,0.000000,0.000000,0.000000,0.000000
1778249151.354205,0.733958,0.269244,0.947252,0.0000,0.0000,0.0000,0.140000,0.000000,0.000000,0.000000,0.000000,0.000000,0.781298,0.270460,0.962239,0.081012,0.002081,0.025647,0.149475,43.835219,43.100865,-3.003949,1.995118,-1.571070,0.000000,0.000000,0.000000,0.000000,0.000000,0.000000
1778249151.365220,0.734208,0.269239,0.947259,0.0000,0.0000,0.0000,0.140000,0.000000,0.000000,0.000000,0.000000,0.000000,0.781298,0.270460,0.962239,0.080976,0.002100,0.025758,0.149494,43.795560,43.057920,-3.003949,1.995117,-1.571072,0.000000,0.000000,0.000000,0.000000,0.000000,0.000000
1778249151.374150,0.734456,0.269238,0.947260,0.0000,0.0000,0.0000,0.140000,0.000000,0.000000,0.000000,0.000000,0.000000,0.781298,0.270460,0.962239,0.080937,0.002111,0.025881,0.149514,43.874809,43.137883,-3.003949,1.995116,-1.571071,0.000000,0.000000,0.000000,0.000000,0.000000,0.000000
1778249151.384999,0.734704,0.269236,0.947267,0.0000,0.0000,0.0000,0.140000,0.000000,0.000000,0.000000,0.000000,0.000000,0.781298,0.270460,0.962239,0.080900,0.002126,0.025993,0.149534,43.836490,43.100392,-3.003949,1.995117,-1.571072,0.000000,0.000000,0.000000,0.000000,0.000000,0.000000
1778249151.394457,0.734946,0.269231,0.947275,0.0000,0.0000,0.0000,0.140000,0.000000,0.000000,0.000000,0.000000,0.000000,0.781298,0.270460,0.962239,0.080900,0.002126,0.025993,0.149534,43.836490,43.100392,-3.003949,1.995115,-1.571070,0.000000,0.000000,0.000000,0.000000,0.000000,0.000000
1778249151.404368,0.735189,0.269231,0.947286,0.0000,0.0000,0.0000,0.140000,0.000000,0.000000,0.000000,0.000000,0.000000,0.781298,0.270460,0.962239,0.080829,0.002155,0.026212,0.149571,43.877037,43.140113,-3.003949,1.995119,-1.571072,0.000000,0.000000,0.000000,0.000000,0.000000,0.000000
1778249151.414306,0.735432,0.269234,0.947290,0.0000,0.0000,0.0000,0.140000,0.000000,0.000000,0.000000,0.000000,0.000000,0.781298,0.270460,0.962239,0.080829,0.002155,0.026212,0.149571,43.877037,43.140113,-3.003949,1.995116,-1.571072,0.000000,0.000000,0.000000,0.000000,0.000000,0.000000
1778249151.424373,0.735673,0.269236,0.947303,0.0000,0.0000,0.0000,0.140000,0.000000,0.000000,0.000000,0.000000,0.000000,0.781298,0.270460,0.962239,0.080756,0.002167,0.026436,0.149607,43.871172,43.135751,-3.003949,1.995120,-1.571070,0.000000,0.000000,0.000000,0.000000,0.000000,0.000000
1778249151.434440,0.735906,0.269237,0.947315,0.0000,0.0000,0.0000,0.140000,0.000000,0.000000,0.000000,0.000000,0.000000,0.781298,0.270460,0.962239,0.080756,0.002167,0.026436,0.149607,43.871172,43.135751,-3.003949,1.995116,-1.571070,0.000000,0.000000,0.000000,0.000000,0.000000,0.000000
1778249151.444423,0.736145,0.269239,0.947327,0.0000,0.0000,0.0000,0.140000,0.000000,0.000000,0.000000,0.000000,0.000000,0.781298,0.270460,0.962239,0.080686,0.002182,0.026646,0.149640,43.929537,43.192111,-3.003949,1.995117,-1.571070,0.000000,0.000000,0.000000,0.000000,0.000000,0.000000
1778249151.454395,0.736388,0.269239,0.947339,0.0000,0.0000,0.0000,0.140000,0.000000,0.000000,0.000000,0.000000,0.000000,0.781298,0.270460,0.962239,0.080649,0.002193,0.026756,0.149656,43.899491,43.161503,-3.003949,1.995118,-1.571070,0.000000,0.000000,0.000000,0.000000,0.000000,0.000000
1778249151.464471,0.736628,0.269242,0.947349,0.0000,0.0000,0.0000,0.140000,0.000000,0.000000,0.000000,0.000000,0.000000,0.781298,0.270460,0.962239,0.080611,0.002198,0.026870,0.149672,43.956328,43.219430,-3.003949,1.995116,-1.571072,0.000000,0.000000,0.000000,0.000000,0.000000,0.000000
1778249151.474526,0.736867,0.269243,0.947362,0.0000,0.0000,0.0000,0.140000,0.000000,0.000000,0.000000,0.000000,0.000000,0.781298,0.270460,0.962239,0.080575,0.002208,0.026979,0.149688,43.928883,43.192010,-3.003949,1.995118,-1.571072,0.000000,0.000000,0.000000,0.000000,0.000000,0.000000
1778249151.484397,0.737103,0.269241,0.947377,0.0000,0.0000,0.0000,0.140000,0.000000,0.000000,0.000000,0.000000,0.000000,0.781298,0.270460,0.962239,0.080539,0.002221,0.027084,0.149703,43.969251,43.234291,-3.003949,1.995117,-1.571071,0.000000,0.000000,0.000000,0.000000,0.000000,0.000000
1778249151.494529,0.737336,0.269238,0.947397,0.0000,0.0000,0.0000,0.140000,0.000000,0.000000,0.000000,0.000000,0.000000,0.781298,0.270460,0.962239,0.080506,0.002238,0.027179,0.149718,43.940904,43.205291,-3.003949,1.995119,-1.571071,0.000000,0.000000,0.000000,0.000000,0.000000,0.000000
1778249151.503955,0.737634,0.269243,0.947413,0.0000,0.0000,0.0000,0.140000,0.000000,0.000000,0.000000,0.000000,0.000000,0.781298,0.270460,0.962239,0.080459,0.002242,0.027318,0.149733,44.013053,43.272707,-3.003949,1.995119,-1.571069,0.000000,0.000000,0.000000,0.000000,0.000000,0.000000
1778249151.513995,0.737813,0.269246,0.947422,0.0000,0.0000,0.0000,0.140000,0.000000,0.000000,0.000000,0.000000,0.000000,0.781298,0.270460,0.962239,0.080430,0.002246,0.027404,0.149747,43.994022,43.255047,-3.003949,1.995116,-1.571068,0.000000,0.000000,0.000000,0.000000,0.000000,0.000000
1778249151.524108,0.738110,0.269252,0.947441,0.0000,0.0000,0.0000,0.140000,0.000000,0.000000,0.000000,0.000000,0.000000,0.781298,0.270460,0.962239,0.080383,0.002248,0.027541,0.149762,43.987186,43.248157,-3.003949,1.995117,-1.571071,0.000000,0.000000,0.000000,0.000000,0.000000,0.000000
1778249151.534060,0.738346,0.269254,0.947457,0.0000,0.0000,0.0000,0.140000,0.000000,0.000000,0.000000,0.000000,0.000000,0.781298,0.270460,0.962239,0.080345,0.002256,0.027650,0.149776,44.014094,43.275783,-3.003949,1.995117,-1.571071,0.000000,0.000000,0.000000,0.000000,0.000000,0.000000
1778249151.544155,0.738581,0.269251,0.947476,0.0000,0.0000,0.0000,0.140000,0.000000,0.000000,0.000000,0.000000,0.000000,0.781298,0.270460,0.962239,0.080309,0.002273,0.027753,0.149790,44.033156,43.295106,-3.003950,1.995119,-1.571065,0.000000,0.000000,0.000000,0.000000,0.000000,0.000000
1778249151.554513,0.738814,0.269251,0.947496,0.0000,0.0000,0.0000,0.140000,0.000000,0.000000,0.000000,0.000000,0.000000,0.781298,0.270460,0.962239,0.080274,0.002284,0.027855,0.149803,43.989579,43.251764,-3.003950,1.995117,-1.571067,0.000000,0.000000,0.000000,0.000000,0.000000,0.000000
1778249151.564335,0.739046,0.269254,0.947519,0.0000,0.0000,0.0000,0.140000,0.000000,0.000000,0.000000,0.000000,0.000000,0.781298,0.270460,0.962239,0.080239,0.002291,0.027953,0.149815,44.029752,43.291462,-3.003949,1.995118,-1.571070,0.000000,0.000000,0.000000,0.000000,0.000000,0.000000
1778249151.574353,0.739276,0.269255,0.947541,0.0000,0.0000,0.0000,0.140000,0.000000,0.000000,0.000000,0.000000,0.000000,0.781298,0.270460,0.962239,0.080205,0.002300,0.028052,0.149827,44.019565,43.281893,-3.003949,1.995117,-1.571070,0.000000,0.000000,0.000000,0.000000,0.000000,0.000000
1778249151.584212,0.739506,0.269258,0.947562,0.0000,0.0000,0.0000,0.140000,0.000000,0.000000,0.000000,0.000000,0.000000,0.781298,0.270460,0.962239,0.080169,0.002306,0.028154,0.149838,44.092340,43.354054,-3.003949,1.995116,-1.571071,0.000000,0.000000,0.000000,0.000000,0.000000,0.000000
1778249151.594075,0.739737,0.269262,0.947585,0.0000,0.0000,0.0000,0.140000,0.000000,0.000000,0.000000,0.000000,0.000000,0.781298,0.270460,0.962239,0.080134,0.002309,0.028253,0.149849,44.040254,43.300165,-3.003950,1.995120,-1.571072,0.000000,0.000000,0.000000,0.000000,0.000000,0.000000
1778249151.603996,0.739968,0.269260,0.947607,0.0000,0.0000,0.0000,0.140000,0.000000,0.000000,0.000000,0.000000,0.000000,0.781298,0.270460,0.962239,0.080097,0.002326,0.028356,0.149860,43.996104,43.257764,-3.003950,1.995117,-1.571069,0.000000,0.000000,0.000000,0.000000,0.000000,0.000000
1778249151.613920,0.740198,0.269262,0.947629,0.0000,0.0000,0.0000,0.140000,0.000000,0.000000,0.000000,0.000000,0.000000,0.781298,0.270460,0.962239,0.080060,0.002335,0.028459,0.149870,44.092909,43.354832,-3.003950,1.995116,-1.571068,0.000000,0.000000,0.000000,0.000000,0.000000,0.000000
1778249151.623898,0.740484,0.269268,0.947659,0.0000,0.0000,0.0000,0.140000,0.000000,0.000000,0.000000,0.000000,0.000000,0.781298,0.270460,0.962239,0.080016,0.002338,0.028582,0.149881,44.110121,43.371427,-3.003950,1.995119,-1.571070,0.000000,0.000000,0.000000,0.000000,0.000000,0.000000
1778249151.634104,0.740713,0.269267,0.947687,0.0000,0.0000,0.0000,0.140000,0.000000,0.000000,0.000000,0.000000,0.000000,0.781298,0.270460,0.962239,0.079982,0.002352,0.028677,0.149891,44.035293,43.295405,-3.003950,1.995119,-1.571071,0.000000,0.000000,0.000000,0.000000,0.000000,0.000000
1778249151.643950,0.740936,0.269266,0.947710,0.0000,0.0000,0.0000,0.140000,0.000000,0.000000,0.000000,0.000000,0.000000,0.781298,0.270460,0.962239,0.079946,0.002365,0.028776,0.149901,44.125769,43.387709,-3.003950,1.995114,-1.571068,0.000000,0.000000,0.000000,0.000000,0.000000,0.000000
1778249151.654050,0.741165,0.269264,0.947740,0.0000,0.0000,0.0000,0.140000,0.000000,0.000000,0.000000,0.000000,0.000000,0.781298,0.270460,0.962239,0.079912,0.002382,0.028868,0.149910,44.112850,43.373856,-3.003950,1.995120,-1.571070,0.000000,0.000000,0.000000,0.000000,0.000000,0.000000
1778249151.664078,0.741392,0.269268,0.947767,0.0000,0.0000,0.0000,0.140000,0.000000,0.000000,0.000000,0.000000,0.000000,0.781298,0.270460,0.962239,0.079876,0.002387,0.028967,0.149918,44.095416,43.353884,-3.003950,1.995116,-1.571071,0.000000,0.000000,0.000000,0.000000,0.000000,0.000000
1778249151.673969,0.741618,0.269272,0.947794,0.0000,0.0000,0.0000,0.140000,0.000000,0.000000,0.000000,0.000000,0.000000,0.781298,0.270460,0.962239,0.079841,0.002390,0.029063,0.149927,44.113541,43.375154,-3.003950,1.995119,-1.571070,0.000000,0.000000,0.000000,0.000000,0.000000,0.000000
1778249151.684001,0.741838,0.269275,0.947827,0.0000,0.0000,0.0000,0.140000,0.000000,0.000000,0.000000,0.000000,0.000000,0.781298,0.270460,0.962239,0.079810,0.002397,0.029147,0.149934,44.049786,43.312514,-3.003950,1.995115,-1.571070,0.000000,0.000000,0.000000,0.000000,0.000000,0.000000
1778249151.694154,0.742064,0.269272,0.947855,0.0000,0.0000,0.0000,0.140000,0.000000,0.000000,0.000000,0.000000,0.000000,0.781298,0.270460,0.962239,0.079774,0.002417,0.029245,0.149942,44.181379,43.440638,-3.003950,1.995119,-1.571070,0.000000,0.000000,0.000000,0.000000,0.000000,0.000000
1778249151.704218,0.742293,0.269275,0.947882,0.0000,0.0000,0.0000,0.140000,0.000000,0.000000,0.000000,0.000000,0.000000,0.781298,0.270460,0.962239,0.079736,0.002422,0.029348,0.149949,44.166030,43.424353,-3.003950,1.995120,-1.571070,0.000000,0.000000,0.000000,0.000000,0.000000,0.000000
1778249151.714407,0.742512,0.269283,0.947911,0.0000,0.0000,0.0000,0.140000,0.000000,0.000000,0.000000,0.000000,0.000000,0.781298,0.270460,0.962239,0.079736,0.002422,0.029348,0.149949,44.166030,43.424353,-3.003950,1.995118,-1.571075,0.000000,0.000000,0.000000,0.000000,0.000000,0.000000
1778249151.724364,0.742733,0.269285,0.947941,0.0000,0.0000,0.0000,0.140000,0.000000,0.000000,0.000000,0.000000,0.000000,0.781298,0.270460,0.962239,0.079702,0.002418,0.029442,0.149956,44.080779,43.341049,-3.003950,1.995117,-1.571070,0.000000,0.000000,0.000000,0.000000,0.000000,0.000000
1778249151.734282,0.742951,0.269286,0.947978,0.0000,0.0000,0.0000,0.140000,0.000000,0.000000,0.000000,0.000000,0.000000,0.781298,0.270460,0.962239,0.079636,0.002438,0.029616,0.149969,44.163513,43.424558,-3.003950,1.995120,-1.571068,0.000000,0.000000,0.000000,0.000000,0.000000,0.000000
1778249151.744068,0.743170,0.269292,0.948008,0.0000,0.0000,0.0000,0.140000,0.000000,0.000000,0.000000,0.000000,0.000000,0.781298,0.270460,0.962239,0.079602,0.002438,0.029709,0.149975,44.206453,43.465390,-3.003950,1.995115,-1.571071,0.000000,0.000000,0.000000,0.000000,0.000000,0.000000
1778249151.754270,0.743395,0.269298,0.948038,0.0000,0.0000,0.0000,0.140000,0.000000,0.000000,0.000000,0.000000,0.000000,0.781298,0.270460,0.962239,0.079564,0.002440,0.029809,0.149981,44.270739,43.529439,-3.003950,1.995118,-1.571070,0.000000,0.000000,0.000000,0.000000,0.000000,0.000000
1778249151.764244,0.743619,0.269300,0.948071,0.0000,0.0000,0.0000,0.140000,0.000000,0.000000,0.000000,0.000000,0.000000,0.781298,0.270460,0.962239,0.079529,0.002449,0.029903,0.149986,44.140712,43.398091,-3.003950,1.995120,-1.571068,0.000000,0.000000,0.000000,0.000000,0.000000,0.000000
1778249151.773862,0.743837,0.269309,0.948100,0.0000,0.0000,0.0000,0.140000,0.000000,0.000000,0.000000,0.000000,0.000000,0.781298,0.270460,0.962239,0.079492,0.002443,0.030001,0.149992,44.226671,43.486801,-3.003951,1.995114,-1.571072,0.000000,0.000000,0.000000,0.000000,0.000000,0.000000
1778249151.783928,0.744114,0.269308,0.948144,0.0000,0.0000,0.0000,0.140000,0.000000,0.000000,0.000000,0.000000,0.000000,0.781298,0.270460,0.962239,0.079448,0.002462,0.030115,0.149997,44.255696,43.515767,-3.003950,1.995120,-1.571069,0.000000,0.000000,0.000000,0.000000,0.000000,0.000000
1778249151.794078,0.744333,0.269310,0.948182,0.0000,0.0000,0.0000,0.140000,0.000000,0.000000,0.000000,0.000000,0.000000,0.781298,0.270460,0.962239,0.079416,0.002471,0.030199,0.150002,44.161592,43.420654,-3.003951,1.995118,-1.571070,0.000000,0.000000,0.000000,0.000000,0.000000,0.000000
1778249151.804054,0.744494,0.269309,0.948209,0.0000,0.0000,0.0000,0.140000,0.000000,0.000000,0.000000,0.000000,0.000000,0.781298,0.270460,0.962239,0.079416,0.002471,0.030199,0.150002,44.161592,43.420654,-3.003951,1.995115,-1.571071,0.000000,0.000000,0.000000,0.000000,0.000000,0.000000
1778249151.814456,0.744764,0.269316,0.948254,0.0000,0.0000,0.0000,0.140000,0.000000,0.000000,0.000000,0.000000,0.000000,0.781298,0.270460,0.962239,0.079350,0.002486,0.030372,0.150010,44.254826,43.514153,-3.003950,1.995116,-1.571069,0.000000,0.000000,0.000000,0.000000,0.000000,0.000000
1778249151.824295,0.744984,0.269324,0.948291,0.0000,0.0000,0.0000,0.140000,0.000000,0.000000,0.000000,0.000000,0.000000,0.781298,0.270460,0.962239,0.079314,0.002481,0.030464,0.150014,44.254134,43.512012,-3.003950,1.995119,-1.571072,0.000000,0.000000,0.000000,0.000000,0.000000,0.000000
1778249151.834341,0.745200,0.269325,0.948330,0.0000,0.0000,0.0000,0.140000,0.000000,0.000000,0.000000,0.000000,0.000000,0.781298,0.270460,0.962239,0.079282,0.002493,0.030546,0.150017,44.213330,43.473645,-3.003951,1.995117,-1.571070,0.000000,0.000000,0.000000,0.000000,0.000000,0.000000
1778249151.844307,0.745416,0.269327,0.948370,0.0000,0.0000,0.0000,0.140000,0.000000,0.000000,0.000000,0.000000,0.000000,0.781298,0.270460,0.962239,0.079249,0.002502,0.030631,0.150020,44.267285,43.525543,-3.003951,1.995118,-1.571071,0.000000,0.000000,0.000000,0.000000,0.000000,0.000000
1778249151.854291,0.745633,0.269327,0.948407,0.0000,0.0000,0.0000,0.140000,0.000000,0.000000,0.000000,0.000000,0.000000,0.781298,0.270460,0.962239,0.079214,0.002516,0.030720,0.150023,44.259322,43.517515,-3.003951,1.995119,-1.571068,0.000000,0.000000,0.000000,0.000000,0.000000,0.000000
1778249151.864446,0.745845,0.269330,0.948443,0.0000,0.0000,0.0000,0.140000,0.000000,0.000000,0.000000,0.000000,0.000000,0.781298,0.270460,0.962239,0.079179,0.002525,0.030810,0.150025,44.288484,43.549048,-3.003951,1.995115,-1.571069,0.000000,0.000000,0.000000,0.000000,0.000000,0.000000
1778249151.874183,0.746060,0.269329,0.948482,0.0000,0.0000,0.0000,0.140000,0.000000,0.000000,0.000000,0.000000,0.000000,0.781298,0.270460,0.962239,0.079179,0.002525,0.030810,0.150025,44.288484,43.549048,-3.003951,1.995116,-1.571066,0.000000,0.000000,0.000000,0.000000,0.000000,0.000000
1778249151.884355,0.746278,0.269335,0.948520,0.0000,0.0000,0.0000,0.140000,0.000000,0.000000,0.000000,0.000000,0.000000,0.781298,0.270460,0.962239,0.079109,0.002542,0.030988,0.150030,44.293927,43.552065,-3.003951,1.995118,-1.571069,0.000000,0.000000,0.000000,0.000000,0.000000,0.000000
1778249151.894514,0.746491,0.269339,0.948563,0.0000,0.0000,0.0000,0.140000,0.000000,0.000000,0.000000,0.000000,0.000000,0.781298,0.270460,0.962239,0.079077,0.002547,0.031069,0.150032,44.287827,43.546708,-3.003951,1.995118,-1.571069,0.000000,0.000000,0.000000,0.000000,0.000000,0.000000
1778249151.904187,0.746704,0.269343,0.948605,0.0000,0.0000,0.0000,0.140000,0.000000,0.000000,0.000000,0.000000,0.000000,0.781298,0.270460,0.962239,0.079045,0.002552,0.031150,0.150033,44.310391,43.568926,-3.003951,1.995118,-1.571069,0.000000,0.000000,0.000000,0.000000,0.000000,0.000000
1778249151.913917,0.746916,0.269346,0.948647,0.0000,0.0000,0.0000,0.140000,0.000000,0.000000,0.000000,0.000000,0.000000,0.781298,0.270460,0.962239,0.079012,0.002561,0.031233,0.150035,44.305903,43.565002,-3.003951,1.995118,-1.571068,0.000000,0.000000,0.000000,0.000000,0.000000,0.000000
1778249151.924021,0.747126,0.269346,0.948690,0.0000,0.0000,0.0000,0.140000,0.000000,0.000000,0.000000,0.000000,0.000000,0.781298,0.270460,0.962239,0.078980,0.002575,0.031313,0.150035,44.329487,43.588665,-3.003951,1.995118,-1.571067,0.000000,0.000000,0.000000,0.000000,0.000000,0.000000
1778249151.933993,0.747338,0.269349,0.948733,0.0000,0.0000,0.0000,0.140000,0.000000,0.000000,0.000000,0.000000,0.000000,0.781298,0.270460,0.962239,0.078947,0.002582,0.031395,0.150036,44.338454,43.596266,-3.003951,1.995118,-1.571068,0.000000,0.000000,0.000000,0.000000,0.000000,0.000000
1778249151.943939,0.747549,0.269355,0.948773,0.0000,0.0000,0.0000,0.140000,0.000000,0.000000,0.000000,0.000000,0.000000,0.781298,0.270460,0.962239,0.078912,0.002584,0.031484,0.150037,44.369367,43.625657,-3.003951,1.995116,-1.571068,0.000000,0.000000,0.000000,0.000000,0.000000,0.000000
1778249151.954144,0.747760,0.269361,0.948815,0.0000,0.0000,0.0000,0.140000,0.000000,0.000000,0.000000,0.000000,0.000000,0.781298,0.270460,0.962239,0.078878,0.002586,0.031569,0.150037,44.367566,43.626014,-3.003951,1.995115,-1.571069,0.000000,0.000000,0.000000,0.000000,0.000000,0.000000
1778249151.964031,0.747969,0.269364,0.948862,0.0000,0.0000,0.0000,0.140000,0.000000,0.000000,0.000000,0.000000,0.000000,0.781298,0.270460,0.962239,0.078847,0.002593,0.031644,0.150037,44.334957,43.593174,-3.003951,1.995119,-1.571069,0.000000,0.000000,0.000000,0.000000,0.000000,0.000000
1778249151.974236,0.748177,0.269367,0.948908,0.0000,0.0000,0.0000,0.140000,0.000000,0.000000,0.000000,0.000000,0.000000,0.781298,0.270460,0.962239,0.078816,0.002602,0.031722,0.150037,44.353298,43.612692,-3.003951,1.995117,-1.571069,0.000000,0.000000,0.000000,0.000000,0.000000,0.000000
1778249151.984164,0.748383,0.269370,0.948958,0.0000,0.0000,0.0000,0.140000,0.000000,0.000000,0.000000,0.000000,0.000000,0.781298,0.270460,0.962239,0.078789,0.002609,0.031788,0.150036,44.358243,43.616970,-3.003951,1.995120,-1.571071,0.000000,0.000000,0.000000,0.000000,0.000000,0.000000
1778249151.994004,0.748640,0.269372,0.949016,0.0000,0.0000,0.0000,0.140000,0.000000,0.000000,0.000000,0.000000,0.000000,0.781298,0.270460,0.962239,0.078750,0.002624,0.031884,0.150035,44.399334,43.657295,-3.003951,1.995118,-1.571069,0.000000,0.000000,0.000000,0.000000,0.000000,0.000000
1778249152.003988,0.748847,0.269377,0.949061,0.0000,0.0000,0.0000,0.140000,0.000000,0.000000,0.000000,0.000000,0.000000,0.781298,0.270460,0.962239,0.078717,0.002627,0.031964,0.150033,44.405506,43.663119,-3.003951,1.995117,-1.571069,0.000000,0.000000,0.000000,0.000000,0.000000,0.000000
1778249152.013906,0.749056,0.269383,0.949106,0.0000,0.0000,0.0000,0.140000,0.000000,0.000000,0.000000,0.000000,0.000000,0.781298,0.270460,0.962239,0.078684,0.002628,0.032047,0.150032,44.470056,43.727236,-3.003951,1.995121,-1.571071,0.000000,0.000000,0.000000,0.000000,0.000000,0.000000
1778249152.023996,0.749261,0.269384,0.949154,0.0000,0.0000,0.0000,0.140000,0.000000,0.000000,0.000000,0.000000,0.000000,0.781298,0.270460,0.962239,0.078652,0.002641,0.032123,0.150031,44.390617,43.648672,-3.003951,1.995116,-1.571069,0.000000,0.000000,0.000000,0.000000,0.000000,0.000000
1778249152.034255,0.749467,0.269390,0.949204,0.0000,0.0000,0.0000,0.140000,0.000000,0.000000,0.000000,0.000000,0.000000,0.781298,0.270460,0.962239,0.078623,0.002643,0.032194,0.150029,44.424861,43.683459,-3.003951,1.995119,-1.571069,0.000000,0.000000,0.000000,0.000000,0.000000,0.000000
1778249152.044264,0.754649,0.269747,0.950219,0.0000,0.0000,0.0000,0.140000,0.000000,0.000000,0.000000,0.000000,0.000000,0.781298,0.270460,0.962239,0.077461,0.002072,0.034936,0.149993,44.789191,44.040162,-3.003951,1.995117,-1.571069,0.000000,0.000000,0.000000,0.000000,0.000000,0.000000
1778249152.054237,0.754879,0.269789,0.950244,0.0000,0.0000,0.0000,0.140000,0.000000,0.000000,0.000000,0.000000,0.000000,0.781298,0.270460,0.962239,0.077376,0.001964,0.035129,0.149972,44.798924,44.049580,-3.003951,1.995116,-1.571069,0.000000,0.000000,0.000000,0.000000,0.000000,0.000000
1778249152.064198,0.755101,0.269827,0.950275,0.0000,0.0000,0.0000,0.140000,0.000000,0.000000,0.000000,0.000000,0.000000,0.781298,0.270460,0.962239,0.077301,0.001869,0.035300,0.149960,44.864435,44.116324,-3.003951,1.995115,-1.571069,0.000000,0.000000,0.000000,0.000000,0.000000,0.000000
1778249152.074385,0.755320,0.269859,0.950314,0.0000,0.0000,0.0000,0.140000,0.000000,0.000000,0.000000,0.000000,0.000000,0.781298,0.270460,0.962239,0.077301,0.001869,0.035300,0.149960,44.864435,44.116324,-3.003951,1.995119,-1.571071,0.000000,0.000000,0.000000,0.000000,0.000000,0.000000
1778249152.084369,0.755535,0.269889,0.950352,0.0000,0.0000,0.0000,0.140000,0.000000,0.000000,0.000000,0.000000,0.000000,0.781298,0.270460,0.962239,0.077166,0.001711,0.035603,0.149941,44.773397,44.022144,-3.003951,1.995117,-1.571072,0.000000,0.000000,0.000000,0.000000,0.000000,0.000000
1778249152.093965,0.755747,0.269909,0.950394,0.0000,0.0000,0.0000,0.140000,0.000000,0.000000,0.000000,0.000000,0.000000,0.781298,0.270460,0.962239,0.077103,0.001663,0.035740,0.149933,44.804297,44.055332,-3.003951,1.995117,-1.571069,0.000000,0.000000,0.000000,0.000000,0.000000,0.000000
1778249152.103917,0.755998,0.269932,0.950460,0.0000,0.0000,0.0000,0.140000,0.000000,0.000000,0.000000,0.000000,0.000000,0.781298,0.270460,0.962239,0.077045,0.001608,0.035867,0.149924,44.753970,44.008416,-3.003951,1.995116,-1.571071,0.000000,0.000000,0.000000,0.000000,0.000000,0.000000
1778249152.114586,0.756197,0.269943,0.950520,0.0000,0.0000,0.0000,0.140000,0.000000,0.000000,0.000000,0.000000,0.000000,0.781298,0.270460,0.962239,0.077007,0.001588,0.035950,0.149915,44.788265,44.041496,-3.003951,1.995120,-1.571070,0.000000,0.000000,0.000000,0.000000,0.000000,0.000000
1778249152.124207,0.756396,0.269951,0.950579,0.0000,0.0000,0.0000,0.140000,0.000000,0.000000,0.000000,0.000000,0.000000,0.781298,0.270460,0.962239,0.076967,0.001573,0.036036,0.149906,44.689483,43.940816,-3.003951,1.995116,-1.571067,0.000000,0.000000,0.000000,0.000000,0.000000,0.000000
1778249152.134751,0.756590,0.269964,0.950634,0.0000,0.0000,0.0000,0.140000,0.000000,0.000000,0.000000,0.000000,0.000000,0.781298,0.270460,0.962239,0.076967,0.001573,0.036036,0.149906,44.689483,43.940816,-3.003952,1.995117,-1.571068,0.000000,0.000000,0.000000,0.000000,0.000000,0.000000
1778249152.144371,0.756791,0.269968,0.950697,0.0000,0.0000,0.0000,0.140000,0.000000,0.000000,0.000000,0.000000,0.000000,0.781298,0.270460,0.962239,0.076886,0.001545,0.036209,0.149887,44.760196,44.009685,-3.003952,1.995120,-1.571067,0.000000,0.000000,0.000000,0.000000,0.000000,0.000000
1778249152.154126,0.756978,0.269976,0.950760,0.0000,0.0000,0.0000,0.140000,0.000000,0.000000,0.000000,0.000000,0.000000,0.781298,0.270460,0.962239,0.076856,0.001529,0.036274,0.149877,44.709995,43.967109,-3.003952,1.995114,-1.571071,0.000000,0.000000,0.000000,0.000000,0.000000,0.000000
1778249152.164440,0.757165,0.269973,0.950833,0.0000,0.0000,0.0000,0.140000,0.000000,0.000000,0.000000,0.000000,0.000000,0.781298,0.270460,0.962239,0.076836,0.001551,0.036315,0.149867,44.809826,44.066090,-3.003952,1.995121,-1.571071,0.000000,0.000000,0.000000,0.000000,0.000000,0.000000
1778249152.174195,0.757352,0.269972,0.950906,0.0000,0.0000,0.0000,0.140000,0.000000,0.000000,0.000000,0.000000,0.000000,0.781298,0.270460,0.962239,0.076818,0.001567,0.036352,0.149857,44.693711,43.945791,-3.003952,1.995115,-1.571068,0.000000,0.000000,0.000000,0.000000,0.000000,0.000000
1778249152.184413,0.757542,0.269979,0.950969,0.0000,0.0000,0.0000,0.140000,0.000000,0.000000,0.000000,0.000000,0.000000,0.781298,0.270460,0.962239,0.076785,0.001555,0.036424,0.149846,44.824222,44.076578,-3.003952,1.995115,-1.571072,0.000000,0.000000,0.000000,0.000000,0.000000,0.000000
1778249152.194328,0.757730,0.269977,0.951043,0.0000,0.0000,0.0000,0.140000,0.000000,0.000000,0.000000,0.000000,0.000000,0.781298,0.270460,0.962239,0.076765,0.001574,0.036465,0.149835,44.712104,43.966111,-3.003952,1.995121,-1.571070,0.000000,0.000000,0.000000,0.000000,0.000000,0.000000
1778249152.203958,0.757956,0.269975,0.951137,0.0000,0.0000,0.0000,0.140000,0.000000,0.000000,0.000000,0.000000,0.000000,0.781298,0.270460,0.962239,0.076747,0.001595,0.036501,0.149824,44.707778,43.963991,-3.003952,1.995117,-1.571068,0.000000,0.000000,0.000000,0.000000,0.000000,0.000000
1778249152.214942,0.758090,0.269977,0.951191,0.0000,0.0000,0.0000,0.140000,0.000000,0.000000,0.000000,0.000000,0.000000,0.781298,0.270460,0.962239,0.076736,0.001599,0.036525,0.149814,44.833904,44.090166,-3.003952,1.995116,-1.571071,0.000000,0.000000,0.000000,0.000000,0.000000,0.000000
1778249152.224119,0.758318,0.269970,0.951285,0.0000,0.0000,0.0000,0.140000,0.000000,0.000000,0.000000,0.000000,0.000000,0.781298,0.270460,0.962239,0.076715,0.001636,0.036566,0.149802,44.805637,44.062135,-3.003952,1.995120,-1.571068,0.000000,0.000000,0.000000,0.000000,0.000000,0.000000
1778249152.234139,0.758497,0.269968,0.951364,0.0000,0.0000,0.0000,0.140000,0.000000,0.000000,0.000000,0.000000,0.000000,0.781298,0.270460,0.962239,0.076706,0.001655,0.036584,0.149791,44.765594,44.021109,-3.003953,1.995117,-1.571068,0.000000,0.000000,0.000000,0.000000,0.000000,0.000000
1778249152.244236,0.758679,0.269969,0.951439,0.0000,0.0000,0.0000,0.140000,0.000000,0.000000,0.000000,0.000000,0.000000,0.781298,0.270460,0.962239,0.076691,0.001664,0.036615,0.149780,44.788284,44.041928,-3.003952,1.995119,-1.571068,0.000000,0.000000,0.000000,0.000000,0.000000,0.000000
1778249152.253984,0.758904,0.269973,0.951531,0.0000,0.0000,0.0000,0.140000,0.000000,0.000000,0.000000,0.000000,0.000000,0.781298,0.270460,0.962239,0.076671,0.001669,0.036657,0.149767,44.782053,44.036440,-3.003953,1.995115,-1.571071,0.000000,0.000000,0.000000,0.000000,0.000000,0.000000
1778249152.264001,0.759082,0.269968,0.951610,0.0000,0.0000,0.0000,0.140000,0.000000,0.000000,0.000000,0.000000,0.000000,0.781298,0.270460,0.962239,0.076661,0.001700,0.036677,0.149755,44.786658,44.043968,-3.003953,1.995118,-1.571067,0.000000,0.000000,0.000000,0.000000,0.000000,0.000000
1778249152.274472,0.759260,0.269961,0.951691,0.0000,0.0000,0.0000,0.140000,0.000000,0.000000,0.000000,0.000000,0.000000,0.781298,0.270460,0.962239,0.076656,0.001737,0.036687,0.149744,44.798646,44.055363,-3.003953,1.995118,-1.571068,0.000000,0.000000,0.000000,0.000000,0.000000,0.000000
1778249152.283992,0.759436,0.269957,0.951770,0.0000,0.0000,0.0000,0.140000,0.000000,0.000000,0.000000,0.000000,0.000000,0.781298,0.270460,0.962239,0.076648,0.001764,0.036702,0.149732,44.850545,44.106188,-3.003953,1.995117,-1.571068,0.000000,0.000000,0.000000,0.000000,0.000000,0.000000
1778249152.294399,0.759614,0.269956,0.951849,0.0000,0.0000,0.0000,0.140000,0.000000,0.000000,0.000000,0.000000,0.000000,0.781298,0.270460,0.962239,0.076640,0.001781,0.036717,0.149721,44.807675,44.062914,-3.003953,1.995120,-1.571070,0.000000,0.000000,0.000000,0.000000,0.000000,0.000000
1778249152.304132,0.759827,0.269950,0.951953,0.0000,0.0000,0.0000,0.140000,0.000000,0.000000,0.000000,0.000000,0.000000,0.781298,0.270460,0.962239,0.076641,0.001822,0.036712,0.149709,44.768283,44.027158,-3.003953,1.995115,-1.571067,0.000000,0.000000,0.000000,0.000000,0.000000,0.000000
1778249152.314228,0.760006,0.269948,0.952033,0.0000,0.0000,0.0000,0.140000,0.000000,0.000000,0.000000,0.000000,0.000000,0.781298,0.270460,0.962239,0.076632,0.001843,0.036731,0.149697,44.883539,44.137205,-3.003953,1.995120,-1.571070,0.000000,0.000000,0.000000,0.000000,0.000000,0.000000
1778249152.324339,0.760183,0.269946,0.952110,0.0000,0.0000,0.0000,0.140000,0.000000,0.000000,0.000000,0.000000,0.000000,0.781298,0.270460,0.962239,0.076620,0.001867,0.036754,0.149685,44.828263,44.085140,-3.003953,1.995116,-1.571070,0.000000,0.000000,0.000000,0.000000,0.000000,0.000000
1778249152.334471,0.760356,0.269944,0.952192,0.0000,0.0000,0.0000,0.140000,0.000000,0.000000,0.000000,0.000000,0.000000,0.781298,0.270460,0.962239,0.076618,0.001890,0.036757,0.149673,44.843517,44.101644,-3.003953,1.995118,-1.571069,0.000000,0.000000,0.000000,0.000000,0.000000,0.000000
1778249152.345319,0.760528,0.269941,0.952276,0.0000,0.0000,0.0000,0.140000,0.000000,0.000000,0.000000,0.000000,0.000000,0.781298,0.270460,0.962239,0.076618,0.001890,0.036757,0.149673,44.843517,44.101644,-3.003953,1.995117,-1.571071,0.000000,0.000000,0.000000,0.000000,0.000000,0.000000
1778249152.354241,0.760699,0.269936,0.952359,0.0000,0.0000,0.0000,0.140000,0.000000,0.000000,0.000000,0.000000,0.000000,0.781298,0.270460,0.962239,0.076620,0.001951,0.036749,0.149650,44.840437,44.098969,-3.003953,1.995115,-1.571069,0.000000,0.000000,0.000000,0.000000,0.000000,0.000000
1778249152.364477,0.760876,0.269931,0.952441,0.0000,0.0000,0.0000,0.140000,0.000000,0.000000,0.000000,0.000000,0.000000,0.781298,0.270460,0.962239,0.076616,0.001985,0.036756,0.149638,44.874081,44.129587,-3.003953,1.995119,-1.571071,0.000000,0.000000,0.000000,0.000000,0.000000,0.000000
1778249152.374199,0.761051,0.269927,0.952521,0.0000,0.0000,0.0000,0.140000,0.000000,0.000000,0.000000,0.000000,0.000000,0.781298,0.270460,0.962239,0.076609,0.002018,0.036769,0.149626,44.855470,44.110840,-3.003953,1.995117,-1.571070,0.000000,0.000000,0.000000,0.000000,0.000000,0.000000
1778249152.384716,0.761226,0.269925,0.952600,0.0000,0.0000,0.0000,0.140000,0.000000,0.000000,0.000000,0.000000,0.000000,0.781298,0.270460,0.962239,0.076601,0.002041,0.036784,0.149614,44.919681,44.176487,-3.003953,1.995116,-1.571070,0.000000,0.000000,0.000000,0.000000,0.000000,0.000000
1778249152.393892,0.761442,0.269926,0.952703,0.0000,0.0000,0.0000,0.140000,0.000000,0.000000,0.000000,0.000000,0.000000,0.781298,0.270460,0.962239,0.076600,0.002060,0.036785,0.149602,44.892608,44.150146,-3.003953,1.995120,-1.571072,0.000000,0.000000,0.000000,0.000000,0.000000,0.000000
1778249152.404552,0.761569,0.269927,0.952765,0.0000,0.0000,0.0000,0.140000,0.000000,0.000000,0.000000,0.000000,0.000000,0.781298,0.270460,0.962239,0.076601,0.002070,0.036783,0.149586,44.834025,44.091528,-3.003953,1.995116,-1.571072,0.000000,0.000000,0.000000,0.000000,0.000000,0.000000
1778249152.414003,0.761782,0.269921,0.952873,0.0000,0.0000,0.0000,0.140000,0.000000,0.000000,0.000000,0.000000,0.000000,0.781298,0.270460,0.962239,0.076609,0.002118,0.036764,0.149556,44.851174,44.111634,-3.003953,1.995116,-1.571068,0.000000,0.000000,0.000000,0.000000,0.000000,0.000000
1778249152.424199,0.761950,0.269919,0.952960,0.0000,0.0000,0.0000,0.140000,0.000000,0.000000,0.000000,0.000000,0.000000,0.781298,0.270460,0.962239,0.076618,0.002142,0.036743,0.149519,44.940557,44.198945,-3.003953,1.995120,-1.571069,0.000000,0.000000,0.000000,0.000000,0.000000,0.000000
1778249152.434097,0.762123,0.269921,0.953041,0.0000,0.0000,0.0000,0.140000,0.000000,0.000000,0.000000,0.000000,0.000000,0.781298,0.270460,0.962239,0.076614,0.002156,0.036750,0.149479,44.905075,44.159814,-3.003953,1.995117,-1.571067,0.000000,0.000000,0.000000,0.000000,0.000000,0.000000
1778249152.444402,0.762298,0.269925,0.953121,0.0000,0.0000,0.0000,0.140000,0.000000,0.000000,0.000000,0.000000,0.000000,0.781298,0.270460,0.962239,0.076609,0.002159,0.036760,0.149437,44.889312,44.144880,-3.003953,1.995117,-1.571069,0.000000,0.000000,0.000000,0.000000,0.000000,0.000000
1778249152.454414,0.762470,0.269925,0.953198,0.0000,0.0000,0.0000,0.140000,0.000000,0.000000,0.000000,0.000000,0.000000,0.781298,0.270460,0.962239,0.076600,0.002177,0.036780,0.149392,44.959936,44.216815,-3.003954,1.995114,-1.571069,0.000000,0.000000,0.000000,0.000000,0.000000,0.000000
1778249152.464432,0.762644,0.269922,0.953283,0.0000,0.0000,0.0000,0.140000,0.000000,0.000000,0.000000,0.000000,0.000000,0.781298,0.270460,0.962239,0.076602,0.002210,0.036773,0.149348,44.925179,44.183258,-3.003954,1.995121,-1.571068,0.000000,0.000000,0.000000,0.000000,0.000000,0.000000
1778249152.474233,0.762808,0.269917,0.953370,0.0000,0.0000,0.0000,0.140000,0.000000,0.000000,0.000000,0.000000,0.000000,0.781298,0.270460,0.962239,0.076613,0.002253,0.036747,0.149302,44.854368,44.114749,-3.003954,1.995116,-1.571069,0.000000,0.000000,0.000000,0.000000,0.000000,0.000000
1778249152.483876,0.763020,0.269912,0.953475,0.0000,0.0000,0.0000,0.140000,0.000000,0.000000,0.000000,0.000000,0.000000,0.781298,0.270460,0.962239,0.076617,0.002297,0.036735,0.149252,45.026972,44.284297,-3.003954,1.995119,-1.571069,0.000000,0.000000,0.000000,0.000000,0.000000,0.000000
1778249152.494062,0.763195,0.269914,0.953555,0.0000,0.0000,0.0000,0.140000,0.000000,0.000000,0.000000,0.000000,0.000000,0.781298,0.270460,0.962239,0.076611,0.002309,0.036747,0.149204,44.975525,44.230288,-3.003954,1.995118,-1.571070,0.000000,0.000000,0.000000,0.000000,0.000000,0.000000
1778249152.504837,0.763364,0.269911,0.953641,0.0000,0.0000,0.0000,0.140000,0.000000,0.000000,0.000000,0.000000,0.000000,0.781298,0.270460,0.962239,0.076619,0.002346,0.036730,0.149157,44.878105,44.137866,-3.003954,1.995116,-1.571070,0.000000,0.000000,0.000000,0.000000,0.000000,0.000000
1778249152.514154,0.763531,0.269910,0.953729,0.0000,0.0000,0.0000,0.140000,0.000000,0.000000,0.000000,0.000000,0.000000,0.781298,0.270460,0.962239,0.076631,0.002373,0.036702,0.149111,44.944481,44.203505,-3.003954,1.995118,-1.571072,0.000000,0.000000,0.000000,0.000000,0.000000,0.000000
1778249152.524238,0.763702,0.269905,0.953812,0.0000,0.0000,0.0000,0.140000,0.000000,0.000000,0.000000,0.000000,0.000000,0.781298,0.270460,0.962239,0.076632,0.002419,0.036698,0.149065,44.961993,44.217243,-3.003954,1.995117,-1.571070,0.000000,0.000000,0.000000,0.000000,0.000000,0.000000
1778249152.534614,0.763871,0.269909,0.953889,0.0000,0.0000,0.0000,0.140000,0.000000,0.000000,0.000000,0.000000,0.000000,0.781298,0.270460,0.962239,0.076625,0.002425,0.036712,0.149020,44.998640,44.255931,-3.003954,1.995115,-1.571071,0.000000,0.000000,0.000000,0.000000,0.000000,0.000000
1778249152.544086,0.764040,0.269906,0.953974,0.0000,0.0000,0.0000,0.140000,0.000000,0.000000,0.000000,0.000000,0.000000,0.781298,0.270460,0.962239,0.076630,0.002460,0.036698,0.148976,44.955410,44.214047,-3.003954,1.995118,-1.571069,0.000000,0.000000,0.000000,0.000000,0.000000,0.000000
1778249152.554482,0.764206,0.269900,0.954061,0.0000,0.0000,0.0000,0.140000,0.000000,0.000000,0.000000,0.000000,0.000000,0.781298,0.270460,0.962239,0.076643,0.002510,0.036668,0.148932,44.940285,44.200266,-3.003955,1.995116,-1.571070,0.000000,0.000000,0.000000,0.000000,0.000000,0.000000
1778249152.565083,0.764373,0.269892,0.954151,0.0000,0.0000,0.0000,0.140000,0.000000,0.000000,0.000000,0.000000,0.000000,0.781298,0.270460,0.962239,0.076660,0.002574,0.036629,0.148888,44.953005,44.212500,-3.003954,1.995120,-1.571070,0.000000,0.000000,0.000000,0.000000,0.000000,0.000000
1778249152.573941,0.764535,0.269887,0.954235,0.0000,0.0000,0.0000,0.140000,0.000000,0.000000,0.000000,0.000000,0.000000,0.781298,0.270460,0.962239,0.076670,0.002620,0.036604,0.148845,44.996543,44.255850,-3.003954,1.995114,-1.571069,0.000000,0.000000,0.000000,0.000000,0.000000,0.000000
1778249152.584651,0.764703,0.269888,0.954322,0.0000,0.0000,0.0000,0.140000,0.000000,0.000000,0.000000,0.000000,0.000000,0.781298,0.270460,0.962239,0.076680,0.002642,0.036581,0.148802,44.998601,44.254722,-3.003954,1.995120,-1.571071,0.000000,0.000000,0.000000,0.000000,0.000000,0.000000
1778249152.594058,0.764872,0.269887,0.954401,0.0000,0.0000,0.0000,0.140000,0.000000,0.000000,0.000000,0.000000,0.000000,0.781298,0.270460,0.962239,0.076676,0.002675,0.036586,0.148760,45.007112,44.262024,-3.003954,1.995117,-1.571067,0.000000,0.000000,0.000000,0.000000,0.000000,0.000000
1778249152.603921,0.765083,0.269893,0.954498,0.0000,0.0000,0.0000,0.140000,0.000000,0.000000,0.000000,0.000000,0.000000,0.781298,0.270460,0.962239,0.076670,0.002682,0.036600,0.148716,44.989838,44.248103,-3.003954,1.995114,-1.571068,0.000000,0.000000,0.000000,0.000000,0.000000,0.000000
1778249152.614153,0.765247,0.269892,0.954582,0.0000,0.0000,0.0000,0.140000,0.000000,0.000000,0.000000,0.000000,0.000000,0.781298,0.270460,0.962239,0.076681,0.002715,0.036574,0.148672,45.055741,44.315368,-3.003954,1.995118,-1.571068,0.000000,0.000000,0.000000,0.000000,0.000000,0.000000
1778249152.624188,0.765410,0.269892,0.954671,0.0000,0.0000,0.0000,0.140000,0.000000,0.000000,0.000000,0.000000,0.000000,0.781298,0.270460,0.962239,0.076701,0.002742,0.036531,0.148630,44.974995,44.233186,-3.003954,1.995117,-1.571072,0.000000,0.000000,0.000000,0.000000,0.000000,0.000000
1778249152.634053,0.765577,0.269887,0.954751,0.0000,0.0000,0.0000,0.140000,0.000000,0.000000,0.000000,0.000000,0.000000,0.781298,0.270460,0.962239,0.076700,0.002798,0.036527,0.148588,45.074997,44.334535,-3.003954,1.995118,-1.571069,0.000000,0.000000,0.000000,0.000000,0.000000,0.000000
1778249152.644870,0.765744,0.269891,0.954835,0.0000,0.0000,0.0000,0.140000,0.000000,0.000000,0.000000,0.000000,0.000000,0.781298,0.270460,0.962239,0.076708,0.002808,0.036510,0.148548,45.063115,44.319240,-3.003954,1.995120,-1.571068,0.000000,0.000000,0.000000,0.000000,0.000000,0.000000
1778249152.654522,0.765910,0.269889,0.954916,0.0000,0.0000,0.0000,0.140000,0.000000,0.000000,0.000000,0.000000,0.000000,0.781298,0.270460,0.962239,0.076709,0.002847,0.036504,0.148508,45.024525,44.283681,-3.003954,1.995115,-1.571067,0.000000,0.000000,0.000000,0.000000,0.000000,0.000000
1778249152.664356,0.766080,0.269889,0.955000,0.0000,0.0000,0.0000,0.140000,0.000000,0.000000,0.000000,0.000000,0.000000,0.781298,0.270460,0.962239,0.076716,0.002879,0.036488,0.148468,45.060907,44.317717,-3.003954,1.995120,-1.571068,0.000000,0.000000,0.000000,0.000000,0.000000,0.000000
1778249152.674630,0.766242,0.269891,0.955082,0.0000,0.0000,0.0000,0.140000,0.000000,0.000000,0.000000,0.000000,0.000000,0.781298,0.270460,0.962239,0.076716,0.002879,0.036488,0.148468,45.060907,44.317717,-3.003955,1.995114,-1.571071,0.000000,0.000000,0.000000,0.000000,0.000000,0.000000
1778249152.683932,0.766443,0.269889,0.955190,0.0000,0.0000,0.0000,0.140000,0.000000,0.000000,0.000000,0.000000,0.000000,0.781298,0.270460,0.962239,0.076747,0.002949,0.036417,0.148387,45.106544,44.366495,-3.003954,1.995119,-1.571070,0.000000,0.000000,0.000000,0.000000,0.000000,0.000000
1778249152.693947,0.766612,0.269888,0.955274,0.0000,0.0000,0.0000,0.140000,0.000000,0.000000,0.000000,0.000000,0.000000,0.781298,0.270460,0.962239,0.076755,0.002989,0.036398,0.148346,45.031598,44.287993,-3.003955,1.995117,-1.571071,0.000000,0.000000,0.000000,0.000000,0.000000,0.000000
1778249152.704406,0.766777,0.269883,0.955353,0.0000,0.0000,0.0000,0.140000,0.000000,0.000000,0.000000,0.000000,0.000000,0.781298,0.270460,0.962239,0.076755,0.002989,0.036398,0.148346,45.031598,44.287993,-3.003955,1.995116,-1.571070,0.000000,0.000000,0.000000,0.000000,0.000000,0.000000
1778249152.714329,0.766942,0.269885,0.955441,0.0000,0.0000,0.0000,0.140000,0.000000,0.000000,0.000000,0.000000,0.000000,0.781298,0.270460,0.962239,0.076754,0.003050,0.036394,0.148307,45.104557,44.364318,-3.003954,1.995123,-1.571069,0.000000,0.000000,0.000000,0.000000,0.000000,0.000000
1778249152.724755,0.767100,0.269891,0.955520,0.0000,0.0000,0.0000,0.140000,0.000000,0.000000,0.000000,0.000000,0.000000,0.781298,0.270460,0.962239,0.076774,0.003078,0.036349,0.148268,45.091878,44.348272,-3.003954,1.995114,-1.571069,0.000000,0.000000,0.000000,0.000000,0.000000,0.000000
1778249152.734396,0.767266,0.269889,0.955607,0.0000,0.0000,0.0000,0.140000,0.000000,0.000000,0.000000,0.000000,0.000000,0.781298,0.270460,0.962239,0.076800,0.003123,0.036291,0.148193,45.116207,44.375000,-3.003955,1.995120,-1.571067,0.000000,0.000000,0.000000,0.000000,0.000000,0.000000
1778249152.743917,0.767426,0.269888,0.955693,0.0000,0.0000,0.0000,0.140000,0.000000,0.000000,0.000000,0.000000,0.000000,0.781298,0.270460,0.962239,0.076820,0.003166,0.036244,0.148156,45.051525,44.309888,-3.003955,1.995119,-1.571068,0.000000,0.000000,0.000000,0.000000,0.000000,0.000000
1778249152.754108,0.767589,0.269892,0.955773,0.0000,0.0000,0.0000,0.140000,0.000000,0.000000,0.000000,0.000000,0.000000,0.781298,0.270460,0.962239,0.076826,0.003182,0.036230,0.148119,45.113677,44.372720,-3.003955,1.995115,-1.571071,0.000000,0.000000,0.000000,0.000000,0.000000,0.000000
1778249152.764040,0.767796,0.269897,0.955872,0.0000,0.0000,0.0000,0.140000,0.000000,0.000000,0.000000,0.000000,0.000000,0.781298,0.270460,0.962239,0.076827,0.003203,0.036226,0.148081,45.172709,44.430288,-3.003955,1.995118,-1.571071,0.000000,0.000000,0.000000,0.000000,0.000000,0.000000
1778249152.774320,0.767960,0.269897,0.955956,0.0000,0.0000,0.0000,0.140000,0.000000,0.000000,0.000000,0.000000,0.000000,0.781298,0.270460,0.962239,0.076840,0.003246,0.036196,0.148043,45.094147,44.351595,-3.003955,1.995117,-1.571071,0.000000,0.000000,0.000000,0.000000,0.000000,0.000000
1778249152.784468,0.768122,0.269897,0.956038,0.0000,0.0000,0.0000,0.140000,0.000000,0.000000,0.000000,0.000000,0.000000,0.781298,0.270460,0.962239,0.076840,0.003246,0.036196,0.148043,45.094147,44.351595,-3.003955,1.995117,-1.571070,0.000000,0.000000,0.000000,0.000000,0.000000,0.000000
1778249152.794330,0.768281,0.269894,0.956123,0.0000,0.0000,0.0000,0.140000,0.000000,0.000000,0.000000,0.000000,0.000000,0.781298,0.270460,0.962239,0.076873,0.003343,0.036117,0.147970,45.134636,44.395827,-3.003955,1.995115,-1.571068,0.000000,0.000000,0.000000,0.000000,0.000000,0.000000
1778249152.804126,0.768444,0.269894,0.956209,0.0000,0.0000,0.0000,0.140000,0.000000,0.000000,0.000000,0.000000,0.000000,0.781298,0.270460,0.962239,0.076893,0.003388,0.036069,0.147934,45.123319,44.380870,-3.003955,1.995121,-1.571068,0.000000,0.000000,0.000000,0.000000,0.000000,0.000000
1778249152.814385,0.768601,0.269900,0.956289,0.0000,0.0000,0.0000,0.140000,0.000000,0.000000,0.000000,0.000000,0.000000,0.781298,0.270460,0.962239,0.076907,0.003393,0.036038,0.147899,45.101384,44.360136,-3.003955,1.995117,-1.571069,0.000000,0.000000,0.000000,0.000000,0.000000,0.000000
1778249152.824426,0.768764,0.269904,0.956367,0.0000,0.0000,0.0000,0.140000,0.000000,0.000000,0.000000,0.000000,0.000000,0.781298,0.270460,0.962239,0.076912,0.003412,0.036027,0.147865,45.197929,44.456695,-3.003955,1.995115,-1.571069,0.000000,0.000000,0.000000,0.000000,0.000000,0.000000
1778249152.834358,0.768926,0.269907,0.956450,0.0000,0.0000,0.0000,0.140000,0.000000,0.000000,0.000000,0.000000,0.000000,0.781298,0.270460,0.962239,0.076928,0.003442,0.035989,0.147831,45.165873,44.423109,-3.003956,1.995120,-1.571069,0.000000,0.000000,0.000000,0.000000,0.000000,0.000000
1778249152.844343,0.769129,0.269911,0.956548,0.0000,0.0000,0.0000,0.140000,0.000000,0.000000,0.000000,0.000000,0.000000,0.781298,0.270460,0.962239,0.076928,0.003442,0.035989,0.147831,45.165873,44.423109,-3.003956,1.995113,-1.571070,0.000000,0.000000,0.000000,0.000000,0.000000,0.000000
1778249152.854092,0.769287,0.269914,0.956627,0.0000,0.0000,0.0000,0.140000,0.000000,0.000000,0.000000,0.000000,0.000000,0.781298,0.270460,0.962239,0.076946,0.003501,0.035945,0.147760,45.197679,44.457941,-3.003956,1.995117,-1.571071,0.000000,0.000000,0.000000,0.000000,0.000000,0.000000
1778249152.864066,0.769447,0.269912,0.956711,0.0000,0.0000,0.0000,0.140000,0.000000,0.000000,0.000000,0.000000,0.000000,0.781298,0.270460,0.962239,0.076946,0.003501,0.035945,0.147760,45.197679,44.457941,-3.003956,1.995118,-1.571066,0.000000,0.000000,0.000000,0.000000,0.000000,0.000000
1778249152.874379,0.769603,0.269921,0.956795,0.0000,0.0000,0.0000,0.140000,0.000000,0.000000,0.000000,0.000000,0.000000,0.781298,0.270460,0.962239,0.076996,0.003547,0.035833,0.147691,45.157772,44.417120,-3.003956,1.995119,-1.571074,0.000000,0.000000,0.000000,0.000000,0.000000,0.000000
1778249152.883814,0.769804,0.269916,0.956895,0.0000,0.0000,0.0000,0.140000,0.000000,0.000000,0.000000,0.000000,0.000000,0.781298,0.270460,0.962239,0.077008,0.003647,0.035799,0.147655,45.203809,44.463277,-3.003956,1.995117,-1.571068,0.000000,0.000000,0.000000,0.000000,0.000000,0.000000
1778249152.894033,0.769924,0.269921,0.956957,0.0000,0.0000,0.0000,0.140000,0.000000,0.000000,0.000000,0.000000,0.000000,0.781298,0.270460,0.962239,0.077023,0.003653,0.035765,0.147623,45.251309,44.510266,-3.003955,1.995119,-1.571069,0.000000,0.000000,0.000000,0.000000,0.000000,0.000000
1778249152.904831,0.770127,0.269931,0.957052,0.0000,0.0000,0.0000,0.140000,0.000000,0.000000,0.000000,0.000000,0.000000,0.781298,0.270460,0.962239,0.077026,0.003651,0.035758,0.147589,45.184781,44.440581,-3.003955,1.995116,-1.571069,0.000000,0.000000,0.000000,0.000000,0.000000,0.000000
1778249152.914120,0.770286,0.269937,0.957129,0.0000,0.0000,0.0000,0.140000,0.000000,0.000000,0.000000,0.000000,0.000000,0.781298,0.270460,0.962239,0.077033,0.003662,0.035742,0.147557,45.203077,44.463078,-3.003956,1.995116,-1.571065,0.000000,0.000000,0.000000,0.000000,0.000000,0.000000
1778249152.924454,0.770446,0.269938,0.957215,0.0000,0.0000,0.0000,0.140000,0.000000,0.000000,0.000000,0.000000,0.000000,0.781298,0.270460,0.962239,0.077033,0.003662,0.035742,0.147557,45.203077,44.463078,-3.003956,1.995120,-1.571071,0.000000,0.000000,0.000000,0.000000,0.000000,0.000000
1778249152.934822,0.770601,0.269939,0.957299,0.0000,0.0000,0.0000,0.140000,0.000000,0.000000,0.000000,0.000000,0.000000,0.781298,0.270460,0.962239,0.077094,0.003758,0.035600,0.147491,45.169137,44.429037,-3.003956,1.995115,-1.571069,0.000000,0.000000,0.000000,0.000000,0.000000,0.000000
1778249152.944269,0.770761,0.269943,0.957377,0.0000,0.0000,0.0000,0.140000,0.000000,0.000000,0.000000,0.000000,0.000000,0.781298,0.270460,0.962239,0.077104,0.003788,0.035575,0.147460,45.293998,44.551717,-3.003956,1.995118,-1.571067,0.000000,0.000000,0.000000,0.000000,0.000000,0.000000
1778249152.954329,0.770917,0.269952,0.957456,0.0000,0.0000,0.0000,0.140000,0.000000,0.000000,0.000000,0.000000,0.000000,0.781298,0.270460,0.962239,0.077104,0.003788,0.035575,0.147460,45.293998,44.551717,-3.003956,1.995115,-1.571071,0.000000,0.000000,0.000000,0.000000,0.000000,0.000000
1778249152.964025,0.771117,0.269955,0.957553,0.0000,0.0000,0.0000,0.140000,0.000000,0.000000,0.000000,0.000000,0.000000,0.781298,0.270460,0.962239,0.076364,0.003790,0.035142,0.146934,45.327899,44.588036,-3.003956,1.995120,-1.571068,0.000000,0.000000,0.000000,0.000000,0.000000,0.000000
1778249152.974033,0.771277,0.269958,0.957635,0.0000,0.0000,0.0000,0.140000,0.000000,0.000000,0.000000,0.000000,0.000000,0.781298,0.270460,0.962239,0.075162,0.003765,0.034524,0.145860,45.169658,44.427597,-3.003956,1.995117,-1.571068,0.000000,0.000000,0.000000,0.000000,0.000000,0.000000
1778249152.984308,0.771438,0.269961,0.957711,0.0000,0.0000,0.0000,0.140000,0.000000,0.000000,0.000000,0.000000,0.000000,0.781298,0.270460,0.962239,0.073957,0.003745,0.033956,0.144402,45.219744,44.478917,-3.003956,1.995117,-1.571067,0.000000,0.000000,0.000000,0.000000,0.000000,0.000000
1778249152.994429,0.771596,0.269966,0.957791,0.0000,0.0000,0.0000,0.140000,0.000000,0.000000,0.000000,0.000000,0.000000,0.781298,0.270460,0.962239,0.072770,0.003705,0.033355,0.142684,45.197616,44.455944,-3.003956,1.995119,-1.571068,0.000000,0.000000,0.000000,0.000000,0.000000,0.000000
1778249153.004272,0.771750,0.269969,0.957869,0.0000,0.0000,0.0000,0.140000,0.000000,0.000000,0.000000,0.000000,0.000000,0.781298,0.270460,0.962239,0.071610,0.003685,0.032772,0.140808,45.168404,44.427177,-3.003956,1.995114,-1.571067,0.000000,0.000000,0.000000,0.000000,0.000000,0.000000
1778249153.015014,0.771908,0.269971,0.957945,0.0000,0.0000,0.0000,0.140000,0.000000,0.000000,0.000000,0.000000,0.000000,0.781298,0.270460,0.962239,0.070428,0.003665,0.032203,0.138818,45.216994,44.475052,-3.003956,1.995118,-1.571068,0.000000,0.000000,0.000000,0.000000,0.000000,0.000000
1778249153.024248,0.772061,0.269977,0.958024,0.0000,0.0000,0.0000,0.140000,0.000000,0.000000,0.000000,0.000000,0.000000,0.781298,0.270460,0.962239,0.069283,0.003623,0.031609,0.136764,45.161767,44.420405,-3.003956,1.995118,-1.571068,0.000000,0.000000,0.000000,0.000000,0.000000,0.000000
1778249153.034889,0.772213,0.269981,0.958099,0.0000,0.0000,0.0000,0.140000,0.000000,0.000000,0.000000,0.000000,0.000000,0.781298,0.270460,0.962239,0.068139,0.003594,0.031047,0.134674,45.175748,44.433637,-3.003956,1.995117,-1.571068,0.000000,0.000000,0.000000,0.000000,0.000000,0.000000
1778249153.044418,0.772366,0.269987,0.958173,0.0000,0.0000,0.0000,0.140000,0.000000,0.000000,0.000000,0.000000,0.000000,0.781298,0.270460,0.962239,0.066996,0.003550,0.030491,0.132562,45.168699,44.425497,-3.003956,1.995118,-1.571069,0.000000,0.000000,0.000000,0.000000,0.000000,0.000000
1778249153.054101,0.772514,0.269989,0.958247,0.0000,0.0000,0.0000,0.140000,0.000000,0.000000,0.000000,0.000000,0.000000,0.781298,0.270460,0.962239,0.065881,0.003533,0.029939,0.130452,45.155827,44.413721,-3.003956,1.995117,-1.571067,0.000000,0.000000,0.000000,0.000000,0.000000,0.000000
1778249153.064498,0.772664,0.269995,0.958317,0.0000,0.0000,0.0000,0.140000,0.000000,0.000000,0.000000,0.000000,0.000000,0.781298,0.270460,0.962239,0.064759,0.003489,0.029413,0.128346,45.194392,44.450186,-3.003956,1.995118,-1.571065,0.000000,0.000000,0.000000,0.000000,0.000000,0.000000
1778249153.074060,0.772809,0.270001,0.958388,0.0000,0.0000,0.0000,0.140000,0.000000,0.000000,0.000000,0.000000,0.000000,0.781298,0.270460,0.962239,0.063668,0.003447,0.028879,0.126256,45.133720,44.391276,-3.003956,1.995117,-1.571066,0.000000,0.000000,0.000000,0.000000,0.000000,0.000000
1778249153.084255,0.772917,0.270001,0.958441,0.0000,0.0000,0.0000,0.140000,0.000000,0.000000,0.000000,0.000000,0.000000,0.781298,0.270460,0.962239,0.062859,0.003448,0.028483,0.124347,45.135147,44.391539,-3.003956,1.995115,-1.571064,0.000000,0.000000,0.000000,0.000000,0.000000,0.000000
1778249153.094404,0.773094,0.270009,0.958527,0.0000,0.0000,0.0000,0.140000,0.000000,0.000000,0.000000,0.000000,0.000000,0.781298,0.270460,0.962239,0.061530,0.003381,0.027839,0.122251,45.159042,44.415881,-3.003956,1.995118,-1.571070,0.000000,0.000000,0.000000,0.000000,0.000000,0.000000
1778249153.104441,0.773199,0.270011,0.958579,0.0000,0.0000,0.0000,0.140000,0.000000,0.000000,0.000000,0.000000,0.000000,0.781298,0.270460,0.962239,0.060748,0.003370,0.027446,0.120354,45.122906,44.379895,-3.003956,1.995117,-1.571067,0.000000,0.000000,0.000000,0.000000,0.000000,0.000000
1778249153.114007,0.773371,0.270016,0.958662,0.0000,0.0000,0.0000,0.140000,0.000000,0.000000,0.000000,0.000000,0.000000,0.781298,0.270460,0.962239,0.059456,0.003332,0.026823,0.118290,45.199701,44.456407,-3.003956,1.995120,-1.571066,0.000000,0.000000,0.000000,0.000000,0.000000,0.000000
1778249153.123915,0.773472,0.270021,0.958713,0.0000,0.0000,0.0000,0.140000,0.000000,0.000000,0.000000,0.000000,0.000000,0.781298,0.270460,0.962239,0.058697,0.003293,0.026440,0.116428,45.079168,44.334438,-3.003956,1.995119,-1.571069,0.000000,0.000000,0.000000,0.000000,0.000000,0.000000
1778249153.134697,0.773605,0.270026,0.958776,0.0000,0.0000,0.0000,0.140000,0.000000,0.000000,0.000000,0.000000,0.000000,0.781298,0.270460,0.962239,0.058697,0.003293,0.026440,0.116428,45.079168,44.334438,-3.003956,1.995115,-1.571068,0.000000,0.000000,0.000000,0.000000,0.000000,0.000000
1778249153.144572,0.773736,0.270034,0.958843,0.0000,0.0000,0.0000,0.140000,0.000000,0.000000,0.000000,0.000000,0.000000,0.781298,0.270460,0.962239,0.056722,0.003197,0.025466,0.112711,45.158220,44.412926,-3.003956,1.995120,-1.571070,0.000000,0.000000,0.000000,0.000000,0.000000,0.000000
1778249153.154133,0.773865,0.270042,0.958902,0.0000,0.0000,0.0000,0.140000,0.000000,0.000000,0.000000,0.000000,0.000000,0.781298,0.270460,0.962239,0.055753,0.003139,0.025024,0.110876,45.124637,44.379251,-3.003956,1.995114,-1.571071,0.000000,0.000000,0.000000,0.000000,0.000000,0.000000
1778249153.164022,0.773997,0.270044,0.958964,0.0000,0.0000,0.0000,0.140000,0.000000,0.000000,0.000000,0.000000,0.000000,0.781298,0.270460,0.962239,0.054764,0.003121,0.024561,0.109040,45.120929,44.376361,-3.003957,1.995120,-1.571066,0.000000,0.000000,0.000000,0.000000,0.000000,0.000000
1778249153.174170,0.774116,0.270053,0.959024,0.0000,0.0000,0.0000,0.140000,0.000000,0.000000,0.000000,0.000000,0.000000,0.781298,0.270460,0.962239,0.053868,0.003051,0.024105,0.107253,45.060528,44.317602,-3.003957,1.995116,-1.571070,0.000000,0.000000,0.000000,0.000000,0.000000,0.000000
1778249153.184618,0.774240,0.270053,0.959083,0.0000,0.0000,0.0000,0.140000,0.000000,0.000000,0.000000,0.000000,0.000000,0.781298,0.270460,0.962239,0.052936,0.003054,0.023667,0.105486,45.155797,44.410340,-3.003957,1.995116,-1.571068,0.000000,0.000000,0.000000,0.000000,0.000000,0.000000
1778249153.194196,0.774363,0.270059,0.959141,0.0000,0.0000,0.0000,0.140000,0.000000,0.000000,0.000000,0.000000,0.000000,0.781298,0.270460,0.962239,0.052936,0.003054,0.023667,0.105486,45.155797,44.410340,-3.003957,1.995118,-1.571070,0.000000,0.000000,0.000000,0.000000,0.000000,0.000000
1778249153.204585,0.774482,0.270068,0.959196,0.0000,0.0000,0.0000,0.140000,0.000000,0.000000,0.000000,0.000000,0.000000,0.781298,0.270460,0.962239,0.052014,0.003012,0.023235,0.103738,45.121274,44.375363,-3.003956,1.995116,-1.571072,0.000000,0.000000,0.000000,0.000000,0.000000,0.000000
1778249153.214444,0.774597,0.270077,0.959249,0.0000,0.0000,0.0000,0.140000,0.000000,0.000000,0.000000,0.000000,0.000000,0.781298,0.270460,0.962239,0.051121,0.002943,0.022822,0.102023,45.127770,44.381000,-3.003957,1.995116,-1.571071,0.000000,0.000000,0.000000,0.000000,0.000000,0.000000
1778249153.224342,0.774711,0.270084,0.959306,0.0000,0.0000,0.0000,0.140000,0.000000,0.000000,0.000000,0.000000,0.000000,0.781298,0.270460,0.962239,0.050261,0.002874,0.022422,0.100347,45.154919,44.410294,-3.003957,1.995120,-1.571069,0.000000,0.000000,0.000000,0.000000,0.000000,0.000000
1778249153.234177,0.774822,0.270090,0.959358,0.0000,0.0000,0.0000,0.140000,0.000000,0.000000,0.000000,0.000000,0.000000,0.781298,0.270460,0.962239,0.048573,0.002779,0.021601,0.097082,45.113679,44.367637,-3.003957,1.995117,-1.571069,0.000000,0.000000,0.000000,0.000000,0.000000,0.000000
1778249153.244371,0.774936,0.270090,0.959410,0.0000,0.0000,0.0000,0.140000,0.000000,0.000000,0.000000,0.000000,0.000000,0.781298,0.270460,0.962239,0.047720,0.002775,0.021211,0.095484,45.121804,44.374509,-3.003957,1.995116,-1.571068,0.000000,0.000000,0.000000,0.000000,0.000000,0.000000
1778249153.254408,0.775049,0.270093,0.959461,0.0000,0.0000,0.0000,0.140000,0.000000,0.000000,0.000000,0.000000,0.000000,0.781298,0.270460,0.962239,0.046873,0.002752,0.020831,0.093902,45.136558,44.388180,-3.003957,1.995119,-1.571070,0.000000,0.000000,0.000000,0.000000,0.000000,0.000000
1778249153.263931,0.775182,0.270102,0.959519,0.0000,0.0000,0.0000,0.140000,0.000000,0.000000,0.000000,0.000000,0.000000,0.781298,0.270460,0.962239,0.045871,0.002689,0.020397,0.092244,45.158719,44.412618,-3.003957,1.995117,-1.571070,0.000000,0.000000,0.000000,0.000000,0.000000,0.000000
1778249153.274023,0.775260,0.270108,0.959555,0.0000,0.0000,0.0000,0.140000,0.000000,0.000000,0.000000,0.000000,0.000000,0.781298,0.270460,0.962239,0.045287,0.002640,0.020124,0.090773,45.112856,44.365573,-3.003957,1.995117,-1.571070,0.000000,0.000000,0.000000,0.000000,0.000000,0.000000
1778249153.284503,0.775366,0.270114,0.959601,0.0000,0.0000,0.0000,0.140000,0.000000,0.000000,0.000000,0.000000,0.000000,0.781298,0.270460,0.962239,0.044495,0.002599,0.019779,0.089313,45.139118,44.390824,-3.003957,1.995117,-1.571069,0.000000,0.000000,0.000000,0.000000,0.000000,0.000000
1778249153.294365,0.775467,0.270116,0.959648,0.0000,0.0000,0.0000,0.140000,0.000000,0.000000,0.000000,0.000000,0.000000,0.781298,0.270460,0.962239,0.043737,0.002580,0.019425,0.087875,45.103190,44.356617,-3.003957,1.995116,-1.571067,0.000000,0.000000,0.000000,0.000000,0.000000,0.000000
1778249153.305054,0.775569,0.270122,0.959690,0.0000,0.0000,0.0000,0.140000,0.000000,0.000000,0.000000,0.000000,0.000000,0.781298,0.270460,0.962239,0.042970,0.002538,0.019114,0.086458,45.197523,44.448161,-3.003957,1.995115,-1.571069,0.000000,0.000000,0.000000,0.000000,0.000000,0.000000
1778249153.314263,0.775671,0.270128,0.959732,0.0000,0.0000,0.0000,0.140000,0.000000,0.000000,0.000000,0.000000,0.000000,0.781298,0.270460,0.962239,0.042207,0.002493,0.018801,0.085057,45.164658,44.413844,-3.003956,1.995117,-1.571071,0.000000,0.000000,0.000000,0.000000,0.000000,0.000000
1778249153.324872,0.775769,0.270135,0.959774,0.0000,0.0000,0.0000,0.140000,0.000000,0.000000,0.000000,0.000000,0.000000,0.781298,0.270460,0.962239,0.041472,0.002438,0.018480,0.083677,45.118905,44.371067,-3.003956,1.995117,-1.571068,0.000000,0.000000,0.000000,0.000000,0.000000,0.000000
1778249153.334459,0.775886,0.270150,0.959829,0.0000,0.0000,0.0000,0.140000,0.000000,0.000000,0.000000,0.000000,0.000000,0.781298,0.270460,0.962239,0.040595,0.002325,0.018072,0.082224,45.127154,44.377302,-3.003957,1.995117,-1.571070,0.000000,0.000000,0.000000,0.000000,0.000000,0.000000
1778249153.344115,0.775980,0.270155,0.959867,0.0000,0.0000,0.0000,0.140000,0.000000,0.000000,0.000000,0.000000,0.000000,0.781298,0.270460,0.962239,0.039887,0.002286,0.017785,0.080832,45.140410,44.392209,-3.003957,1.995117,-1.571070,0.000000,0.000000,0.000000,0.000000,0.000000,0.000000
1778249153.354709,0.776068,0.270163,0.959910,0.0000,0.0000,0.0000,0.140000,0.000000,0.000000,0.000000,0.000000,0.000000,0.781298,0.270460,0.962239,0.039225,0.002230,0.017462,0.079495,45.095338,44.347130,-3.003957,1.995114,-1.571072,0.000000,0.000000,0.000000,0.000000,0.000000,0.000000
1778249153.364194,0.776159,0.270169,0.959951,0.0000,0.0000,0.0000,0.140000,0.000000,0.000000,0.000000,0.000000,0.000000,0.781298,0.270460,0.962239,0.038547,0.002180,0.017159,0.078192,45.156345,44.406708,-3.003957,1.995119,-1.571068,0.000000,0.000000,0.000000,0.000000,0.000000,0.000000
1778249153.374477,0.776244,0.270180,0.959990,0.0000,0.0000,0.0000,0.140000,0.000000,0.000000,0.000000,0.000000,0.000000,0.781298,0.270460,0.962239,0.037909,0.002098,0.016868,0.076934,45.112510,44.363717,-3.003957,1.995117,-1.571071,0.000000,0.000000,0.000000,0.000000,0.000000,0.000000
1778249153.384242,0.776326,0.270186,0.960029,0.0000,0.0000,0.0000,0.140000,0.000000,0.000000,0.000000,0.000000,0.000000,0.781298,0.270460,0.962239,0.037291,0.002054,0.016568,0.075716,45.112696,44.364357,-3.003957,1.995116,-1.571069,0.000000,0.000000,0.000000,0.000000,0.000000,0.000000
1778249153.394092,0.776417,0.270192,0.960061,0.0000,0.0000,0.0000,0.140000,0.000000,0.000000,0.000000,0.000000,0.000000,0.781298,0.270460,0.962239,0.036614,0.002013,0.016334,0.074510,45.202066,44.449960,-3.003957,1.995117,-1.571068,0.000000,0.000000,0.000000,0.000000,0.000000,0.000000
1778249153.404125,0.776508,0.270193,0.960095,0.0000,0.0000,0.0000,0.140000,0.000000,0.000000,0.000000,0.000000,0.000000,0.781298,0.270460,0.962239,0.036614,0.002013,0.016334,0.074510,45.202066,44.449960,-3.003957,1.995119,-1.571069,0.000000,0.000000,0.000000,0.000000,0.000000,0.000000
1778249153.414022,0.776609,0.270204,0.960140,0.0000,0.0000,0.0000,0.140000,0.000000,0.000000,0.000000,0.000000,0.000000,0.781298,0.270460,0.962239,0.035170,0.001920,0.015739,0.072048,45.162523,44.413800,-3.003957,1.995120,-1.571070,0.000000,0.000000,0.000000,0.000000,0.000000,0.000000
1778249153.424286,0.776686,0.270214,0.960177,0.0000,0.0000,0.0000,0.140000,0.000000,0.000000,0.000000,0.000000,0.000000,0.781298,0.270460,0.962239,0.034595,0.001845,0.015463,0.070855,45.097312,44.347829,-3.003957,1.995115,-1.571071,0.000000,0.000000,0.000000,0.000000,0.000000,0.000000
1778249153.434165,0.776767,0.270224,0.960209,0.0000,0.0000,0.0000,0.140000,0.000000,0.000000,0.000000,0.000000,0.000000,0.781298,0.270460,0.962239,0.033988,0.001768,0.015222,0.069700,45.182851,44.431243,-3.003957,1.995119,-1.571072,0.000000,0.000000,0.000000,0.000000,0.000000,0.000000
1778249153.444270,0.776847,0.270229,0.960243,0.0000,0.0000,0.0000,0.140000,0.000000,0.000000,0.000000,0.000000,0.000000,0.781298,0.270460,0.962239,0.033385,0.001736,0.014964,0.068569,45.122352,44.371028,-3.003958,1.995117,-1.571071,0.000000,0.000000,0.000000,0.000000,0.000000,0.000000
1778249153.454494,0.776922,0.270232,0.960275,0.0000,0.0000,0.0000,0.140000,0.000000,0.000000,0.000000,0.000000,0.000000,0.781298,0.270460,0.962239,0.032821,0.001715,0.014724,0.067478,45.152804,44.403463,-3.003958,1.995115,-1.571068,0.000000,0.000000,0.000000,0.000000,0.000000,0.000000
1778249153.464032,0.776999,0.270241,0.960305,0.0000,0.0000,0.0000,0.140000,0.000000,0.000000,0.000000,0.000000,0.000000,0.781298,0.270460,0.962239,0.032247,0.001645,0.014500,0.066412,45.223352,44.472213,-3.003958,1.995116,-1.571070,0.000000,0.000000,0.000000,0.000000,0.000000,0.000000
1778249153.474212,0.777095,0.270249,0.960347,0.0000,0.0000,0.0000,0.140000,0.000000,0.000000,0.000000,0.000000,0.000000,0.781298,0.270460,0.962239,0.031525,0.001585,0.014189,0.065273,45.120729,44.367449,-3.003958,1.995120,-1.571069,0.000000,0.000000,0.000000,0.000000,0.000000,0.000000
1778249153.484010,0.777182,0.270261,0.960386,0.0000,0.0000,0.0000,0.140000,0.000000,0.000000,0.000000,0.000000,0.000000,0.781298,0.270460,0.962239,0.030875,0.001493,0.013893,0.064122,45.088750,44.337632,-3.003958,1.995116,-1.571071,0.000000,0.000000,0.000000,0.000000,0.000000,0.000000
1778249153.494163,0.777251,0.270261,0.960414,0.0000,0.0000,0.0000,0.140000,0.000000,0.000000,0.000000,0.000000,0.000000,0.781298,0.270460,0.962239,0.030354,0.001494,0.013685,0.063048,45.185741,44.435306,-3.003958,1.995115,-1.571069,0.000000,0.000000,0.000000,0.000000,0.000000,0.000000
1778249153.504250,0.777325,0.270260,0.960446,0.0000,0.0000,0.0000,0.140000,0.000000,0.000000,0.000000,0.000000,0.000000,0.781298,0.270460,0.962239,0.029798,0.001499,0.013442,0.061999,45.155968,44.402994,-3.003958,1.995120,-1.571067,0.000000,0.000000,0.000000,0.000000,0.000000,0.000000
1778249153.514450,0.777390,0.270274,0.960474,0.0000,0.0000,0.0000,0.140000,0.000000,0.000000,0.000000,0.000000,0.000000,0.781298,0.270460,0.962239,0.029311,0.001396,0.013238,0.061009,45.123933,44.373161,-3.003958,1.995114,-1.571068,0.000000,0.000000,0.000000,0.000000,0.000000,0.000000
1778249153.524304,0.777460,0.270278,0.960501,0.0000,0.0000,0.0000,0.140000,0.000000,0.000000,0.000000,0.000000,0.000000,0.781298,0.270460,0.962239,0.028785,0.001367,0.013030,0.060040,45.201341,44.449004,-3.003958,1.995119,-1.571071,0.000000,0.000000,0.000000,0.000000,0.000000,0.000000
1778249153.534294,0.777529,0.270286,0.960529,0.0000,0.0000,0.0000,0.140000,0.000000,0.000000,0.000000,0.000000,0.000000,0.781298,0.270460,0.962239,0.028272,0.001303,0.012820,0.059092,45.145664,44.391763,-3.003958,1.995118,-1.571073,0.000000,0.000000,0.000000,0.000000,0.000000,0.000000
1778249153.544616,0.777597,0.270290,0.960551,0.0000,0.0000,0.0000,0.140000,0.000000,0.000000,0.000000,0.000000,0.000000,0.781298,0.270460,0.962239,0.027764,0.001273,0.012654,0.058172,45.159047,44.405679,-3.003958,1.995114,-1.571069,0.000000,0.000000,0.000000,0.000000,0.000000,0.000000
1778249153.554242,0.777665,0.270298,0.960577,0.0000,0.0000,0.0000,0.140000,0.000000,0.000000,0.000000,0.000000,0.000000,0.781298,0.270460,0.962239,0.027253,0.001215,0.012464,0.057263,45.179745,44.427071,-3.003958,1.995119,-1.571071,0.000000,0.000000,0.000000,0.000000,0.000000,0.000000
1778249153.564327,0.777728,0.270300,0.960602,0.0000,0.0000,0.0000,0.140000,0.000000,0.000000,0.000000,0.000000,0.000000,0.781298,0.270460,0.962239,0.026779,0.001202,0.012270,0.056381,45.139469,44.386968,-3.003958,1.995117,-1.571068,0.000000,0.000000,0.000000,0.000000,0.000000,0.000000
1778249153.574391,0.777790,0.270306,0.960629,0.0000,0.0000,0.0000,0.140000,0.000000,0.000000,0.000000,0.000000,0.000000,0.781298,0.270460,0.962239,0.026312,0.001153,0.012071,0.055519,45.188013,44.434536,-3.003958,1.995117,-1.571068,0.000000,0.000000,0.000000,0.000000,0.000000,0.000000
1778249153.584271,0.777853,0.270311,0.960654,0.0000,0.0000,0.0000,0.140000,0.000000,0.000000,0.000000,0.000000,0.000000,0.781298,0.270460,0.962239,0.025844,0.001116,0.011887,0.054674,45.159462,44.405527,-3.003958,1.995117,-1.571068,0.000000,0.000000,0.000000,0.000000,0.000000,0.000000
1778249153.594234,0.777913,0.270314,0.960678,0.0000,0.0000,0.0000,0.140000,0.000000,0.000000,0.000000,0.000000,0.000000,0.781298,0.270460,0.962239,0.025393,0.001095,0.011704,0.053850,45.129268,44.377438,-3.003958,1.995115,-1.571067,0.000000,0.000000,0.000000,0.000000,0.000000,0.000000
1778249153.604339,0.777973,0.270316,0.960703,0.0000,0.0000,0.0000,0.140000,0.000000,0.000000,0.000000,0.000000,0.000000,0.781298,0.270460,0.962239,0.024940,0.001085,0.011519,0.053040,45.217551,44.464737,-3.003958,1.995121,-1.571068,0.000000,0.000000,0.000000,0.000000,0.000000,0.000000
1778249153.614384,0.778028,0.270317,0.960730,0.0000,0.0000,0.0000,0.140000,0.000000,0.000000,0.000000,0.000000,0.000000,0.781298,0.270460,0.962239,0.024526,0.001074,0.011317,0.052254,45.125334,44.370801,-3.003958,1.995114,-1.571068,0.000000,0.000000,0.000000,0.000000,0.000000,0.000000
1778249153.624395,0.778086,0.270325,0.960751,0.0000,0.0000,0.0000,0.140000,0.000000,0.000000,0.000000,0.000000,0.000000,0.781298,0.270460,0.962239,0.024091,0.001017,0.011155,0.051484,45.247209,44.493091,-3.003958,1.995116,-1.571072,0.000000,0.000000,0.000000,0.000000,0.000000,0.000000
1778249153.634259,0.778146,0.270330,0.960775,0.0000,0.0000,0.0000,0.140000,0.000000,0.000000,0.000000,0.000000,0.000000,0.781298,0.270460,0.962239,0.023647,0.000973,0.010980,0.050717,45.169989,44.413717,-3.003958,1.995120,-1.571070,0.000000,0.000000,0.000000,0.000000,0.000000,0.000000
1778249153.644223,0.778199,0.270338,0.960799,0.0000,0.0000,0.0000,0.140000,0.000000,0.000000,0.000000,0.000000,0.000000,0.781298,0.270460,0.962239,0.023245,0.000915,0.010797,0.049971,45.092343,44.337792,-3.003958,1.995119,-1.571072,0.000000,0.000000,0.000000,0.000000,0.000000,0.000000
1778249153.654230,0.778251,0.270335,0.960825,0.0000,0.0000,0.0000,0.140000,0.000000,0.000000,0.000000,0.000000,0.000000,0.781298,0.270460,0.962239,0.022854,0.000940,0.010603,0.049245,45.134674,44.382415,-3.003959,1.995115,-1.571071,0.000000,0.000000,0.000000,0.000000,0.000000,0.000000
1778249153.664502,0.778306,0.270335,0.960849,0.0000,0.0000,0.0000,0.140000,0.000000,0.000000,0.000000,0.000000,0.000000,0.781298,0.270460,0.962239,0.022854,0.000940,0.010603,0.049245,45.134674,44.382415,-3.003958,1.995118,-1.571074,0.000000,0.000000,0.000000,0.000000,0.000000,0.000000
1778249153.674646,0.778360,0.270330,0.960872,0.0000,0.0000,0.0000,0.140000,0.000000,0.000000,0.000000,0.000000,0.000000,0.781298,0.270460,0.962239,0.022036,0.000973,0.010247,0.047816,45.124977,44.368258,-3.003958,1.995119,-1.571068,0.000000,0.000000,0.000000,0.000000,0.000000,0.000000
1778249153.684484,0.778411,0.270335,0.960890,0.0000,0.0000,0.0000,0.140000,0.000000,0.000000,0.000000,0.000000,0.000000,0.781298,0.270460,0.962239,0.022036,0.000973,0.010247,0.047816,45.124977,44.368258,-3.003958,1.995114,-1.571068,0.000000,0.000000,0.000000,0.000000,0.000000,0.000000
1778249153.694529,0.778459,0.270339,0.960918,0.0000,0.0000,0.0000,0.140000,0.000000,0.000000,0.000000,0.000000,0.000000,0.781298,0.270460,0.962239,0.021296,0.000906,0.009906,0.046462,45.113881,44.359509,-3.003958,1.995119,-1.571071,0.000000,0.000000,0.000000,0.000000,0.000000,0.000000
1778249153.704195,0.778507,0.270337,0.960941,0.0000,0.0000,0.0000,0.140000,0.000000,0.000000,0.000000,0.000000,0.000000,0.781298,0.270460,0.962239,0.020938,0.000924,0.009731,0.045808,45.135864,44.381812,-3.003958,1.995117,-1.571070,0.000000,0.000000,0.000000,0.000000,0.000000,0.000000
1778249153.714656,0.778554,0.270341,0.960959,0.0000,0.0000,0.0000,0.140000,0.000000,0.000000,0.000000,0.000000,0.000000,0.781298,0.270460,0.962239,0.020580,0.000895,0.009600,0.045176,45.226361,44.471389,-3.003958,1.995116,-1.571073,0.000000,0.000000,0.000000,0.000000,0.000000,0.000000
1778249153.724323,0.778605,0.270342,0.960980,0.0000,0.0000,0.0000,0.140000,0.000000,0.000000,0.000000,0.000000,0.000000,0.781298,0.270460,0.962239,0.020198,0.000888,0.009440,0.044541,45.127151,44.371458,-3.003958,1.995117,-1.571068,0.000000,0.000000,0.000000,0.000000,0.000000,0.000000
1778249153.734385,0.778649,0.270348,0.960999,0.0000,0.0000,0.0000,0.140000,0.000000,0.000000,0.000000,0.000000,0.000000,0.781298,0.270460,0.962239,0.019870,0.000842,0.009297,0.043934,45.152752,44.399079,-3.003958,1.995114,-1.571070,0.000000,0.000000,0.000000,0.000000,0.000000,0.000000
1778249153.744150,0.778697,0.270350,0.961021,0.0000,0.0000,0.0000,0.140000,0.000000,0.000000,0.000000,0.000000,0.000000,0.781298,0.270460,0.962239,0.019510,0.000829,0.009134,0.043327,45.205930,44.451065,-3.003958,1.995121,-1.571072,0.000000,0.000000,0.000000,0.000000,0.000000,0.000000
1778249153.754149,0.778742,0.270349,0.961041,0.0000,0.0000,0.0000,0.140000,0.000000,0.000000,0.000000,0.000000,0.000000,0.781298,0.270460,0.962239,0.019177,0.000831,0.008979,0.042736,45.146951,44.391373,-3.003959,1.995118,-1.571070,0.000000,0.000000,0.000000,0.000000,0.000000,0.000000
1778249153.764436,0.778786,0.270352,0.961059,0.0000,0.0000,0.0000,0.140000,0.000000,0.000000,0.000000,0.000000,0.000000,0.781298,0.270460,0.962239,0.019177,0.000831,0.008979,0.042736,45.146951,44.391373,-3.003959,1.995115,-1.571069,0.000000,0.000000,0.000000,0.000000,0.000000,0.000000
1778249153.774282,0.778830,0.270353,0.961079,0.0000,0.0000,0.0000,0.140000,0.000000,0.000000,0.000000,0.000000,0.000000,0.781298,0.270460,0.962239,0.018512,0.000803,0.008694,0.041592,45.175249,44.419900,-3.003959,1.995117,-1.571071,0.000000,0.000000,0.000000,0.000000,0.000000,0.000000
1778249153.784305,0.778873,0.270356,0.961100,0.0000,0.0000,0.0000,0.140000,0.000000,0.000000,0.000000,0.000000,0.000000,0.781298,0.270460,0.962239,0.018194,0.000782,0.008539,0.041035,45.150036,44.395317,-3.003959,1.995117,-1.571071,0.000000,0.000000,0.000000,0.000000,0.000000,0.000000
1778249153.794106,0.778911,0.270364,0.961120,0.0000,0.0000,0.0000,0.140000,0.000000,0.000000,0.000000,0.000000,0.000000,0.781298,0.270460,0.962239,0.017908,0.000723,0.008388,0.040500,45.173877,44.419815,-3.003959,1.995118,-1.571073,0.000000,0.000000,0.000000,0.000000,0.000000,0.000000
1778249153.804289,0.778951,0.270368,0.961139,0.0000,0.0000,0.0000,0.140000,0.000000,0.000000,0.000000,0.000000,0.000000,0.781298,0.270460,0.962239,0.017604,0.000692,0.008250,0.039977,45.164029,44.408187,-3.003959,1.995118,-1.571073,0.000000,0.000000,0.000000,0.000000,0.000000,0.000000
1778249153.813986,0.778993,0.270368,0.961156,0.0000,0.0000,0.0000,0.140000,0.000000,0.000000,0.000000,0.000000,0.000000,0.781298,0.270460,0.962239,0.017288,0.000694,0.008122,0.039459,45.183265,44.427062,-3.003959,1.995118,-1.571072,0.000000,0.000000,0.000000,0.000000,0.000000,0.000000
1778249153.823942,0.779037,0.270367,0.961171,0.0000,0.0000,0.0000,0.140000,0.000000,0.000000,0.000000,0.000000,0.000000,0.781298,0.270460,0.962239,0.016964,0.000698,0.008004,0.038945,45.148965,44.392057,-3.003959,1.995118,-1.571069,0.000000,0.000000,0.000000,0.000000,0.000000,0.000000
1778249153.834019,0.779076,0.270371,0.961185,0.0000,0.0000,0.0000,0.140000,0.000000,0.000000,0.000000,0.000000,0.000000,0.781298,0.270460,0.962239,0.016668,0.000670,0.007904,0.038448,45.169106,44.413779,-3.003959,1.995116,-1.571070,0.000000,0.000000,0.000000,0.000000,0.000000,0.000000
1778249153.844017,0.779113,0.270375,0.961204,0.0000,0.0000,0.0000,0.140000,0.000000,0.000000,0.000000,0.000000,0.000000,0.781298,0.270460,0.962239,0.016389,0.000639,0.007757,0.037962,45.166078,44.411602,-3.003959,1.995119,-1.571072,0.000000,0.000000,0.000000,0.000000,0.000000,0.000000
1778249153.854093,0.779148,0.270375,0.961224,0.0000,0.0000,0.0000,0.140000,0.000000,0.000000,0.000000,0.000000,0.000000,0.781298,0.270460,0.962239,0.016128,0.000636,0.007605,0.037492,45.116591,44.361006,-3.003959,1.995115,-1.571071,0.000000,0.000000,0.000000,0.000000,0.000000,0.000000
1778249153.864285,0.779185,0.270381,0.961237,0.0000,0.0000,0.0000,0.140000,0.000000,0.000000,0.000000,0.000000,0.000000,0.781298,0.270460,0.962239,0.015852,0.000591,0.007511,0.037037,45.239780,44.483172,-3.003959,1.995118,-1.571071,0.000000,0.000000,0.000000,0.000000,0.000000,0.000000
1778249153.873958,0.779224,0.270382,0.961254,0.0000,0.0000,0.0000,0.140000,0.000000,0.000000,0.000000,0.000000,0.000000,0.781298,0.270460,0.962239,0.015557,0.000583,0.007384,0.036579,45.138461,44.382329,-3.003959,1.995119,-1.571070,0.000000,0.000000,0.000000,0.000000,0.000000,0.000000
1778249153.884325,0.779247,0.270383,0.961266,0.0000,0.0000,0.0000,0.140000,0.000000,0.000000,0.000000,0.000000,0.000000,0.781298,0.270460,0.962239,0.015389,0.000577,0.007293,0.036180,45.121823,44.367227,-3.003959,1.995114,-1.571068,0.000000,0.000000,0.000000,0.000000,0.000000,0.000000
1778249153.894053,0.779283,0.270385,0.961283,0.0000,0.0000,0.0000,0.140000,0.000000,0.000000,0.000000,0.000000,0.000000,0.781298,0.270460,0.962239,0.015114,0.000562,0.007164,0.035769,45.236338,44.479900,-3.003959,1.995119,-1.571067,0.000000,0.000000,0.000000,0.000000,0.000000,0.000000
1778249153.904542,0.779315,0.270391,0.961301,0.0000,0.0000,0.0000,0.140000,0.000000,0.000000,0.000000,0.000000,0.000000,0.781298,0.270460,0.962239,0.014876,0.000518,0.007034,0.035366,45.120618,44.365073,-3.003959,1.995117,-1.571072,0.000000,0.000000,0.000000,0.000000,0.000000,0.000000
1778249153.913985,0.779351,0.270391,0.961317,0.0000,0.0000,0.0000,0.140000,0.000000,0.000000,0.000000,0.000000,0.000000,0.781298,0.270460,0.962239,0.014608,0.000522,0.006911,0.034958,45.174194,44.417048,-3.003959,1.995117,-1.571071,0.000000,0.000000,0.000000,0.000000,0.000000,0.000000
1778249153.924140,0.779387,0.270392,0.961329,0.0000,0.0000,0.0000,0.140000,0.000000,0.000000,0.000000,0.000000,0.000000,0.781298,0.270460,0.962239,0.014340,0.000511,0.006824,0.034555,45.219130,44.461721,-3.003959,1.995116,-1.571070,0.000000,0.000000,0.000000,0.000000,0.000000,0.000000
1778249153.934467,0.779424,0.270394,0.961340,0.0000,0.0000,0.0000,0.140000,0.000000,0.000000,0.000000,0.000000,0.000000,0.781298,0.270460,0.962239,0.014058,0.000498,0.006740,0.034149,45.224743,44.464252,-3.003959,1.995119,-1.571069,0.000000,0.000000,0.000000,0.000000,0.000000,0.000000
1778249153.944137,0.779459,0.270398,0.961350,0.0000,0.0000,0.0000,0.140000,0.000000,0.000000,0.000000,0.000000,0.000000,0.781298,0.270460,0.962239,0.013794,0.000464,0.006666,0.033752,45.166027,44.409403,-3.003959,1.995116,-1.571069,0.000000,0.000000,0.000000,0.000000,0.000000,0.000000
1778249153.954907,0.779490,0.270401,0.961369,0.0000,0.0000,0.0000,0.140000,0.000000,0.000000,0.000000,0.000000,0.000000,0.781298,0.270460,0.962239,0.013565,0.000446,0.006523,0.033363,45.133219,44.377591,-3.003959,1.995118,-1.571070,0.000000,0.000000,0.000000,0.000000,0.000000,0.000000
1778249153.964272,0.779520,0.270401,0.961385,0.0000,0.0000,0.0000,0.140000,0.000000,0.000000,0.000000,0.000000,0.000000,0.781298,0.270460,0.962239,0.013565,0.000446,0.006523,0.033363,45.133219,44.377591,-3.003959,1.995117,-1.571069,0.000000,0.000000,0.000000,0.000000,0.000000,0.000000
1778249153.974312,0.779548,0.270402,0.961401,0.0000,0.0000,0.0000,0.140000,0.000000,0.000000,0.000000,0.000000,0.000000,0.781298,0.270460,0.962239,0.013131,0.000440,0.006284,0.032626,45.168832,44.412613,-3.003959,1.995117,-1.571069,0.000000,0.000000,0.000000,0.000000,0.000000,0.000000
1778249153.984693,0.779575,0.270407,0.961415,0.0000,0.0000,0.0000,0.140000,0.000000,0.000000,0.000000,0.000000,0.000000,0.781298,0.270460,0.962239,0.012922,0.000396,0.006175,0.032279,45.221204,44.464371,-3.003959,1.995119,-1.571070,0.000000,0.000000,0.000000,0.000000,0.000000,0.000000
1778249153.994327,0.779604,0.270413,0.961426,0.0000,0.0000,0.0000,0.140000,0.000000,0.000000,0.000000,0.000000,0.000000,0.781298,0.270460,0.962239,0.012708,0.000352,0.006095,0.031943,45.208198,44.450331,-3.003959,1.995116,-1.571072,0.000000,0.000000,0.000000,0.000000,0.000000,0.000000
1778249154.004455,0.779637,0.270412,0.961439,0.0000,0.0000,0.0000,0.140000,0.000000,0.000000,0.000000,0.000000,0.000000,0.781298,0.270460,0.962239,0.012464,0.000361,0.005997,0.031601,45.163811,44.405442,-3.003959,1.995118,-1.571071,0.000000,0.000000,0.000000,0.000000,0.000000,0.000000
1778249154.014227,0.779669,0.270406,0.961453,0.0000,0.0000,0.0000,0.140000,0.000000,0.000000,0.000000,0.000000,0.000000,0.781298,0.270460,0.962239,0.012222,0.000404,0.005890,0.031257,45.152053,44.394603,-3.003959,1.995117,-1.571069,0.000000,0.000000,0.000000,0.000000,0.000000,0.000000
1778249154.024442,0.779700,0.270405,0.961467,0.0000,0.0000,0.0000,0.140000,0.000000,0.000000,0.000000,0.000000,0.000000,0.781298,0.270460,0.962239,0.011992,0.000418,0.005787,0.030916,45.164234,44.406267,-3.003959,1.995120,-1.571071,0.000000,0.000000,0.000000,0.000000,0.000000,0.000000
1778249154.034568,0.779727,0.270404,0.961475,0.0000,0.0000,0.0000,0.140000,0.000000,0.000000,0.000000,0.000000,0.000000,0.781298,0.270460,0.962239,0.011785,0.000424,0.005723,0.030595,45.179414,44.421869,-3.003959,1.995115,-1.571069,0.000000,0.000000,0.000000,0.000000,0.000000,0.000000
1778249154.044427,0.779755,0.270407,0.961490,0.0000,0.0000,0.0000,0.140000,0.000000,0.000000,0.000000,0.000000,0.000000,0.781298,0.270460,0.962239,0.011573,0.000400,0.005616,0.030276,45.150072,44.392507,-3.003959,1.995120,-1.571071,0.000000,0.000000,0.000000,0.000000,0.000000,0.000000
1778249154.054050,0.779779,0.270407,0.961502,0.0000,0.0000,0.0000,0.140000,0.000000,0.000000,0.000000,0.000000,0.000000,0.781298,0.270460,0.962239,0.011400,0.000399,0.005522,0.029979,45.142339,44.385867,-3.003959,1.995118,-1.571070,0.000000,0.000000,0.000000,0.000000,0.000000,0.000000
1778249154.063997,0.779809,0.270411,0.961518,0.0000,0.0000,0.0000,0.140000,0.000000,0.000000,0.000000,0.000000,0.000000,0.781298,0.270460,0.962239,0.011168,0.000370,0.005402,0.029669,45.163937,44.406772,-3.003959,1.995118,-1.571071,0.000000,0.000000,0.000000,0.000000,0.000000,0.000000
1778249154.073859,0.779836,0.270409,0.961529,0.0000,0.0000,0.0000,0.140000,0.000000,0.000000,0.000000,0.000000,0.000000,0.781298,0.270460,0.962239,0.010972,0.000386,0.005322,0.029372,45.177859,44.418757,-3.003959,1.995115,-1.571070,0.000000,0.000000,0.000000,0.000000,0.000000,0.000000
1778249154.084094,0.779863,0.270410,0.961536,0.0000,0.0000,0.0000,0.140000,0.000000,0.000000,0.000000,0.000000,0.000000,0.781298,0.270460,0.962239,0.010763,0.000376,0.005267,0.029083,45.208661,44.450625,-3.003959,1.995119,-1.571072,0.000000,0.000000,0.000000,0.000000,0.000000,0.000000
1778249154.094244,0.779885,0.270410,0.961550,0.0000,0.0000,0.0000,0.140000,0.000000,0.000000,0.000000,0.000000,0.000000,0.781298,0.270460,0.962239,0.010598,0.000378,0.005164,0.028810,45.140467,44.383227,-3.003959,1.995117,-1.571068,0.000000,0.000000,0.000000,0.000000,0.000000,0.000000
1778249154.104393,0.779909,0.270413,0.961560,0.0000,0.0000,0.0000,0.140000,0.000000,0.000000,0.000000,0.000000,0.000000,0.781298,0.270460,0.962239,0.010420,0.000350,0.005088,0.028547,45.168145,44.410070,-3.003959,1.995117,-1.571069,0.000000,0.000000,0.000000,0.000000,0.000000,0.000000
1778249154.114427,0.779931,0.270419,0.961572,0.0000,0.0000,0.0000,0.140000,0.000000,0.000000,0.000000,0.000000,0.000000,0.781298,0.270460,0.962239,0.010259,0.000310,0.004999,0.028295,45.154283,44.395865,-3.003959,1.995118,-1.571072,0.000000,0.000000,0.000000,0.000000,0.000000,0.000000
1778249154.124429,0.779950,0.270421,0.961582,0.0000,0.0000,0.0000,0.140000,0.000000,0.000000,0.000000,0.000000,0.000000,0.781298,0.270460,0.962239,0.010259,0.000310,0.004999,0.028295,45.154283,44.395865,-3.003959,1.995117,-1.571069,0.000000,0.000000,0.000000,0.000000,0.000000,0.000000
1778249154.134506,0.779973,0.270421,0.961592,0.0000,0.0000,0.0000,0.140000,0.000000,0.000000,0.000000,0.000000,0.000000,0.781298,0.270460,0.962239,0.009942,0.000297,0.004850,0.027826,45.227843,44.469342,-3.003959,1.995116,-1.571070,0.000000,0.000000,0.000000,0.000000,0.000000,0.000000
1778249154.144503,0.780000,0.270421,0.961600,0.0000,0.0000,0.0000,0.140000,0.000000,0.000000,0.000000,0.000000,0.000000,0.781298,0.270460,0.962239,0.009738,0.000291,0.004792,0.027586,45.186520,44.426456,-3.003959,1.995119,-1.571072,0.000000,0.000000,0.000000,0.000000,0.000000,0.000000
1778249154.154503,0.780024,0.270423,0.961606,0.0000,0.0000,0.0000,0.140000,0.000000,0.000000,0.000000,0.000000,0.000000,0.781298,0.270460,0.962239,0.009560,0.000280,0.004745,0.027353,45.168408,44.411282,-3.003959,1.995116,-1.571072,0.000000,0.000000,0.000000,0.000000,0.000000,0.000000
1778249154.164227,0.780044,0.270417,0.961620,0.0000,0.0000,0.0000,0.140000,0.000000,0.000000,0.000000,0.000000,0.000000,0.781298,0.270460,0.962239,0.009410,0.000320,0.004642,0.027126,45.135124,44.379358,-3.003959,1.995117,-1.571067,0.000000,0.000000,0.000000,0.000000,0.000000,0.000000
1778249154.174430,0.780062,0.270423,0.961632,0.0000,0.0000,0.0000,0.140000,0.000000,0.000000,0.000000,0.000000,0.000000,0.781298,0.270460,0.962239,0.009270,0.000281,0.004548,0.026909,45.190791,44.432190,-3.003959,1.995118,-1.571070,0.000000,0.000000,0.000000,0.000000,0.000000,0.000000
1778249154.184612,0.780084,0.270425,0.961640,0.0000,0.0000,0.0000,0.140000,0.000000,0.000000,0.000000,0.000000,0.000000,0.781298,0.270460,0.962239,0.009105,0.000267,0.004492,0.026696,45.172320,44.412425,-3.003959,1.995117,-1.571068,0.000000,0.000000,0.000000,0.000000,0.000000,0.000000
1778249154.194415,0.780107,0.270431,0.961642,0.0000,0.0000,0.0000,0.140000,0.000000,0.000000,0.000000,0.000000,0.000000,0.781298,0.270460,0.962239,0.008938,0.000219,0.004473,0.026491,45.262901,44.503679,-3.003959,1.995112,-1.571070,0.000000,0.000000,0.000000,0.000000,0.000000,0.000000
1778249154.204422,0.780132,0.270436,0.961653,0.0000,0.0000,0.0000,0.140000,0.000000,0.000000,0.000000,0.000000,0.000000,0.781298,0.270460,0.962239,0.008751,0.000183,0.004395,0.026276,45.153653,44.393262,-3.003959,1.995122,-1.571073,0.000000,0.000000,0.000000,0.000000,0.000000,0.000000
1778249154.214536,0.780152,0.270433,0.961656,0.0000,0.0000,0.0000,0.140000,0.000000,0.000000,0.000000,0.000000,0.000000,0.781298,0.270460,0.962239,0.008751,0.000183,0.004395,0.026276,45.153653,44.393262,-3.003959,1.995113,-1.571069,0.000000,0.000000,0.000000,0.000000,0.000000,0.000000
1778249154.224413,0.780172,0.270436,0.961668,0.0000,0.0000,0.0000,0.140000,0.000000,0.000000,0.000000,0.000000,0.000000,0.781298,0.270460,0.962239,0.008447,0.000179,0.004277,0.025876,45.185820,44.425988,-3.003959,1.995119,-1.571072,0.000000,0.000000,0.000000,0.000000,0.000000,0.000000
1778249154.234385,0.780193,0.270436,0.961675,0.0000,0.0000,0.0000,0.140000,0.000000,0.000000,0.000000,0.000000,0.000000,0.781298,0.270460,0.962239,0.008291,0.000178,0.004225,0.025681,45.165810,44.407923,-3.003959,1.995116,-1.571069,0.000000,0.000000,0.000000,0.000000,0.000000,0.000000
1778249154.244406,0.780212,0.270442,0.961685,0.0000,0.0000,0.0000,0.140000,0.000000,0.000000,0.000000,0.000000,0.000000,0.781298,0.270460,0.962239,0.008150,0.000135,0.004152,0.025491,45.188737,44.429383,-3.003959,1.995118,-1.571071,0.000000,0.000000,0.000000,0.000000,0.000000,0.000000
1778249154.254277,0.780228,0.270446,0.961695,0.0000,0.0000,0.0000,0.140000,0.000000,0.000000,0.000000,0.000000,0.000000,0.781298,0.270460,0.962239,0.008025,0.000104,0.004074,0.025311,45.128372,44.370446,-3.003959,1.995116,-1.571071,0.000000,0.000000,0.000000,0.000000,0.000000,0.000000
1778249154.264049,0.780244,0.270450,0.961703,0.0000,0.0000,0.0000,0.140000,0.000000,0.000000,0.000000,0.000000,0.000000,0.781298,0.270460,0.962239,0.007906,0.000080,0.004015,0.025141,45.181225,44.423401,-3.003959,1.995116,-1.571071,0.000000,0.000000,0.000000,0.000000,0.000000,0.000000
1778249154.274392,0.780265,0.270452,0.961711,0.0000,0.0000,0.0000,0.140000,0.000000,0.000000,0.000000,0.000000,0.000000,0.781298,0.270460,0.962239,0.007906,0.000080,0.004015,0.025141,45.181225,44.423401,-3.003959,1.995118,-1.571070,0.000000,0.000000,0.000000,0.000000,0.000000,0.000000
1778249154.284316,0.780284,0.270451,0.961718,0.0000,0.0000,0.0000,0.140000,0.000000,0.000000,0.000000,0.000000,0.000000,0.781298,0.270460,0.962239,0.007606,0.000068,0.003904,0.024798,45.164190,44.404348,-3.003959,1.995117,-1.571069,0.000000,0.000000,0.000000,0.000000,0.000000,0.000000
1778249154.294689,0.780300,0.270454,0.961727,0.0000,0.0000,0.0000,0.140000,0.000000,0.000000,0.000000,0.000000,0.000000,0.781298,0.270460,0.962239,0.007485,0.000043,0.003839,0.024635,45.152580,44.395075,-3.003959,1.995117,-1.571071,0.000000,0.000000,0.000000,0.000000,0.000000,0.000000
1778249154.304343,0.780316,0.270452,0.961737,0.0000,0.0000,0.0000,0.140000,0.000000,0.000000,0.000000,0.000000,0.000000,0.781298,0.270460,0.962239,0.007371,0.000061,0.003758,0.024479,45.173363,44.415376,-3.003959,1.995116,-1.571071,0.000000,0.000000,0.000000,0.000000,0.000000,0.000000
1778249154.314287,0.780331,0.270448,0.961746,0.0000,0.0000,0.0000,0.140000,0.000000,0.000000,0.000000,0.000000,0.000000,0.781298,0.270460,0.962239,0.007255,0.000089,0.003695,0.024329,45.212442,44.454174,-3.003959,1.995116,-1.571067,0.000000,0.000000,0.000000,0.000000,0.000000,0.000000
1778249154.324366,0.780350,0.270454,0.961751,0.0000,0.0000,0.0000,0.140000,0.000000,0.000000,0.000000,0.000000,0.000000,0.781298,0.270460,0.962239,0.007115,0.000045,0.003660,0.024179,45.251609,44.490147,-3.003959,1.995118,-1.571072,0.000000,0.000000,0.000000,0.000000,0.000000,0.000000
1778249154.334193,0.780371,0.270452,0.961757,0.0000,0.0000,0.0000,0.140000,0.000000,0.000000,0.000000,0.000000,0.000000,0.781298,0.270460,0.962239,0.006956,0.000064,0.003608,0.024023,45.157125,44.395303,-3.003959,1.995118,-1.571071,0.000000,0.000000,0.000000,0.000000,0.000000,0.000000
1778249154.344768,0.780387,0.270449,0.961762,0.0000,0.0000,0.0000,0.140000,0.000000,0.000000,0.000000,0.000000,0.000000,0.781298,0.270460,0.962239,0.006956,0.000064,0.003608,0.024023,45.157125,44.395303,-3.003959,1.995115,-1.571067,0.000000,0.000000,0.000000,0.000000,0.000000,0.000000
1778249154.354420,0.780406,0.270451,0.961770,0.0000,0.0000,0.0000,0.140000,0.000000,0.000000,0.000000,0.000000,0.000000,0.781298,0.270460,0.962239,0.006696,0.000071,0.003515,0.023729,45.231140,44.470064,-3.003959,1.995120,-1.571070,0.000000,0.000000,0.000000,0.000000,0.000000,0.000000
1778249154.364322,0.780420,0.270453,0.961776,0.0000,0.0000,0.0000,0.140000,0.000000,0.000000,0.000000,0.000000,0.000000,0.781298,0.270460,0.962239,0.006588,0.000052,0.003470,0.023591,45.133588,44.374375,-3.003959,1.995118,-1.571071,0.000000,0.000000,0.000000,0.000000,0.000000,0.000000
1778249154.374031,0.780439,0.270451,0.961783,0.0000,0.0000,0.0000,0.140000,0.000000,0.000000,0.000000,0.000000,0.000000,0.781298,0.270460,0.962239,0.006449,0.000065,0.003417,0.023451,45.192902,44.434682,-3.003959,1.995115,-1.571067,0.000000,0.000000,0.000000,0.000000,0.000000,0.000000
1778249154.383958,0.780452,0.270450,0.961792,0.0000,0.0000,0.0000,0.140000,0.000000,0.000000,0.000000,0.000000,0.000000,0.781298,0.270460,0.962239,0.006349,0.000079,0.003352,0.023319,45.164758,44.404030,-3.003959,1.995120,-1.571068,0.000000,0.000000,0.000000,0.000000,0.000000,0.000000
1778249154.394006,0.780466,0.270450,0.961795,0.0000,0.0000,0.0000,0.140000,0.000000,0.000000,0.000000,0.000000,0.000000,0.781298,0.270460,0.962239,0.006246,0.000075,0.003323,0.023197,45.164102,44.403836,-3.003959,1.995116,-1.571070,0.000000,0.000000,0.000000,0.000000,0.000000,0.000000
1778249154.404087,0.780479,0.270452,0.961801,0.0000,0.0000,0.0000,0.140000,0.000000,0.000000,0.000000,0.000000,0.000000,0.781298,0.270460,0.962239,0.006145,0.000064,0.003278,0.023081,45.252348,44.493019,-3.003959,1.995115,-1.571070,0.000000,0.000000,0.000000,0.000000,0.000000,0.000000
1778249154.414265,0.780492,0.270455,0.961809,0.0000,0.0000,0.0000,0.140000,0.000000,0.000000,0.000000,0.000000,0.000000,0.781298,0.270460,0.962239,0.006051,0.000041,0.003222,0.022968,45.228315,44.469340,-3.003959,1.995117,-1.571068,0.000000,0.000000,0.000000,0.000000,0.000000,0.000000
1778249154.423990,0.780506,0.270456,0.961818,0.0000,0.0000,0.0000,0.140000,0.000000,0.000000,0.000000,0.000000,0.000000,0.781298,0.270460,0.962239,0.005946,0.000028,0.003156,0.022854,45.157377,44.395315,-3.003960,1.995117,-1.571071,0.000000,0.000000,0.000000,0.000000,0.000000,0.000000
1778249154.434139,0.780523,0.270448,0.961822,0.0000,0.0000,0.0000,0.140000,0.000000,0.000000,0.000000,0.000000,0.000000,0.781298,0.270460,0.962239,0.005815,0.000089,0.003121,0.022738,45.242573,44.481953,-3.003960,1.995115,-1.571069,0.000000,0.000000,0.000000,0.000000,0.000000,0.000000
1778249154.444023,0.780537,0.270445,0.961835,0.0000,0.0000,0.0000,0.140000,0.000000,0.000000,0.000000,0.000000,0.000000,0.781298,0.270460,0.962239,0.005708,0.000116,0.003030,0.022619,45.089499,44.328197,-3.003960,1.995121,-1.571067,0.000000,0.000000,0.000000,0.000000,0.000000,0.000000
1778249154.454042,0.780547,0.270453,0.961836,0.0000,0.0000,0.0000,0.140000,0.000000,0.000000,0.000000,0.000000,0.000000,0.781298,0.270460,0.962239,0.005639,0.000055,0.003021,0.022518,45.211089,44.453191,-3.003960,1.995115,-1.571072,0.000000,0.000000,0.000000,0.000000,0.000000,0.000000
1778249154.464213,0.780557,0.270456,0.961850,0.0000,0.0000,0.0000,0.140000,0.000000,0.000000,0.000000,0.000000,0.000000,0.781298,0.270460,0.962239,0.005564,0.000033,0.002911,0.022417,45.164153,44.406294,-3.003960,1.995117,-1.571069,0.000000,0.000000,0.000000,0.000000,0.000000,0.000000
1778249154.474012,0.780571,0.270451,0.961858,0.0000,0.0000,0.0000,0.140000,0.000000,0.000000,0.000000,0.000000,0.000000,0.781298,0.270460,0.962239,0.005457,0.000069,0.002855,0.022314,45.176631,44.415903,-3.003960,1.995116,-1.571069,0.000000,0.000000,0.000000,0.000000,0.000000,0.000000
1778249154.484015,0.780589,0.270449,0.961860,0.0000,0.0000,0.0000,0.140000,0.000000,0.000000,0.000000,0.000000,0.000000,0.781298,0.270460,0.962239,0.005320,0.000085,0.002841,0.022207,45.206532,44.444109,-3.003960,1.995117,-1.571073,0.000000,0.000000,0.000000,0.000000,0.000000,0.000000
1778249154.494028,0.780603,0.270444,0.961864,0.0000,0.0000,0.0000,0.140000,0.000000,0.000000,0.000000,0.000000,0.000000,0.781298,0.270460,0.962239,0.005218,0.000121,0.002808,0.022106,45.168118,44.409341,-3.003960,1.995115,-1.571071,0.000000,0.000000,0.000000,0.000000,0.000000,0.000000
1778249154.504058,0.780611,0.270448,0.961874,0.0000,0.0000,0.0000,0.140000,0.000000,0.000000,0.000000,0.000000,0.000000,0.781298,0.270460,0.962239,0.005160,0.000095,0.002733,0.022013,45.167858,44.409389,-3.003960,1.995116,-1.571071,0.000000,0.000000,0.000000,0.000000,0.000000,0.000000
1778249154.514496,0.780619,0.270453,0.961880,0.0000,0.0000,0.0000,0.140000,0.000000,0.000000,0.000000,0.000000,0.000000,0.781298,0.270460,0.962239,0.005160,0.000095,0.002733,0.022013,45.167858,44.409389,-3.003960,1.995117,-1.571071,0.000000,0.000000,0.000000,0.000000,0.000000,0.000000
1778249154.524410,0.780631,0.270454,0.961884,0.0000,0.0000,0.0000,0.140000,0.000000,0.000000,0.000000,0.000000,0.000000,0.781298,0.270460,0.962239,0.005004,0.000044,0.002655,0.021844,45.170955,44.409769,-3.003960,1.995115,-1.571072,0.000000,0.000000,0.000000,0.000000,0.000000,0.000000
1778249154.534190,0.780645,0.270455,0.961888,0.0000,0.0000,0.0000,0.140000,0.000000,0.000000,0.000000,0.000000,0.000000,0.781298,0.270460,0.962239,0.004898,0.000041,0.002627,0.021758,45.189835,44.428895,-3.003960,1.995118,-1.571069,0.000000,0.000000,0.000000,0.000000,0.000000,0.000000
1778249154.544258,0.780658,0.270454,0.961893,0.0000,0.0000,0.0000,0.140000,0.000000,0.000000,0.000000,0.000000,0.000000,0.781298,0.270460,0.962239,0.004807,0.000047,0.002593,0.021674,45.194729,44.434579,-3.003960,1.995117,-1.571070,0.000000,0.000000,0.000000,0.000000,0.000000,0.000000
1778249154.554183,0.780669,0.270453,0.961899,0.0000,0.0000,0.0000,0.140000,0.000000,0.000000,0.000000,0.000000,0.000000,0.781298,0.270460,0.962239,0.004718,0.000056,0.002547,0.021590,45.174374,44.414046,-3.003960,1.995118,-1.571070,0.000000,0.000000,0.000000,0.000000,0.000000,0.000000
1778249154.564548,0.780676,0.270457,0.961906,0.0000,0.0000,0.0000,0.140000,0.000000,0.000000,0.000000,0.000000,0.000000,0.781298,0.270460,0.962239,0.004668,0.000022,0.002497,0.021516,45.174731,44.414979,-3.003960,1.995117,-1.571072,0.000000,0.000000,0.000000,0.000000,0.000000,0.000000
1778249154.574146,0.780685,0.270456,0.961910,0.0000,0.0000,0.0000,0.140000,0.000000,0.000000,0.000000,0.000000,0.000000,0.781298,0.270460,0.962239,0.004604,0.000034,0.002462,0.021447,45.188175,44.428891,-3.003960,1.995115,-1.571070,0.000000,0.000000,0.000000,0.000000,0.000000,0.000000
1778249154.584292,0.780701,0.270452,0.961913,0.0000,0.0000,0.0000,0.140000,0.000000,0.000000,0.000000,0.000000,0.000000,0.781298,0.270460,0.962239,0.004481,0.000058,0.002444,0.021370,45.248623,44.485100,-3.003960,1.995119,-1.571068,0.000000,0.000000,0.000000,0.000000,0.000000,0.000000
1778249154.594190,0.780712,0.270454,0.961916,0.0000,0.0000,0.0000,0.140000,0.000000,0.000000,0.000000,0.000000,0.000000,0.781298,0.270460,0.962239,0.004396,0.000046,0.002422,0.021295,45.188913,44.428906,-3.003960,1.995116,-1.571068,0.000000,0.000000,0.000000,0.000000,0.000000,0.000000
1778249154.604182,0.780722,0.270456,0.961923,0.0000,0.0000,0.0000,0.140000,0.000000,0.000000,0.000000,0.000000,0.000000,0.781298,0.270460,0.962239,0.004327,0.000029,0.002364,0.021222,45.165569,44.405573,-3.003960,1.995116,-1.571068,0.000000,0.000000,0.000000,0.000000,0.000000,0.000000
1778249154.614234,0.780730,0.270459,0.961929,0.0000,0.0000,0.0000,0.140000,0.000000,0.000000,0.000000,0.000000,0.000000,0.781298,0.270460,0.962239,0.004260,0.000009,0.002325,0.021154,45.185907,44.424813,-3.003960,1.995116,-1.571068,0.000000,0.000000,0.000000,0.000000,0.000000,0.000000
1778249154.624235,0.780738,0.270463,0.961933,0.0000,0.0000,0.0000,0.140000,0.000000,0.000000,0.000000,0.000000,0.000000,0.781298,0.270460,0.962239,0.004204,-0.000022,0.002293,0.021091,45.206113,44.446756,-3.003960,1.995116,-1.571069,0.000000,0.000000,0.000000,0.000000,0.000000,0.000000
1778249154.634198,0.780746,0.270463,0.961939,0.0000,0.0000,0.0000,0.140000,0.000000,0.000000,0.000000,0.000000,0.000000,0.781298,0.270460,0.962239,0.004141,-0.000023,0.002245,0.021029,45.171902,44.411637,-3.003960,1.995115,-1.571070,0.000000,0.000000,0.000000,0.000000,0.000000,0.000000
1778249154.644384,0.780760,0.270461,0.961941,0.0000,0.0000,0.0000,0.140000,0.000000,0.000000,0.000000,0.000000,0.000000,0.781298,0.270460,0.962239,0.004035,-0.000007,0.002228,0.020962,45.225270,44.463038,-3.003960,1.995117,-1.571069,0.000000,0.000000,0.000000,0.000000,0.000000,0.000000
1778249154.654511,0.780770,0.270462,0.961947,0.0000,0.0000,0.0000,0.140000,0.000000,0.000000,0.000000,0.000000,0.000000,0.781298,0.270460,0.962239,0.003963,-0.000012,0.002190,0.020897,45.171603,44.411523,-3.003960,1.995117,-1.571070,0.000000,0.000000,0.000000,0.000000,0.000000,0.000000
1778249154.664739,0.780777,0.270465,0.961951,0.0000,0.0000,0.0000,0.140000,0.000000,0.000000,0.000000,0.000000,0.000000,0.781298,0.270460,0.962239,0.003908,-0.000033,0.002153,0.020838,45.185647,44.424733,-3.003960,1.995116,-1.571071,0.000000,0.000000,0.000000,0.000000,0.000000,0.000000
1778249154.674314,0.780785,0.270468,0.961956,0.0000,0.0000,0.0000,0.140000,0.000000,0.000000,0.000000,0.000000,0.000000,0.781298,0.270460,0.962239,0.003847,-0.000057,0.002119,0.020780,45.208746,44.448257,-3.003960,1.995117,-1.571071,0.000000,0.000000,0.000000,0.000000,0.000000,0.000000
1778249154.684463,0.780794,0.270468,0.961961,0.0000,0.0000,0.0000,0.140000,0.000000,0.000000,0.000000,0.000000,0.000000,0.781298,0.270460,0.962239,0.003783,-0.000057,0.002082,0.020724,45.186272,44.424575,-3.003960,1.995117,-1.571071,0.000000,0.000000,0.000000,0.000000,0.000000,0.000000
1778249154.694457,0.780805,0.270465,0.961965,0.0000,0.0000,0.0000,0.140000,0.000000,0.000000,0.000000,0.000000,0.000000,0.781298,0.270460,0.962239,0.003698,-0.000039,0.002050,0.020665,45.184998,44.423607,-3.003960,1.995118,-1.571070,0.000000,0.000000,0.000000,0.000000,0.000000,0.000000
1778249154.704649,0.780815,0.270463,0.961968,0.0000,0.0000,0.0000,0.140000,0.000000,0.000000,0.000000,0.000000,0.000000,0.781298,0.270460,0.962239,0.003628,-0.000024,0.002030,0.020609,45.185477,44.424660,-3.003960,1.995118,-1.571068,0.000000,0.000000,0.000000,0.000000,0.000000,0.000000
1778249154.714468,0.780820,0.270467,0.961973,0.0000,0.0000,0.0000,0.140000,0.000000,0.000000,0.000000,0.000000,0.000000,0.781298,0.270460,0.962239,0.003589,-0.000050,0.001994,0.020559,45.188531,44.427819,-3.003960,1.995116,-1.571070,0.000000,0.000000,0.000000,0.000000,0.000000,0.000000
1778249154.724336,0.780832,0.270464,0.961973,0.0000,0.0000,0.0000,0.140000,0.000000,0.000000,0.000000,0.000000,0.000000,0.781298,0.270460,0.962239,0.003496,-0.000031,0.001989,0.020506,45.208703,44.446230,-3.003960,1.995117,-1.571069,0.000000,0.000000,0.000000,0.000000,0.000000,0.000000
1778249154.734142,0.780841,0.270469,0.961977,0.0000,0.0000,0.0000,0.140000,0.000000,0.000000,0.000000,0.000000,0.000000,0.781298,0.270460,0.962239,0.003432,-0.000069,0.001961,0.020454,45.214071,44.454533,-3.003960,1.995117,-1.571069,0.000000,0.000000,0.000000,0.000000,0.000000,0.000000
1778249154.743963,0.780847,0.270471,0.961984,0.0000,0.0000,0.0000,0.140000,0.000000,0.000000,0.000000,0.000000,0.000000,0.781298,0.270460,0.962239,0.003384,-0.000082,0.001909,0.020404,45.161513,44.400696,-3.003960,1.995117,-1.571070,0.000000,0.000000,0.000000,0.000000,0.000000,0.000000
1778249154.754080,0.780851,0.270474,0.961986,0.0000,0.0000,0.0000,0.140000,0.000000,0.000000,0.000000,0.000000,0.000000,0.781298,0.270460,0.962239,0.003356,-0.000104,0.001892,0.020362,45.247543,44.487477,-3.003960,1.995116,-1.571071,0.000000,0.000000,0.000000,0.000000,0.000000,0.000000
1778249154.764093,0.780864,0.270472,0.961990,0.0000,0.0000,0.0000,0.140000,0.000000,0.000000,0.000000,0.000000,0.000000,0.781298,0.270460,0.962239,0.003259,-0.000089,0.001864,0.020312,45.233893,44.471007,-3.003960,1.995120,-1.571072,0.000000,0.000000,0.000000,0.000000,0.000000,0.000000
1778249154.774018,0.780872,0.270465,0.961997,0.0000,0.0000,0.0000,0.140000,0.000000,0.000000,0.000000,0.000000,0.000000,0.781298,0.270460,0.962239,0.003198,-0.000037,0.001808,0.020262,45.141513,44.381174,-3.003960,1.995119,-1.571070,0.000000,0.000000,0.000000,0.000000,0.000000,0.000000
1778249154.784320,0.780881,0.270464,0.961999,0.0000,0.0000,0.0000,0.140000,0.000000,0.000000,0.000000,0.000000,0.000000,0.781298,0.270460,0.962239,0.003129,-0.000031,0.001794,0.020214,45.200344,44.437719,-3.003960,1.995116,-1.571072,0.000000,0.000000,0.000000,0.000000,0.000000,0.000000
1778249154.794195,0.780890,0.270466,0.962002,0.0000,0.0000,0.0000,0.140000,0.000000,0.000000,0.000000,0.000000,0.000000,0.781298,0.270460,0.962239,0.003060,-0.000046,0.001771,0.020165,45.189346,44.427796,-3.003960,1.995117,-1.571071,0.000000,0.000000,0.000000,0.000000,0.000000,0.000000
1778249154.804296,0.780897,0.270470,0.962005,0.0000,0.0000,0.0000,0.140000,0.000000,0.000000,0.000000,0.000000,0.000000,0.781298,0.270460,0.962239,0.003015,-0.000077,0.001752,0.020122,45.199812,44.439658,-3.003960,1.995117,-1.571071,0.000000,0.000000,0.000000,0.000000,0.000000,0.000000
1778249154.814289,0.780904,0.270469,0.962007,0.0000,0.0000,0.0000,0.140000,0.000000,0.000000,0.000000,0.000000,0.000000,0.781298,0.270460,0.962239,0.002957,-0.000065,0.001733,0.020080,45.183014,44.421061,-3.003960,1.995116,-1.571069,0.000000,0.000000,0.000000,0.000000,0.000000,0.000000
1778249154.824302,0.780913,0.270464,0.962010,0.0000,0.0000,0.0000,0.140000,0.000000,0.000000,0.000000,0.000000,0.000000,0.781298,0.270460,0.962239,0.002888,-0.000031,0.001713,0.020037,45.189166,44.428040,-3.003960,1.995117,-1.571070,0.000000,0.000000,0.000000,0.000000,0.000000,0.000000
1778249154.834543,0.780921,0.270464,0.962015,0.0000,0.0000,0.0000,0.140000,0.000000,0.000000,0.000000,0.000000,0.000000,0.781298,0.270460,0.962239,0.002888,-0.000031,0.001713,0.020037,45.189166,44.428040,-3.003960,1.995117,-1.571072,0.000000,0.000000,0.000000,0.000000,0.000000,0.000000
1778249154.844454,0.780929,0.270463,0.962013,0.0000,0.0000,0.0000,0.140000,0.000000,0.000000,0.000000,0.000000,0.000000,0.781298,0.270460,0.962239,0.002775,-0.000021,0.001689,0.019957,45.219914,44.458688,-3.003960,1.995114,-1.571069,0.000000,0.000000,0.000000,0.000000,0.000000,0.000000
1778249154.854498,0.780938,0.270465,0.962017,0.0000,0.0000,0.0000,0.140000,0.000000,0.000000,0.000000,0.000000,0.000000,0.781298,0.270460,0.962239,0.002705,-0.000040,0.001664,0.019916,45.210425,44.447719,-3.003960,1.995121,-1.571070,0.000000,0.000000,0.000000,0.000000,0.000000,0.000000
1778249154.864439,0.780940,0.270472,0.962018,0.0000,0.0000,0.0000,0.140000,0.000000,0.000000,0.000000,0.000000,0.000000,0.781298,0.270460,0.962239,0.002691,-0.000087,0.001655,0.019883,45.155678,44.395898,-3.003960,1.995115,-1.571075,0.000000,0.000000,0.000000,0.000000,0.000000,0.000000
1778249154.873968,0.780948,0.270470,0.962022,0.0000,0.0000,0.0000,0.140000,0.000000,0.000000,0.000000,0.000000,0.000000,0.781298,0.270460,0.962239,0.002628,-0.000074,0.001622,0.019847,45.245693,44.485418,-3.003960,1.995118,-1.571071,0.000000,0.000000,0.000000,0.000000,0.000000,0.000000
1778249154.884392,0.780956,0.270467,0.962029,0.0000,0.0000,0.0000,0.140000,0.000000,0.000000,0.000000,0.000000,0.000000,0.781298,0.270460,0.962239,0.002570,-0.000053,0.001573,0.019809,45.168381,44.405563,-3.003960,1.995118,-1.571070,0.000000,0.000000,0.000000,0.000000,0.000000,0.000000
1778249154.894149,0.780960,0.270467,0.962032,0.0000,0.0000,0.0000,0.140000,0.000000,0.000000,0.000000,0.000000,0.000000,0.781298,0.270460,0.962239,0.002537,-0.000048,0.001551,0.019775,45.163729,44.401533,-3.003960,1.995114,-1.571071,0.000000,0.000000,0.000000,0.000000,0.000000,0.000000
1778249154.904228,0.780971,0.270464,0.962033,0.0000,0.0000,0.0000,0.140000,0.000000,0.000000,0.000000,0.000000,0.000000,0.781298,0.270460,0.962239,0.002453,-0.000026,0.001539,0.019736,45.224566,44.460490,-3.003960,1.995120,-1.571070,0.000000,0.000000,0.000000,0.000000,0.000000,0.000000
1778249154.914104,0.780979,0.270459,0.962033,0.0000,0.0000,0.0000,0.140000,0.000000,0.000000,0.000000,0.000000,0.000000,0.781298,0.270460,0.962239,0.002395,0.000006,0.001544,0.019701,45.166975,44.405241,-3.003960,1.995114,-1.571068,0.000000,0.000000,0.000000,0.000000,0.000000,0.000000
1778249154.924296,0.780983,0.270462,0.962037,0.0000,0.0000,0.0000,0.140000,0.000000,0.000000,0.000000,0.000000,0.000000,0.781298,0.270460,0.962239,0.002367,-0.000011,0.001510,0.019669,45.228582,44.469224,-3.003960,1.995119,-1.571072,0.000000,0.000000,0.000000,0.000000,0.000000,0.000000
1778249154.934286,0.780986,0.270461,0.962043,0.0000,0.0000,0.0000,0.140000,0.000000,0.000000,0.000000,0.000000,0.000000,0.781298,0.270460,0.962239,0.002345,-0.000006,0.001468,0.019640,45.141170,44.378190,-3.003960,1.995114,-1.571071,0.000000,0.000000,0.000000,0.000000,0.000000,0.000000
1778249154.944259,0.780994,0.270464,0.962039,0.0000,0.0000,0.0000,0.140000,0.000000,0.000000,0.000000,0.000000,0.000000,0.781298,0.270460,0.962239,0.002286,-0.000026,0.001497,0.019611,45.258332,44.497314,-3.003960,1.995117,-1.571067,0.000000,0.000000,0.000000,0.000000,0.000000,0.000000
1778249154.954256,0.781003,0.270464,0.962042,0.0000,0.0000,0.0000,0.140000,0.000000,0.000000,0.000000,0.000000,0.000000,0.781298,0.270460,0.962239,0.002214,-0.000027,0.001470,0.019578,45.204109,44.440711,-3.003960,1.995121,-1.571070,0.000000,0.000000,0.000000,0.000000,0.000000,0.000000
1778249154.964050,0.781008,0.270466,0.962043,0.0000,0.0000,0.0000,0.140000,0.000000,0.000000,0.000000,0.000000,0.000000,0.781298,0.270460,0.962239,0.002179,-0.000044,0.001464,0.019549,45.193997,44.431529,-3.003960,1.995115,-1.571072,0.000000,0.000000,0.000000,0.000000,0.000000,0.000000
1778249154.974124,0.781017,0.270462,0.962047,0.0000,0.0000,0.0000,0.140000,0.000000,0.000000,0.000000,0.000000,0.000000,0.781298,0.270460,0.962239,0.002112,-0.000016,0.001436,0.019516,45.201783,44.439510,-3.003960,1.995119,-1.571073,0.000000,0.000000,0.000000,0.000000,0.000000,0.000000
1778249154.984046,0.781022,0.270459,0.962049,0.0000,0.0000,0.0000,0.140000,0.000000,0.000000,0.000000,0.000000,0.000000,0.781298,0.270460,0.962239,0.002074,0.000008,0.001418,0.019487,45.190816,44.428957,-3.003960,1.995115,-1.571070,0.000000,0.000000,0.000000,0.000000,0.000000,0.000000
1778249154.994045,0.781027,0.270460,0.962053,0.0000,0.0000,0.0000,0.140000,0.000000,0.000000,0.000000,0.000000,0.000000,0.781298,0.270460,0.962239,0.002035,-0.000002,0.001390,0.019458,45.215868,44.453991,-3.003959,1.995118,-1.571072,0.000000,0.000000,0.000000,0.000000,0.000000,0.000000
1778249155.004221,0.781032,0.270464,0.962055,0.0000,0.0000,0.0000,0.140000,0.000000,0.000000,0.000000,0.000000,0.000000,0.781298,0.270460,0.962239,0.001998,-0.000028,0.001375,0.019430,45.205740,44.443069,-3.003959,1.995117,-1.571070,0.000000,0.000000,0.000000,0.000000,0.000000,0.000000
1778249155.014053,0.781038,0.270469,0.962057,0.0000,0.0000,0.0000,0.140000,0.000000,0.000000,0.000000,0.000000,0.000000,0.781298,0.270460,0.962239,0.001956,-0.000070,0.001361,0.019403,45.207226,44.444476,-3.003959,1.995117,-1.571071,0.000000,0.000000,0.000000,0.000000,0.000000,0.000000
1778249155.024152,0.781043,0.270471,0.962058,0.0000,0.0000,0.0000,0.140000,0.000000,0.000000,0.000000,0.000000,0.000000,0.781298,0.270460,0.962239,0.001914,-0.000081,0.001357,0.019377,45.218014,44.455473,-3.003960,1.995117,-1.571070,0.000000,0.000000,0.000000,0.000000,0.000000,0.000000
1778249155.034373,0.781049,0.270473,0.962059,0.0000,0.0000,0.0000,0.140000,0.000000,0.000000,0.000000,0.000000,0.000000,0.781298,0.270460,0.962239,0.001874,-0.000095,0.001345,0.019352,45.231647,44.468717,-3.003960,1.995117,-1.571070,0.000000,0.000000,0.000000,0.000000,0.000000,0.000000
1778249155.044250,0.781054,0.270475,0.962062,0.0000,0.0000,0.0000,0.140000,0.000000,0.000000,0.000000,0.000000,0.000000,0.781298,0.270460,0.962239,0.001835,-0.000114,0.001325,0.019327,45.192786,44.430036,-3.003960,1.995117,-1.571071,0.000000,0.000000,0.000000,0.000000,0.000000,0.000000
1778249155.054461,0.781059,0.270475,0.962064,0.0000,0.0000,0.0000,0.140000,0.000000,0.000000,0.000000,0.000000,0.000000,0.781298,0.270460,0.962239,0.001798,-0.000115,0.001311,0.019302,45.225932,44.463042,-3.003960,1.995117,-1.571069,0.000000,0.000000,0.000000,0.000000,0.000000,0.000000
1778249155.064175,0.781063,0.270474,0.962069,0.0000,0.0000,0.0000,0.140000,0.000000,0.000000,0.000000,0.000000,0.000000,0.781298,0.270460,0.962239,0.001769,-0.000100,0.001269,0.019278,45.174755,44.413704,-3.003960,1.995118,-1.571069,0.000000,0.000000,0.000000,0.000000,0.000000,0.000000
1778249155.074244,0.781063,0.270478,0.962073,0.0000,0.0000,0.0000,0.140000,0.000000,0.000000,0.000000,0.000000,0.000000,0.781298,0.270460,0.962239,0.001769,-0.000131,0.001238,0.019257,45.153858,44.392377,-3.003960,1.995114,-1.571070,0.000000,0.000000,0.000000,0.000000,0.000000,0.000000
1778249155.084275,0.781068,0.270481,0.962072,0.0000,0.0000,0.0000,0.140000,0.000000,0.000000,0.000000,0.000000,0.000000,0.781298,0.270460,0.962239,0.001727,-0.000154,0.001248,0.019236,45.261349,44.499144,-3.003960,1.995118,-1.571069,0.000000,0.000000,0.000000,0.000000,0.000000,0.000000
1778249155.094381,0.781074,0.270480,0.962076,0.0000,0.0000,0.0000,0.140000,0.000000,0.000000,0.000000,0.000000,0.000000,0.781298,0.270460,0.962239,0.001680,-0.000150,0.001220,0.019213,45.166796,44.402705,-3.003960,1.995120,-1.571070,0.000000,0.000000,0.000000,0.000000,0.000000,0.000000
1778249155.104223,0.781077,0.270474,0.962077,0.0000,0.0000,0.0000,0.140000,0.000000,0.000000,0.000000,0.000000,0.000000,0.781298,0.270460,0.962239,0.001662,-0.000102,0.001213,0.019193,45.193317,44.432334,-3.003960,1.995113,-1.571067,0.000000,0.000000,0.000000,0.000000,0.000000,0.000000
1778249155.114379,0.781082,0.270475,0.962084,0.0000,0.0000,0.0000,0.140000,0.000000,0.000000,0.000000,0.000000,0.000000,0.781298,0.270460,0.962239,0.001622,-0.000109,0.001158,0.019170,45.174468,44.410985,-3.003960,1.995120,-1.571073,0.000000,0.000000,0.000000,0.000000,0.000000,0.000000
1778249155.124199,0.781087,0.270475,0.962081,0.0000,0.0000,0.0000,0.140000,0.000000,0.000000,0.000000,0.000000,0.000000,0.781298,0.270460,0.962239,0.001586,-0.000109,0.001179,0.019150,45.207630,44.444915,-3.003959,1.995116,-1.571071,0.000000,0.000000,0.000000,0.000000,0.000000,0.000000
1778249155.134193,0.781088,0.270483,0.962082,0.0000,0.0000,0.0000,0.140000,0.000000,0.000000,0.000000,0.000000,0.000000,0.781298,0.270460,0.962239,0.001582,-0.000170,0.001176,0.019132,45.249923,44.486862,-3.003959,1.995115,-1.571069,0.000000,0.000000,0.000000,0.000000,0.000000,0.000000
1778249155.144267,0.781092,0.270486,0.962084,0.0000,0.0000,0.0000,0.140000,0.000000,0.000000,0.000000,0.000000,0.000000,0.781298,0.270460,0.962239,0.001582,-0.000170,0.001176,0.019132,45.249923,44.486862,-3.003960,1.995119,-1.571071,0.000000,0.000000,0.000000,0.000000,0.000000,0.000000
1778249155.154046,0.781096,0.270482,0.962085,0.0000,0.0000,0.0000,0.140000,0.000000,0.000000,0.000000,0.000000,0.000000,0.781298,0.270460,0.962239,0.001548,-0.000196,0.001155,0.019113,45.191903,44.428582,-3.003960,1.995113,-1.571069,0.000000,0.000000,0.000000,0.000000,0.000000,0.000000
1778249155.164263,0.781100,0.270481,0.962087,0.0000,0.0000,0.0000,0.140000,0.000000,0.000000,0.000000,0.000000,0.000000,0.781298,0.270460,0.962239,0.001489,-0.000158,0.001140,0.019076,45.239361,44.477244,-3.003960,1.995118,-1.571070,0.000000,0.000000,0.000000,0.000000,0.000000,0.000000
1778249155.174305,0.781103,0.270485,0.962087,0.0000,0.0000,0.0000,0.140000,0.000000,0.000000,0.000000,0.000000,0.000000,0.781298,0.270460,0.962239,0.001463,-0.000189,0.001133,0.019058,45.248585,44.484701,-3.003960,1.995119,-1.571071,0.000000,0.000000,0.000000,0.000000,0.000000,0.000000
1778249155.184298,0.781106,0.270484,0.962091,0.0000,0.0000,0.0000,0.140000,0.000000,0.000000,0.000000,0.000000,0.000000,0.781298,0.270460,0.962239,0.001443,-0.000176,0.001110,0.019040,45.163127,44.400320,-3.003960,1.995115,-1.571070,0.000000,0.000000,0.000000,0.000000,0.000000,0.000000
1778249155.194399,0.781108,0.270484,0.962091,0.0000,0.0000,0.0000,0.140000,0.000000,0.000000,0.000000,0.000000,0.000000,0.781298,0.270460,0.962239,0.001428,-0.000180,0.001109,0.019024,45.233350,44.471797,-3.003960,1.995116,-1.571072,0.000000,0.000000,0.000000,0.000000,0.000000,0.000000
1778249155.204462,0.781112,0.270485,0.962093,0.0000,0.0000,0.0000,0.140000,0.000000,0.000000,0.000000,0.000000,0.000000,0.781298,0.270460,0.962239,0.001399,-0.000184,0.001088,0.019006,45.261413,44.496674,-3.003960,1.995118,-1.571070,0.000000,0.000000,0.000000,0.000000,0.000000,0.000000
1778249155.214229,0.781114,0.270485,0.962096,0.0000,0.0000,0.0000,0.140000,0.000000,0.000000,0.000000,0.000000,0.000000,0.781298,0.270460,0.962239,0.001381,-0.000187,0.001065,0.018989,45.159750,44.396028,-3.003960,1.995115,-1.571071,0.000000,0.000000,0.000000,0.000000,0.000000,0.000000
1778249155.224241,0.781116,0.270481,0.962098,0.0000,0.0000,0.0000,0.140000,0.000000,0.000000,0.000000,0.000000,0.000000,0.781298,0.270460,0.962239,0.001369,-0.000153,0.001057,0.018973,45.222655,44.461684,-3.003961,1.995115,-1.571069,0.000000,0.000000,0.000000,0.000000,0.000000,0.000000
1778249155.234180,0.781123,0.270481,0.962102,0.0000,0.0000,0.0000,0.140000,0.000000,0.000000,0.000000,0.000000,0.000000,0.781298,0.270460,0.962239,0.001313,-0.000158,0.001024,0.018953,45.243830,44.477561,-3.003961,1.995121,-1.571069,0.000000,0.000000,0.000000,0.000000,0.000000,0.000000
1778249155.244176,0.781123,0.270481,0.962100,0.0000,0.0000,0.0000,0.140000,0.000000,0.000000,0.000000,0.000000,0.000000,0.781298,0.270460,0.962239,0.001316,-0.000156,0.001042,0.018938,45.179459,44.418418,-3.003961,1.995112,-1.571069,0.000000,0.000000,0.000000,0.000000,0.000000,0.000000
1778249155.254273,0.781127,0.270485,0.962104,0.0000,0.0000,0.0000,0.140000,0.000000,0.000000,0.000000,0.000000,0.000000,0.781298,0.270460,0.962239,0.001285,-0.000188,0.001007,0.018920,45.239510,44.475691,-3.003961,1.995120,-1.571070,0.000000,0.000000,0.000000,0.000000,0.000000,0.000000
1778249155.264112,0.781131,0.270483,0.962104,0.0000,0.0000,0.0000,0.140000,0.000000,0.000000,0.000000,0.000000,0.000000,0.781298,0.270460,0.962239,0.001256,-0.000175,0.001012,0.018903,45.204016,44.440574,-3.003961,1.995116,-1.571071,0.000000,0.000000,0.000000,0.000000,0.000000,0.000000
1778249155.274127,0.781136,0.270484,0.962107,0.0000,0.0000,0.0000,0.140000,0.000000,0.000000,0.000000,0.000000,0.000000,0.781298,0.270460,0.962239,0.001221,-0.000175,0.000987,0.018885,45.226225,44.463948,-3.003961,1.995120,-1.571067,0.000000,0.000000,0.000000,0.000000,0.000000,0.000000
1778249155.283989,0.781134,0.270487,0.962111,0.0000,0.0000,0.0000,0.140000,0.000000,0.000000,0.000000,0.000000,0.000000,0.781298,0.270460,0.962239,0.001230,-0.000198,0.000959,0.018870,45.179918,44.418161,-3.003961,1.995116,-1.571072,0.000000,0.000000,0.000000,0.000000,0.000000,0.000000
1778249155.294016,0.781137,0.270485,0.962116,0.0000,0.0000,0.0000,0.140000,0.000000,0.000000,0.000000,0.000000,0.000000,0.781298,0.270460,0.962239,0.001215,-0.000183,0.000919,0.018853,45.198804,44.436259,-3.003961,1.995119,-1.571071,0.000000,0.000000,0.000000,0.000000,0.000000,0.000000
1778249155.303912,0.781136,0.270481,0.962120,0.0000,0.0000,0.0000,0.140000,0.000000,0.000000,0.000000,0.000000,0.000000,0.781298,0.270460,0.962239,0.001217,-0.000156,0.000892,0.018839,45.170596,44.408782,-3.003961,1.995115,-1.571069,0.000000,0.000000,0.000000,0.000000,0.000000,0.000000
1778249155.314125,0.781138,0.270481,0.962123,0.0000,0.0000,0.0000,0.140000,0.000000,0.000000,0.000000,0.000000,0.000000,0.781298,0.270460,0.962239,0.001204,-0.000153,0.000866,0.018825,45.208004,44.445799,-3.003961,1.995118,-1.571069,0.000000,0.000000,0.000000,0.000000,0.000000,0.000000
1778249155.324073,0.781142,0.270483,0.962122,0.0000,0.0000,0.0000,0.140000,0.000000,0.000000,0.000000,0.000000,0.000000,0.781298,0.270460,0.962239,0.001173,-0.000169,0.000875,0.018810,45.221982,44.457399,-3.003961,1.995115,-1.571073,0.000000,0.000000,0.000000,0.000000,0.000000,0.000000
1778249155.333985,0.781148,0.270483,0.962122,0.0000,0.0000,0.0000,0.140000,0.000000,0.000000,0.000000,0.000000,0.000000,0.781298,0.270460,0.962239,0.001126,-0.000169,0.000877,0.018793,45.226310,44.462024,-3.003961,1.995119,-1.571070,0.000000,0.000000,0.000000,0.000000,0.000000,0.000000
1778249155.343964,0.781150,0.270477,0.962123,0.0000,0.0000,0.0000,0.140000,0.000000,0.000000,0.000000,0.000000,0.000000,0.781298,0.270460,0.962239,0.001113,-0.000125,0.000868,0.018777,45.190251,44.428066,-3.003961,1.995115,-1.571067,0.000000,0.000000,0.000000,0.000000,0.000000,0.000000
1778249155.354082,0.781154,0.270476,0.962125,0.0000,0.0000,0.0000,0.140000,0.000000,0.000000,0.000000,0.000000,0.000000,0.781298,0.270460,0.962239,0.001087,-0.000117,0.000850,0.018762,45.219057,44.455689,-3.003961,1.995119,-1.571069,0.000000,0.000000,0.000000,0.000000,0.000000,0.000000
1778249155.364433,0.781153,0.270479,0.962127,0.0000,0.0000,0.0000,0.140000,0.000000,0.000000,0.000000,0.000000,0.000000,0.781298,0.270460,0.962239,0.001089,-0.000144,0.000840,0.018748,45.147435,44.384350,-3.003961,1.995119,-1.571073,0.000000,0.000000,0.000000,0.000000,0.000000,0.000000
1778249155.374560,0.781154,0.270475,0.962128,0.0000,0.0000,0.0000,0.140000,0.000000,0.000000,0.000000,0.000000,0.000000,0.781298,0.270460,0.962239,0.001085,-0.000110,0.000832,0.018736,45.197596,44.435603,-3.003961,1.995115,-1.571068,0.000000,0.000000,0.000000,0.000000,0.000000,0.000000
1778249155.384344,0.781156,0.270476,0.962131,0.0000,0.0000,0.0000,0.140000,0.000000,0.000000,0.000000,0.000000,0.000000,0.781298,0.270460,0.962239,0.001072,-0.000117,0.000803,0.018723,45.247834,44.485936,-3.003961,1.995119,-1.571071,0.000000,0.000000,0.000000,0.000000,0.000000,0.000000
1778249155.394377,0.781158,0.270478,0.962130,0.0000,0.0000,0.0000,0.140000,0.000000,0.000000,0.000000,0.000000,0.000000,0.781298,0.270460,0.962239,0.001072,-0.000117,0.000803,0.018723,45.247834,44.485936,-3.003961,1.995116,-1.571070,0.000000,0.000000,0.000000,0.000000,0.000000,0.000000
1778249155.404330,0.781160,0.270482,0.962131,0.0000,0.0000,0.0000,0.140000,0.000000,0.000000,0.000000,0.000000,0.000000,0.781298,0.270460,0.962239,0.001040,-0.000164,0.000807,0.018697,45.200833,44.437446,-3.003961,1.995116,-1.571073,0.000000,0.000000,0.000000,0.000000,0.000000,0.000000
1778249155.414258,0.781166,0.270481,0.962133,0.0000,0.0000,0.0000,0.140000,0.000000,0.000000,0.000000,0.000000,0.000000,0.781298,0.270460,0.962239,0.000997,-0.000159,0.000793,0.018681,45.213124,44.449353,-3.003961,1.995119,-1.571071,0.000000,0.000000,0.000000,0.000000,0.000000,0.000000
1778249155.424320,0.781170,0.270480,0.962134,0.0000,0.0000,0.0000,0.140000,0.000000,0.000000,0.000000,0.000000,0.000000,0.781298,0.270460,0.962239,0.000964,-0.000148,0.000783,0.018665,45.195176,44.431602,-3.003962,1.995119,-1.571069,0.000000,0.000000,0.000000,0.000000,0.000000,0.000000
1778249155.434172,0.781170,0.270482,0.962134,0.0000,0.0000,0.0000,0.140000,0.000000,0.000000,0.000000,0.000000,0.000000,0.781298,0.270460,0.962239,0.000962,-0.000160,0.000782,0.018651,45.216888,44.454774,-3.003962,1.995117,-1.571071,0.000000,0.000000,0.000000,0.000000,0.000000,0.000000
1778249155.444437,0.781173,0.270481,0.962138,0.0000,0.0000,0.0000,0.140000,0.000000,0.000000,0.000000,0.000000,0.000000,0.781298,0.270460,0.962239,0.000962,-0.000160,0.000782,0.018651,45.216888,44.454774,-3.003961,1.995119,-1.571070,0.000000,0.000000,0.000000,0.000000,0.000000,0.000000
1778249155.454433,0.781177,0.270485,0.962135,0.0000,0.0000,0.0000,0.140000,0.000000,0.000000,0.000000,0.000000,0.000000,0.781298,0.270460,0.962239,0.000912,-0.000186,0.000780,0.018621,45.222727,44.456922,-3.003962,1.995117,-1.571071,0.000000,0.000000,0.000000,0.000000,0.000000,0.000000
1778249155.464321,0.781181,0.270487,0.962134,0.0000,0.0000,0.0000,0.140000,0.000000,0.000000,0.000000,0.000000,0.000000,0.781298,0.270460,0.962239,0.000878,-0.000205,0.000783,0.018606,45.216519,44.454171,-3.003962,1.995117,-1.571071,0.000000,0.000000,0.000000,0.000000,0.000000,0.000000
1778249155.474605,0.781182,0.270487,0.962138,0.0000,0.0000,0.0000,0.140000,0.000000,0.000000,0.000000,0.000000,0.000000,0.781298,0.270460,0.962239,0.000877,-0.000198,0.000752,0.018592,45.172496,44.410290,-3.003962,1.995116,-1.571070,0.000000,0.000000,0.000000,0.000000,0.000000,0.000000
1778249155.484087,0.781184,0.270489,0.962139,0.0000,0.0000,0.0000,0.140000,0.000000,0.000000,0.000000,0.000000,0.000000,0.781298,0.270460,0.962239,0.000856,-0.000212,0.000747,0.018578,45.274021,44.509940,-3.003962,1.995117,-1.571071,0.000000,0.000000,0.000000,0.000000,0.000000,0.000000
1778249155.494295,0.781190,0.270489,0.962136,0.0000,0.0000,0.0000,0.140000,0.000000,0.000000,0.000000,0.000000,0.000000,0.781298,0.270460,0.962239,0.000812,-0.000215,0.000768,0.018563,45.209000,44.444471,-3.003962,1.995117,-1.571068,0.000000,0.000000,0.000000,0.000000,0.000000,0.000000
1778249155.504018,0.781192,0.270492,0.962139,0.0000,0.0000,0.0000,0.140000,0.000000,0.000000,0.000000,0.000000,0.000000,0.781298,0.270460,0.962239,0.000802,-0.000238,0.000748,0.018549,45.224094,44.462092,-3.003962,1.995118,-1.571071,0.000000,0.000000,0.000000,0.000000,0.000000,0.000000
1778249155.513999,0.781192,0.270492,0.962145,0.0000,0.0000,0.0000,0.140000,0.000000,0.000000,0.000000,0.000000,0.000000,0.781298,0.270460,0.962239,0.000802,-0.000241,0.000702,0.018534,45.177373,44.414362,-3.003962,1.995117,-1.571072,0.000000,0.000000,0.000000,0.000000,0.000000,0.000000
1778249155.524218,0.781196,0.270494,0.962144,0.0000,0.0000,0.0000,0.140000,0.000000,0.000000,0.000000,0.000000,0.000000,0.781298,0.270460,0.962239,0.000772,-0.000254,0.000708,0.018520,45.267366,44.503004,-3.003962,1.995120,-1.571071,0.000000,0.000000,0.000000,0.000000,0.000000,0.000000
1778249155.534110,0.781200,0.270494,0.962144,0.0000,0.0000,0.0000,0.140000,0.000000,0.000000,0.000000,0.000000,0.000000,0.781298,0.270460,0.962239,0.000741,-0.000256,0.000707,0.018505,45.179461,44.414952,-3.003962,1.995116,-1.571072,0.000000,0.000000,0.000000,0.000000,0.000000,0.000000
1778249155.544270,0.781200,0.270493,0.962146,0.0000,0.0000,0.0000,0.140000,0.000000,0.000000,0.000000,0.000000,0.000000,0.781298,0.270460,0.962239,0.000741,-0.000243,0.000691,0.018492,45.209574,44.447566,-3.003962,1.995117,-1.571072,0.000000,0.000000,0.000000,0.000000,0.000000,0.000000
1778249155.554367,0.781201,0.270494,0.962150,0.0000,0.0000,0.0000,0.140000,0.000000,0.000000,0.000000,0.000000,0.000000,0.781298,0.270460,0.962239,0.000741,-0.000243,0.000691,0.018492,45.209574,44.447566,-3.003962,1.995117,-1.571070,0.000000,0.000000,0.000000,0.000000,0.000000,0.000000
1778249155.564308,0.781205,0.270495,0.962146,0.0000,0.0000,0.0000,0.140000,0.000000,0.000000,0.000000,0.000000,0.000000,0.781298,0.270460,0.962239,0.000698,-0.000257,0.000695,0.018465,45.257508,44.491198,-3.003962,1.995115,-1.571071,0.000000,0.000000,0.000000,0.000000,0.000000,0.000000
1778249155.574335,0.781211,0.270496,0.962144,0.0000,0.0000,0.0000,0.140000,0.000000,0.000000,0.000000,0.000000,0.000000,0.781298,0.270460,0.962239,0.000653,-0.000271,0.000709,0.018450,45.255851,44.491909,-3.003962,1.995120,-1.571072,0.000000,0.000000,0.000000,0.000000,0.000000,0.000000
1778249155.584137,0.781212,0.270495,0.962147,0.0000,0.0000,0.0000,0.140000,0.000000,0.000000,0.000000,0.000000,0.000000,0.781298,0.270460,0.962239,0.000647,-0.000258,0.000688,0.018437,45.139193,44.375951,-3.003962,1.995115,-1.571071,0.000000,0.000000,0.000000,0.000000,0.000000,0.000000
1778249155.594242,0.781213,0.270496,0.962145,0.0000,0.0000,0.0000,0.140000,0.000000,0.000000,0.000000,0.000000,0.000000,0.781298,0.270460,0.962239,0.000642,-0.000270,0.000701,0.018425,45.266460,44.503721,-3.003962,1.995117,-1.571070,0.000000,0.000000,0.000000,0.000000,0.000000,0.000000
1778249155.604299,0.781214,0.270497,0.962150,0.0000,0.0000,0.0000,0.140000,0.000000,0.000000,0.000000,0.000000,0.000000,0.781298,0.270460,0.962239,0.000633,-0.000280,0.000664,0.018412,45.201322,44.437106,-3.003962,1.995117,-1.571069,0.000000,0.000000,0.000000,0.000000,0.000000,0.000000
1778249155.614237,0.781216,0.270502,0.962149,0.0000,0.0000,0.0000,0.140000,0.000000,0.000000,0.000000,0.000000,0.000000,0.781298,0.270460,0.962239,0.000619,-0.000310,0.000672,0.018400,45.234685,44.470696,-3.003962,1.995116,-1.571073,0.000000,0.000000,0.000000,0.000000,0.000000,0.000000
1778249155.624592,0.781221,0.270497,0.962150,0.0000,0.0000,0.0000,0.140000,0.000000,0.000000,0.000000,0.000000,0.000000,0.781298,0.270460,0.962239,0.000582,-0.000277,0.000661,0.018386,45.209360,44.445098,-3.003962,1.995117,-1.571072,0.000000,0.000000,0.000000,0.000000,0.000000,0.000000
1778249155.634478,0.781221,0.270494,0.962152,0.0000,0.0000,0.0000,0.140000,0.000000,0.000000,0.000000,0.000000,0.000000,0.781298,0.270460,0.962239,0.000577,-0.000255,0.000651,0.018373,45.208650,44.445704,-3.003962,1.995115,-1.571070,0.000000,0.000000,0.000000,0.000000,0.000000,0.000000
1778249155.644209,0.781225,0.270492,0.962153,0.0000,0.0000,0.0000,0.140000,0.000000,0.000000,0.000000,0.000000,0.000000,0.781298,0.270460,0.962239,0.000550,-0.000239,0.000641,0.018360,45.255217,44.491331,-3.003962,1.995119,-1.571068,0.000000,0.000000,0.000000,0.000000,0.000000,0.000000
1778249155.654456,0.781229,0.270495,0.962154,0.0000,0.0000,0.0000,0.140000,0.000000,0.000000,0.000000,0.000000,0.000000,0.781298,0.270460,0.962239,0.000519,-0.000258,0.000637,0.018346,45.223819,44.457598,-3.003962,1.995120,-1.571072,0.000000,0.000000,0.000000,0.000000,0.000000,0.000000
1778249155.664308,0.781231,0.270491,0.962152,0.0000,0.0000,0.0000,0.140000,0.000000,0.000000,0.000000,0.000000,0.000000,0.781298,0.270460,0.962239,0.000507,-0.000234,0.000652,0.018333,45.220594,44.457512,-3.003962,1.995113,-1.571071,0.000000,0.000000,0.000000,0.000000,0.000000,0.000000
1778249155.674232,0.781235,0.270490,0.962156,0.0000,0.0000,0.0000,0.140000,0.000000,0.000000,0.000000,0.000000,0.000000,0.781298,0.270460,0.962239,0.000479,-0.000224,0.000619,0.018319,45.238156,44.473333,-3.003962,1.995120,-1.571070,0.000000,0.000000,0.000000,0.000000,0.000000,0.000000
1778249155.684233,0.781236,0.270490,0.962156,0.0000,0.0000,0.0000,0.140000,0.000000,0.000000,0.000000,0.000000,0.000000,0.781298,0.270460,0.962239,0.000479,-0.000224,0.000619,0.018319,45.238156,44.473333,-3.003962,1.995115,-1.571070,0.000000,0.000000,0.000000,0.000000,0.000000,0.000000
1778249155.694242,0.781238,0.270490,0.962156,0.0000,0.0000,0.0000,0.140000,0.000000,0.000000,0.000000,0.000000,0.000000,0.781298,0.270460,0.962239,0.000455,-0.000221,0.000621,0.018293,45.268253,44.505289,-3.003962,1.995118,-1.571066,0.000000,0.000000,0.000000,0.000000,0.000000,0.000000
1778249155.704213,0.781241,0.270492,0.962157,0.0000,0.0000,0.0000,0.140000,0.000000,0.000000,0.000000,0.000000,0.000000,0.781298,0.270460,0.962239,0.000433,-0.000237,0.000610,0.018280,45.234070,44.468495,-3.003963,1.995118,-1.571068,0.000000,0.000000,0.000000,0.000000,0.000000,0.000000
1778249155.714414,0.781246,0.270489,0.962156,0.0000,0.0000,0.0000,0.140000,0.000000,0.000000,0.000000,0.000000,0.000000,0.781298,0.270460,0.962239,0.000395,-0.000217,0.000618,0.018266,45.189365,44.424639,-3.003963,1.995117,-1.571069,0.000000,0.000000,0.000000,0.000000,0.000000,0.000000
1778249155.724232,0.781246,0.270481,0.962163,0.0000,0.0000,0.0000,0.140000,0.000000,0.000000,0.000000,0.000000,0.000000,0.781298,0.270460,0.962239,0.000395,-0.000217,0.000618,0.018266,45.189365,44.424639,-3.003963,1.995118,-1.571065,0.000000,0.000000,0.000000,0.000000,0.000000,0.000000
1778249155.734090,0.781242,0.270484,0.962166,0.0000,0.0000,0.0000,0.140000,0.000000,0.000000,0.000000,0.000000,0.000000,0.781298,0.270460,0.962239,0.000427,-0.000181,0.000546,0.018243,45.212942,44.449458,-3.003963,1.995116,-1.571070,0.000000,0.000000,0.000000,0.000000,0.000000,0.000000
1778249155.744349,0.781242,0.270482,0.962167,0.0000,0.0000,0.0000,0.140000,0.000000,0.000000,0.000000,0.000000,0.000000,0.781298,0.270460,0.962239,0.000420,-0.000166,0.000538,0.018232,45.213107,44.449127,-3.003963,1.995116,-1.571068,0.000000,0.000000,0.000000,0.000000,0.000000,0.000000
1778249155.754098,0.781244,0.270477,0.962170,0.0000,0.0000,0.0000,0.140000,0.000000,0.000000,0.000000,0.000000,0.000000,0.781298,0.270460,0.962239,0.000409,-0.000125,0.000515,0.018220,45.208998,44.445729,-3.003963,1.995117,-1.571068,0.000000,0.000000,0.000000,0.000000,0.000000,0.000000
1778249155.763982,0.781245,0.270476,0.962170,0.0000,0.0000,0.0000,0.140000,0.000000,0.000000,0.000000,0.000000,0.000000,0.781298,0.270460,0.962239,0.000399,-0.000122,0.000512,0.018209,45.223199,44.458195,-3.003963,1.995115,-1.571067,0.000000,0.000000,0.000000,0.000000,0.000000,0.000000
1778249155.774186,0.781247,0.270477,0.962171,0.0000,0.0000,0.0000,0.140000,0.000000,0.000000,0.000000,0.000000,0.000000,0.781298,0.270460,0.962239,0.000383,-0.000129,0.000509,0.018197,45.206703,44.442750,-3.003963,1.995117,-1.571068,0.000000,0.000000,0.000000,0.000000,0.000000,0.000000
1778249155.784076,0.781249,0.270478,0.962169,0.0000,0.0000,0.0000,0.140000,0.000000,0.000000,0.000000,0.000000,0.000000,0.781298,0.270460,0.962239,0.000370,-0.000131,0.000518,0.018186,45.239815,44.474871,-3.003963,1.995118,-1.571068,0.000000,0.000000,0.000000,0.000000,0.000000,0.000000
1778249155.794125,0.781250,0.270483,0.962168,0.0000,0.0000,0.0000,0.140000,0.000000,0.000000,0.000000,0.000000,0.000000,0.781298,0.270460,0.962239,0.000366,-0.000173,0.000528,0.018176,45.235499,44.471452,-3.003963,1.995117,-1.571071,0.000000,0.000000,0.000000,0.000000,0.000000,0.000000
1778249155.804356,0.781251,0.270484,0.962167,0.0000,0.0000,0.0000,0.140000,0.000000,0.000000,0.000000,0.000000,0.000000,0.781298,0.270460,0.962239,0.000366,-0.000173,0.000528,0.018176,45.235499,44.471452,-3.003963,1.995117,-1.571069,0.000000,0.000000,0.000000,0.000000,0.000000,0.000000
1778249155.814032,0.781254,0.270483,0.962167,0.0000,0.0000,0.0000,0.140000,0.000000,0.000000,0.000000,0.000000,0.000000,0.781298,0.270460,0.962239,0.000330,-0.000172,0.000536,0.018153,45.249909,44.485447,-3.003963,1.995118,-1.571068,0.000000,0.000000,0.000000,0.000000,0.000000,0.000000
1778249155.824124,0.781255,0.270483,0.962168,0.0000,0.0000,0.0000,0.140000,0.000000,0.000000,0.000000,0.000000,0.000000,0.781298,0.270460,0.962239,0.000325,-0.000169,0.000527,0.018141,45.222600,44.458559,-3.003963,1.995117,-1.571071,0.000000,0.000000,0.000000,0.000000,0.000000,0.000000
1778249155.833893,0.781255,0.270482,0.962171,0.0000,0.0000,0.0000,0.140000,0.000000,0.000000,0.000000,0.000000,0.000000,0.781298,0.270460,0.962239,0.000326,-0.000164,0.000504,0.018129,45.199229,44.435447,-3.003963,1.995117,-1.571071,0.000000,0.000000,0.000000,0.000000,0.000000,0.000000
1778249155.844139,0.781258,0.270482,0.962170,0.0000,0.0000,0.0000,0.140000,0.000000,0.000000,0.000000,0.000000,0.000000,0.781298,0.270460,0.962239,0.000301,-0.000160,0.000515,0.018117,45.259840,44.494458,-3.003963,1.995119,-1.571069,0.000000,0.000000,0.000000,0.000000,0.000000,0.000000
1778249155.854092,0.781258,0.270481,0.962171,0.0000,0.0000,0.0000,0.140000,0.000000,0.000000,0.000000,0.000000,0.000000,0.781298,0.270460,0.962239,0.000303,-0.000155,0.000504,0.018106,45.173670,44.410137,-3.003963,1.995115,-1.571069,0.000000,0.000000,0.000000,0.000000,0.000000,0.000000
1778249155.864134,0.781258,0.270479,0.962173,0.0000,0.0000,0.0000,0.140000,0.000000,0.000000,0.000000,0.000000,0.000000,0.781298,0.270460,0.962239,0.000304,-0.000138,0.000494,0.018095,45.239602,44.476078,-3.003963,1.995117,-1.571067,0.000000,0.000000,0.000000,0.000000,0.000000,0.000000
1778249155.874226,0.781261,0.270478,0.962173,0.0000,0.0000,0.0000,0.140000,0.000000,0.000000,0.000000,0.000000,0.000000,0.781298,0.270460,0.962239,0.000279,-0.000133,0.000491,0.018083,45.208971,44.443446,-3.003963,1.995117,-1.571066,0.000000,0.000000,0.000000,0.000000,0.000000,0.000000
1778249155.884296,0.781261,0.270480,0.962173,0.0000,0.0000,0.0000,0.140000,0.000000,0.000000,0.000000,0.000000,0.000000,0.781298,0.270460,0.962239,0.000281,-0.000150,0.000491,0.018072,45.218970,44.455554,-3.003963,1.995117,-1.571067,0.000000,0.000000,0.000000,0.000000,0.000000,0.000000
1778249155.894451,0.781262,0.270481,0.962174,0.0000,0.0000,0.0000,0.140000,0.000000,0.000000,0.000000,0.000000,0.000000,0.781298,0.270460,0.962239,0.000277,-0.000153,0.000481,0.018061,45.234782,44.470046,-3.003963,1.995116,-1.571069,0.000000,0.000000,0.000000,0.000000,0.000000,0.000000
1778249155.904198,0.781263,0.270481,0.962176,0.0000,0.0000,0.0000,0.140000,0.000000,0.000000,0.000000,0.000000,0.000000,0.781298,0.270460,0.962239,0.000264,-0.000153,0.000468,0.018050,45.205391,44.440227,-3.003963,1.995119,-1.571068,0.000000,0.000000,0.000000,0.000000,0.000000,0.000000
1778249155.914210,0.781262,0.270484,0.962172,0.0000,0.0000,0.0000,0.140000,0.000000,0.000000,0.000000,0.000000,0.000000,0.781298,0.270460,0.962239,0.000264,-0.000153,0.000468,0.018050,45.205391,44.440227,-3.003963,1.995113,-1.571070,0.000000,0.000000,0.000000,0.000000,0.000000,0.000000
1778249155.924217,0.781266,0.270484,0.962173,0.0000,0.0000,0.0000,0.140000,0.000000,0.000000,0.000000,0.000000,0.000000,0.781298,0.270460,0.962239,0.000247,-0.000182,0.000488,0.018028,45.228249,44.462931,-3.003963,1.995119,-1.571066,0.000000,0.000000,0.000000,0.000000,0.000000,0.000000
1778249155.934444,0.781266,0.270488,0.962172,0.0000,0.0000,0.0000,0.140000,0.000000,0.000000,0.000000,0.000000,0.000000,0.781298,0.270460,0.962239,0.000246,-0.000209,0.000501,0.018018,45.196279,44.432447,-3.003963,1.995115,-1.571070,0.000000,0.000000,0.000000,0.000000,0.000000,0.000000
1778249155.944398,0.781265,0.270480,0.962176,0.0000,0.0000,0.0000,0.140000,0.000000,0.000000,0.000000,0.000000,0.000000,0.781298,0.270460,0.962239,0.000249,-0.000149,0.000466,0.018007,45.253639,44.491489,-3.003964,1.995116,-1.571067,0.000000,0.000000,0.000000,0.000000,0.000000,0.000000
1778249155.954476,0.781265,0.270476,0.962182,0.0000,0.0000,0.0000,0.140000,0.000000,0.000000,0.000000,0.000000,0.000000,0.781298,0.270460,0.962239,0.000251,-0.000120,0.000424,0.017996,45.211546,44.446095,-3.003963,1.995119,-1.571067,0.000000,0.000000,0.000000,0.000000,0.000000,0.000000
1778249155.964419,0.781267,0.270482,0.962178,0.0000,0.0000,0.0000,0.140000,0.000000,0.000000,0.000000,0.000000,0.000000,0.781298,0.270460,0.962239,0.000238,-0.000166,0.000455,0.017985,45.224420,44.457611,-3.003963,1.995116,-1.571069,0.000000,0.000000,0.000000,0.000000,0.000000,0.000000
1778249155.974484,0.781271,0.270485,0.962175,0.0000,0.0000,0.0000,0.140000,0.000000,0.000000,0.000000,0.000000,0.000000,0.781298,0.270460,0.962239,0.000208,-0.000185,0.000478,0.017973,45.281803,44.516846,-3.003963,1.995115,-1.571068,0.000000,0.000000,0.000000,0.000000,0.000000,0.000000
1778249155.984253,0.781273,0.270487,0.962178,0.0000,0.0000,0.0000,0.140000,0.000000,0.000000,0.000000,0.000000,0.000000,0.781298,0.270460,0.962239,0.000192,-0.000202,0.000456,0.017961,45.202536,44.436000,-3.003964,1.995119,-1.571068,0.000000,0.000000,0.000000,0.000000,0.000000,0.000000
1778249155.994369,0.781273,0.270487,0.962175,0.0000,0.0000,0.0000,0.140000,0.000000,0.000000,0.000000,0.000000,0.000000,0.781298,0.270460,0.962239,0.000192,-0.000198,0.000477,0.017950,45.236255,44.472646,-3.003964,1.995113,-1.571067,0.000000,0.000000,0.000000,0.000000,0.000000,0.000000
1778249156.004477,0.781275,0.270491,0.962177,0.0000,0.0000,0.0000,0.140000,0.000000,0.000000,0.000000,0.000000,0.000000,0.781298,0.270460,0.962239,0.000173,-0.000230,0.000463,0.017938,45.255294,44.489191,-3.003964,1.995119,-1.571067,0.000000,0.000000,0.000000,0.000000,0.000000,0.000000
1778249156.014290,0.781275,0.270498,0.962175,0.0000,0.0000,0.0000,0.140000,0.000000,0.000000,0.000000,0.000000,0.000000,0.781298,0.270460,0.962239,0.000176,-0.000284,0.000478,0.017928,45.220110,44.454647,-3.003964,1.995115,-1.571071,0.000000,0.000000,0.000000,0.000000,0.000000,0.000000
1778249156.024465,0.781277,0.270495,0.962178,0.0000,0.0000,0.0000,0.140000,0.000000,0.000000,0.000000,0.000000,0.000000,0.781298,0.270460,0.962239,0.000161,-0.000259,0.000455,0.017916,45.219448,44.455065,-3.003964,1.995117,-1.571069,0.000000,0.000000,0.000000,0.000000,0.000000,0.000000
1778249156.034369,0.781277,0.270495,0.962180,0.0000,0.0000,0.0000,0.140000,0.000000,0.000000,0.000000,0.000000,0.000000,0.781298,0.270460,0.962239,0.000158,-0.000259,0.000439,0.017905,45.228641,44.464736,-3.003964,1.995117,-1.571068,0.000000,0.000000,0.000000,0.000000,0.000000,0.000000
1778249156.044093,0.781277,0.270497,0.962182,0.0000,0.0000,0.0000,0.140000,0.000000,0.000000,0.000000,0.000000,0.000000,0.781298,0.270460,0.962239,0.000158,-0.000278,0.000424,0.017894,45.183378,44.417236,-3.003964,1.995119,-1.571069,0.000000,0.000000,0.000000,0.000000,0.000000,0.000000
1778249156.054195,0.781278,0.270495,0.962178,0.0000,0.0000,0.0000,0.140000,0.000000,0.000000,0.000000,0.000000,0.000000,0.781298,0.270460,0.962239,0.000151,-0.000265,0.000455,0.017884,45.273769,44.510885,-3.003964,1.995114,-1.571066,0.000000,0.000000,0.000000,0.000000,0.000000,0.000000
1778249156.063905,0.781279,0.270495,0.962185,0.0000,0.0000,0.0000,0.140000,0.000000,0.000000,0.000000,0.000000,0.000000,0.781298,0.270460,0.962239,0.000146,-0.000263,0.000401,0.017871,45.244515,44.478134,-3.003964,1.995122,-1.571069,0.000000,0.000000,0.000000,0.000000,0.000000,0.000000
1778249156.074095,0.781277,0.270494,0.962184,0.0000,0.0000,0.0000,0.140000,0.000000,0.000000,0.000000,0.000000,0.000000,0.781298,0.270460,0.962239,0.000164,-0.000253,0.000410,0.017861,45.167410,44.403028,-3.003964,1.995112,-1.571070,0.000000,0.000000,0.000000,0.000000,0.000000,0.000000
1778249156.084524,0.781284,0.270493,0.962183,0.0000,0.0000,0.0000,0.140000,0.000000,0.000000,0.000000,0.000000,0.000000,0.781298,0.270460,0.962239,0.000112,-0.000243,0.000420,0.017848,45.293364,44.526285,-3.003964,1.995122,-1.571067,0.000000,0.000000,0.000000,0.000000,0.000000,0.000000
1778249156.094084,0.781281,0.270496,0.962182,0.0000,0.0000,0.0000,0.140000,0.000000,0.000000,0.000000,0.000000,0.000000,0.781298,0.270460,0.962239,0.000134,-0.000267,0.000420,0.017838,45.187735,44.423143,-3.003964,1.995114,-1.571070,0.000000,0.000000,0.000000,0.000000,0.000000,0.000000
1778249156.104372,0.781282,0.270491,0.962182,0.0000,0.0000,0.0000,0.140000,0.000000,0.000000,0.000000,0.000000,0.000000,0.781298,0.270460,0.962239,0.000127,-0.000230,0.000425,0.017827,45.295303,44.531690,-3.003964,1.995114,-1.571067,0.000000,0.000000,0.000000,0.000000,0.000000,0.000000
1778249156.114389,0.781284,0.270491,0.962186,0.0000,0.0000,0.0000,0.140000,0.000000,0.000000,0.000000,0.000000,0.000000,0.781298,0.270460,0.962239,0.000107,-0.000229,0.000395,0.017816,45.174120,44.407790,-3.003964,1.995122,-1.571068,0.000000,0.000000,0.000000,0.000000,0.000000,0.000000
1778249156.124423,0.781281,0.270491,0.962185,0.0000,0.0000,0.0000,0.140000,0.000000,0.000000,0.000000,0.000000,0.000000,0.781298,0.270460,0.962239,0.000107,-0.000229,0.000395,0.017816,45.174120,44.407790,-3.003964,1.995114,-1.571070,0.000000,0.000000,0.000000,0.000000,0.000000,0.000000
1778249156.134841,0.781284,0.270489,0.962187,0.0000,0.0000,0.0000,0.140000,0.000000,0.000000,0.000000,0.000000,0.000000,0.781298,0.270460,0.962239,0.000134,-0.000234,0.000401,0.017806,45.194801,44.432653,-3.003964,1.995119,-1.571067,0.000000,0.000000,0.000000,0.000000,0.000000,0.000000
1778249156.145259,0.781285,0.270490,0.962184,0.0000,0.0000,0.0000,0.140000,0.000000,0.000000,0.000000,0.000000,0.000000,0.781298,0.270460,0.962239,0.000104,-0.000223,0.000412,0.017784,45.192925,44.426987,-3.003964,1.995116,-1.571067,0.000000,0.000000,0.000000,0.000000,0.000000,0.000000
1778249156.154084,0.781287,0.270490,0.962181,0.0000,0.0000,0.0000,0.140000,0.000000,0.000000,0.000000,0.000000,0.000000,0.781298,0.270460,0.962239,0.000085,-0.000223,0.000430,0.017773,45.253248,44.488339,-3.003964,1.995115,-1.571069,0.000000,0.000000,0.000000,0.000000,0.000000,0.000000
1778249156.164180,0.781290,0.270489,0.962183,0.0000,0.0000,0.0000,0.140000,0.000000,0.000000,0.000000,0.000000,0.000000,0.781298,0.270460,0.962239,0.000061,-0.000215,0.000414,0.017762,45.209525,44.442739,-3.003964,1.995121,-1.571069,0.000000,0.000000,0.000000,0.000000,0.000000,0.000000
1778249156.174209,0.781287,0.270488,0.962182,0.0000,0.0000,0.0000,0.140000,0.000000,0.000000,0.000000,0.000000,0.000000,0.781298,0.270460,0.962239,0.000088,-0.000210,0.000427,0.017752,45.201277,44.438873,-3.003964,1.995114,-1.571069,0.000000,0.000000,0.000000,0.000000,0.000000,0.000000
1778249156.184800,0.781287,0.270486,0.962186,0.0000,0.0000,0.0000,0.140000,0.000000,0.000000,0.000000,0.000000,0.000000,0.781298,0.270460,0.962239,0.000084,-0.000197,0.000396,0.017741,45.218646,44.453497,-3.003964,1.995120,-1.571069,0.000000,0.000000,0.000000,0.000000,0.000000,0.000000
1778249156.194507,0.781287,0.270486,0.962182,0.0000,0.0000,0.0000,0.140000,0.000000,0.000000,0.000000,0.000000,0.000000,0.781298,0.270460,0.962239,0.000083,-0.000191,0.000426,0.017731,45.219365,44.455052,-3.003964,1.995114,-1.571069,0.000000,0.000000,0.000000,0.000000,0.000000,0.000000
1778249156.204837,0.781291,0.270489,0.962179,0.0000,0.0000,0.0000,0.140000,0.000000,0.000000,0.000000,0.000000,0.000000,0.781298,0.270460,0.962239,0.000057,-0.000215,0.000448,0.017721,45.311679,44.544168,-3.003964,1.995118,-1.571070,0.000000,0.000000,0.000000,0.000000,0.000000,0.000000
1778249156.214183,0.781291,0.270492,0.962177,0.0000,0.0000,0.0000,0.140000,0.000000,0.000000,0.000000,0.000000,0.000000,0.781298,0.270460,0.962239,0.000057,-0.000239,0.000460,0.017710,45.221018,44.456236,-3.003964,1.995116,-1.571071,0.000000,0.000000,0.000000,0.000000,0.000000,0.000000
1778249156.225209,0.781292,0.270491,0.962180,0.0000,0.0000,0.0000,0.140000,0.000000,0.000000,0.000000,0.000000,0.000000,0.781298,0.270460,0.962239,0.000057,-0.000239,0.000460,0.017710,45.221018,44.456236,-3.003964,1.995118,-1.571072,0.000000,0.000000,0.000000,0.000000,0.000000,0.000000
1778249156.234834,0.781292,0.270484,0.962180,0.0000,0.0000,0.0000,0.140000,0.000000,0.000000,0.000000,0.000000,0.000000,0.781298,0.270460,0.962239,0.000051,-0.000179,0.000441,0.017689,45.229837,44.465538,-3.003964,1.995116,-1.571069,0.000000,0.000000,0.000000,0.000000,0.000000,0.000000
1778249156.244203,0.781294,0.270482,0.962180,0.0000,0.0000,0.0000,0.140000,0.000000,0.000000,0.000000,0.000000,0.000000,0.781298,0.270460,0.962239,0.000034,-0.000167,0.000438,0.017678,45.258158,44.491265,-3.003964,1.995119,-1.571068,0.000000,0.000000,0.000000,0.000000,0.000000,0.000000
1778249156.254189,0.781292,0.270488,0.962176,0.0000,0.0000,0.0000,0.140000,0.000000,0.000000,0.000000,0.000000,0.000000,0.781298,0.270460,0.962239,0.000045,-0.000212,0.000466,0.017668,45.241088,44.476004,-3.003964,1.995114,-1.571070,0.000000,0.000000,0.000000,0.000000,0.000000,0.000000
1778249156.263971,0.781293,0.270485,0.962180,0.0000,0.0000,0.0000,0.140000,0.000000,0.000000,0.000000,0.000000,0.000000,0.781298,0.270460,0.962239,0.000044,-0.000190,0.000440,0.017658,45.221205,44.456365,-3.003964,1.995117,-1.571070,0.000000,0.000000,0.000000,0.000000,0.000000,0.000000
1778249156.274035,0.781293,0.270486,0.962180,0.0000,0.0000,0.0000,0.140000,0.000000,0.000000,0.000000,0.000000,0.000000,0.781298,0.270460,0.962239,0.000038,-0.000193,0.000438,0.017647,45.256568,44.491010,-3.003964,1.995116,-1.571069,0.000000,0.000000,0.000000,0.000000,0.000000,0.000000
1778249156.283997,0.781298,0.270487,0.962177,0.0000,0.0000,0.0000,0.140000,0.000000,0.000000,0.000000,0.000000,0.000000,0.781298,0.270460,0.962239,0.000038,-0.000193,0.000438,0.017647,45.256568,44.491010,-3.003964,1.995118,-1.571069,0.000000,0.000000,0.000000,0.000000,0.000000,0.000000
1778249156.294269,0.781299,0.270493,0.962174,0.0000,0.0000,0.0000,0.140000,0.000000,0.000000,0.000000,0.000000,0.000000,0.781298,0.270460,0.962239,-0.000005,-0.000243,0.000487,0.017624,45.181403,44.415636,-3.003964,1.995113,-1.571070,0.000000,0.000000,0.000000,0.000000,0.000000,0.000000
1778249156.303846,0.781298,0.270490,0.962176,0.0000,0.0000,0.0000,0.140000,0.000000,0.000000,0.000000,0.000000,0.000000,0.781298,0.270460,0.962239,0.000004,-0.000223,0.000467,0.017614,45.231793,44.468269,-3.003964,1.995118,-1.571068,0.000000,0.000000,0.000000,0.000000,0.000000,0.000000
1778249156.313986,0.781298,0.270486,0.962183,0.0000,0.0000,0.0000,0.140000,0.000000,0.000000,0.000000,0.000000,0.000000,0.781298,0.270460,0.962239,0.000006,-0.000192,0.000418,0.017603,45.190288,44.425126,-3.003965,1.995118,-1.571069,0.000000,0.000000,0.000000,0.000000,0.000000,0.000000
1778249156.324142,0.781295,0.270484,0.962182,0.0000,0.0000,0.0000,0.140000,0.000000,0.000000,0.000000,0.000000,0.000000,0.781298,0.270460,0.962239,0.000024,-0.000178,0.000422,0.017593,45.247672,44.483021,-3.003964,1.995115,-1.571068,0.000000,0.000000,0.000000,0.000000,0.000000,0.000000
1778249156.334015,0.781297,0.270485,0.962184,0.0000,0.0000,0.0000,0.140000,0.000000,0.000000,0.000000,0.000000,0.000000,0.781298,0.270460,0.962239,0.000009,-0.000188,0.000412,0.017583,45.245795,44.479094,-3.003964,1.995118,-1.571069,0.000000,0.000000,0.000000,0.000000,0.000000,0.000000
