timestamp,pos_x,pos_y,pos_z,force_x,force_y,force_z,adm_disp_x,adm_disp_y,adm_disp_z,adm_vel_x,adm_vel_y,adm_vel_z,ee_des_x,ee_des_y,ee_des_z,ee_vel_cmd_x,ee_vel_cmd_y,ee_vel_cmd_z,qdot_cmd_norm,tau_norm,tau_max_abs,base_x,base_y,base_yaw,base_ref_x,base_ref_y,base_ref_yaw,base_vel_cmd_x,base_vel_cmd_y,base_vel_cmd_yaw
1778249435.643174,0.645427,0.271936,0.919808,0.0000,0.0000,0.0000,0.000000,0.000000,0.000000,0.000000,0.000000,0.000000,0.644902,0.272318,0.920167,-0.003678,0.002674,0.002508,0.005617,40.250582,39.516533,-2.994743,1.998753,-1.577034,-3.000010,1.999993,-1.570803,-0.004508,-0.019987,0.018712
1778249435.653546,0.645273,0.272078,0.919839,0.0000,0.0000,0.0000,0.000000,0.000000,0.000000,0.000000,0.000000,0.000000,0.644902,0.272318,0.920167,-0.002594,0.001682,0.002296,0.005262,39.991573,39.268210,-2.994729,1.998723,-1.577011,-3.000010,1.999993,-1.570803,-0.004643,-0.020072,0.018667
1778249435.663137,0.645148,0.272148,0.919894,0.0000,0.0000,0.0000,0.000000,0.000000,0.000000,0.000000,0.000000,0.000000,0.644902,0.272318,0.920167,-0.001719,0.001192,0.001907,0.004576,39.737805,39.032560,-2.994716,1.998689,-1.576964,-3.000010,1.999993,-1.570803,-0.004733,-0.020108,0.018598
1778249435.673404,0.645080,0.272132,0.919946,0.0000,0.0000,0.0000,0.000000,0.000000,0.000000,0.000000,0.000000,0.000000,0.644902,0.272318,0.920167,-0.001246,0.001304,0.001547,0.003914,39.594850,38.887272,-2.994691,1.998656,-1.576891,-3.000010,1.999993,-1.570803,-0.004864,-0.020163,0.018439
1778249435.683171,0.644996,0.271985,0.920052,0.0000,0.0000,0.0000,0.000000,0.000000,0.000000,0.000000,0.000000,0.000000,0.644902,0.272318,0.920167,-0.000661,0.002334,0.000801,0.003340,39.418991,38.679923,-2.994644,1.998629,-1.576773,-3.000010,1.999993,-1.570803,-0.005015,-0.020319,0.018110
1778249435.693571,0.644960,0.271842,0.920121,0.0000,0.0000,0.0000,0.000000,0.000000,0.000000,0.000000,0.000000,0.000000,0.644902,0.272318,0.920167,-0.000407,0.003336,0.000318,0.003166,39.383138,38.613776,-2.994573,1.998611,-1.576586,-3.000010,1.999993,-1.570803,-0.005084,-0.020478,0.017791
1778249435.703373,0.644938,0.271613,0.920196,0.0000,0.0000,0.0000,0.000000,0.000000,0.000000,0.000000,0.000000,0.000000,0.644902,0.272318,0.920167,-0.000255,0.004939,-0.000206,0.003647,39.576133,38.765979,-2.994473,1.998602,-1.576318,-3.000010,1.999993,-1.570803,-0.005140,-0.020778,0.017158
1778249435.713794,0.644952,0.271363,0.920239,0.0000,0.0000,0.0000,0.000000,0.000000,0.000000,0.000000,0.000000,0.000000,0.644902,0.272318,0.920167,-0.000352,0.006686,-0.000507,0.004733,39.757184,38.914836,-2.994381,1.998600,-1.576072,-3.000010,1.999993,-1.570803,-0.005175,-0.021179,0.016309
1778249435.723511,0.644994,0.271123,0.920259,0.0000,0.0000,0.0000,0.000000,0.000000,0.000000,0.000000,0.000000,0.000000,0.644902,0.272318,0.920167,-0.000646,0.008368,-0.000649,0.006142,39.778917,38.926867,-2.994243,1.998604,-1.575717,-3.000010,1.999993,-1.570803,-0.005185,-0.021666,0.015281
1778249435.733449,0.645049,0.270907,0.920276,0.0000,0.0000,0.0000,0.000000,0.000000,0.000000,0.000000,0.000000,0.000000,0.644902,0.272318,0.920167,-0.001027,0.009880,-0.000762,0.007663,39.709023,38.869076,-2.994092,1.998626,-1.575361,-3.000010,1.999993,-1.570803,-0.005140,-0.022225,0.014205
1778249435.743380,0.645086,0.270758,0.920295,0.0000,0.0000,0.0000,0.000000,0.000000,0.000000,0.000000,0.000000,0.000000,0.644902,0.272318,0.920167,-0.001292,0.010921,-0.000897,0.009070,39.640554,38.818952,-2.993943,1.998661,-1.575016,-3.000010,1.999993,-1.570803,-0.005067,-0.022654,0.013415
1778249435.753626,0.645125,0.270579,0.920336,0.0000,0.0000,0.0000,0.000000,0.000000,0.000000,0.000000,0.000000,0.000000,0.644902,0.272318,0.920167,-0.001560,0.012176,-0.001184,0.010487,39.418221,38.611839,-2.993836,1.998694,-1.574766,-3.000010,1.999993,-1.570803,-0.004926,-0.023211,0.012390
1778249435.763118,0.645155,0.270412,0.920392,0.0000,0.0000,0.0000,0.000000,0.000000,0.000000,0.000000,0.000000,0.000000,0.644902,0.272318,0.920167,-0.001771,0.013345,-0.001578,0.011887,39.293515,38.495918,-2.993699,1.998745,-1.574430,-3.000010,1.999993,-1.570803,-0.004745,-0.023739,0.011386
1778249435.773552,0.645232,0.270258,0.920397,0.0000,0.0000,0.0000,0.000000,0.000000,0.000000,0.000000,0.000000,0.000000,0.644902,0.272318,0.920167,-0.002309,0.014421,-0.001613,0.013256,40.090518,39.110892,-2.993545,1.998813,-1.574002,-3.000010,1.999993,-1.570803,-0.004603,-0.024122,0.010626
1778249435.783957,0.645509,0.270085,0.920239,0.0000,0.0000,0.0000,0.000000,0.000000,0.000000,0.000000,0.000000,0.000000,0.644902,0.272318,0.920167,-0.004246,0.015630,-0.000502,0.014770,40.801510,39.791367,-2.993398,1.998883,-1.573548,-3.000010,1.999993,-1.570803,-0.004329,-0.024766,0.009152
1778249435.793252,0.645744,0.270222,0.920018,0.0000,0.0000,0.0000,0.000000,0.000000,0.000000,0.000000,0.000000,0.000000,0.644902,0.272318,0.920167,-0.005894,0.014676,0.001043,0.015690,40.895004,40.052411,-2.993223,1.999000,-1.573088,-3.000010,1.999993,-1.570803,-0.003936,-0.025483,0.007424
1778249435.803239,0.645834,0.270442,0.919961,0.0000,0.0000,0.0000,0.000000,0.000000,0.000000,0.000000,0.000000,0.000000,0.644902,0.272318,0.920167,-0.006526,0.013132,0.001442,0.016010,39.701278,38.891549,-2.993099,1.999191,-1.572825,-3.000010,1.999993,-1.570803,-0.003579,-0.025942,0.006641
1778249435.813766,0.645959,0.270646,0.919983,0.0000,0.0000,0.0000,0.000000,0.000000,0.000000,0.000000,0.000000,0.000000,0.644902,0.272318,0.920167,-0.007400,0.011702,0.001283,0.016115,39.202373,38.414885,-2.993065,1.999366,-1.572618,-3.000010,1.999993,-1.570803,-0.002772,-0.026330,0.005855
1778249435.823237,0.646037,0.270775,0.920040,0.0000,0.0000,0.0000,0.000000,0.000000,0.000000,0.000000,0.000000,0.000000,0.644902,0.272318,0.920167,-0.007946,0.010800,0.000890,0.016218,38.853010,38.084915,-2.993084,1.999601,-1.572439,-3.000010,1.999993,-1.570803,-0.002116,-0.026396,0.005269
1778249435.833892,0.645910,0.271236,0.920150,0.0000,0.0000,0.0000,0.000000,0.000000,0.000000,0.000000,0.000000,0.000000,0.644902,0.272318,0.920167,-0.007055,0.007576,0.000116,0.015253,39.672151,38.669673,-2.993115,1.999814,-1.572693,-3.000010,1.999993,-1.570803,-0.001242,-0.026283,0.004972
1778249435.843736,0.645589,0.271803,0.920307,0.0000,0.0000,0.0000,0.000000,0.000000,0.000000,0.000000,0.000000,0.000000,0.644902,0.272318,0.920167,-0.007055,0.007576,0.000116,0.015253,39.672151,38.669673,-2.993151,1.999973,-1.573098,-3.000010,1.999993,-1.570803,-0.000459,-0.026172,0.005964
1778249435.854109,0.645283,0.272253,0.920422,0.0000,0.0000,0.0000,0.000000,0.000000,0.000000,0.000000,0.000000,0.000000,0.644902,0.272318,0.920167,-0.002669,0.000453,-0.001784,0.010071,40.260724,39.492749,-2.993167,2.000057,-1.573338,-3.000010,1.999993,-1.570803,0.000108,-0.026025,0.007175
1778249435.863451,0.645250,0.272363,0.920376,0.0000,0.0000,0.0000,0.000000,0.000000,0.000000,0.000000,0.000000,0.000000,0.644902,0.272318,0.920167,-0.002438,-0.000315,-0.001461,0.008010,40.732473,39.951975,-2.993060,2.000148,-1.573206,-3.000010,1.999993,-1.570803,0.000396,-0.026056,0.007650
1778249435.873800,0.645442,0.272260,0.920226,0.0000,0.0000,0.0000,0.000000,0.000000,0.000000,0.000000,0.000000,0.000000,0.644902,0.272318,0.920167,-0.003783,0.000406,-0.000416,0.007327,40.932484,39.865266,-2.992905,2.000274,-1.572696,-3.000010,1.999993,-1.570803,0.000752,-0.026555,0.006915
1778249435.884202,0.645835,0.271896,0.920065,0.0000,0.0000,0.0000,0.000000,0.000000,0.000000,0.000000,0.000000,0.000000,0.644902,0.272318,0.920167,-0.003783,0.000406,-0.000416,0.007327,40.932484,39.865266,-2.992749,2.000462,-1.571895,-3.000010,1.999993,-1.570803,0.001269,-0.027143,0.005155
1778249435.893660,0.646357,0.271333,0.919928,0.0000,0.0000,0.0000,0.000000,0.000000,0.000000,0.000000,0.000000,0.000000,0.644902,0.272318,0.920167,-0.010182,0.006895,0.001670,0.011431,40.721634,38.868724,-2.992632,2.000643,-1.571146,-3.000010,1.999993,-1.570803,0.002021,-0.027737,0.002564
1778249435.903211,0.646814,0.270828,0.919833,0.0000,0.0000,0.0000,0.000000,0.000000,0.000000,0.000000,0.000000,0.000000,0.644902,0.272318,0.920167,-0.013382,0.010432,0.002340,0.015477,40.757681,38.670823,-2.992479,2.000923,-1.569999,-3.000010,1.999993,-1.570803,0.002722,-0.028182,0.000217
1778249435.913620,0.647346,0.270259,0.919679,0.0000,0.0000,0.0000,0.000000,0.000000,0.000000,0.000000,0.000000,0.000000,0.644902,0.272318,0.920167,-0.017111,0.014416,0.003412,0.020521,40.809272,39.471380,-2.992342,2.001187,-1.568913,-3.000010,1.999993,-1.570803,0.003791,-0.028765,-0.003347
1778249435.923929,0.647563,0.269992,0.919566,0.0000,0.0000,0.0000,0.000000,0.000000,0.000000,0.000000,0.000000,0.000000,0.644902,0.272318,0.920167,-0.018625,0.016286,0.004207,0.024843,40.382706,39.531200,-2.992228,2.001369,-1.568174,-3.000010,1.999993,-1.570803,0.004671,-0.029260,-0.006303
1778249435.934018,0.647405,0.270077,0.919583,0.0000,0.0000,0.0000,0.000000,0.000000,0.000000,0.000000,0.000000,0.000000,0.644902,0.272318,0.920167,-0.017519,0.015691,0.004088,0.027088,40.162620,39.433388,-2.992163,2.001465,-1.567876,-3.000010,1.999993,-1.570803,0.005283,-0.029675,-0.008255
1778249435.943170,0.646960,0.270411,0.919736,0.0000,0.0000,0.0000,0.000000,0.000000,0.000000,0.000000,0.000000,0.000000,0.644902,0.272318,0.920167,-0.014409,0.013353,0.003017,0.026780,39.861037,38.979114,-2.992108,2.001549,-1.567695,-3.000010,1.999993,-1.570803,0.005598,-0.029899,-0.008963
1778249435.953077,0.646375,0.270877,0.919989,0.0000,0.0000,0.0000,0.000000,0.000000,0.000000,0.000000,0.000000,0.000000,0.644902,0.272318,0.920167,-0.010312,0.010090,0.001243,0.024215,39.565649,38.540989,-2.992086,2.001607,-1.567623,-3.000010,1.999993,-1.570803,0.005882,-0.030079,-0.009400
1778249435.963209,0.645799,0.271354,0.920253,0.0000,0.0000,0.0000,0.000000,0.000000,0.000000,0.000000,0.000000,0.000000,0.644902,0.272318,0.920167,-0.006280,0.006749,-0.000601,0.020207,39.518528,38.607531,-2.992106,2.001649,-1.567613,-3.000010,1.999993,-1.570803,0.006125,-0.030114,-0.009567
1778249435.973420,0.645463,0.271627,0.920393,0.0000,0.0000,0.0000,0.000000,0.000000,0.000000,0.000000,0.000000,0.000000,0.644902,0.272318,0.920167,-0.003929,0.004841,-0.001582,0.016253,39.610385,38.810764,-2.992151,2.001670,-1.567593,-3.000010,1.999993,-1.570803,0.006223,-0.030014,-0.009574
1778249435.983681,0.645163,0.271884,0.920459,0.0000,0.0000,0.0000,0.000000,0.000000,0.000000,0.000000,0.000000,0.000000,0.644902,0.272318,0.920167,-0.001830,0.003036,-0.002042,0.012447,40.453915,39.727393,-2.992159,2.001656,-1.567499,-3.000010,1.999993,-1.570803,0.006278,-0.029847,-0.009664
1778249435.993516,0.645073,0.272008,0.920363,0.0000,0.0000,0.0000,0.000000,0.000000,0.000000,0.000000,0.000000,0.000000,0.644902,0.272318,0.920167,-0.001198,0.002173,-0.001376,0.009421,40.964203,40.200154,-2.992087,2.001625,-1.567235,-3.000010,1.999993,-1.570803,0.006190,-0.029905,-0.010076
1778249436.003891,0.645069,0.272082,0.920241,0.0000,0.0000,0.0000,0.000000,0.000000,0.000000,0.000000,0.000000,0.000000,0.644902,0.272318,0.920167,-0.001198,0.002173,-0.001376,0.009421,40.964203,40.200154,-2.992000,2.001599,-1.566911,-3.000010,1.999993,-1.570803,0.006063,-0.030208,-0.010938
1778249436.013437,0.645048,0.272133,0.920174,0.0000,0.0000,0.0000,0.000000,0.000000,0.000000,0.000000,0.000000,0.000000,0.644902,0.272318,0.920167,-0.001022,0.001296,-0.000052,0.005463,40.322768,39.578185,-2.991936,2.001584,-1.566658,-3.000010,1.999993,-1.570803,0.005960,-0.030542,-0.011926
1778249436.023601,0.644982,0.272164,0.920171,0.0000,0.0000,0.0000,0.000000,0.000000,0.000000,0.000000,0.000000,0.000000,0.644902,0.272318,0.920167,-0.000558,0.001080,-0.000026,0.004085,39.995457,39.275332,-2.991853,2.001566,-1.566311,-3.000010,1.999993,-1.570803,0.005877,-0.030865,-0.012951
1778249436.033646,0.644897,0.272172,0.920198,0.0000,0.0000,0.0000,0.000000,0.000000,0.000000,0.000000,0.000000,0.000000,0.644902,0.272318,0.920167,-0.000558,0.001080,-0.000026,0.004085,39.995457,39.275332,-2.991773,2.001546,-1.565950,-3.000010,1.999993,-1.570803,0.005794,-0.031176,-0.014007
1778249436.043417,0.644832,0.272130,0.920229,0.0000,0.0000,0.0000,0.000000,0.000000,0.000000,0.000000,0.000000,0.000000,0.644902,0.272318,0.920167,0.000486,0.001319,-0.000433,0.002214,39.838942,39.101503,-2.991691,2.001521,-1.565541,-3.000010,1.999993,-1.570803,0.005724,-0.031406,-0.014846
1778249436.053466,0.644795,0.271976,0.920250,0.0000,0.0000,0.0000,0.000000,0.000000,0.000000,0.000000,0.000000,0.000000,0.644902,0.272318,0.920167,0.000751,0.002395,-0.000583,0.002176,39.899576,39.120121,-2.991598,2.001460,-1.564952,-3.000010,1.999993,-1.570803,0.005532,-0.031815,-0.016600
1778249436.063680,0.644767,0.271744,0.920268,0.0000,0.0000,0.0000,0.000000,0.000000,0.000000,0.000000,0.000000,0.000000,0.644902,0.272318,0.920167,0.000751,0.002395,-0.000583,0.002176,39.899576,39.120121,-2.991497,2.001371,-1.564207,-3.000010,1.999993,-1.570803,0.005217,-0.032186,-0.018616
1778249436.073578,0.644751,0.271452,0.920286,0.0000,0.0000,0.0000,0.000000,0.000000,0.000000,0.000000,0.000000,0.000000,0.644902,0.272318,0.920167,0.001055,0.006063,-0.000837,0.004148,39.894943,39.035512,-2.991390,2.001262,-1.563331,-3.000010,1.999993,-1.570803,0.004809,-0.032581,-0.021055
1778249436.083832,0.644751,0.271119,0.920304,0.0000,0.0000,0.0000,0.000000,0.000000,0.000000,0.000000,0.000000,0.000000,0.644902,0.272318,0.920167,0.001060,0.008397,-0.000959,0.005819,39.886688,38.989851,-2.991275,2.001138,-1.562341,-3.000010,1.999993,-1.570803,0.004330,-0.033004,-0.023861
1778249436.093402,0.644766,0.270765,0.920317,0.0000,0.0000,0.0000,0.000000,0.000000,0.000000,0.000000,0.000000,0.000000,0.644902,0.272318,0.920167,0.000953,0.010872,-0.001055,0.007793,39.884922,38.964242,-2.991152,2.001003,-1.561252,-3.000010,1.999993,-1.570803,0.003934,-0.033341,-0.026176
1778249436.103206,0.644786,0.270440,0.920328,0.0000,0.0000,0.0000,0.000000,0.000000,0.000000,0.000000,0.000000,0.000000,0.644902,0.272318,0.920167,0.000815,0.013149,-0.001126,0.009901,39.792805,38.966335,-2.991019,2.000860,-1.560080,-3.000010,1.999993,-1.570803,0.003223,-0.033942,-0.030383
1778249436.113467,0.644782,0.270317,0.920334,0.0000,0.0000,0.0000,0.000000,0.000000,0.000000,0.000000,0.000000,0.000000,0.644902,0.272318,0.920167,0.000837,0.014009,-0.001174,0.011604,39.706117,38.963363,-2.990906,2.000747,-1.559101,-3.000010,1.999993,-1.570803,0.002800,-0.034309,-0.032953
1778249436.123240,0.644742,0.270459,0.920348,0.0000,0.0000,0.0000,0.000000,0.000000,0.000000,0.000000,0.000000,0.000000,0.644902,0.272318,0.920167,0.001119,0.013011,-0.001267,0.012392,39.704188,38.943003,-2.990812,2.000674,-1.558381,-3.000010,1.999993,-1.570803,0.002360,-0.034724,-0.035755
1778249436.133401,0.644691,0.270721,0.920366,0.0000,0.0000,0.0000,0.000000,0.000000,0.000000,0.000000,0.000000,0.000000,0.644902,0.272318,0.920167,0.001475,0.011181,-0.001397,0.012288,39.762195,38.927207,-2.990730,2.000653,-1.557947,-3.000010,1.999993,-1.570803,0.002111,-0.035059,-0.037655
1778249436.144242,0.644632,0.271126,0.920391,0.0000,0.0000,0.0000,0.000000,0.000000,0.000000,0.000000,0.000000,0.000000,0.644902,0.272318,0.920167,0.001890,0.008346,-0.001572,0.011263,39.746937,38.910917,-2.990668,2.000658,-1.557707,-3.000010,1.999993,-1.570803,0.002051,-0.035371,-0.038817
1778249436.153901,0.644584,0.271495,0.920428,0.0000,0.0000,0.0000,0.000000,0.000000,0.000000,0.000000,0.000000,0.000000,0.644902,0.272318,0.920167,0.002227,0.005758,-0.001828,0.009756,39.564313,38.748432,-2.990598,2.000679,-1.557337,-3.000010,1.999993,-1.570803,0.002082,-0.035665,-0.039738
1778249436.163852,0.644511,0.271849,0.920481,0.0000,0.0000,0.0000,0.000000,0.000000,0.000000,0.000000,0.000000,0.000000,0.644902,0.272318,0.920167,0.002740,0.003285,-0.002196,0.008087,39.613877,38.797731,-2.990591,2.000693,-1.557134,-3.000010,1.999993,-1.570803,0.002143,-0.035815,-0.040605
1778249436.173400,0.644339,0.272187,0.920563,0.0000,0.0000,0.0000,0.000000,0.000000,0.000000,0.000000,0.000000,0.000000,0.644902,0.272318,0.920167,0.003943,0.000918,-0.002772,0.006757,39.537055,38.782614,-2.990564,2.000713,-1.557000,-3.000010,1.999993,-1.570803,0.002198,-0.035854,-0.041242
1778249436.183601,0.644164,0.272406,0.920676,0.0000,0.0000,0.0000,0.000000,0.000000,0.000000,0.000000,0.000000,0.000000,0.644902,0.272318,0.920167,0.005164,-0.000618,-0.003564,0.006451,39.242300,38.555707,-2.990500,2.000744,-1.556882,-3.000010,1.999993,-1.570803,0.002296,-0.036042,-0.041588
1778249436.193228,0.644024,0.272571,0.920772,0.0000,0.0000,0.0000,0.000000,0.000000,0.000000,0.000000,0.000000,0.000000,0.644902,0.272318,0.920167,0.006146,-0.001773,-0.004233,0.007106,39.839211,39.113913,-2.990416,2.000775,-1.556752,-3.000010,1.999993,-1.570803,0.002420,-0.036332,-0.041987
1778249436.203747,0.643993,0.272809,0.920711,0.0000,0.0000,0.0000,0.000000,0.000000,0.000000,0.000000,0.000000,0.000000,0.644902,0.272318,0.920167,0.006364,-0.003438,-0.003811,0.007892,40.573140,39.788817,-2.990272,2.000772,-1.556667,-3.000010,1.999993,-1.570803,0.002453,-0.036693,-0.042245
1778249436.213781,0.644060,0.273088,0.920582,0.0000,0.0000,0.0000,0.000000,0.000000,0.000000,0.000000,0.000000,0.000000,0.644902,0.272318,0.920167,0.005892,-0.005389,-0.002905,0.008468,40.684837,39.859168,-2.990181,2.000775,-1.556611,-3.000010,1.999993,-1.570803,0.002433,-0.037160,-0.042462
1778249436.223375,0.644167,0.273388,0.920454,0.0000,0.0000,0.0000,0.000000,0.000000,0.000000,0.000000,0.000000,0.000000,0.644902,0.272318,0.920167,0.005142,-0.007491,-0.002011,0.008972,40.520761,39.677169,-2.990082,2.000789,-1.556540,-3.000010,1.999993,-1.570803,0.002459,-0.037591,-0.042682
1778249436.233442,0.644246,0.273613,0.920375,0.0000,0.0000,0.0000,0.000000,0.000000,0.000000,0.000000,0.000000,0.000000,0.644902,0.272318,0.920167,0.004589,-0.009066,-0.001458,0.009621,40.400338,39.554562,-2.990017,2.000810,-1.556474,-3.000010,1.999993,-1.570803,0.002504,-0.037837,-0.042837
1778249436.244144,0.644333,0.273892,0.920293,0.0000,0.0000,0.0000,0.000000,0.000000,0.000000,0.000000,0.000000,0.000000,0.644902,0.272318,0.920167,0.003980,-0.011015,-0.000880,0.010517,40.283200,39.460012,-2.989973,2.000829,-1.556406,-3.000010,1.999993,-1.570803,0.002577,-0.038059,-0.043034
1778249436.253526,0.644362,0.274053,0.920246,0.0000,0.0000,0.0000,0.000000,0.000000,0.000000,0.000000,0.000000,0.000000,0.644902,0.272318,0.920167,0.003778,-0.012144,-0.000551,0.011550,40.080948,39.334168,-2.989927,2.000834,-1.556334,-3.000010,1.999993,-1.570803,0.002633,-0.038233,-0.043259
1778249436.263419,0.644318,0.274102,0.920268,0.0000,0.0000,0.0000,0.000000,0.000000,0.000000,0.000000,0.000000,0.000000,0.644902,0.272318,0.920167,0.004088,-0.012486,-0.000710,0.012513,39.697222,38.996440,-2.989850,2.000844,-1.556263,-3.000010,1.999993,-1.570803,0.002654,-0.038498,-0.043522
1778249436.273329,0.644247,0.274083,0.920331,0.0000,0.0000,0.0000,0.000000,0.000000,0.000000,0.000000,0.000000,0.000000,0.644902,0.272318,0.920167,0.004584,-0.012354,-0.001146,0.013251,39.550515,38.858926,-2.989764,2.000857,-1.556216,-3.000010,1.999993,-1.570803,0.002682,-0.038729,-0.043658
1778249436.283325,0.644205,0.274060,0.920372,0.0000,0.0000,0.0000,0.000000,0.000000,0.000000,0.000000,0.000000,0.000000,0.644902,0.272318,0.920167,0.004877,-0.012196,-0.001437,0.013760,39.612866,38.911342,-2.989668,2.000871,-1.556185,-3.000010,1.999993,-1.570803,0.002725,-0.039067,-0.043788
1778249436.293982,0.644182,0.274049,0.920398,0.0000,0.0000,0.0000,0.000000,0.000000,0.000000,0.000000,0.000000,0.000000,0.644902,0.272318,0.920167,0.005043,-0.012114,-0.001618,0.014110,39.787620,39.064323,-2.989568,2.000888,-1.556170,-3.000010,1.999993,-1.570803,0.002775,-0.039438,-0.043868
1778249436.303385,0.644193,0.274064,0.920392,0.0000,0.0000,0.0000,0.000000,0.000000,0.000000,0.000000,0.000000,0.000000,0.644902,0.272318,0.920167,0.005043,-0.012114,-0.001618,0.014110,39.787620,39.064323,-2.989471,2.000909,-1.556165,-3.000010,1.999993,-1.570803,0.002838,-0.039820,-0.043904
1778249436.313834,0.644229,0.274098,0.920369,0.0000,0.0000,0.0000,0.000000,0.000000,0.000000,0.000000,0.000000,0.000000,0.644902,0.272318,0.920167,0.004712,-0.012459,-0.001413,0.014527,39.939416,39.185515,-2.989388,2.000934,-1.556165,-3.000010,1.999993,-1.570803,0.002916,-0.040178,-0.043915
1778249436.323499,0.644279,0.274144,0.920339,0.0000,0.0000,0.0000,0.000000,0.000000,0.000000,0.000000,0.000000,0.000000,0.644902,0.272318,0.920167,0.004363,-0.012783,-0.001204,0.014661,39.940157,39.177121,-2.989339,2.000953,-1.556165,-3.000010,1.999993,-1.570803,0.003005,-0.040477,-0.043913
1778249436.333217,0.644342,0.274202,0.920302,0.0000,0.0000,0.0000,0.000000,0.000000,0.000000,0.000000,0.000000,0.000000,0.644902,0.272318,0.920167,0.003919,-0.013187,-0.000948,0.014782,39.959390,39.189044,-2.989292,2.000979,-1.556165,-3.000010,1.999993,-1.570803,0.003076,-0.040652,-0.043912
1778249436.343434,0.644393,0.274237,0.920273,0.0000,0.0000,0.0000,0.000000,0.000000,0.000000,0.000000,0.000000,0.000000,0.644902,0.272318,0.920167,0.003565,-0.013429,-0.000740,0.014875,39.979672,39.210656,-2.989270,2.000995,-1.556151,-3.000010,1.999993,-1.570803,0.003172,-0.040811,-0.043920
1778249436.353397,0.644430,0.274240,0.920242,0.0000,0.0000,0.0000,0.000000,0.000000,0.000000,0.000000,0.000000,0.000000,0.644902,0.272318,0.920167,0.003300,-0.013456,-0.000524,0.014907,39.970286,39.233667,-2.989241,2.001010,-1.556111,-3.000010,1.999993,-1.570803,0.003243,-0.040904,-0.044004
1778249436.363814,0.644399,0.274184,0.920254,0.0000,0.0000,0.0000,0.000000,0.000000,0.000000,0.000000,0.000000,0.000000,0.644902,0.272318,0.920167,0.003519,-0.013060,-0.000614,0.014845,39.734617,39.030471,-2.989185,2.001022,-1.556093,-3.000010,1.999993,-1.570803,0.003283,-0.041070,-0.044114
1778249436.373241,0.644338,0.274081,0.920301,0.0000,0.0000,0.0000,0.000000,0.000000,0.000000,0.000000,0.000000,0.000000,0.644902,0.272318,0.920167,0.003948,-0.012339,-0.000940,0.014644,39.605951,38.909789,-2.989117,2.001036,-1.556101,-3.000010,1.999993,-1.570803,0.003318,-0.041247,-0.044129
1778249436.383596,0.644287,0.273967,0.920343,0.0000,0.0000,0.0000,0.000000,0.000000,0.000000,0.000000,0.000000,0.000000,0.644902,0.272318,0.920167,0.004303,-0.011542,-0.001232,0.014321,39.681152,38.975163,-2.989036,2.001048,-1.556124,-3.000010,1.999993,-1.570803,0.003374,-0.041593,-0.044076
1778249436.393427,0.644263,0.273869,0.920359,0.0000,0.0000,0.0000,0.000000,0.000000,0.000000,0.000000,0.000000,0.000000,0.644902,0.272318,0.920167,0.004475,-0.010854,-0.001344,0.013932,39.818869,39.098985,-2.988944,2.001061,-1.556159,-3.000010,1.999993,-1.570803,0.003418,-0.041923,-0.043988
1778249436.403461,0.644261,0.273792,0.920352,0.0000,0.0000,0.0000,0.000000,0.000000,0.000000,0.000000,0.000000,0.000000,0.644902,0.272318,0.920167,0.004485,-0.010318,-0.001295,0.013519,39.906719,39.176682,-2.988844,2.001078,-1.556211,-3.000010,1.999993,-1.570803,0.003471,-0.042293,-0.043859
1778249436.413373,0.644273,0.273730,0.920335,0.0000,0.0000,0.0000,0.000000,0.000000,0.000000,0.000000,0.000000,0.000000,0.644902,0.272318,0.920167,0.004405,-0.009885,-0.001176,0.013102,39.923232,39.188936,-2.988741,2.001101,-1.556284,-3.000010,1.999993,-1.570803,0.003542,-0.042676,-0.043674
1778249436.423565,0.644289,0.273675,0.920317,0.0000,0.0000,0.0000,0.000000,0.000000,0.000000,0.000000,0.000000,0.000000,0.644902,0.272318,0.920167,0.004292,-0.009496,-0.001055,0.012685,39.888604,39.155885,-2.988635,2.001130,-1.556373,-3.000010,1.999993,-1.570803,0.003638,-0.043078,-0.043430
1778249436.433194,0.644310,0.273618,0.920300,0.0000,0.0000,0.0000,0.000000,0.000000,0.000000,0.000000,0.000000,0.000000,0.644902,0.272318,0.920167,0.004143,-0.009098,-0.000931,0.012254,39.887857,39.152978,-2.988523,2.001165,-1.556488,-3.000010,1.999993,-1.570803,0.003765,-0.043498,-0.043109
1778249436.443198,0.644322,0.273591,0.920289,0.0000,0.0000,0.0000,0.000000,0.000000,0.000000,0.000000,0.000000,0.000000,0.644902,0.272318,0.920167,0.004057,-0.008912,-0.000857,0.011894,39.885973,39.151559,-2.988405,2.001211,-1.556645,-3.000010,1.999993,-1.570803,0.003868,-0.043817,-0.042839
1778249436.454115,0.644348,0.273550,0.920269,0.0000,0.0000,0.0000,0.000000,0.000000,0.000000,0.000000,0.000000,0.000000,0.644902,0.272318,0.920167,0.003874,-0.008623,-0.000719,0.011523,39.898355,39.161531,-2.988283,2.001260,-1.556816,-3.000010,1.999993,-1.570803,0.004046,-0.044274,-0.042353
1778249436.463706,0.644378,0.273521,0.920247,0.0000,0.0000,0.0000,0.000000,0.000000,0.000000,0.000000,0.000000,0.000000,0.644902,0.272318,0.920167,0.003665,-0.008422,-0.000563,0.011166,39.930768,39.189140,-2.988189,2.001301,-1.556965,-3.000010,1.999993,-1.570803,0.004247,-0.044746,-0.041793
1778249436.473541,0.644418,0.273490,0.920220,0.0000,0.0000,0.0000,0.000000,0.000000,0.000000,0.000000,0.000000,0.000000,0.644902,0.272318,0.920167,0.003386,-0.008205,-0.000373,0.010795,39.960074,39.213404,-2.988061,2.001359,-1.557170,-3.000010,1.999993,-1.570803,0.004403,-0.045105,-0.041357
1778249436.483298,0.644470,0.273455,0.920187,0.0000,0.0000,0.0000,0.000000,0.000000,0.000000,0.000000,0.000000,0.000000,0.644902,0.272318,0.920167,0.003025,-0.007959,-0.000141,0.010387,39.979592,39.227632,-2.987935,2.001415,-1.557364,-3.000010,1.999993,-1.570803,0.004625,-0.045592,-0.040747
1778249436.493300,0.644532,0.273429,0.920149,0.0000,0.0000,0.0000,0.000000,0.000000,0.000000,0.000000,0.000000,0.000000,0.644902,0.272318,0.920167,0.002593,-0.007775,0.000127,0.009963,40.008697,39.250612,-2.987815,2.001470,-1.557542,-3.000010,1.999993,-1.570803,0.004894,-0.046184,-0.040044
1778249436.503141,0.644604,0.273421,0.920102,0.0000,0.0000,0.0000,0.000000,0.000000,0.000000,0.000000,0.000000,0.000000,0.644902,0.272318,0.920167,0.002083,-0.007723,0.000452,0.009565,40.062587,39.296196,-2.987705,2.001523,-1.557705,-3.000010,1.999993,-1.570803,0.005051,-0.046519,-0.039653
1778249436.513158,0.644658,0.273399,0.920069,0.0000,0.0000,0.0000,0.000000,0.000000,0.000000,0.000000,0.000000,0.000000,0.644902,0.272318,0.920167,0.001708,-0.007568,0.000687,0.009195,40.018227,39.256627,-2.987613,2.001565,-1.557816,-3.000010,1.999993,-1.570803,0.005251,-0.046927,-0.039179
1778249436.524029,0.644716,0.273360,0.920030,0.0000,0.0000,0.0000,0.000000,0.000000,0.000000,0.000000,0.000000,0.000000,0.644902,0.272318,0.920167,0.001301,-0.007293,0.000955,0.008810,40.014805,39.257875,-2.987537,2.001593,-1.557874,-3.000010,1.999993,-1.570803,0.005394,-0.047258,-0.038898
1778249436.533994,0.644755,0.273304,0.919999,0.0000,0.0000,0.0000,0.000000,0.000000,0.000000,0.000000,0.000000,0.000000,0.644902,0.272318,0.920167,0.001028,-0.006898,0.001175,0.008411,40.030359,39.284010,-2.987464,2.001610,-1.557902,-3.000010,1.999993,-1.570803,0.005484,-0.047535,-0.038764
1778249436.543198,0.644740,0.273191,0.920007,0.0000,0.0000,0.0000,0.000000,0.000000,0.000000,0.000000,0.000000,0.000000,0.644902,0.272318,0.920167,0.001133,-0.006109,0.001116,0.007913,39.720925,39.002005,-2.987413,2.001617,-1.557908,-3.000010,1.999993,-1.570803,0.005538,-0.047820,-0.038695
1778249436.554151,0.644702,0.273094,0.920041,0.0000,0.0000,0.0000,0.000000,0.000000,0.000000,0.000000,0.000000,0.000000,0.644902,0.272318,0.920167,0.001398,-0.005431,0.000884,0.007388,39.605792,38.895594,-2.987369,2.001624,-1.557916,-3.000010,1.999993,-1.570803,0.005562,-0.047991,-0.038677
1778249436.563684,0.644653,0.272982,0.920079,0.0000,0.0000,0.0000,0.000000,0.000000,0.000000,0.000000,0.000000,0.000000,0.644902,0.272318,0.920167,0.001742,-0.004647,0.000614,0.006831,39.744254,39.027398,-2.987337,2.001626,-1.557927,-3.000010,1.999993,-1.570803,0.005580,-0.048144,-0.038651
1778249436.573424,0.644623,0.272887,0.920094,0.0000,0.0000,0.0000,0.000000,0.000000,0.000000,0.000000,0.000000,0.000000,0.644902,0.272318,0.920167,0.001952,-0.003984,0.000513,0.006307,39.869151,39.141951,-2.987271,2.001627,-1.557950,-3.000010,1.999993,-1.570803,0.005584,-0.048288,-0.038613
1778249436.583051,0.644609,0.272793,0.920097,0.0000,0.0000,0.0000,0.000000,0.000000,0.000000,0.000000,0.000000,0.000000,0.644902,0.272318,0.920167,0.002053,-0.003326,0.000492,0.005814,39.891130,39.158021,-2.987191,2.001630,-1.557984,-3.000010,1.999993,-1.570803,0.005587,-0.048555,-0.038534
1778249436.593735,0.644605,0.272743,0.920097,0.0000,0.0000,0.0000,0.000000,0.000000,0.000000,0.000000,0.000000,0.000000,0.644902,0.272318,0.920167,0.002053,-0.003326,0.000492,0.005814,39.891130,39.158021,-2.987123,2.001635,-1.558014,-3.000010,1.999993,-1.570803,0.005599,-0.048869,-0.038428
1778249436.604039,0.644600,0.272606,0.920101,0.0000,0.0000,0.0000,0.000000,0.000000,0.000000,0.000000,0.000000,0.000000,0.644902,0.272318,0.920167,0.002111,-0.002015,0.000459,0.004949,39.867428,39.127600,-2.987020,2.001645,-1.558057,-3.000010,1.999993,-1.570803,0.005627,-0.049233,-0.038302
1778249436.613131,0.644601,0.272489,0.920105,0.0000,0.0000,0.0000,0.000000,0.000000,0.000000,0.000000,0.000000,0.000000,0.644902,0.272318,0.920167,0.002105,-0.001193,0.000432,0.004482,39.864931,39.122037,-2.986903,2.001658,-1.558105,-3.000010,1.999993,-1.570803,0.005657,-0.049543,-0.038200
1778249436.624063,0.644604,0.272401,0.920107,0.0000,0.0000,0.0000,0.000000,0.000000,0.000000,0.000000,0.000000,0.000000,0.644902,0.272318,0.920167,0.002105,-0.001193,0.000432,0.004482,39.864931,39.122037,-2.986772,2.001674,-1.558158,-3.000010,1.999993,-1.570803,0.005707,-0.050002,-0.038053
1778249436.634073,0.644610,0.272289,0.920108,0.0000,0.0000,0.0000,0.000000,0.000000,0.000000,0.000000,0.000000,0.000000,0.644902,0.272318,0.920167,0.002044,0.000207,0.000410,0.003792,39.879309,39.133940,-2.986629,2.001693,-1.558215,-3.000010,1.999993,-1.570803,0.005768,-0.050512,-0.037893
1778249436.643679,0.644618,0.272183,0.920107,0.0000,0.0000,0.0000,0.000000,0.000000,0.000000,0.000000,0.000000,0.000000,0.644902,0.272318,0.920167,0.001988,0.000943,0.000416,0.003591,39.886259,39.140034,-2.986515,2.001708,-1.558260,-3.000010,1.999993,-1.570803,0.005836,-0.051066,-0.037719
1778249436.653736,0.644630,0.272082,0.920104,10.0000,0.0000,0.0000,0.000180,0.000000,0.000000,0.018000,0.000000,0.000000,0.645082,0.272318,0.920167,0.021163,0.001650,0.000442,0.014172,39.901540,39.162643,-2.986357,2.001730,-1.558323,-3.000010,1.999993,-1.570803,0.005892,-0.051505,-0.037581
1778249436.663169,0.644650,0.271979,0.920096,10.0000,0.0000,0.0000,0.000486,0.000000,0.000000,0.030600,0.000000,0.000000,0.645388,0.272318,0.920167,0.035766,0.002373,0.000498,0.029334,39.920924,39.192316,-2.986189,2.001753,-1.558382,-3.000010,1.999993,-1.570803,0.005972,-0.052116,-0.037395
1778249436.673352,0.644683,0.271874,0.920083,10.0000,0.0000,0.0000,0.000880,0.000000,0.000000,0.039420,0.000000,0.000000,0.645782,0.272318,0.920167,0.047112,0.003106,0.000587,0.045671,39.923000,39.204476,-2.986018,2.001777,-1.558440,-3.000010,1.999911,-1.570803,0.014605,-0.052865,-0.037217
1778249436.683607,0.644730,0.271780,0.920067,10.0000,0.0000,0.0000,0.001336,0.000000,0.000000,0.045594,0.000000,0.000000,0.646238,0.272318,0.920167,0.056152,0.003769,0.000696,0.061505,39.910339,39.208288,-2.985842,2.001801,-1.558495,-3.000010,1.999768,-1.570803,0.021339,-0.053766,-0.037004
1778249436.693229,0.644786,0.271768,0.920050,10.0000,0.0000,0.0000,0.001835,0.000000,0.000000,0.049916,0.000000,0.000000,0.646737,0.272318,0.920167,0.063578,0.003848,0.000819,0.076099,39.925990,39.229627,-2.985661,2.001843,-1.558609,-3.000010,1.999560,-1.570803,0.028695,-0.054363,-0.036857
1778249436.703645,0.644842,0.271813,0.920031,10.0000,0.0000,0.0000,0.001835,0.000000,0.000000,0.049916,0.000000,0.000000,0.646737,0.272318,0.920167,0.063578,0.003848,0.000819,0.076099,39.925990,39.229627,-2.985471,2.001904,-1.558778,-3.000010,1.999286,-1.570840,0.036405,-0.055149,-0.040293
1778249436.714047,0.644965,0.271908,0.919982,10.0000,0.0000,0.0000,0.002365,0.000000,0.000000,0.052941,0.000000,0.000000,0.647267,0.272318,0.920167,0.069913,0.003537,0.000948,0.089262,39.965010,39.263366,-2.985279,2.001984,-1.559001,-3.000010,1.998951,-1.570885,0.044173,-0.055967,-0.040732
1778249436.723454,0.645180,0.271960,0.919895,10.0000,0.0000,0.0000,0.003481,0.000000,0.000000,0.056541,0.000000,0.000000,0.648383,0.272318,0.920167,0.074941,0.002377,0.001805,0.108482,40.175593,39.445907,-2.985129,2.002052,-1.559175,-3.000010,1.998557,-1.570939,0.051822,-0.056775,-0.040994
1778249436.733531,0.645455,0.271966,0.919793,10.0000,0.0000,0.0000,0.004056,0.000000,0.000000,0.057579,0.000000,0.000000,0.648958,0.272318,0.920167,0.074928,0.002247,0.002390,0.113663,40.222660,39.482000,-2.984912,2.002149,-1.559397,-3.000010,1.998110,-1.571000,0.059220,-0.057633,-0.041214
1778249436.743256,0.645731,0.271916,0.919698,10.0000,0.0000,0.0000,0.004640,0.000000,0.000000,0.058305,0.000000,0.000000,0.649542,0.272318,0.920167,0.074903,0.002484,0.002895,0.117169,40.157382,39.433710,-2.984673,2.002255,-1.559582,-3.000010,1.997615,-1.571067,0.066288,-0.058564,-0.041470
1778249436.753110,0.645973,0.271798,0.919636,10.0000,0.0000,0.0000,0.005228,0.000000,0.000000,0.058814,0.000000,0.000000,0.650130,0.272318,0.920167,0.074869,0.003102,0.003167,0.119530,40.092228,39.364098,-2.984368,2.002389,-1.559811,-3.000010,1.997077,-1.571140,0.072949,-0.059355,-0.041833
1778249436.763123,0.646225,0.271605,0.919587,10.0000,0.0000,0.0000,0.005819,0.000000,0.000000,0.059170,0.000000,0.000000,0.650721,0.272318,0.920167,0.074812,0.004119,0.003347,0.121113,40.095250,39.331497,-2.983986,2.002542,-1.560068,-3.000010,1.996501,-1.571218,0.079445,-0.060645,-0.041869
1778249436.773839,0.646438,0.271421,0.919548,10.0000,0.0000,0.0000,0.006414,0.000000,0.000000,0.059419,0.000000,0.000000,0.651316,0.272318,0.920167,0.074752,0.005019,0.003461,0.122167,40.145384,39.337713,-2.983530,2.002716,-1.560345,-3.000010,1.995892,-1.571301,0.085663,-0.062216,-0.041768
1778249436.784116,0.646760,0.271148,0.919481,10.0000,0.0000,0.0000,0.007009,0.000000,0.000000,0.059593,0.000000,0.000000,0.651911,0.272318,0.920167,0.074633,0.006391,0.003746,0.122888,40.240330,39.392900,-2.983010,2.002914,-1.560628,-3.000010,1.995254,-1.571388,0.091635,-0.064051,-0.041580
1778249436.793711,0.647117,0.270873,0.919397,10.0000,0.0000,0.0000,0.007607,0.000000,0.000000,0.059715,0.000000,0.000000,0.652509,0.272318,0.920167,0.074486,0.007733,0.004119,0.123395,40.318001,39.441197,-2.982575,2.003080,-1.560861,-3.000010,1.994592,-1.571478,0.097404,-0.066121,-0.041327
1778249436.803386,0.647496,0.270601,0.919304,10.0000,0.0000,0.0000,0.008205,0.000000,0.000000,0.059801,0.000000,0.000000,0.653107,0.272318,0.920167,0.074318,0.009014,0.004529,0.123761,40.347007,39.460290,-2.981946,2.003326,-1.561183,-3.000010,1.993908,-1.571571,0.102782,-0.067843,-0.041200
1778249436.815129,0.647889,0.270324,0.919213,10.0000,0.0000,0.0000,0.008803,0.000000,0.000000,0.059860,0.000000,0.000000,0.653705,0.272318,0.920167,0.074128,0.010286,0.004919,0.124024,40.308526,39.404312,-2.981081,2.003676,-1.561604,-3.000010,1.993206,-1.571666,0.108233,-0.070311,-0.040739
1778249436.823672,0.648289,0.270042,0.919131,10.0000,0.0000,0.0000,0.009402,0.000000,0.000000,0.059902,0.000000,0.000000,0.654304,0.272318,0.920167,0.073920,0.011543,0.005256,0.124203,40.260022,39.348826,-2.980523,2.003910,-1.561862,-3.000010,1.992489,-1.571764,0.113880,-0.073664,-0.039965
1778249436.833292,0.648700,0.269753,0.919056,10.0000,0.0000,0.0000,0.010002,0.000000,0.000000,0.059932,0.000000,0.000000,0.654904,0.272318,0.920167,0.073691,0.012803,0.005544,0.124312,40.165479,39.219696,-2.979740,2.004251,-1.562207,-3.000010,1.991758,-1.571863,0.119209,-0.076564,-0.039416
1778249436.843285,0.649125,0.269509,0.918974,10.0000,0.0000,0.0000,0.010601,0.000000,0.000000,0.059952,0.000000,0.000000,0.655503,0.272318,0.920167,0.073483,0.013814,0.005868,0.124388,40.212440,39.371907,-2.978940,2.004622,-1.562559,-3.000010,1.991016,-1.571964,0.124156,-0.078840,-0.039098
1778249436.853174,0.649492,0.269496,0.918903,10.0000,0.0000,0.0000,0.011201,0.000000,0.000000,0.059966,0.000000,0.000000,0.656103,0.272318,0.920167,0.073491,0.013663,0.006120,0.124498,40.045993,39.315664,-2.978152,2.005027,-1.563098,-3.000010,1.990265,-1.572065,0.129389,-0.081861,-0.038346
1778249436.863314,0.649735,0.269880,0.918852,10.0000,0.0000,0.0000,0.011801,0.000000,0.000000,0.059977,0.000000,0.000000,0.656703,0.272318,0.920167,0.073835,0.011589,0.006247,0.124700,40.310846,39.447504,-2.977398,2.005482,-1.564107,-3.000010,1.989506,-1.572168,0.135135,-0.085488,-0.036132
1778249436.873687,0.649880,0.270196,0.918825,10.0000,0.0000,0.0000,0.012400,0.000000,0.000000,0.059984,0.000000,0.000000,0.657302,0.272318,0.920167,0.074092,0.009834,0.006217,0.124897,40.300732,39.528135,-2.976639,2.005989,-1.565139,-3.000010,1.988740,-1.572272,0.140129,-0.087535,-0.034049
1778249436.883999,0.650172,0.270270,0.918779,10.0000,0.0000,0.0000,0.013000,0.000000,0.000000,0.059989,0.000000,0.000000,0.657902,0.272318,0.920167,0.074151,0.009318,0.006311,0.125064,40.024621,39.256282,-2.975819,2.006501,-1.565709,-3.000010,1.987968,-1.572377,0.145637,-0.090365,-0.031604
1778249436.893718,0.650542,0.270088,0.918776,10.0000,0.0000,0.0000,0.013600,0.000000,0.000000,0.059992,0.000000,0.000000,0.658502,0.272318,0.920167,0.074070,0.009992,0.006232,0.125148,39.677330,38.783096,-2.974989,2.007014,-1.565975,-3.000010,1.987192,-1.572482,0.151042,-0.093487,-0.030578
1778249436.903788,0.650972,0.269892,0.918761,10.0000,0.0000,0.0000,0.014200,0.000000,0.000000,0.059994,0.000000,0.000000,0.659102,0.272318,0.920167,0.073965,0.010743,0.006228,0.125180,39.624125,38.786541,-2.974431,2.007377,-1.566142,-3.000010,1.986411,-1.572587,0.153138,-0.094598,-0.030253
1778249436.913165,0.651393,0.269894,0.918719,10.0000,0.0000,0.0000,0.014800,0.000000,0.000000,0.059996,0.000000,0.000000,0.659702,0.272318,0.920167,0.073972,0.010622,0.006345,0.125229,39.793812,39.016658,-2.973789,2.007840,-1.566489,-3.000010,1.985628,-1.572693,0.153372,-0.094218,-0.029800
1778249436.923235,0.651795,0.270060,0.918629,10.0000,0.0000,0.0000,0.015400,0.000000,0.000000,0.059997,0.000000,0.000000,0.660302,0.272318,0.920167,0.074058,0.009790,0.006671,0.125347,40.172662,39.362052,-2.973232,2.008262,-1.566959,-3.000010,1.984841,-1.572800,0.153708,-0.093668,-0.028927
1778249436.933457,0.652078,0.270288,0.918505,10.0000,0.0000,0.0000,0.016000,0.000000,0.000000,0.059998,0.000000,0.000000,0.660902,0.272318,0.920167,0.074161,0.008656,0.007086,0.125527,41.083063,40.180439,-2.972775,2.008633,-1.567545,-3.000010,1.984052,-1.572906,0.154219,-0.092826,-0.028064
1778249436.943681,0.652412,0.270694,0.918289,10.0000,0.0000,0.0000,0.016600,0.000000,0.000000,0.059999,0.000000,0.000000,0.661502,0.272318,0.920167,0.074270,0.006831,0.007898,0.125812,41.366308,40.413687,-2.972332,2.009010,-1.568033,-3.000010,1.983262,-1.573013,0.154673,-0.092067,-0.026689
1778249436.954032,0.652621,0.271062,0.918164,10.0000,0.0000,0.0000,0.017200,0.000000,0.000000,0.059999,0.000000,0.000000,0.662102,0.272318,0.920167,0.074365,0.005175,0.008251,0.126081,41.096044,40.098391,-2.971941,2.009375,-1.568516,-3.000010,1.982470,-1.573120,0.155120,-0.091311,-0.025602
1778249436.963350,0.652936,0.271601,0.918044,10.0000,0.0000,0.0000,0.017200,0.000000,0.000000,0.059999,0.000000,0.000000,0.662102,0.272318,0.920167,0.074365,0.005175,0.008251,0.126081,41.096044,40.098391,-2.971709,2.009620,-1.568819,-3.000010,1.981676,-1.573227,0.155613,-0.090469,-0.024526
1778249436.974259,0.653135,0.271843,0.917973,10.0000,0.0000,0.0000,0.018400,0.000000,0.000000,0.060000,0.000000,0.000000,0.663302,0.272318,0.920167,0.074468,0.001888,0.008718,0.126516,40.586193,39.726309,-2.971489,2.009872,-1.569136,-3.000010,1.980881,-1.573335,0.156180,-0.089486,-0.024020
1778249436.983921,0.653477,0.272117,0.917862,10.0000,0.0000,0.0000,0.019000,0.000000,0.000000,0.060000,0.000000,0.000000,0.663902,0.272318,0.920167,0.074450,0.000786,0.009032,0.126688,40.461197,39.676027,-2.971348,2.010056,-1.569333,-3.000010,1.980086,-1.573442,0.156732,-0.088515,-0.023322
1778249436.993290,0.653727,0.272269,0.917799,10.0000,0.0000,0.0000,0.019600,0.000000,0.000000,0.060000,0.000000,0.000000,0.664502,0.272318,0.920167,0.074444,0.000188,0.009110,0.126817,40.439520,39.673878,-2.971218,2.010228,-1.569382,-3.000010,1.979289,-1.573550,0.157307,-0.087490,-0.023359
1778249437.003353,0.653934,0.272456,0.917749,10.0000,0.0000,0.0000,0.020200,0.000000,0.000000,0.060000,0.000000,0.000000,0.665102,0.272318,0.920167,0.074442,-0.000518,0.009117,0.126901,40.483567,39.704501,-2.971104,2.010380,-1.569409,-3.000010,1.978492,-1.573658,0.157826,-0.086550,-0.023579
1778249437.013654,0.654114,0.272666,0.917709,10.0000,0.0000,0.0000,0.020800,0.000000,0.000000,0.060000,0.000000,0.000000,0.665702,0.272318,0.920167,0.074438,-0.001285,0.009075,0.126944,40.564946,39.776357,-2.971001,2.010521,-1.569442,-3.000010,1.977695,-1.573766,0.158341,-0.085604,-0.023816
1778249437.023307,0.654283,0.272889,0.917665,10.0000,0.0000,0.0000,0.021400,0.000000,0.000000,0.060000,0.000000,0.000000,0.666302,0.272318,0.920167,0.074424,-0.002064,0.009042,0.126956,40.605812,39.806652,-2.970930,2.010628,-1.569484,-3.000010,1.976897,-1.573874,0.158849,-0.084657,-0.024048
1778249437.033247,0.654403,0.273063,0.917634,10.0000,0.0000,0.0000,0.022000,0.000000,0.000000,0.060000,0.000000,0.000000,0.666902,0.272318,0.920167,0.074418,-0.002632,0.008945,0.126942,40.616484,39.811001,-2.970883,2.010707,-1.569541,-3.000010,1.976099,-1.573982,0.159353,-0.083706,-0.024281
1778249437.043819,0.654558,0.273281,0.917596,10.0000,0.0000,0.0000,0.022600,0.000000,0.000000,0.060000,0.000000,0.000000,0.667502,0.272318,0.920167,0.074397,-0.003328,0.008891,0.126911,40.615302,39.816052,-2.970866,2.010753,-1.569597,-3.000010,1.975300,-1.574090,0.159844,-0.082764,-0.024436
1778249437.053219,0.654711,0.273490,0.917551,10.0000,0.0000,0.0000,0.023200,0.000000,0.000000,0.060000,0.000000,0.000000,0.668102,0.272318,0.920167,0.074370,-0.003967,0.008857,0.126870,40.708695,39.912969,-2.970870,2.010764,-1.569647,-3.000010,1.974501,-1.574199,0.160332,-0.081815,-0.024601
1778249437.063424,0.654893,0.273652,0.917486,10.0000,0.0000,0.0000,0.023800,0.000000,0.000000,0.060000,0.000000,0.000000,0.668702,0.272318,0.920167,0.074338,-0.004429,0.008905,0.126840,40.741210,39.970581,-2.970894,2.010749,-1.569721,-3.000010,1.973702,-1.574307,0.160810,-0.080872,-0.024717
1778249437.073374,0.655090,0.273782,0.917417,10.0000,0.0000,0.0000,0.024400,0.000000,0.000000,0.060000,0.000000,0.000000,0.669302,0.272318,0.920167,0.074309,-0.004774,0.008969,0.126823,40.689049,39.923723,-2.970938,2.010704,-1.569802,-3.000010,1.972903,-1.574416,0.161278,-0.079933,-0.024842
1778249437.083728,0.655248,0.273882,0.917368,10.0000,0.0000,0.0000,0.025000,0.000000,0.000000,0.060000,0.000000,0.000000,0.669902,0.272318,0.920167,0.074295,-0.005003,0.008953,0.126804,40.659614,39.895598,-2.970979,2.010661,-1.569931,-3.000010,1.972103,-1.574525,0.161729,-0.079016,-0.024960
1778249437.093273,0.655481,0.273986,0.917301,10.0000,0.0000,0.0000,0.025600,0.000000,0.000000,0.060000,0.000000,0.000000,0.670502,0.272318,0.920167,0.074270,-0.005251,0.009020,0.126797,40.619842,39.866300,-2.971021,2.010615,-1.570075,-3.000010,1.971304,-1.574633,0.162171,-0.078105,-0.024886
1778249437.103899,0.655731,0.274065,0.917236,10.0000,0.0000,0.0000,0.026200,0.000000,0.000000,0.060000,0.000000,0.000000,0.671102,0.272318,0.920167,0.074250,-0.005418,0.009090,0.126800,40.584586,39.835583,-2.971067,2.010563,-1.570232,-3.000010,1.970504,-1.574742,0.162603,-0.077203,-0.024779
1778249437.114016,0.655967,0.274114,0.917189,10.0000,0.0000,0.0000,0.026800,0.000000,0.000000,0.060000,0.000000,0.000000,0.671702,0.272318,0.920167,0.074244,-0.005485,0.009096,0.126804,40.423990,39.693581,-2.971124,2.010515,-1.570384,-3.000010,1.969705,-1.574851,0.163024,-0.076309,-0.024643
1778249437.123799,0.656175,0.274150,0.917171,10.0000,0.0000,0.0000,0.027400,0.000000,0.000000,0.060000,0.000000,0.000000,0.672302,0.272318,0.920167,0.074254,-0.005506,0.009005,0.126796,40.282201,39.562270,-2.971172,2.010483,-1.570510,-3.000010,1.968905,-1.574960,0.163447,-0.075399,-0.024513
1778249437.133163,0.656384,0.274169,0.917167,10.0000,0.0000,0.0000,0.028000,0.000000,0.000000,0.060000,0.000000,0.000000,0.672902,0.272318,0.920167,0.074271,-0.005478,0.008881,0.126777,40.222201,39.505816,-2.971237,2.010442,-1.570685,-3.000010,1.968105,-1.575070,0.163851,-0.074518,-0.024462
1778249437.143266,0.656606,0.274171,0.917163,10.0000,0.0000,0.0000,0.028600,0.000000,0.000000,0.060000,0.000000,0.000000,0.673502,0.272318,0.920167,0.074290,-0.005406,0.008764,0.126754,40.197772,39.480920,-2.971301,2.010402,-1.570860,-3.000010,1.967306,-1.575179,0.164272,-0.073585,-0.024138
1778249437.153391,0.656842,0.274157,0.917160,10.0000,0.0000,0.0000,0.029200,0.000000,0.000000,0.060000,0.000000,0.000000,0.674102,0.272318,0.920167,0.074311,-0.005291,0.008650,0.126730,40.139538,39.423148,-2.971363,2.010368,-1.571033,-3.000010,1.966506,-1.575288,0.164665,-0.072701,-0.023951
1778249437.163647,0.657087,0.274124,0.917167,10.0000,0.0000,0.0000,0.029800,0.000000,0.000000,0.060000,0.000000,0.000000,0.674702,0.272318,0.920167,0.074339,-0.005126,0.008515,0.126703,40.034004,39.320199,-2.971420,2.010344,-1.571204,-3.000010,1.965706,-1.575397,0.165047,-0.071830,-0.023767
1778249437.173558,0.657343,0.274068,0.917181,10.0000,0.0000,0.0000,0.030400,0.000000,0.000000,0.060000,0.000000,0.000000,0.675302,0.272318,0.920167,0.074370,-0.004905,0.008371,0.126676,40.084276,39.359952,-2.971470,2.010336,-1.571371,-3.000010,1.964906,-1.575507,0.165416,-0.070975,-0.023591
1778249437.183358,0.657679,0.273976,0.917136,10.0000,0.0000,0.0000,0.031000,0.000000,0.000000,0.060000,0.000000,0.000000,0.675902,0.272318,0.920167,0.074384,-0.004603,0.008414,0.126679,40.395968,39.613892,-2.971503,2.010353,-1.571490,-3.000010,1.964106,-1.575616,0.165772,-0.070140,-0.023469
1778249437.193670,0.658110,0.273836,0.917036,10.0000,0.0000,0.0000,0.031600,0.000000,0.000000,0.060000,0.000000,0.000000,0.676502,0.272318,0.920167,0.074383,-0.004187,0.008637,0.126731,40.642815,39.808549,-2.971513,2.010397,-1.571520,-3.000010,1.963306,-1.575726,0.166101,-0.069357,-0.023587
1778249437.203234,0.658581,0.273680,0.916908,10.0000,0.0000,0.0000,0.032200,0.000000,0.000000,0.060000,0.000000,0.000000,0.677102,0.272318,0.920167,0.074371,-0.003739,0.008947,0.126828,40.761263,39.928408,-2.971513,2.010452,-1.571498,-3.000010,1.962506,-1.575835,0.166409,-0.068615,-0.023906
1778249437.213412,0.658904,0.273610,0.916812,10.0000,0.0000,0.0000,0.032800,0.000000,0.000000,0.060000,0.000000,0.000000,0.677702,0.272318,0.920167,0.074361,-0.003509,0.009114,0.126927,40.789820,39.991098,-2.971494,2.010524,-1.571513,-3.000010,1.961706,-1.575945,0.166697,-0.067913,-0.024294
1778249437.223921,0.659288,0.273543,0.916710,10.0000,0.0000,0.0000,0.033400,0.000000,0.000000,0.060000,0.000000,0.000000,0.678302,0.272318,0.920167,0.074346,-0.003302,0.009315,0.127031,40.646118,39.873975,-2.971462,2.010612,-1.571547,-3.000010,1.960906,-1.576054,0.166973,-0.067231,-0.024556
1778249437.233881,0.659644,0.273470,0.916638,10.0000,0.0000,0.0000,0.034000,0.000000,0.000000,0.060000,0.000000,0.000000,0.678902,0.272318,0.920167,0.074342,-0.003077,0.009426,0.127126,40.533094,39.769530,-2.971433,2.010686,-1.571576,-3.000010,1.960106,-1.576164,0.167238,-0.066570,-0.024773
1778249437.243432,0.659904,0.273402,0.916593,10.0000,0.0000,0.0000,0.034600,0.000000,0.000000,0.060000,0.000000,0.000000,0.679502,0.272318,0.920167,0.074350,-0.002860,0.009432,0.127199,40.489264,39.729037,-2.971392,2.010784,-1.571608,-3.000010,1.959306,-1.576273,0.167492,-0.065928,-0.025022
1778249437.253699,0.660243,0.273300,0.916538,10.0000,0.0000,0.0000,0.035200,0.000000,0.000000,0.060000,0.000000,0.000000,0.680102,0.272318,0.920167,0.074353,-0.002567,0.009491,0.127266,40.480267,39.723156,-2.971349,2.010878,-1.571638,-3.000010,1.958506,-1.576383,0.167736,-0.065305,-0.025252
1778249437.264045,0.660570,0.273191,0.916489,10.0000,0.0000,0.0000,0.035800,0.000000,0.000000,0.060000,0.000000,0.000000,0.680702,0.272318,0.920167,0.074358,-0.002260,0.009529,0.127327,40.465857,39.714325,-2.971304,2.010968,-1.571659,-3.000010,1.957706,-1.576492,0.167970,-0.064701,-0.025495
1778249437.275058,0.660800,0.273122,0.916452,10.0000,0.0000,0.0000,0.036400,0.000000,0.000000,0.060000,0.000000,0.000000,0.681302,0.272318,0.920167,0.074367,-0.002056,0.009501,0.127372,40.557114,39.816069,-2.971263,2.011043,-1.571692,-3.000010,1.956906,-1.576602,0.168193,-0.064118,-0.025765
1778249437.283182,0.661143,0.273035,0.916403,10.0000,0.0000,0.0000,0.037000,0.000000,0.000000,0.060000,0.000000,0.000000,0.681902,0.272318,0.920167,0.074368,-0.001817,0.009544,0.127416,40.461034,39.736935,-2.971241,2.011085,-1.571723,-3.000010,1.956106,-1.576711,0.168412,-0.063540,-0.025976
1778249437.293166,0.661377,0.272989,0.916367,10.0000,0.0000,0.0000,0.037600,0.000000,0.000000,0.060000,0.000000,0.000000,0.682502,0.272318,0.920167,0.074375,-0.001679,0.009517,0.127448,40.597481,39.878746,-2.971222,2.011116,-1.571769,-3.000010,1.955306,-1.576821,0.168627,-0.062967,-0.026206
1778249437.303606,0.661527,0.272965,0.916342,10.0000,0.0000,0.0000,0.038200,0.000000,0.000000,0.060000,0.000000,0.000000,0.683102,0.272318,0.920167,0.074387,-0.001595,0.009437,0.127462,40.553532,39.843873,-2.971223,2.011109,-1.571808,-3.000010,1.954506,-1.576930,0.168839,-0.062398,-0.026387
1778249437.313413,0.661701,0.272945,0.916318,10.0000,0.0000,0.0000,0.038800,0.000000,0.000000,0.060000,0.000000,0.000000,0.683702,0.272318,0.920167,0.074397,-0.001526,0.009365,0.127465,40.643572,39.930460,-2.971235,2.011073,-1.571847,-3.000010,1.953706,-1.577039,0.169047,-0.061831,-0.026581
1778249437.323880,0.661858,0.272961,0.916284,10.0000,0.0000,0.0000,0.038800,0.000000,0.000000,0.060000,0.000000,0.000000,0.683702,0.272318,0.920167,0.074397,-0.001526,0.009365,0.127465,40.643572,39.930460,-2.971276,2.010979,-1.571913,-3.000010,1.952906,-1.577149,0.169252,-0.061267,-0.026770
1778249437.333480,0.662004,0.273002,0.916242,10.0000,0.0000,0.0000,0.040000,0.000000,0.000000,0.060000,0.000000,0.000000,0.684902,0.272318,0.920167,0.074406,-0.001618,0.009279,0.127457,40.815754,40.084645,-2.971330,2.010862,-1.571978,-3.000010,1.952106,-1.577258,0.169457,-0.060700,-0.026931
1778249437.343426,0.662135,0.273064,0.916200,10.0000,0.0000,0.0000,0.040600,0.000000,0.000000,0.060000,0.000000,0.000000,0.685502,0.272318,0.920167,0.074408,-0.001737,0.009243,0.127449,40.855502,40.119017,-2.971404,2.010706,-1.572052,-3.000010,1.951306,-1.577367,0.169661,-0.060126,-0.027050
1778249437.353259,0.662264,0.273116,0.916165,10.0000,0.0000,0.0000,0.041200,0.000000,0.000000,0.060000,0.000000,0.000000,0.686102,0.272318,0.920167,0.074412,-0.001831,0.009189,0.127436,40.737149,40.012742,-2.971466,2.010576,-1.572093,-3.000010,1.950506,-1.577477,0.169864,-0.059550,-0.027156
1778249437.363723,0.662416,0.273159,0.916127,10.0000,0.0000,0.0000,0.041800,0.000000,0.000000,0.060000,0.000000,0.000000,0.686702,0.272318,0.920167,0.074415,-0.001905,0.009150,0.127424,40.755035,40.026303,-2.971551,2.010399,-1.572131,-3.000010,1.949706,-1.577586,0.170063,-0.058980,-0.027351
1778249437.373194,0.662552,0.273183,0.916091,10.0000,0.0000,0.0000,0.042400,0.000000,0.000000,0.060000,0.000000,0.000000,0.687302,0.272318,0.920167,0.074420,-0.001933,0.009104,0.127411,40.770362,40.037836,-2.971635,2.010217,-1.572157,-3.000010,1.948906,-1.577695,0.170252,-0.058431,-0.027601
1778249437.383616,0.662820,0.273213,0.916014,10.0000,0.0000,0.0000,0.043000,0.000000,0.000000,0.060000,0.000000,0.000000,0.687902,0.272318,0.920167,0.074410,-0.001979,0.009182,0.127416,40.789329,40.050473,-2.971722,2.010028,-1.572175,-3.000010,1.948106,-1.577805,0.170444,-0.057868,-0.027835
1778249437.394399,0.663058,0.273227,0.915949,10.0000,0.0000,0.0000,0.043600,0.000000,0.000000,0.060000,0.000000,0.000000,0.688502,0.272318,0.920167,0.074404,-0.001987,0.009226,0.127429,40.805968,40.061864,-2.971829,2.009789,-1.572185,-3.000010,1.947306,-1.577914,0.170626,-0.057330,-0.028128
1778249437.403769,0.663310,0.273235,0.915884,10.0000,0.0000,0.0000,0.044200,0.000000,0.000000,0.060000,0.000000,0.000000,0.689102,0.272318,0.920167,0.074398,-0.001985,0.009273,0.127448,40.806454,40.059137,-2.971891,2.009647,-1.572189,-3.000010,1.946506,-1.578023,0.170803,-0.056801,-0.028438
1778249437.414035,0.663574,0.273239,0.915820,10.0000,0.0000,0.0000,0.044800,0.000000,0.000000,0.060000,0.000000,0.000000,0.689702,0.272318,0.920167,0.074393,-0.001973,0.009319,0.127471,40.765558,40.017753,-2.971994,2.009411,-1.572200,-3.000010,1.945706,-1.578133,0.170975,-0.056280,-0.028743
1778249437.423392,0.663847,0.273234,0.915760,10.0000,0.0000,0.0000,0.045400,0.000000,0.000000,0.060000,0.000000,0.000000,0.690302,0.272318,0.920167,0.074388,-0.001945,0.009359,0.127496,40.727340,39.979011,-2.972053,2.009272,-1.572205,-3.000010,1.944906,-1.578242,0.171141,-0.055775,-0.029052
1778249437.433170,0.664128,0.273222,0.915703,10.0000,0.0000,0.0000,0.046000,0.000000,0.000000,0.060000,0.000000,0.000000,0.690902,0.272318,0.920167,0.074385,-0.001902,0.009394,0.127523,40.703007,39.953846,-2.972131,2.009090,-1.572216,-3.000010,1.944106,-1.578351,0.171305,-0.055269,-0.029355
1778249437.444208,0.664340,0.273219,0.915656,10.0000,0.0000,0.0000,0.046600,0.000000,0.000000,0.060000,0.000000,0.000000,0.691502,0.272318,0.920167,0.074386,-0.001875,0.009391,0.127543,40.704902,39.956129,-2.972214,2.008903,-1.572238,-3.000010,1.943306,-1.578460,0.171465,-0.054769,-0.029647
1778249437.453885,0.664618,0.273218,0.915593,10.0000,0.0000,0.0000,0.047200,0.000000,0.000000,0.060000,0.000000,0.000000,0.692102,0.272318,0.920167,0.074381,-0.001857,0.009436,0.127567,40.778178,40.028998,-2.972280,2.008756,-1.572256,-3.000010,1.942506,-1.578570,0.171625,-0.054266,-0.029905
1778249437.463434,0.664887,0.273215,0.915531,10.0000,0.0000,0.0000,0.047800,0.000000,0.000000,0.060000,0.000000,0.000000,0.692702,0.272318,0.920167,0.074376,-0.001834,0.009477,0.127593,40.742539,39.998268,-2.972374,2.008548,-1.572280,-3.000010,1.941706,-1.578679,0.171779,-0.053776,-0.030176
1778249437.473210,0.665149,0.273209,0.915472,10.0000,0.0000,0.0000,0.048400,0.000000,0.000000,0.060000,0.000000,0.000000,0.693302,0.272318,0.920167,0.074373,-0.001803,0.009508,0.127618,40.768957,40.026455,-2.972470,2.008331,-1.572303,-3.000010,1.940906,-1.578788,0.171934,-0.053278,-0.030437
1778249437.483295,0.665404,0.273199,0.915416,10.0000,0.0000,0.0000,0.048400,0.000000,0.000000,0.060000,0.000000,0.000000,0.693302,0.272318,0.920167,0.074373,-0.001803,0.009508,0.127618,40.768957,40.026455,-2.972569,2.008102,-1.572328,-3.000010,1.940106,-1.578897,0.172086,-0.052786,-0.030692
1778249437.493661,0.665657,0.273179,0.915368,10.0000,0.0000,0.0000,0.049000,0.000000,0.000000,0.060000,0.000000,0.000000,0.693902,0.272318,0.920167,0.074371,-0.001767,0.009531,0.127643,40.747236,40.007626,-2.972669,2.007866,-1.572350,-3.000010,1.939306,-1.579007,0.172239,-0.052286,-0.030929
1778249437.503534,0.665918,0.273148,0.915321,10.0000,0.0000,0.0000,0.050200,0.000000,0.000000,0.060000,0.000000,0.000000,0.695102,0.272318,0.920167,0.074372,-0.001635,0.009546,0.127685,40.711178,39.968580,-2.972770,2.007629,-1.572362,-3.000010,1.938506,-1.579116,0.172384,-0.051807,-0.031206
1778249437.513241,0.666193,0.273116,0.915265,10.0000,0.0000,0.0000,0.050800,0.000000,0.000000,0.060000,0.000000,0.000000,0.695702,0.272318,0.920167,0.074370,-0.001558,0.009573,0.127708,40.759953,40.011455,-2.972868,2.007392,-1.572372,-3.000010,1.937706,-1.579225,0.172521,-0.051348,-0.031511
1778249437.523211,0.666479,0.273084,0.915202,10.0000,0.0000,0.0000,0.051400,0.000000,0.000000,0.060000,0.000000,0.000000,0.696302,0.272318,0.920167,0.074366,-0.001482,0.009616,0.127734,40.787037,40.034532,-2.972964,2.007152,-1.572384,-3.000010,1.936906,-1.579335,0.172658,-0.050886,-0.031807
1778249437.534460,0.666698,0.273059,0.915154,10.0000,0.0000,0.0000,0.052000,0.000000,0.000000,0.060000,0.000000,0.000000,0.696902,0.272318,0.920167,0.074368,-0.001421,0.009615,0.127755,40.789684,40.035836,-2.973059,2.006910,-1.572400,-3.000010,1.936106,-1.579444,0.172791,-0.050432,-0.032096
1778249437.543657,0.666993,0.273025,0.915090,10.0000,0.0000,0.0000,0.052600,0.000000,0.000000,0.060000,0.000000,0.000000,0.697502,0.272318,0.920167,0.074363,-0.001345,0.009661,0.127781,40.786140,40.031732,-2.973152,2.006667,-1.572419,-3.000010,1.935306,-1.579553,0.172921,-0.049984,-0.032374
1778249437.554009,0.667300,0.272990,0.915015,10.0000,0.0000,0.0000,0.053200,0.000000,0.000000,0.060000,0.000000,0.000000,0.698102,0.272318,0.920167,0.074355,-0.001268,0.009729,0.127813,40.868550,40.104233,-2.973220,2.006485,-1.572432,-3.000010,1.934506,-1.579662,0.173047,-0.049545,-0.032641
1778249437.563470,0.667627,0.272950,0.914933,10.0000,0.0000,0.0000,0.053800,0.000000,0.000000,0.060000,0.000000,0.000000,0.698702,0.272318,0.920167,0.074346,-0.001185,0.009814,0.127851,40.870514,40.098965,-2.973304,2.006251,-1.572441,-3.000010,1.933707,-1.579772,0.173167,-0.049126,-0.032936
1778249437.573375,0.667881,0.272918,0.914872,10.0000,0.0000,0.0000,0.054400,0.000000,0.000000,0.060000,0.000000,0.000000,0.699302,0.272318,0.920167,0.074343,-0.001114,0.009843,0.127885,40.853915,40.079101,-2.973383,2.006025,-1.572449,-3.000010,1.932907,-1.579881,0.173285,-0.048708,-0.033240
1778249437.583289,0.668313,0.272856,0.914773,10.0000,0.0000,0.0000,0.055000,0.000000,0.000000,0.060000,0.000000,0.000000,0.699902,0.272318,0.920167,0.074326,-0.000995,0.009983,0.127934,40.820784,40.044224,-2.973458,2.005808,-1.572458,-3.000010,1.932107,-1.579990,0.173399,-0.048298,-0.033543
1778249437.593481,0.668574,0.272815,0.914716,10.0000,0.0000,0.0000,0.055600,0.000000,0.000000,0.060000,0.000000,0.000000,0.700502,0.272318,0.920167,0.074324,-0.000912,0.010002,0.127974,40.806087,40.029729,-2.973529,2.005600,-1.572470,-3.000010,1.931307,-1.580099,0.173511,-0.047896,-0.033841
1778249437.603720,0.668920,0.272758,0.914645,10.0000,0.0000,0.0000,0.056200,0.000000,0.000000,0.060000,0.000000,0.000000,0.701102,0.272318,0.920167,0.074317,-0.000803,0.010070,0.128015,40.794516,40.018539,-2.973579,2.005449,-1.572481,-3.000010,1.930507,-1.580209,0.173619,-0.047501,-0.034130
1778249437.613794,0.669260,0.272705,0.914579,10.0000,0.0000,0.0000,0.056800,0.000000,0.000000,0.060000,0.000000,0.000000,0.701702,0.272318,0.920167,0.074310,-0.000700,0.010125,0.128056,40.791302,40.019329,-2.973642,2.005258,-1.572490,-3.000010,1.929707,-1.580318,0.173724,-0.047118,-0.034422
1778249437.623455,0.669590,0.272665,0.914515,10.0000,0.0000,0.0000,0.057400,0.000000,0.000000,0.060000,0.000000,0.000000,0.702302,0.272318,0.920167,0.074304,-0.000624,0.010172,0.128094,40.803211,40.034276,-2.973703,2.005075,-1.572495,-3.000010,1.928907,-1.580427,0.173828,-0.046730,-0.034724
1778249437.633327,0.669915,0.272631,0.914455,10.0000,0.0000,0.0000,0.058000,0.000000,0.000000,0.060000,0.000000,0.000000,0.702902,0.272318,0.920167,0.074299,-0.000558,0.010212,0.128130,40.800759,40.033194,-2.973764,2.004896,-1.572497,-3.000010,1.928107,-1.580536,0.173930,-0.046351,-0.035038
1778249437.643870,0.670234,0.272591,0.914396,10.0000,0.0000,0.0000,0.058600,0.000000,0.000000,0.060000,0.000000,0.000000,0.703502,0.272318,0.920167,0.074295,-0.000484,0.010248,0.128164,40.816701,40.051228,-2.973826,2.004717,-1.572488,-3.000010,1.927307,-1.580645,0.174029,-0.045976,-0.035372
1778249437.653212,0.670540,0.272553,0.914340,10.0000,0.0000,0.0000,0.059200,0.000000,0.000000,0.060000,0.000000,0.000000,0.704102,0.272318,0.920167,0.074292,-0.000414,0.010274,0.128194,40.824550,40.064366,-2.973892,2.004535,-1.572471,-3.000010,1.926507,-1.580755,0.174128,-0.045602,-0.035741
1778249437.663418,0.670833,0.272520,0.914289,10.0000,0.0000,0.0000,0.059800,0.000000,0.000000,0.060000,0.000000,0.000000,0.704702,0.272318,0.920167,0.074290,-0.000353,0.010288,0.128221,40.834757,40.078594,-2.973957,2.004350,-1.572454,-3.000010,1.925707,-1.580864,0.174224,-0.045233,-0.036120
1778249437.673470,0.671116,0.272492,0.914240,10.0000,0.0000,0.0000,0.060400,0.000000,0.000000,0.060000,0.000000,0.000000,0.705302,0.272318,0.920167,0.074289,-0.000303,0.010297,0.128245,40.852537,40.098314,-2.974023,2.004161,-1.572438,-3.000010,1.924907,-1.580973,0.174318,-0.044869,-0.036497
1778249437.683815,0.671394,0.272467,0.914191,10.0000,0.0000,0.0000,0.061000,0.000000,0.000000,0.060000,0.000000,0.000000,0.705902,0.272318,0.920167,0.074288,-0.000257,0.010304,0.128265,40.869375,40.115692,-2.974089,2.003966,-1.572423,-3.000010,1.924107,-1.581082,0.174410,-0.044510,-0.036868
1778249437.693219,0.671600,0.272450,0.914155,10.0000,0.0000,0.0000,0.061600,0.000000,0.000000,0.060000,0.000000,0.000000,0.706502,0.272318,0.920167,0.074293,-0.000225,0.010274,0.128278,40.879206,40.125770,-2.974156,2.003768,-1.572409,-3.000010,1.923307,-1.581191,0.174499,-0.044161,-0.037227
1778249437.703197,0.671939,0.272423,0.914095,10.0000,0.0000,0.0000,0.062200,0.000000,0.000000,0.060000,0.000000,0.000000,0.707102,0.272318,0.920167,0.074287,-0.000178,0.010314,0.128297,40.888142,40.135298,-2.974222,2.003565,-1.572396,-3.000010,1.922507,-1.581300,0.174587,-0.043811,-0.037594
1778249437.713906,0.672141,0.272408,0.914060,10.0000,0.0000,0.0000,0.062800,0.000000,0.000000,0.060000,0.000000,0.000000,0.707702,0.272318,0.920167,0.074292,-0.000151,0.010280,0.128308,40.892007,40.139291,-2.974289,2.003359,-1.572384,-3.000010,1.921707,-1.581409,0.174673,-0.043466,-0.037958
1778249437.723636,0.672408,0.272389,0.914014,10.0000,0.0000,0.0000,0.063400,0.000000,0.000000,0.060000,0.000000,0.000000,0.708302,0.272318,0.920167,0.074292,-0.000118,0.010280,0.128319,40.896210,40.143726,-2.974339,2.003203,-1.572375,-3.000010,1.920907,-1.581518,0.174757,-0.043126,-0.038320
1778249437.733151,0.672674,0.272370,0.913969,10.0000,0.0000,0.0000,0.064000,0.000000,0.000000,0.060000,0.000000,0.000000,0.708902,0.272318,0.920167,0.074292,-0.000087,0.010278,0.128330,40.899533,40.146827,-2.974405,2.002992,-1.572365,-3.000010,1.920107,-1.581628,0.174840,-0.042791,-0.038678
1778249437.743329,0.672940,0.272352,0.913925,10.0000,0.0000,0.0000,0.064600,0.000000,0.000000,0.060000,0.000000,0.000000,0.709502,0.272318,0.920167,0.074293,-0.000055,0.010275,0.128341,40.904451,40.151462,-2.974471,2.002778,-1.572354,-3.000010,1.919307,-1.581737,0.174919,-0.042465,-0.039028
1778249437.753963,0.673138,0.272338,0.913891,10.0000,0.0000,0.0000,0.065200,0.000000,0.000000,0.060000,0.000000,0.000000,0.710102,0.272318,0.920167,0.074298,-0.000032,0.010239,0.128346,40.906566,40.153493,-2.974536,2.002562,-1.572344,-3.000010,1.918507,-1.581846,0.174998,-0.042140,-0.039385
1778249437.763602,0.673403,0.272320,0.913848,10.0000,0.0000,0.0000,0.065800,0.000000,0.000000,0.060000,0.000000,0.000000,0.710702,0.272318,0.920167,0.074298,-0.000003,0.010235,0.128353,40.908713,40.155170,-2.974585,2.002399,-1.572337,-3.000010,1.917707,-1.581955,0.175075,-0.041819,-0.039741
1778249437.773562,0.673670,0.272300,0.913805,10.0000,0.0000,0.0000,0.066400,0.000000,0.000000,0.060000,0.000000,0.000000,0.711302,0.272318,0.920167,0.074299,0.000029,0.010231,0.128361,40.912059,40.157671,-2.974649,2.002179,-1.572326,-3.000010,1.916907,-1.582064,0.175150,-0.041502,-0.040098
1778249437.783155,0.673935,0.272281,0.913764,10.0000,0.0000,0.0000,0.067000,0.000000,0.000000,0.060000,0.000000,0.000000,0.711902,0.272318,0.920167,0.074300,0.000059,0.010222,0.128369,40.893522,40.139551,-2.974711,2.001963,-1.572313,-3.000010,1.916107,-1.582173,0.175223,-0.041191,-0.040459
1778249437.793581,0.674204,0.272264,0.913725,10.0000,0.0000,0.0000,0.067600,0.000000,0.000000,0.060000,0.000000,0.000000,0.712502,0.272318,0.920167,0.074301,0.000086,0.010212,0.128376,40.893901,40.137553,-2.974770,2.001752,-1.572301,-3.000010,1.915307,-1.582282,0.175295,-0.040886,-0.040822
1778249437.803386,0.674481,0.272244,0.913683,10.0000,0.0000,0.0000,0.068200,0.000000,0.000000,0.060000,0.000000,0.000000,0.713102,0.272318,0.920167,0.074302,0.000117,0.010208,0.128385,40.906509,40.146611,-2.974827,2.001545,-1.572289,-3.000010,1.914507,-1.582391,0.175365,-0.040586,-0.041185
1778249437.813281,0.674694,0.272227,0.913649,10.0000,0.0000,0.0000,0.068800,0.000000,0.000000,0.060000,0.000000,0.000000,0.713702,0.272318,0.920167,0.074306,0.000143,0.010178,0.128389,40.915096,40.152780,-2.974882,2.001340,-1.572275,-3.000010,1.913707,-1.582500,0.175432,-0.040294,-0.041540
1778249437.824284,0.674984,0.272203,0.913601,10.0000,0.0000,0.0000,0.069400,0.000000,0.000000,0.060000,0.000000,0.000000,0.714302,0.272318,0.920167,0.074305,0.000179,0.010187,0.128398,40.950692,40.185288,-2.974935,2.001138,-1.572261,-3.000010,1.912907,-1.582609,0.175499,-0.040003,-0.041909
1778249437.833674,0.675277,0.272189,0.913546,10.0000,0.0000,0.0000,0.070000,0.000000,0.000000,0.060000,0.000000,0.000000,0.714902,0.272318,0.920167,0.074302,0.000199,0.010208,0.128410,41.009075,40.242459,-2.974976,2.000986,-1.572255,-3.000010,1.912107,-1.582718,0.175564,-0.039716,-0.042274
1778249437.843447,0.675567,0.272183,0.913486,10.0000,0.0000,0.0000,0.070000,0.000000,0.000000,0.060000,0.000000,0.000000,0.714902,0.272318,0.920167,0.074302,0.000199,0.010208,0.128410,41.009075,40.242459,-2.975032,2.000778,-1.572253,-3.000010,1.911307,-1.582826,0.175629,-0.039428,-0.042613
1778249437.853694,0.675854,0.272180,0.913426,10.0000,0.0000,0.0000,0.071200,0.000000,0.000000,0.060000,0.000000,0.000000,0.716102,0.272318,0.920167,0.074295,0.000210,0.010259,0.128442,41.053049,40.286968,-2.975089,2.000567,-1.572252,-3.000010,1.910507,-1.582935,0.175692,-0.039143,-0.042943
1778249437.863230,0.676138,0.272178,0.913367,10.0000,0.0000,0.0000,0.071800,0.000000,0.000000,0.060000,0.000000,0.000000,0.716702,0.272318,0.920167,0.074292,0.000212,0.010281,0.128460,41.054779,40.289487,-2.975145,2.000354,-1.572250,-3.000010,1.909707,-1.583044,0.175755,-0.038862,-0.043273
1778249437.873322,0.676420,0.272173,0.913310,10.0000,0.0000,0.0000,0.072400,0.000000,0.000000,0.060000,0.000000,0.000000,0.717302,0.272318,0.920167,0.074289,0.000219,0.010300,0.128478,41.060158,40.295347,-2.975202,2.000136,-1.572247,-3.000010,1.908907,-1.583153,0.175816,-0.038584,-0.043606
1778249437.883289,0.676630,0.272167,0.913268,10.0000,0.0000,0.0000,0.073000,0.000000,0.000000,0.060000,0.000000,0.000000,0.717902,0.272318,0.920167,0.074291,0.000225,0.010283,0.128491,41.065520,40.300851,-2.975259,1.999915,-1.572242,-3.000010,1.908107,-1.583262,0.175875,-0.038312,-0.043941
1778249437.894080,0.676908,0.272155,0.913215,10.0000,0.0000,0.0000,0.073600,0.000000,0.000000,0.060000,0.000000,0.000000,0.718502,0.272318,0.920167,0.074290,0.000241,0.010294,0.128505,41.037890,40.275289,-2.975316,1.999694,-1.572239,-3.000010,1.907307,-1.583371,0.175934,-0.038041,-0.044281
1778249437.903319,0.677185,0.272138,0.913166,10.0000,0.0000,0.0000,0.074200,0.000000,0.000000,0.060000,0.000000,0.000000,0.719102,0.272318,0.920167,0.074289,0.000265,0.010301,0.128518,41.033021,40.270132,-2.975358,1.999528,-1.572238,-3.000010,1.906507,-1.583480,0.175992,-0.037773,-0.044614
1778249437.913370,0.677465,0.272120,0.913115,10.0000,0.0000,0.0000,0.074800,0.000000,0.000000,0.060000,0.000000,0.000000,0.719702,0.272318,0.920167,0.074287,0.000290,0.010310,0.128532,41.049226,40.284188,-2.975412,1.999306,-1.572238,-3.000010,1.905707,-1.583589,0.176048,-0.037509,-0.044942
1778249437.923896,0.677748,0.272104,0.913062,10.0000,0.0000,0.0000,0.074800,0.000000,0.000000,0.060000,0.000000,0.000000,0.719702,0.272318,0.920167,0.074287,0.000290,0.010310,0.128532,41.049226,40.284188,-2.975467,1.999083,-1.572237,-3.000010,1.904907,-1.583698,0.176104,-0.037249,-0.045271
1778249437.933185,0.678034,0.272090,0.913008,10.0000,0.0000,0.0000,0.076000,0.000000,0.000000,0.060000,0.000000,0.000000,0.720902,0.272318,0.920167,0.074283,0.000330,0.010338,0.128563,41.080770,40.312538,-2.975520,1.998860,-1.572236,-3.000010,1.904107,-1.583807,0.176157,-0.036994,-0.045598
1778249437.943277,0.678321,0.272076,0.912953,10.0000,0.0000,0.0000,0.076600,0.000000,0.000000,0.060000,0.000000,0.000000,0.721502,0.272318,0.920167,0.074281,0.000348,0.010354,0.128579,41.088556,40.319689,-2.975573,1.998637,-1.572234,-3.000010,1.903307,-1.583916,0.176211,-0.036738,-0.045931
1778249437.954033,0.678536,0.272065,0.912911,10.0000,0.0000,0.0000,0.077200,0.000000,0.000000,0.060000,0.000000,0.000000,0.722102,0.272318,0.920167,0.074283,0.000360,0.010337,0.128590,41.094321,40.325087,-2.975626,1.998413,-1.572231,-3.000010,1.902507,-1.584024,0.176263,-0.036490,-0.046262
1778249437.963587,0.678823,0.272051,0.912857,10.0000,0.0000,0.0000,0.077800,0.000000,0.000000,0.060000,0.000000,0.000000,0.722702,0.272318,0.920167,0.074281,0.000378,0.010353,0.128604,41.102424,40.332827,-2.975666,1.998244,-1.572228,-3.000010,1.901707,-1.584133,0.176314,-0.036242,-0.046597
1778249437.973436,0.679110,0.272036,0.912802,10.0000,0.0000,0.0000,0.078400,0.000000,0.000000,0.060000,0.000000,0.000000,0.723302,0.272318,0.920167,0.074279,0.000397,0.010369,0.128618,41.111531,40.341533,-2.975718,1.998017,-1.572225,-3.000010,1.900907,-1.584242,0.176363,-0.036000,-0.046931
1778249437.983150,0.679396,0.272022,0.912746,10.0000,0.0000,0.0000,0.079000,0.000000,0.000000,0.060000,0.000000,0.000000,0.723902,0.272318,0.920167,0.074276,0.000414,0.010384,0.128634,41.122042,40.351733,-2.975770,1.997789,-1.572220,-3.000010,1.900107,-1.584351,0.176412,-0.035758,-0.047269
1778249437.993150,0.679611,0.272011,0.912705,10.0000,0.0000,0.0000,0.079600,0.000000,0.000000,0.060000,0.000000,0.000000,0.724502,0.272318,0.920167,0.074279,0.000426,0.010367,0.128645,41.128208,40.357721,-2.975821,1.997560,-1.572215,-3.000010,1.899307,-1.584460,0.176461,-0.035519,-0.047613
1778249438.003315,0.679897,0.271997,0.912650,10.0000,0.0000,0.0000,0.080200,0.000000,0.000000,0.060000,0.000000,0.000000,0.725102,0.272318,0.920167,0.074277,0.000444,0.010383,0.128658,41.137868,40.367028,-2.975873,1.997329,-1.572208,-3.000010,1.898507,-1.584569,0.176508,-0.035285,-0.047952
1778249438.013502,0.680183,0.271983,0.912594,10.0000,0.0000,0.0000,0.080800,0.000000,0.000000,0.060000,0.000000,0.000000,0.725702,0.272318,0.920167,0.074274,0.000461,0.010398,0.128672,41.146562,40.375354,-2.975923,1.997097,-1.572201,-3.000010,1.897707,-1.584678,0.176554,-0.035053,-0.048297
1778249438.023723,0.680468,0.271968,0.912539,10.0000,0.0000,0.0000,0.080800,0.000000,0.000000,0.060000,0.000000,0.000000,0.725702,0.272318,0.920167,0.074274,0.000461,0.010398,0.128672,41.146562,40.375354,-2.975974,1.996863,-1.572193,-3.000010,1.896907,-1.584786,0.176599,-0.034825,-0.048646
1778249438.033390,0.680751,0.271956,0.912484,10.0000,0.0000,0.0000,0.082000,0.000000,0.000000,0.060000,0.000000,0.000000,0.726902,0.272318,0.920167,0.074270,0.000492,0.010428,0.128703,41.180324,40.409539,-2.976012,1.996686,-1.572186,-3.000010,1.896107,-1.584895,0.176643,-0.034599,-0.048998
1778249438.043385,0.681027,0.271949,0.912428,10.0000,0.0000,0.0000,0.082600,0.000000,0.000000,0.060000,0.000000,0.000000,0.727502,0.272318,0.920167,0.074268,0.000498,0.010442,0.128718,41.206404,40.437447,-2.976063,1.996444,-1.572178,-3.000010,1.895307,-1.585004,0.176687,-0.034376,-0.049352
1778249438.053667,0.681294,0.271949,0.912374,10.0000,0.0000,0.0000,0.083200,0.000000,0.000000,0.060000,0.000000,0.000000,0.728102,0.272318,0.920167,0.074267,0.000495,0.010451,0.128733,41.202756,40.435939,-2.976116,1.996195,-1.572174,-3.000010,1.894507,-1.585113,0.176730,-0.034154,-0.049696
1778249438.063761,0.681555,0.271955,0.912324,10.0000,0.0000,0.0000,0.083800,0.000000,0.000000,0.060000,0.000000,0.000000,0.728702,0.272318,0.920167,0.074266,0.000484,0.010454,0.128747,41.208888,40.442613,-2.976170,1.995942,-1.572175,-3.000010,1.893707,-1.585222,0.176773,-0.033933,-0.050026
1778249438.073674,0.681814,0.271961,0.912272,10.0000,0.0000,0.0000,0.084400,0.000000,0.000000,0.060000,0.000000,0.000000,0.729302,0.272318,0.920167,0.074266,0.000473,0.010458,0.128759,41.229628,40.462865,-2.976225,1.995682,-1.572176,-3.000010,1.892907,-1.585331,0.176815,-0.033713,-0.050347
1778249438.083222,0.682074,0.271964,0.912220,10.0000,0.0000,0.0000,0.085000,0.000000,0.000000,0.060000,0.000000,0.000000,0.729902,0.272318,0.920167,0.074265,0.000466,0.010464,0.128772,41.244171,40.476903,-2.976281,1.995416,-1.572177,-3.000010,1.892107,-1.585439,0.176856,-0.033497,-0.050669
1778249438.093137,0.682334,0.271966,0.912167,10.0000,0.0000,0.0000,0.085600,0.000000,0.000000,0.060000,0.000000,0.000000,0.730502,0.272318,0.920167,0.074264,0.000461,0.010470,0.128784,41.251756,40.484641,-2.976337,1.995143,-1.572177,-3.000010,1.891307,-1.585548,0.176896,-0.033282,-0.050993
1778249438.104006,0.682527,0.271967,0.912129,10.0000,0.0000,0.0000,0.086200,0.000000,0.000000,0.060000,0.000000,0.000000,0.731102,0.272318,0.920167,0.074268,0.000457,0.010446,0.128792,41.251882,40.485061,-2.976394,1.994863,-1.572178,-3.000010,1.890507,-1.585657,0.176936,-0.033070,-0.051319
1778249438.113928,0.682782,0.271967,0.912079,10.0000,0.0000,0.0000,0.086800,0.000000,0.000000,0.060000,0.000000,0.000000,0.731702,0.272318,0.920167,0.074267,0.000454,0.010448,0.128800,41.250188,40.483940,-2.976437,1.994649,-1.572177,-3.000010,1.889993,-1.585766,0.175657,-0.039304,-0.051644
1778249438.123534,0.682972,0.271965,0.912043,10.0000,0.0000,0.0000,0.087400,0.000000,0.000000,0.060000,0.000000,0.000000,0.732302,0.272318,0.920167,0.074271,0.000453,0.010420,0.128805,41.224051,40.457975,-2.976494,1.994359,-1.572171,-3.000010,1.889993,-1.585875,0.175654,-0.039313,-0.051975
1778249438.133738,0.683235,0.271942,0.912004,10.0000,0.0000,0.0000,0.088000,0.000000,0.000000,0.060000,0.000000,0.000000,0.732902,0.272318,0.920167,0.074272,0.000480,0.010411,0.128810,41.143997,40.376020,-2.976537,1.994143,-1.572146,-3.000010,1.889993,-1.585983,0.175651,-0.039328,-0.052336
1778249438.143254,0.683507,0.271912,0.911966,10.0000,0.0000,0.0000,0.088600,0.000000,0.000000,0.060000,0.000000,0.000000,0.733502,0.272318,0.920167,0.074274,0.000515,0.010400,0.128816,41.141700,40.370372,-2.976592,1.993861,-1.572099,-3.000010,1.889993,-1.586092,0.175646,-0.039349,-0.052786
1778249438.153273,0.683796,0.271883,0.911909,10.0000,0.0000,0.0000,0.089200,0.000000,0.000000,0.060000,0.000000,0.000000,0.734102,0.272318,0.920167,0.074271,0.000549,0.010417,0.128826,41.312578,40.529657,-2.976648,1.993577,-1.572050,-3.000010,1.889993,-1.586201,0.175643,-0.039365,-0.053221
1778249438.163518,0.684023,0.271859,0.911854,10.0000,0.0000,0.0000,0.089800,0.000000,0.000000,0.060000,0.000000,0.000000,0.734702,0.272318,0.920167,0.074270,0.000575,0.010420,0.128835,41.349116,40.562206,-2.976706,1.993286,-1.572003,-3.000010,1.889993,-1.586310,0.175638,-0.039386,-0.053694
1778249438.173887,0.684330,0.271825,0.911782,10.0000,0.0000,0.0000,0.090400,0.000000,0.000000,0.060000,0.000000,0.000000,0.735302,0.272318,0.920167,0.074265,0.000615,0.010458,0.128851,41.319067,40.532312,-2.976765,1.992995,-1.571957,-3.000010,1.889993,-1.586419,0.175634,-0.039406,-0.054160
1778249438.183585,0.684636,0.271791,0.911714,10.0000,0.0000,0.0000,0.091000,0.000000,0.000000,0.060000,0.000000,0.000000,0.735902,0.272318,0.920167,0.074260,0.000655,0.010490,0.128869,41.313519,40.526445,-2.976809,1.992779,-1.571925,-3.000010,1.889993,-1.586527,0.175629,-0.039426,-0.054621
1778249438.193276,0.684944,0.271758,0.911646,10.0000,0.0000,0.0000,0.091600,0.000000,0.000000,0.060000,0.000000,0.000000,0.736502,0.272318,0.920167,0.074255,0.000692,0.010523,0.128889,41.306913,40.521188,-2.976867,1.992491,-1.571888,-3.000010,1.889993,-1.586636,0.175625,-0.039443,-0.055071
1778249438.203712,0.685246,0.271740,0.911586,10.0000,0.0000,0.0000,0.092200,0.000000,0.000000,0.060000,0.000000,0.000000,0.737102,0.272318,0.920167,0.074252,0.000710,0.010544,0.128909,41.265330,40.480274,-2.976922,1.992221,-1.571860,-3.000010,1.889993,-1.586745,0.175622,-0.039459,-0.055493
1778249438.213413,0.685555,0.271726,0.911530,10.0000,0.0000,0.0000,0.092800,0.000000,0.000000,0.060000,0.000000,0.000000,0.737702,0.272318,0.920167,0.074249,0.000724,0.010561,0.128928,41.239202,40.450562,-2.976973,1.991968,-1.571836,-3.000010,1.889993,-1.586854,0.175618,-0.039474,-0.055893
1778249438.223257,0.685874,0.271706,0.911474,10.0000,0.0000,0.0000,0.093400,0.000000,0.000000,0.060000,0.000000,0.000000,0.738302,0.272318,0.920167,0.074246,0.000745,0.010581,0.128947,41.231325,40.438385,-2.977023,1.991728,-1.571809,-3.000010,1.889993,-1.586962,0.175615,-0.039487,-0.056297
1778249438.233336,0.686120,0.271690,0.911429,10.0000,0.0000,0.0000,0.094000,0.000000,0.000000,0.060000,0.000000,0.000000,0.738902,0.272318,0.920167,0.074247,0.000760,0.010574,0.128961,41.279972,40.483806,-2.977070,1.991502,-1.571780,-3.000010,1.889993,-1.587071,0.175614,-0.039495,-0.056685
1778249438.243474,0.686448,0.271690,0.911358,10.0000,0.0000,0.0000,0.094000,0.000000,0.000000,0.060000,0.000000,0.000000,0.738902,0.272318,0.920167,0.074247,0.000760,0.010574,0.128961,41.279972,40.483806,-2.977111,1.991290,-1.571757,-3.000010,1.889993,-1.587180,0.175611,-0.039509,-0.057095
1778249438.253727,0.686780,0.271708,0.911277,10.0000,0.0000,0.0000,0.095200,0.000000,0.000000,0.060000,0.000000,0.000000,0.740102,0.272318,0.920167,0.074235,0.000731,0.010663,0.129001,41.448020,40.645420,-2.977141,1.991137,-1.571743,-3.000010,1.889993,-1.587289,0.175607,-0.039523,-0.057484
1778249438.263566,0.687115,0.271730,0.911194,10.0000,0.0000,0.0000,0.095800,0.000000,0.000000,0.060000,0.000000,0.000000,0.740702,0.272318,0.920167,0.074227,0.000702,0.010715,0.129025,41.438557,40.635481,-2.977182,1.990940,-1.571726,-3.000010,1.889993,-1.587397,0.175605,-0.039532,-0.057850
1778249438.273490,0.687451,0.271744,0.911117,10.0000,0.0000,0.0000,0.096400,0.000000,0.000000,0.060000,0.000000,0.000000,0.741302,0.272318,0.920167,0.074221,0.000683,0.010760,0.129051,41.401440,40.600096,-2.977223,1.990750,-1.571712,-3.000010,1.889993,-1.587506,0.175603,-0.039540,-0.058223
1778249438.283902,0.687783,0.271749,0.911047,10.0000,0.0000,0.0000,0.097000,0.000000,0.000000,0.060000,0.000000,0.000000,0.741902,0.272318,0.920167,0.074216,0.000674,0.010796,0.129076,41.372086,40.573159,-2.977263,1.990567,-1.571698,-3.000010,1.889993,-1.587615,0.175602,-0.039547,-0.058603
1778249438.293242,0.688106,0.271742,0.910990,10.0000,0.0000,0.0000,0.097600,0.000000,0.000000,0.060000,0.000000,0.000000,0.742502,0.272318,0.920167,0.074213,0.000679,0.010815,0.129098,41.257855,40.468041,-2.977302,1.990395,-1.571690,-3.000010,1.889993,-1.587724,0.175601,-0.039549,-0.058956
1778249438.303444,0.688336,0.271719,0.910965,10.0000,0.0000,0.0000,0.098200,0.000000,0.000000,0.060000,0.000000,0.000000,0.743102,0.272318,0.920167,0.074218,0.000703,0.010783,0.129111,41.167354,40.382885,-2.977336,1.990243,-1.571695,-3.000010,1.889993,-1.587832,0.175601,-0.039550,-0.059297
1778249438.313912,0.688638,0.271673,0.910939,10.0000,0.0000,0.0000,0.098800,0.000000,0.000000,0.060000,0.000000,0.000000,0.743702,0.272318,0.920167,0.074220,0.000753,0.010763,0.129121,41.159825,40.375578,-2.977359,1.990134,-1.571701,-3.000010,1.889993,-1.587941,0.175601,-0.039551,-0.059604
1778249438.323269,0.688943,0.271631,0.910907,10.0000,0.0000,0.0000,0.099400,0.000000,0.000000,0.060000,0.000000,0.000000,0.744302,0.272318,0.920167,0.074221,0.000798,0.010751,0.129130,41.243224,40.455790,-2.977388,1.989992,-1.571708,-3.000010,1.889993,-1.588050,0.175600,-0.039553,-0.059906
1778249438.333221,0.689250,0.271601,0.910860,10.0000,0.0000,0.0000,0.100000,0.000000,0.000000,0.060000,0.000000,0.000000,0.744902,0.272318,0.920167,0.074220,0.000828,0.010755,0.129140,41.341559,40.551212,-2.977417,1.989850,-1.571714,-3.000010,1.889993,-1.588158,0.175600,-0.039558,-0.060212
1778249438.343372,0.689555,0.271581,0.910808,10.0000,0.0000,0.0000,0.100600,0.000000,0.000000,0.060000,0.000000,0.000000,0.745502,0.272318,0.920167,0.074218,0.000848,0.010766,0.129151,41.377652,40.587763,-2.977447,1.989708,-1.571719,-3.000010,1.889993,-1.588267,0.175599,-0.039561,-0.060526
1778249438.353512,0.689780,0.271567,0.910769,10.0000,0.0000,0.0000,0.101200,0.000000,0.000000,0.060000,0.000000,0.000000,0.746102,0.272318,0.920167,0.074221,0.000859,0.010748,0.129159,41.381577,40.593141,-2.977477,1.989567,-1.571723,-3.000010,1.889993,-1.588376,0.175598,-0.039564,-0.060838
1778249438.363625,0.690075,0.271550,0.910720,10.0000,0.0000,0.0000,0.101800,0.000000,0.000000,0.060000,0.000000,0.000000,0.746702,0.272318,0.920167,0.074220,0.000875,0.010754,0.129168,41.384375,40.597917,-2.977500,1.989461,-1.571726,-3.000010,1.889993,-1.588484,0.175598,-0.039566,-0.061151
1778249438.373487,0.690365,0.271531,0.910672,10.0000,0.0000,0.0000,0.102400,0.000000,0.000000,0.060000,0.000000,0.000000,0.747302,0.272318,0.920167,0.074219,0.000891,0.010757,0.129178,41.396394,40.611292,-2.977530,1.989319,-1.571730,-3.000010,1.889993,-1.588593,0.175597,-0.039568,-0.061463
1778249438.383144,0.690650,0.271515,0.910624,10.0000,0.0000,0.0000,0.103000,0.000000,0.000000,0.060000,0.000000,0.000000,0.747902,0.272318,0.920167,0.074219,0.000906,0.010759,0.129188,41.414553,40.630164,-2.977561,1.989176,-1.571735,-3.000010,1.889993,-1.588702,0.175597,-0.039569,-0.061775
1778249438.393680,0.690931,0.271500,0.910576,10.0000,0.0000,0.0000,0.103600,0.000000,0.000000,0.060000,0.000000,0.000000,0.748502,0.272318,0.920167,0.074218,0.000918,0.010762,0.129199,41.434786,40.650855,-2.977593,1.989031,-1.571740,-3.000010,1.889993,-1.588810,0.175597,-0.039570,-0.062090
1778249438.403336,0.691209,0.271488,0.910528,10.0000,0.0000,0.0000,0.104200,0.000000,0.000000,0.060000,0.000000,0.000000,0.749102,0.272318,0.920167,0.074218,0.000927,0.010763,0.129209,41.451311,40.667661,-2.977625,1.988884,-1.571745,-3.000010,1.889993,-1.588919,0.175596,-0.039572,-0.062400
1778249438.413126,0.691484,0.271478,0.910480,10.0000,0.0000,0.0000,0.104800,0.000000,0.000000,0.060000,0.000000,0.000000,0.749702,0.272318,0.920167,0.074218,0.000934,0.010765,0.129219,41.463641,40.680250,-2.977657,1.988736,-1.571751,-3.000010,1.889993,-1.589028,0.175596,-0.039573,-0.062709
1778249438.424170,0.691689,0.271470,0.910444,10.0000,0.0000,0.0000,0.105400,0.000000,0.000000,0.060000,0.000000,0.000000,0.750302,0.272318,0.920167,0.074221,0.000937,0.010742,0.129225,41.472093,40.688769,-2.977690,1.988585,-1.571757,-3.000010,1.889993,-1.589136,0.175596,-0.039574,-0.063017
1778249438.433858,0.691960,0.271461,0.910396,10.0000,0.0000,0.0000,0.106000,0.000000,0.000000,0.060000,0.000000,0.000000,0.750902,0.272318,0.920167,0.074221,0.000942,0.010742,0.129232,41.482394,40.699309,-2.977715,1.988471,-1.571762,-3.000010,1.889993,-1.589245,0.175596,-0.039574,-0.063324
1778249438.443534,0.692162,0.271455,0.910360,10.0000,0.0000,0.0000,0.106600,0.000000,0.000000,0.060000,0.000000,0.000000,0.751502,0.272318,0.920167,0.074224,0.000943,0.010718,0.129237,41.489618,40.706752,-2.977749,1.988317,-1.571768,-3.000010,1.889993,-1.589354,0.175596,-0.039575,-0.063631
1778249438.453428,0.692496,0.271446,0.910301,10.0000,0.0000,0.0000,0.107200,0.000000,0.000000,0.060000,0.000000,0.000000,0.752102,0.272318,0.920167,0.074221,0.000949,0.010740,0.129246,41.502371,40.719471,-2.977784,1.988161,-1.571775,-3.000010,1.889993,-1.589462,0.175595,-0.039576,-0.063941
1778249438.463124,0.692762,0.271440,0.910254,10.0000,0.0000,0.0000,0.107800,0.000000,0.000000,0.060000,0.000000,0.000000,0.752702,0.272318,0.920167,0.074221,0.000952,0.010738,0.129255,41.510541,40.727563,-2.977818,1.988002,-1.571782,-3.000010,1.889993,-1.589571,0.175595,-0.039576,-0.064246
1778249438.473256,0.692961,0.271435,0.910220,10.0000,0.0000,0.0000,0.108400,0.000000,0.000000,0.060000,0.000000,0.000000,0.753302,0.272318,0.920167,0.074225,0.000951,0.010714,0.129260,41.517393,40.734481,-2.977854,1.987841,-1.571789,-3.000010,1.889993,-1.589680,0.175595,-0.039577,-0.064550
1778249438.483105,0.693290,0.271428,0.910162,10.0000,0.0000,0.0000,0.109000,0.000000,0.000000,0.060000,0.000000,0.000000,0.753902,0.272318,0.920167,0.074222,0.000955,0.010734,0.129270,41.527357,40.744228,-2.977889,1.987678,-1.571797,-3.000010,1.889993,-1.589788,0.175595,-0.039578,-0.064853
1778249438.493187,0.693552,0.271423,0.910116,10.0000,0.0000,0.0000,0.109600,0.000000,0.000000,0.060000,0.000000,0.000000,0.754502,0.272318,0.920167,0.074222,0.000956,0.010731,0.129279,41.535563,40.752347,-2.977926,1.987512,-1.571805,-3.000010,1.889993,-1.589897,0.175595,-0.039578,-0.065155
1778249438.503467,0.693814,0.271418,0.910070,10.0000,0.0000,0.0000,0.110200,0.000000,0.000000,0.060000,0.000000,0.000000,0.755102,0.272318,0.920167,0.074223,0.000956,0.010728,0.129287,41.542730,40.759361,-2.977962,1.987345,-1.571813,-3.000010,1.889993,-1.590005,0.175595,-0.039579,-0.065451
1778249438.513652,0.694009,0.271415,0.910036,10.0000,0.0000,0.0000,0.110800,0.000000,0.000000,0.060000,0.000000,0.000000,0.755702,0.272318,0.920167,0.074226,0.000955,0.010702,0.129292,41.547175,40.763746,-2.977999,1.987175,-1.571821,-3.000010,1.889993,-1.590114,0.175594,-0.039580,-0.065751
1778249438.523698,0.694269,0.271410,0.909990,10.0000,0.0000,0.0000,0.111400,0.000000,0.000000,0.060000,0.000000,0.000000,0.756302,0.272318,0.920167,0.074227,0.000955,0.010699,0.129297,41.554577,40.771017,-2.978037,1.987002,-1.571830,-3.000010,1.889993,-1.590223,0.175594,-0.039581,-0.066058
1778249438.534065,0.694529,0.271406,0.909945,10.0000,0.0000,0.0000,0.112000,0.000000,0.000000,0.060000,0.000000,0.000000,0.756902,0.272318,0.920167,0.074227,0.000955,0.010694,0.129304,41.561254,40.777478,-2.978075,1.986827,-1.571838,-3.000010,1.889993,-1.590331,0.175594,-0.039582,-0.066357
1778249438.543654,0.694788,0.271402,0.909901,10.0000,0.0000,0.0000,0.112600,0.000000,0.000000,0.060000,0.000000,0.000000,0.757502,0.272318,0.920167,0.074228,0.000954,0.010690,0.129310,41.567970,40.784032,-2.978104,1.986695,-1.571845,-3.000010,1.889993,-1.590440,0.175594,-0.039583,-0.066656
1778249438.553247,0.695047,0.271397,0.909856,10.0000,0.0000,0.0000,0.113200,0.000000,0.000000,0.060000,0.000000,0.000000,0.758102,0.272318,0.920167,0.074229,0.000954,0.010685,0.129316,41.574349,40.790165,-2.978143,1.986516,-1.571854,-3.000010,1.889993,-1.590548,0.175594,-0.039584,-0.066955
1778249438.563195,0.695309,0.271399,0.909804,10.0000,0.0000,0.0000,0.113800,0.000000,0.000000,0.060000,0.000000,0.000000,0.758702,0.272318,0.920167,0.074228,0.000948,0.010688,0.129324,41.653453,40.864941,-2.978183,1.986333,-1.571864,-3.000010,1.889993,-1.590657,0.175593,-0.039585,-0.067260
1778249438.573207,0.695575,0.271403,0.909746,10.0000,0.0000,0.0000,0.114400,0.000000,0.000000,0.060000,0.000000,0.000000,0.759302,0.272318,0.920167,0.074227,0.000939,0.010699,0.129333,41.672637,40.881916,-2.978223,1.986147,-1.571875,-3.000010,1.889993,-1.590766,0.175593,-0.039586,-0.067545
1778249438.585099,0.695777,0.271405,0.909703,10.0000,0.0000,0.0000,0.115000,0.000000,0.000000,0.060000,0.000000,0.000000,0.759902,0.272318,0.920167,0.074229,0.000933,0.010684,0.129340,41.662807,40.871918,-2.978265,1.985960,-1.571886,-3.000010,1.889993,-1.590874,0.175593,-0.039586,-0.067846
1778249438.593968,0.696046,0.271404,0.909648,10.0000,0.0000,0.0000,0.115600,0.000000,0.000000,0.060000,0.000000,0.000000,0.760502,0.272318,0.920167,0.074228,0.000930,0.010691,0.129348,41.645982,40.855515,-2.978306,1.985773,-1.571898,-3.000010,1.889993,-1.590983,0.175593,-0.039586,-0.068138
1778249438.604405,0.696315,0.271401,0.909596,10.0000,0.0000,0.0000,0.116200,0.000000,0.000000,0.060000,0.000000,0.000000,0.761102,0.272318,0.920167,0.074228,0.000928,0.010696,0.129357,41.640518,40.850233,-2.978337,1.985632,-1.571906,-3.000010,1.889993,-1.591091,0.175593,-0.039586,-0.068429
1778249438.613630,0.696516,0.271399,0.909558,10.0000,0.0000,0.0000,0.116800,0.000000,0.000000,0.060000,0.000000,0.000000,0.761702,0.272318,0.920167,0.074230,0.000925,0.010677,0.129362,41.638519,40.848159,-2.978377,1.985446,-1.571918,-3.000010,1.889993,-1.591200,0.175593,-0.039587,-0.068729
1778249438.623690,0.696785,0.271397,0.909508,10.0000,0.0000,0.0000,0.117400,0.000000,0.000000,0.060000,0.000000,0.000000,0.762302,0.272318,0.920167,0.074230,0.000923,0.010679,0.129369,41.641701,40.850773,-2.978407,1.985307,-1.571926,-3.000010,1.889993,-1.591308,0.175593,-0.039588,-0.069020
1778249438.633241,0.697055,0.271394,0.909458,10.0000,0.0000,0.0000,0.118000,0.000000,0.000000,0.060000,0.000000,0.000000,0.762902,0.272318,0.920167,0.074230,0.000921,0.010682,0.129377,41.647560,40.856074,-2.978448,1.985121,-1.571937,-3.000010,1.889993,-1.591417,0.175592,-0.039589,-0.069321
1778249438.645362,0.697325,0.271392,0.909408,10.0000,0.0000,0.0000,0.118600,0.000000,0.000000,0.060000,0.000000,0.000000,0.763502,0.272318,0.920167,0.074229,0.000920,0.010685,0.129386,41.653376,40.861658,-2.978488,1.984935,-1.571947,-3.000010,1.889993,-1.591526,0.175592,-0.039590,-0.069607
1778249438.653807,0.697528,0.271389,0.909370,10.0000,0.0000,0.0000,0.119200,0.000000,0.000000,0.060000,0.000000,0.000000,0.764102,0.272318,0.920167,0.074232,0.000918,0.010665,0.129391,41.657396,40.865334,-2.978519,1.984795,-1.571954,-3.000010,1.889993,-1.591634,0.175592,-0.039591,-0.069911
1778249438.663320,0.697798,0.271384,0.909321,10.0000,0.0000,0.0000,0.119800,0.000000,0.000000,0.060000,0.000000,0.000000,0.764702,0.272318,0.920167,0.074232,0.000918,0.010668,0.129398,41.664096,40.872038,-2.978560,1.984607,-1.571962,-3.000010,1.889993,-1.591743,0.175592,-0.039592,-0.070217
1778249438.673295,0.698068,0.271380,0.909271,10.0000,0.0000,0.0000,0.120400,0.000000,0.000000,0.060000,0.000000,0.000000,0.765302,0.272318,0.920167,0.074232,0.000919,0.010669,0.129405,41.671732,40.879493,-2.978601,1.984418,-1.571971,-3.000010,1.889993,-1.591851,0.175591,-0.039594,-0.070510
1778249438.684374,0.698269,0.271376,0.909234,10.0000,0.0000,0.0000,0.120400,0.000000,0.000000,0.060000,0.000000,0.000000,0.765302,0.272318,0.920167,0.074232,0.000919,0.010669,0.129405,41.671732,40.879493,-2.978643,1.984229,-1.571978,-3.000010,1.889993,-1.591960,0.175591,-0.039595,-0.070812
1778249438.693065,0.698604,0.271371,0.909173,10.0000,0.0000,0.0000,0.121600,0.000000,0.000000,0.060000,0.000000,0.000000,0.766502,0.272318,0.920167,0.074231,0.000920,0.010672,0.129419,41.688285,40.895939,-2.978685,1.984037,-1.571986,-3.000010,1.889993,-1.592068,0.175591,-0.039595,-0.071121
1778249438.703152,0.698871,0.271367,0.909124,10.0000,0.0000,0.0000,0.122200,0.000000,0.000000,0.060000,0.000000,0.000000,0.767102,0.272318,0.920167,0.074231,0.000919,0.010673,0.129428,41.696875,40.904476,-2.978728,1.983844,-1.571993,-3.000010,1.889993,-1.592177,0.175591,-0.039596,-0.071425
1778249438.713515,0.699070,0.271364,0.909087,10.0000,0.0000,0.0000,0.122800,0.000000,0.000000,0.060000,0.000000,0.000000,0.767702,0.272318,0.920167,0.074234,0.000917,0.010654,0.129434,41.709758,40.917105,-2.978760,1.983698,-1.571998,-3.000010,1.889993,-1.592285,0.175591,-0.039597,-0.071734
1778249438.723260,0.699337,0.271361,0.909036,10.0000,0.0000,0.0000,0.123400,0.000000,0.000000,0.060000,0.000000,0.000000,0.768302,0.272318,0.920167,0.074233,0.000916,0.010656,0.129441,41.730712,40.936854,-2.978804,1.983501,-1.572004,-3.000010,1.889993,-1.592394,0.175591,-0.039597,-0.072034
1778249438.733680,0.699539,0.271358,0.908995,10.0000,0.0000,0.0000,0.124000,0.000000,0.000000,0.060000,0.000000,0.000000,0.768902,0.272318,0.920167,0.074236,0.000914,0.010642,0.129446,41.764216,40.968353,-2.978848,1.983302,-1.572011,-3.000010,1.889993,-1.592503,0.175590,-0.039598,-0.072346
1778249438.743680,0.699812,0.271352,0.908934,10.0000,0.0000,0.0000,0.124600,0.000000,0.000000,0.060000,0.000000,0.000000,0.769502,0.272318,0.920167,0.074234,0.000916,0.010654,0.129454,41.802705,41.004591,-2.978883,1.983150,-1.572017,-3.000010,1.889993,-1.592611,0.175591,-0.039597,-0.072650
1778249438.753302,0.700087,0.271344,0.908871,10.0000,0.0000,0.0000,0.125200,0.000000,0.000000,0.060000,0.000000,0.000000,0.770102,0.272318,0.920167,0.074231,0.000921,0.010670,0.129464,41.813720,41.015302,-2.978930,1.982942,-1.572027,-3.000010,1.889993,-1.592720,0.175591,-0.039596,-0.072951
1778249438.763149,0.700360,0.271334,0.908810,10.0000,0.0000,0.0000,0.125800,0.000000,0.000000,0.060000,0.000000,0.000000,0.770702,0.272318,0.920167,0.074230,0.000926,0.010683,0.129475,41.806849,41.009637,-2.978979,1.982731,-1.572038,-3.000010,1.889993,-1.592828,0.175591,-0.039594,-0.073252
1778249438.773936,0.700562,0.271328,0.908767,10.0000,0.0000,0.0000,0.126400,0.000000,0.000000,0.060000,0.000000,0.000000,0.771302,0.272318,0.920167,0.074231,0.000927,0.010670,0.129483,41.795783,41.000054,-2.979028,1.982517,-1.572051,-3.000010,1.889993,-1.592937,0.175592,-0.039591,-0.073543
1778249438.783494,0.700825,0.271324,0.908713,10.0000,0.0000,0.0000,0.127000,0.000000,0.000000,0.060000,0.000000,0.000000,0.771902,0.272318,0.920167,0.074231,0.000927,0.010674,0.129492,41.784134,40.990436,-2.979065,1.982354,-1.572062,-3.000010,1.889993,-1.593045,0.175593,-0.039587,-0.073828
1778249438.793366,0.701081,0.271324,0.908665,10.0000,0.0000,0.0000,0.127600,0.000000,0.000000,0.060000,0.000000,0.000000,0.772502,0.272318,0.920167,0.074231,0.000923,0.010674,0.129500,41.767363,40.976251,-2.979117,1.982134,-1.572077,-3.000010,1.889993,-1.593154,0.175594,-0.039583,-0.074109
1778249438.803073,0.701324,0.271334,0.908628,10.0000,0.0000,0.0000,0.128200,0.000000,0.000000,0.060000,0.000000,0.000000,0.773102,0.272318,0.920167,0.074233,0.000909,0.010661,0.129506,41.714502,40.927243,-2.979166,1.981918,-1.572089,-3.000010,1.889993,-1.593262,0.175595,-0.039579,-0.074400
1778249438.813527,0.701498,0.271353,0.908607,10.0000,0.0000,0.0000,0.128800,0.000000,0.000000,0.060000,0.000000,0.000000,0.773702,0.272318,0.920167,0.074238,0.000887,0.010624,0.129508,41.694984,40.909028,-2.979214,1.981709,-1.572100,-3.000010,1.889993,-1.593371,0.175595,-0.039576,-0.074692
1778249438.824798,0.701720,0.271394,0.908587,10.0000,0.0000,0.0000,0.129400,0.000000,0.000000,0.060000,0.000000,0.000000,0.774302,0.272318,0.920167,0.074243,0.000846,0.010594,0.129507,41.682183,40.896935,-2.979263,1.981502,-1.572112,-3.000010,1.889993,-1.593480,0.175596,-0.039573,-0.074985
1778249438.833546,0.701932,0.271446,0.908571,10.0000,0.0000,0.0000,0.130000,0.000000,0.000000,0.060000,0.000000,0.000000,0.774902,0.272318,0.920167,0.074249,0.000794,0.010559,0.129504,41.679237,40.894875,-2.979300,1.981346,-1.572124,-3.000010,1.889993,-1.593588,0.175597,-0.039567,-0.075270
1778249438.843451,0.702147,0.271490,0.908548,10.0000,0.0000,0.0000,0.130600,0.000000,0.000000,0.060000,0.000000,0.000000,0.775502,0.272318,0.920167,0.074253,0.000751,0.010531,0.129501,41.820979,41.032821,-2.979353,1.981130,-1.572140,-3.000010,1.889993,-1.593697,0.175600,-0.039557,-0.075546
1778249438.854003,0.702392,0.271492,0.908491,10.0000,0.0000,0.0000,0.131200,0.000000,0.000000,0.060000,0.000000,0.000000,0.776102,0.272318,0.920167,0.074252,0.000746,0.010536,0.129502,41.933611,41.138024,-2.979412,1.980890,-1.572150,-3.000010,1.889993,-1.593805,0.175601,-0.039550,-0.075840
1778249438.863513,0.702651,0.271473,0.908431,10.0000,0.0000,0.0000,0.131800,0.000000,0.000000,0.060000,0.000000,0.000000,0.776702,0.272318,0.920167,0.074251,0.000760,0.010547,0.129507,41.886310,41.089758,-2.979471,1.980640,-1.572161,-3.000010,1.889993,-1.593914,0.175604,-0.039540,-0.076130
1778249438.873333,0.702911,0.271455,0.908378,10.0000,0.0000,0.0000,0.132400,0.000000,0.000000,0.060000,0.000000,0.000000,0.777302,0.272318,0.920167,0.074250,0.000772,0.010551,0.129513,41.834924,41.039206,-2.979527,1.980393,-1.572174,-3.000010,1.889993,-1.594022,0.175604,-0.039536,-0.076430
1778249438.883457,0.703106,0.271448,0.908342,10.0000,0.0000,0.0000,0.133000,0.000000,0.000000,0.060000,0.000000,0.000000,0.777902,0.272318,0.920167,0.074253,0.000775,0.010532,0.129518,41.825946,41.029636,-2.979582,1.980152,-1.572190,-3.000010,1.889993,-1.594131,0.175605,-0.039533,-0.076714
1778249438.894186,0.703369,0.271444,0.908293,10.0000,0.0000,0.0000,0.133600,0.000000,0.000000,0.060000,0.000000,0.000000,0.778502,0.272318,0.920167,0.074253,0.000776,0.010533,0.129523,41.834822,41.035924,-2.979635,1.979917,-1.572204,-3.000010,1.889993,-1.594239,0.175606,-0.039530,-0.076994
1778249438.903282,0.703654,0.271449,0.908223,10.0000,0.0000,0.0000,0.134200,0.000000,0.000000,0.060000,0.000000,0.000000,0.779102,0.272318,0.920167,0.074250,0.000768,0.010555,0.129532,42.025271,41.208653,-2.979687,1.979691,-1.572213,-3.000010,1.889993,-1.594348,0.175606,-0.039528,-0.077279
1778249438.913334,0.704051,0.271473,0.908097,10.0000,0.0000,0.0000,0.134800,0.000000,0.000000,0.060000,0.000000,0.000000,0.779702,0.272318,0.920167,0.074238,0.000745,0.010639,0.129551,42.117856,41.287436,-2.979738,1.979473,-1.572216,-3.000010,1.889993,-1.594457,0.175607,-0.039525,-0.077583
1778249438.923645,0.704382,0.271483,0.907999,10.0000,0.0000,0.0000,0.135400,0.000000,0.000000,0.060000,0.000000,0.000000,0.780302,0.272318,0.920167,0.074231,0.000733,0.010690,0.129573,42.029065,41.199415,-2.979788,1.979270,-1.572212,-3.000010,1.889993,-1.594565,0.175608,-0.039518,-0.077906
1778249438.933724,0.704714,0.271479,0.907914,10.0000,0.0000,0.0000,0.136000,0.000000,0.000000,0.060000,0.000000,0.000000,0.780902,0.272318,0.920167,0.074225,0.000735,0.010729,0.129595,41.954555,41.127702,-2.979836,1.979080,-1.572204,-3.000010,1.889993,-1.594674,0.175610,-0.039511,-0.078253
1778249438.943711,0.705040,0.271469,0.907838,10.0000,0.0000,0.0000,0.136600,0.000000,0.000000,0.060000,0.000000,0.000000,0.781502,0.272318,0.920167,0.074220,0.000741,0.010761,0.129616,41.940484,41.117144,-2.979880,1.978901,-1.572195,-3.000010,1.889993,-1.594782,0.175611,-0.039505,-0.078606
1778249438.953085,0.705360,0.271458,0.907765,10.0000,0.0000,0.0000,0.137200,0.000000,0.000000,0.060000,0.000000,0.000000,0.782102,0.272318,0.920167,0.074216,0.000748,0.010789,0.129636,41.947467,41.126393,-2.979923,1.978727,-1.572188,-3.000010,1.889993,-1.594891,0.175612,-0.039501,-0.078949
1778249438.963245,0.705596,0.271451,0.907711,10.0000,0.0000,0.0000,0.137800,0.000000,0.000000,0.060000,0.000000,0.000000,0.782702,0.272318,0.920167,0.074216,0.000751,0.010789,0.129652,41.951947,41.132730,-2.979964,1.978555,-1.572181,-3.000010,1.889993,-1.594999,0.175613,-0.039497,-0.079297
1778249438.973759,0.705981,0.271440,0.907625,10.0000,0.0000,0.0000,0.137800,0.000000,0.000000,0.060000,0.000000,0.000000,0.782702,0.272318,0.920167,0.074216,0.000751,0.010789,0.129652,41.951947,41.132730,-2.980006,1.978384,-1.572174,-3.000010,1.889993,-1.595108,0.175614,-0.039492,-0.079650
1778249438.983439,0.706281,0.271431,0.907560,10.0000,0.0000,0.0000,0.139000,0.000000,0.000000,0.060000,0.000000,0.000000,0.783902,0.272318,0.920167,0.074207,0.000763,0.010854,0.129688,41.962663,41.148619,-2.980047,1.978214,-1.572166,-3.000010,1.889993,-1.595217,0.175615,-0.039489,-0.079991
1778249438.993278,0.706503,0.271425,0.907512,10.0000,0.0000,0.0000,0.139600,0.000000,0.000000,0.060000,0.000000,0.000000,0.784502,0.272318,0.920167,0.074208,0.000766,0.010847,0.129701,41.967567,41.155163,-2.980088,1.978043,-1.572159,-3.000010,1.889993,-1.595325,0.175616,-0.039485,-0.080340
1778249439.003342,0.706792,0.271416,0.907451,10.0000,0.0000,0.0000,0.140000,0.000000,0.000000,0.000000,0.000000,0.000000,0.784902,0.272318,0.920167,0.074021,0.000855,0.012050,0.129848,41.992527,41.181364,-2.980130,1.977871,-1.572151,-3.000010,1.889993,-1.595434,0.175617,-0.039481,-0.080689
1778249439.013499,0.707075,0.271408,0.907392,10.0000,0.0000,0.0000,0.140000,0.000000,0.000000,0.000000,0.000000,0.000000,0.784902,0.272318,0.920167,0.074005,0.000865,0.012148,0.129959,42.014335,41.203952,-2.980172,1.977697,-1.572143,-3.000010,1.889993,-1.595542,0.175618,-0.039477,-0.081037
1778249439.023390,0.707355,0.271402,0.907332,10.0000,0.0000,0.0000,0.140000,0.000000,0.000000,0.000000,0.000000,0.000000,0.784902,0.272318,0.920167,0.073988,0.000874,0.012246,0.130046,42.051551,41.240555,-2.980214,1.977522,-1.572135,-3.000010,1.889993,-1.595651,0.175618,-0.039473,-0.081387
1778249439.033656,0.707633,0.271400,0.907271,10.0000,0.0000,0.0000,0.140000,0.000000,0.000000,0.000000,0.000000,0.000000,0.784902,0.272318,0.920167,0.073972,0.000879,0.012346,0.130118,42.082299,41.270425,-2.980246,1.977389,-1.572129,-3.000010,1.889993,-1.595759,0.175619,-0.039470,-0.081737
1778249439.043103,0.707910,0.271400,0.907209,10.0000,0.0000,0.0000,0.140000,0.000000,0.000000,0.000000,0.000000,0.000000,0.784902,0.272318,0.920167,0.073955,0.000882,0.012446,0.130178,42.096706,41.284867,-2.980289,1.977211,-1.572120,-3.000010,1.889993,-1.595868,0.175620,-0.039466,-0.082088
1778249439.053202,0.708182,0.271400,0.907151,10.0000,0.0000,0.0000,0.140000,0.000000,0.000000,0.000000,0.000000,0.000000,0.784902,0.272318,0.920167,0.073938,0.000884,0.012544,0.130231,42.095753,41.284913,-2.980333,1.977030,-1.572111,-3.000010,1.889993,-1.595977,0.175621,-0.039463,-0.082433
1778249439.063217,0.708451,0.271400,0.907095,10.0000,0.0000,0.0000,0.140000,0.000000,0.000000,0.000000,0.000000,0.000000,0.784902,0.272318,0.920167,0.073922,0.000888,0.012639,0.130279,42.093577,41.284166,-2.980377,1.976848,-1.572103,-3.000010,1.889993,-1.596085,0.175622,-0.039458,-0.082792
1778249439.073245,0.708715,0.271399,0.907044,10.0000,0.0000,0.0000,0.140000,0.000000,0.000000,0.000000,0.000000,0.000000,0.784902,0.272318,0.920167,0.073906,0.000892,0.012730,0.130323,42.092262,41.284016,-2.980422,1.976663,-1.572094,-3.000010,1.889993,-1.596194,0.175623,-0.039454,-0.083144
1778249439.083358,0.708910,0.271397,0.907007,10.0000,0.0000,0.0000,0.140000,0.000000,0.000000,0.000000,0.000000,0.000000,0.784902,0.272318,0.920167,0.073895,0.000896,0.012797,0.130360,42.096801,41.289051,-2.980466,1.976476,-1.572085,-3.000010,1.889993,-1.596302,0.175623,-0.039452,-0.083489
1778249439.093425,0.709168,0.271396,0.906959,10.0000,0.0000,0.0000,0.140000,0.000000,0.000000,0.000000,0.000000,0.000000,0.784902,0.272318,0.920167,0.073880,0.000900,0.012884,0.130397,42.103015,41.295940,-2.980512,1.976285,-1.572076,-3.000010,1.889993,-1.596411,0.175624,-0.039449,-0.083842
1778249439.103650,0.709423,0.271395,0.906914,10.0000,0.0000,0.0000,0.140000,0.000000,0.000000,0.000000,0.000000,0.000000,0.784902,0.272318,0.920167,0.073865,0.000904,0.012969,0.130432,42.107946,41.301317,-2.980558,1.976091,-1.572068,-3.000010,1.889993,-1.596519,0.175625,-0.039446,-0.084192
1778249439.113702,0.709675,0.271394,0.906870,10.0000,0.0000,0.0000,0.140000,0.000000,0.000000,0.000000,0.000000,0.000000,0.784902,0.272318,0.920167,0.073850,0.000908,0.013053,0.130466,42.113342,41.307016,-2.980604,1.975894,-1.572059,-3.000010,1.889993,-1.596628,0.175625,-0.039443,-0.084544
1778249439.123650,0.709925,0.271393,0.906828,10.0000,0.0000,0.0000,0.140000,0.000000,0.000000,0.000000,0.000000,0.000000,0.784902,0.272318,0.920167,0.073835,0.000911,0.013136,0.130500,42.120250,41.314254,-2.980639,1.975744,-1.572052,-3.000010,1.889993,-1.596737,0.175626,-0.039441,-0.084896
1778249439.133355,0.710174,0.271393,0.906786,10.0000,0.0000,0.0000,0.140000,0.000000,0.000000,0.000000,0.000000,0.000000,0.784902,0.272318,0.920167,0.073820,0.000914,0.013218,0.130533,42.136816,41.330420,-2.980687,1.975542,-1.572044,-3.000010,1.889993,-1.596845,0.175626,-0.039439,-0.085248
1778249439.143303,0.710355,0.271386,0.906763,10.0000,0.0000,0.0000,0.140000,0.000000,0.000000,0.000000,0.000000,0.000000,0.784902,0.272318,0.920167,0.073811,0.000923,0.013272,0.130561,42.018531,41.220453,-2.980733,1.975341,-1.572036,-3.000010,1.889993,-1.596954,0.175626,-0.039439,-0.085594
1778249439.153988,0.710578,0.271342,0.906768,10.0000,0.0000,0.0000,0.140000,0.000000,0.000000,0.000000,0.000000,0.000000,0.784902,0.272318,0.920167,0.073804,0.000969,0.013305,0.130586,41.814199,41.028039,-2.980776,1.975156,-1.572032,-3.000010,1.889993,-1.597062,0.175627,-0.039437,-0.085938
1778249439.163143,0.710798,0.271280,0.906783,10.0000,0.0000,0.0000,0.140000,0.000000,0.000000,0.000000,0.000000,0.000000,0.784902,0.272318,0.920167,0.073799,0.001033,0.013329,0.130607,41.822315,41.034163,-2.980806,1.975020,-1.572031,-3.000010,1.889993,-1.597171,0.175627,-0.039436,-0.086273
1778249439.173345,0.711027,0.271229,0.906786,10.0000,0.0000,0.0000,0.140000,0.000000,0.000000,0.000000,0.000000,0.000000,0.784902,0.272318,0.920167,0.073792,0.001088,0.013365,0.130626,41.918175,41.122893,-2.980845,1.974839,-1.572031,-3.000010,1.889993,-1.597279,0.175626,-0.039439,-0.086602
1778249439.183419,0.711268,0.271196,0.906774,10.0000,0.0000,0.0000,0.140000,0.000000,0.000000,0.000000,0.000000,0.000000,0.784902,0.272318,0.920167,0.073781,0.001125,0.013419,0.130647,42.006786,41.204415,-2.980883,1.974659,-1.572033,-3.000010,1.889993,-1.597388,0.175625,-0.039444,-0.086924
1778249439.193642,0.711517,0.271177,0.906752,10.0000,0.0000,0.0000,0.140000,0.000000,0.000000,0.000000,0.000000,0.000000,0.784902,0.272318,0.920167,0.073769,0.001147,0.013485,0.130669,42.059705,41.253515,-2.980920,1.974485,-1.572035,-3.000010,1.889993,-1.597496,0.175624,-0.039448,-0.087244
1778249439.203144,0.711769,0.271166,0.906727,10.0000,0.0000,0.0000,0.140000,0.000000,0.000000,0.000000,0.000000,0.000000,0.784902,0.272318,0.920167,0.073756,0.001162,0.013555,0.130693,42.079889,41.272103,-2.980957,1.974318,-1.572037,-3.000010,1.889993,-1.597605,0.175623,-0.039452,-0.087563
1778249439.213864,0.711959,0.271159,0.906707,10.0000,0.0000,0.0000,0.140000,0.000000,0.000000,0.000000,0.000000,0.000000,0.784902,0.272318,0.920167,0.073746,0.001172,0.013608,0.130715,42.086085,41.277530,-2.980993,1.974154,-1.572040,-3.000010,1.889993,-1.597714,0.175623,-0.039453,-0.087882
1778249439.224025,0.712214,0.271148,0.906680,10.0000,0.0000,0.0000,0.140000,0.000000,0.000000,0.000000,0.000000,0.000000,0.784902,0.272318,0.920167,0.073732,0.001187,0.013680,0.130739,42.092400,41.283037,-2.981029,1.973993,-1.572043,-3.000010,1.889993,-1.597822,0.175623,-0.039454,-0.088198
1778249439.233446,0.712472,0.271135,0.906653,10.0000,0.0000,0.0000,0.140000,0.000000,0.000000,0.000000,0.000000,0.000000,0.784902,0.272318,0.920167,0.073718,0.001204,0.013754,0.130764,42.113598,41.303310,-2.981056,1.973873,-1.572046,-3.000010,1.889993,-1.597931,0.175623,-0.039454,-0.088513
1778249439.243464,0.712731,0.271123,0.906623,10.0000,0.0000,0.0000,0.140000,0.000000,0.000000,0.000000,0.000000,0.000000,0.784902,0.272318,0.920167,0.073704,0.001221,0.013831,0.130790,42.125989,41.314752,-2.981091,1.973714,-1.572052,-3.000010,1.889993,-1.598039,0.175623,-0.039454,-0.088827
1778249439.253479,0.712994,0.271112,0.906592,10.0000,0.0000,0.0000,0.140000,0.000000,0.000000,0.000000,0.000000,0.000000,0.784902,0.272318,0.920167,0.073688,0.001236,0.013910,0.130817,42.148035,41.335001,-2.981126,1.973558,-1.572061,-3.000010,1.889993,-1.598148,0.175623,-0.039454,-0.089125
1778249439.263601,0.713258,0.271102,0.906559,10.0000,0.0000,0.0000,0.140000,0.000000,0.000000,0.000000,0.000000,0.000000,0.784902,0.272318,0.920167,0.073672,0.001251,0.013993,0.130845,42.168136,41.354289,-2.981160,1.973405,-1.572072,-3.000010,1.889993,-1.598256,0.175623,-0.039453,-0.089419
1778249439.273319,0.713521,0.271094,0.906526,10.0000,0.0000,0.0000,0.140000,0.000000,0.000000,0.000000,0.000000,0.000000,0.784902,0.272318,0.920167,0.073656,0.001263,0.014076,0.130873,42.180574,41.366801,-2.981194,1.973253,-1.572085,-3.000010,1.889993,-1.598365,0.175623,-0.039451,-0.089709
1778249439.283499,0.713718,0.271088,0.906501,10.0000,0.0000,0.0000,0.140000,0.000000,0.000000,0.000000,0.000000,0.000000,0.784902,0.272318,0.920167,0.073644,0.001273,0.014138,0.130899,42.188355,41.374877,-2.981229,1.973101,-1.572097,-3.000010,1.889993,-1.598473,0.175624,-0.039450,-0.090005
1778249439.293891,0.713978,0.271080,0.906469,10.0000,0.0000,0.0000,0.140000,0.000000,0.000000,0.000000,0.000000,0.000000,0.784902,0.272318,0.920167,0.073628,0.001285,0.014220,0.130927,42.200219,41.387375,-2.981254,1.972988,-1.572106,-3.000010,1.889993,-1.598582,0.175624,-0.039448,-0.090293
1778249439.303237,0.714171,0.271075,0.906445,10.0000,0.0000,0.0000,0.140000,0.000000,0.000000,0.000000,0.000000,0.000000,0.784902,0.272318,0.920167,0.073616,0.001293,0.014281,0.130952,42.211046,41.398741,-2.981288,1.972836,-1.572119,-3.000010,1.889993,-1.598690,0.175625,-0.039446,-0.090591
1778249439.313868,0.714425,0.271070,0.906415,10.0000,0.0000,0.0000,0.140000,0.000000,0.000000,0.000000,0.000000,0.000000,0.784902,0.272318,0.920167,0.073616,0.001293,0.014281,0.130952,42.211046,41.398741,-2.981323,1.972683,-1.572133,-3.000010,1.889993,-1.598799,0.175625,-0.039444,-0.090876
1778249439.323809,0.714676,0.271064,0.906386,10.0000,0.0000,0.0000,0.140000,0.000000,0.000000,0.000000,0.000000,0.000000,0.784902,0.272318,0.920167,0.073585,0.001314,0.014440,0.131005,42.232684,41.421886,-2.981349,1.972566,-1.572142,-3.000010,1.889993,-1.598907,0.175626,-0.039442,-0.091160
1778249439.333139,0.714923,0.271059,0.906358,10.0000,0.0000,0.0000,0.140000,0.000000,0.000000,0.000000,0.000000,0.000000,0.784902,0.272318,0.920167,0.073570,0.001324,0.014518,0.131031,42.244974,41.434950,-2.981385,1.972409,-1.572155,-3.000010,1.889993,-1.599015,0.175626,-0.039440,-0.091456
1778249439.343911,0.715107,0.271055,0.906337,10.0000,0.0000,0.0000,0.140000,0.000000,0.000000,0.000000,0.000000,0.000000,0.784902,0.272318,0.920167,0.073558,0.001331,0.014575,0.131056,42.252730,41.443403,-2.981421,1.972248,-1.572169,-3.000010,1.889993,-1.599124,0.175626,-0.039438,-0.091741
1778249439.353944,0.715348,0.271051,0.906311,10.0000,0.0000,0.0000,0.140000,0.000000,0.000000,0.000000,0.000000,0.000000,0.784902,0.272318,0.920167,0.073543,0.001340,0.014650,0.131081,42.260855,41.452204,-2.981449,1.972126,-1.572180,-3.000010,1.889993,-1.599232,0.175627,-0.039436,-0.092024
1778249439.363161,0.715527,0.271047,0.906293,10.0000,0.0000,0.0000,0.140000,0.000000,0.000000,0.000000,0.000000,0.000000,0.784902,0.272318,0.920167,0.073532,0.001347,0.014705,0.131104,42.268795,41.460455,-2.981486,1.971959,-1.572194,-3.000010,1.889993,-1.599341,0.175627,-0.039434,-0.092317
1778249439.374060,0.715764,0.271043,0.906269,10.0000,0.0000,0.0000,0.140000,0.000000,0.000000,0.000000,0.000000,0.000000,0.784902,0.272318,0.920167,0.073532,0.001347,0.014705,0.131104,42.268795,41.460455,-2.981524,1.971789,-1.572208,-3.000010,1.889993,-1.599449,0.175628,-0.039432,-0.092601
1778249439.383729,0.715997,0.271039,0.906247,10.0000,0.0000,0.0000,0.140000,0.000000,0.000000,0.000000,0.000000,0.000000,0.784902,0.272318,0.920167,0.073503,0.001365,0.014849,0.131152,42.284981,41.477852,-2.981553,1.971658,-1.572219,-3.000010,1.889993,-1.599558,0.175628,-0.039431,-0.092882
1778249439.393436,0.716232,0.271031,0.906221,10.0000,0.0000,0.0000,0.140000,0.000000,0.000000,0.000000,0.000000,0.000000,0.784902,0.272318,0.920167,0.073487,0.001378,0.014924,0.131176,42.347663,41.537485,-2.981593,1.971480,-1.572233,-3.000010,1.889993,-1.599666,0.175628,-0.039430,-0.093165
1778249439.403574,0.716476,0.271014,0.906184,10.0000,0.0000,0.0000,0.140000,0.000000,0.000000,0.000000,0.000000,0.000000,0.784902,0.272318,0.920167,0.073469,0.001400,0.015014,0.131203,42.400591,41.586381,-2.981635,1.971292,-1.572249,-3.000010,1.889993,-1.599775,0.175629,-0.039429,-0.093457
1778249439.413740,0.716724,0.270995,0.906144,10.0000,0.0000,0.0000,0.140000,0.000000,0.000000,0.000000,0.000000,0.000000,0.784902,0.272318,0.920167,0.073449,0.001426,0.015107,0.131230,42.400339,41.585096,-2.981677,1.971101,-1.572268,-3.000010,1.889993,-1.599883,0.175629,-0.039426,-0.093718
1778249439.423320,0.716971,0.270978,0.906108,10.0000,0.0000,0.0000,0.140000,0.000000,0.000000,0.000000,0.000000,0.000000,0.784902,0.272318,0.920167,0.073430,0.001449,0.015197,0.131259,42.382203,41.567835,-2.981719,1.970908,-1.572287,-3.000010,1.889993,-1.599991,0.175629,-0.039425,-0.093986
1778249439.433209,0.717215,0.270965,0.906077,10.0000,0.0000,0.0000,0.140000,0.000000,0.000000,0.000000,0.000000,0.000000,0.784902,0.272318,0.920167,0.073412,0.001467,0.015282,0.131287,42.372419,41.559117,-2.981761,1.970715,-1.572305,-3.000010,1.889993,-1.600100,0.175629,-0.039425,-0.094268
1778249439.443384,0.717396,0.270957,0.906055,10.0000,0.0000,0.0000,0.140000,0.000000,0.000000,0.000000,0.000000,0.000000,0.784902,0.272318,0.920167,0.073399,0.001480,0.015343,0.131312,42.371633,41.558873,-2.981803,1.970520,-1.572323,-3.000010,1.889993,-1.600208,0.175629,-0.039426,-0.094537
1778249439.454063,0.717635,0.270948,0.906029,10.0000,0.0000,0.0000,0.140000,0.000000,0.000000,0.000000,0.000000,0.000000,0.784902,0.272318,0.920167,0.073382,0.001495,0.015423,0.131338,42.372590,41.560429,-2.981846,1.970322,-1.572340,-3.000010,1.889993,-1.600317,0.175629,-0.039426,-0.094810
1778249439.463727,0.717875,0.270940,0.906000,10.0000,0.0000,0.0000,0.140000,0.000000,0.000000,0.000000,0.000000,0.000000,0.784902,0.272318,0.920167,0.073364,0.001508,0.015506,0.131364,42.444241,41.628673,-2.981879,1.970172,-1.572353,-3.000010,1.889993,-1.600425,0.175629,-0.039427,-0.095084
1778249439.473160,0.718122,0.270940,0.905958,10.0000,0.0000,0.0000,0.140000,0.000000,0.000000,0.000000,0.000000,0.000000,0.784902,0.272318,0.920167,0.073343,0.001513,0.015606,0.131391,42.513459,41.692644,-2.981923,1.969966,-1.572366,-3.000010,1.889993,-1.600534,0.175628,-0.039429,-0.095362
1778249439.483367,0.718311,0.270941,0.905924,10.0000,0.0000,0.0000,0.140000,0.000000,0.000000,0.000000,0.000000,0.000000,0.784902,0.272318,0.920167,0.073326,0.001516,0.015683,0.131418,42.501110,41.679151,-2.981967,1.969761,-1.572377,-3.000010,1.889993,-1.600642,0.175628,-0.039431,-0.095659
1778249439.493753,0.718563,0.270940,0.905886,10.0000,0.0000,0.0000,0.140000,0.000000,0.000000,0.000000,0.000000,0.000000,0.784902,0.272318,0.920167,0.073305,0.001522,0.015780,0.131445,42.455661,41.635097,-2.982000,1.969610,-1.572383,-3.000010,1.889993,-1.600750,0.175627,-0.039434,-0.095954
1778249439.503168,0.718815,0.270940,0.905855,10.0000,0.0000,0.0000,0.140000,0.000000,0.000000,0.000000,0.000000,0.000000,0.784902,0.272318,0.920167,0.073286,0.001528,0.015871,0.131472,42.432740,41.611999,-2.982042,1.969417,-1.572387,-3.000010,1.889993,-1.600859,0.175627,-0.039436,-0.096265
1778249439.513235,0.719072,0.270937,0.905825,10.0000,0.0000,0.0000,0.140000,0.000000,0.000000,0.000000,0.000000,0.000000,0.784902,0.272318,0.920167,0.073266,0.001537,0.015962,0.131500,42.426816,41.604146,-2.982084,1.969229,-1.572389,-3.000010,1.889993,-1.600967,0.175626,-0.039438,-0.096577
1778249439.523414,0.719269,0.270933,0.905801,10.0000,0.0000,0.0000,0.140000,0.000000,0.000000,0.000000,0.000000,0.000000,0.784902,0.272318,0.920167,0.073266,0.001537,0.015962,0.131500,42.426816,41.604146,-2.982124,1.969045,-1.572388,-3.000010,1.889993,-1.601076,0.175626,-0.039440,-0.096901
1778249439.533808,0.719539,0.270930,0.905762,10.0000,0.0000,0.0000,0.140000,0.000000,0.000000,0.000000,0.000000,0.000000,0.784902,0.272318,0.920167,0.073227,0.001555,0.016138,0.131552,42.496380,41.666687,-2.982154,1.968910,-1.572385,-3.000010,1.889993,-1.601184,0.175626,-0.039442,-0.097230
1778249439.543321,0.719815,0.270928,0.905720,10.0000,0.0000,0.0000,0.140000,0.000000,0.000000,0.000000,0.000000,0.000000,0.784902,0.272318,0.920167,0.073202,0.001563,0.016248,0.131580,42.505917,41.674453,-2.982193,1.968734,-1.572380,-3.000010,1.889993,-1.601292,0.175625,-0.039444,-0.097566
1778249439.553419,0.720022,0.270927,0.905690,10.0000,0.0000,0.0000,0.140000,0.000000,0.000000,0.000000,0.000000,0.000000,0.784902,0.272318,0.920167,0.073184,0.001569,0.016330,0.131607,42.497764,41.666483,-2.982231,1.968564,-1.572373,-3.000010,1.889993,-1.601401,0.175625,-0.039446,-0.097905
1778249439.565984,0.720298,0.270924,0.905654,10.0000,0.0000,0.0000,0.140000,0.000000,0.000000,0.000000,0.000000,0.000000,0.784902,0.272318,0.920167,0.073160,0.001579,0.016435,0.131634,42.485515,41.655775,-2.982268,1.968400,-1.572365,-3.000010,1.889993,-1.601509,0.175624,-0.039448,-0.098252
1778249439.573796,0.720568,0.270923,0.905622,10.0000,0.0000,0.0000,0.140000,0.000000,0.000000,0.000000,0.000000,0.000000,0.784902,0.272318,0.920167,0.073137,0.001586,0.016536,0.131662,42.481646,41.653678,-2.982295,1.968281,-1.572358,-3.000010,1.889993,-1.601618,0.175624,-0.039450,-0.098603
1778249439.583492,0.720835,0.270928,0.905592,10.0000,0.0000,0.0000,0.140000,0.000000,0.000000,0.000000,0.000000,0.000000,0.784902,0.272318,0.920167,0.073115,0.001586,0.016633,0.131690,42.486669,41.659086,-2.982330,1.968127,-1.572349,-3.000010,1.889993,-1.601726,0.175623,-0.039451,-0.098957
1778249439.593333,0.721035,0.270932,0.905571,10.0000,0.0000,0.0000,0.140000,0.000000,0.000000,0.000000,0.000000,0.000000,0.784902,0.272318,0.920167,0.073115,0.001586,0.016633,0.131690,42.486669,41.659086,-2.982365,1.967979,-1.572340,-3.000010,1.889993,-1.601834,0.175623,-0.039452,-0.099307
1778249439.603291,0.721301,0.270936,0.905543,10.0000,0.0000,0.0000,0.140000,0.000000,0.000000,0.000000,0.000000,0.000000,0.784902,0.272318,0.920167,0.073076,0.001588,0.016802,0.131740,42.500927,41.673409,-2.982390,1.967869,-1.572333,-3.000010,1.889993,-1.601943,0.175623,-0.039452,-0.099653
1778249439.614123,0.721500,0.270937,0.905524,10.0000,0.0000,0.0000,0.140000,0.000000,0.000000,0.000000,0.000000,0.000000,0.784902,0.272318,0.920167,0.073076,0.001588,0.016802,0.131740,42.500927,41.673409,-2.982424,1.967724,-1.572324,-3.000010,1.889993,-1.602051,0.175624,-0.039451,-0.100005
1778249439.623415,0.721825,0.270938,0.905494,10.0000,0.0000,0.0000,0.140000,0.000000,0.000000,0.000000,0.000000,0.000000,0.784902,0.272318,0.920167,0.073033,0.001598,0.016989,0.131790,42.509242,41.684222,-2.982458,1.967580,-1.572315,-3.000010,1.889993,-1.602159,0.175624,-0.039449,-0.100358
1778249439.633251,0.722017,0.270938,0.905477,10.0000,0.0000,0.0000,0.140000,0.000000,0.000000,0.000000,0.000000,0.000000,0.784902,0.272318,0.920167,0.073017,0.001602,0.017056,0.131813,42.518087,41.694019,-2.982492,1.967436,-1.572305,-3.000010,1.889993,-1.602268,0.175624,-0.039448,-0.100711
1778249439.643567,0.722331,0.270940,0.905452,0.0000,0.0000,0.0000,0.140000,0.000000,0.000000,0.000000,0.000000,0.000000,0.784902,0.272318,0.920167,0.072992,0.001608,0.017165,0.131838,42.531138,41.708666,-2.982527,1.967291,-1.572297,-3.000010,1.889993,-1.602376,0.175625,-0.039446,-0.101063
1778249439.653639,0.722578,0.270941,0.905434,0.0000,0.0000,0.0000,0.140000,0.000000,0.000000,0.000000,0.000000,0.000000,0.784902,0.272318,0.920167,0.072972,0.001612,0.017250,0.131863,42.543874,41.722450,-2.982561,1.967145,-1.572288,-3.000010,1.889993,-1.602480,0.175625,-0.039444,-0.100972
1778249439.663172,0.722819,0.270944,0.905417,0.0000,0.0000,0.0000,0.140000,0.000000,0.000000,0.000000,0.000000,0.000000,0.784902,0.272318,0.920167,0.072952,0.001615,0.017332,0.131887,42.554434,41.734002,-2.982597,1.966997,-1.572280,-3.000010,1.889993,-1.602577,0.175626,-0.039442,-0.100602
1778249439.673319,0.723058,0.270947,0.905402,0.0000,0.0000,0.0000,0.140000,0.000000,0.000000,0.000000,0.000000,0.000000,0.784902,0.272318,0.920167,0.072933,0.001618,0.017412,0.131910,42.563993,41.744436,-2.982633,1.966846,-1.572272,-3.000010,1.889993,-1.602666,0.175626,-0.039439,-0.100068
1778249439.683333,0.723234,0.270949,0.905392,0.0000,0.0000,0.0000,0.140000,0.000000,0.000000,0.000000,0.000000,0.000000,0.784902,0.272318,0.920167,0.072919,0.001619,0.017471,0.131930,42.572273,41.753256,-2.982669,1.966693,-1.572265,-3.000010,1.889993,-1.602747,0.175627,-0.039437,-0.099447
1778249439.693230,0.723523,0.270953,0.905377,0.0000,0.0000,0.0000,0.140000,0.000000,0.000000,0.000000,0.000000,0.000000,0.784902,0.272318,0.920167,0.072896,0.001621,0.017565,0.131952,42.580772,41.762748,-2.982706,1.966537,-1.572259,-3.000010,1.889993,-1.602818,0.175627,-0.039435,-0.098801
1778249439.703002,0.723750,0.270957,0.905366,0.0000,0.0000,0.0000,0.140000,0.000000,0.000000,0.000000,0.000000,0.000000,0.784902,0.272318,0.920167,0.072878,0.001622,0.017639,0.131973,42.591082,41.773769,-2.982744,1.966378,-1.572252,-3.000010,1.889993,-1.602881,0.175628,-0.039431,-0.098169
1778249439.713546,0.723919,0.270961,0.905359,0.0000,0.0000,0.0000,0.140000,0.000000,0.000000,0.000000,0.000000,0.000000,0.784902,0.272318,0.920167,0.072865,0.001622,0.017693,0.131992,42.598161,41.781170,-2.982783,1.966215,-1.572247,-3.000010,1.889993,-1.602936,0.175628,-0.039429,-0.097557
1778249439.723962,0.724142,0.270966,0.905351,0.0000,0.0000,0.0000,0.140000,0.000000,0.000000,0.000000,0.000000,0.000000,0.784902,0.272318,0.920167,0.072848,0.001621,0.017763,0.132011,42.604276,41.787733,-2.982812,1.966091,-1.572244,-3.000010,1.889993,-1.602984,0.175629,-0.039426,-0.096992
1778249439.733350,0.724362,0.270970,0.905344,0.0000,0.0000,0.0000,0.140000,0.000000,0.000000,0.000000,0.000000,0.000000,0.784902,0.272318,0.920167,0.072831,0.001622,0.017832,0.132029,42.612311,41.796177,-2.982852,1.965922,-1.572239,-3.000010,1.889993,-1.603025,0.175630,-0.039423,-0.096475
1778249439.743556,0.724580,0.270976,0.905339,0.0000,0.0000,0.0000,0.140000,0.000000,0.000000,0.000000,0.000000,0.000000,0.784902,0.272318,0.920167,0.072815,0.001620,0.017899,0.132047,42.620382,41.804701,-2.982892,1.965750,-1.572236,-3.000010,1.889993,-1.603060,0.175630,-0.039420,-0.096016
1778249439.753337,0.724795,0.270982,0.905335,0.0000,0.0000,0.0000,0.140000,0.000000,0.000000,0.000000,0.000000,0.000000,0.784902,0.272318,0.920167,0.072799,0.001619,0.017964,0.132065,42.626219,41.810880,-2.982934,1.965573,-1.572234,-3.000010,1.889993,-1.603060,0.175631,-0.039417,-0.092477
1778249439.763387,0.724956,0.270986,0.905332,0.0000,0.0000,0.0000,0.140000,0.000000,0.000000,0.000000,0.000000,0.000000,0.784902,0.272318,0.920167,0.072787,0.001618,0.018012,0.132080,42.631368,41.816394,-2.982975,1.965393,-1.572232,-3.000010,1.889993,-1.603060,0.175632,-0.039415,-0.092482
1778249439.773464,0.725220,0.270990,0.905332,0.0000,0.0000,0.0000,0.140000,0.000000,0.000000,0.000000,0.000000,0.000000,0.784902,0.272318,0.920167,0.072768,0.001619,0.018087,0.132097,42.615440,41.802453,-2.983018,1.965210,-1.572230,-3.000010,1.889993,-1.603060,0.175632,-0.039413,-0.092488
1778249439.783359,0.725426,0.270990,0.905338,0.0000,0.0000,0.0000,0.140000,0.000000,0.000000,0.000000,0.000000,0.000000,0.784902,0.272318,0.920167,0.072755,0.001625,0.018140,0.132113,42.600953,41.790014,-2.983061,1.965025,-1.572228,-3.000010,1.889993,-1.603060,0.175633,-0.039409,-0.092494
1778249439.793842,0.725579,0.270986,0.905345,0.0000,0.0000,0.0000,0.140000,0.000000,0.000000,0.000000,0.000000,0.000000,0.784902,0.272318,0.920167,0.072746,0.001633,0.018176,0.132127,42.597318,41.787460,-2.983105,1.964837,-1.572227,-3.000010,1.889993,-1.603060,0.175633,-0.039407,-0.092497
1778249439.803804,0.725780,0.270982,0.905354,0.0000,0.0000,0.0000,0.140000,0.000000,0.000000,0.000000,0.000000,0.000000,0.784902,0.272318,0.920167,0.072734,0.001644,0.018223,0.132140,42.610518,41.800978,-2.983149,1.964643,-1.572226,-3.000010,1.889993,-1.603060,0.175634,-0.039405,-0.092502
1778249439.814682,0.725980,0.270980,0.905363,0.0000,0.0000,0.0000,0.140000,0.000000,0.000000,0.000000,0.000000,0.000000,0.784902,0.272318,0.920167,0.072734,0.001644,0.018223,0.132140,42.610518,41.800978,-2.983183,1.964494,-1.572227,-3.000010,1.889993,-1.603060,0.175634,-0.039405,-0.092502
1778249439.823627,0.726183,0.270989,0.905361,0.0000,0.0000,0.0000,0.140000,0.000000,0.000000,0.000000,0.000000,0.000000,0.784902,0.272318,0.920167,0.072706,0.001646,0.018332,0.132167,42.725396,41.909868,-2.983228,1.964289,-1.572230,-3.000010,1.889993,-1.603060,0.175634,-0.039405,-0.092497
1778249439.833309,0.726390,0.271003,0.905355,0.0000,0.0000,0.0000,0.140000,0.000000,0.000000,0.000000,0.000000,0.000000,0.784902,0.272318,0.920167,0.072689,0.001633,0.018401,0.132182,42.747759,41.929728,-2.983275,1.964077,-1.572233,-3.000010,1.889993,-1.603060,0.175633,-0.039407,-0.092487
1778249439.843158,0.726547,0.271018,0.905347,0.0000,0.0000,0.0000,0.140000,0.000000,0.000000,0.000000,0.000000,0.000000,0.784902,0.272318,0.920167,0.072676,0.001620,0.018456,0.132196,42.784395,41.963827,-2.983323,1.963860,-1.572235,-3.000010,1.889993,-1.603060,0.175633,-0.039408,-0.092481
1778249439.853988,0.726760,0.271044,0.905331,0.0000,0.0000,0.0000,0.140000,0.000000,0.000000,0.000000,0.000000,0.000000,0.784902,0.272318,0.920167,0.072655,0.001592,0.018539,0.132212,42.839920,42.015905,-2.983373,1.963635,-1.572240,-3.000010,1.889993,-1.603060,0.175633,-0.039410,-0.092473
1778249439.863922,0.726975,0.271078,0.905309,0.0000,0.0000,0.0000,0.140000,0.000000,0.000000,0.000000,0.000000,0.000000,0.784902,0.272318,0.920167,0.072655,0.001592,0.018539,0.132212,42.839920,42.015905,-2.983424,1.963402,-1.572245,-3.000010,1.889993,-1.603060,0.175632,-0.039412,-0.092459
1778249439.873658,0.727175,0.271096,0.905309,0.0000,0.0000,0.0000,0.140000,0.000000,0.000000,0.000000,0.000000,0.000000,0.784902,0.272318,0.920167,0.072633,0.001555,0.018629,0.132229,42.870068,42.044041,-2.983476,1.963175,-1.572245,-3.000010,1.889993,-1.603060,0.175632,-0.039413,-0.092445
1778249439.883744,0.727359,0.271090,0.905334,0.0000,0.0000,0.0000,0.140000,0.000000,0.000000,0.000000,0.000000,0.000000,0.784902,0.272318,0.920167,0.072611,0.001550,0.018717,0.132259,42.584318,41.781563,-2.983515,1.963007,-1.572243,-3.000010,1.889993,-1.603060,0.175632,-0.039411,-0.092449
1778249439.893426,0.727544,0.271076,0.905365,0.0000,0.0000,0.0000,0.140000,0.000000,0.000000,0.000000,0.000000,0.000000,0.784902,0.272318,0.920167,0.072605,0.001573,0.018737,0.132270,42.594257,41.789541,-2.983565,1.962781,-1.572239,-3.000010,1.889993,-1.603060,0.175632,-0.039411,-0.092458
1778249439.903498,0.727737,0.271066,0.905387,0.0000,0.0000,0.0000,0.140000,0.000000,0.000000,0.000000,0.000000,0.000000,0.784902,0.272318,0.920167,0.072596,0.001591,0.018770,0.132280,42.654660,41.844434,-2.983616,1.962551,-1.572237,-3.000010,1.889993,-1.603060,0.175632,-0.039413,-0.092465
1778249439.913657,0.727941,0.271062,0.905399,0.0000,0.0000,0.0000,0.140000,0.000000,0.000000,0.000000,0.000000,0.000000,0.784902,0.272318,0.920167,0.072583,0.001601,0.018817,0.132291,42.701073,41.885694,-2.983666,1.962320,-1.572234,-3.000010,1.889993,-1.603060,0.175631,-0.039419,-0.092475
1778249439.923258,0.728152,0.271062,0.905407,0.0000,0.0000,0.0000,0.140000,0.000000,0.000000,0.000000,0.000000,0.000000,0.784902,0.272318,0.920167,0.072568,0.001606,0.018874,0.132302,42.714476,41.895929,-2.983716,1.962090,-1.572231,-3.000010,1.889993,-1.603060,0.175630,-0.039423,-0.092482
1778249439.933491,0.728371,0.271060,0.905413,0.0000,0.0000,0.0000,0.140000,0.000000,0.000000,0.000000,0.000000,0.000000,0.784902,0.272318,0.920167,0.072552,0.001614,0.018935,0.132314,42.705724,41.885243,-2.983765,1.961865,-1.572227,-3.000010,1.889993,-1.603060,0.175629,-0.039429,-0.092494
1778249439.943581,0.728596,0.271056,0.905420,0.0000,0.0000,0.0000,0.140000,0.000000,0.000000,0.000000,0.000000,0.000000,0.784902,0.272318,0.920167,0.072536,0.001627,0.018997,0.132326,42.698021,41.876007,-2.983813,1.961645,-1.572221,-3.000010,1.889993,-1.603060,0.175627,-0.039433,-0.092509
1778249439.953309,0.728826,0.271048,0.905427,0.0000,0.0000,0.0000,0.140000,0.000000,0.000000,0.000000,0.000000,0.000000,0.784902,0.272318,0.920167,0.072519,0.001643,0.019062,0.132339,42.697393,41.873446,-2.983860,1.961432,-1.572215,-3.000010,1.889993,-1.603060,0.175626,-0.039439,-0.092527
1778249439.963347,0.729002,0.271041,0.905432,0.0000,0.0000,0.0000,0.140000,0.000000,0.000000,0.000000,0.000000,0.000000,0.784902,0.272318,0.920167,0.072505,0.001656,0.019112,0.132351,42.704908,41.880540,-2.983905,1.961225,-1.572206,-3.000010,1.889993,-1.603060,0.175625,-0.039443,-0.092544
1778249439.973872,0.729233,0.271037,0.905438,0.0000,0.0000,0.0000,0.140000,0.000000,0.000000,0.000000,0.000000,0.000000,0.784902,0.272318,0.920167,0.072487,0.001668,0.019178,0.132364,42.719941,41.896120,-2.983938,1.961075,-1.572198,-3.000010,1.889993,-1.603060,0.175624,-0.039448,-0.092572
1778249439.983241,0.729462,0.271037,0.905445,0.0000,0.0000,0.0000,0.140000,0.000000,0.000000,0.000000,0.000000,0.000000,0.784902,0.272318,0.920167,0.072470,0.001675,0.019244,0.132377,42.733503,41.910125,-2.983980,1.960879,-1.572187,-3.000010,1.889993,-1.603060,0.175623,-0.039452,-0.092595
1778249439.993318,0.729690,0.271038,0.905453,0.0000,0.0000,0.0000,0.140000,0.000000,0.000000,0.000000,0.000000,0.000000,0.784902,0.272318,0.920167,0.072452,0.001680,0.019309,0.132390,42.746629,41.923438,-2.984023,1.960685,-1.572177,-3.000010,1.889993,-1.603060,0.175622,-0.039458,-0.092628
1778249440.003212,0.729917,0.271038,0.905459,0.0000,0.0000,0.0000,0.140000,0.000000,0.000000,0.000000,0.000000,0.000000,0.784902,0.272318,0.920167,0.072435,0.001686,0.019375,0.132403,42.761510,41.938819,-2.984066,1.960490,-1.572166,-3.000010,1.889993,-1.603060,0.175621,-0.039464,-0.092667
1778249440.013559,0.730086,0.271038,0.905465,0.0000,0.0000,0.0000,0.140000,0.000000,0.000000,0.000000,0.000000,0.000000,0.784902,0.272318,0.920167,0.072421,0.001692,0.019424,0.132415,42.773059,41.950880,-2.984109,1.960293,-1.572157,-3.000010,1.889993,-1.603060,0.175620,-0.039467,-0.092690
1778249440.023511,0.730308,0.271037,0.905473,0.0000,0.0000,0.0000,0.140000,0.000000,0.000000,0.000000,0.000000,0.000000,0.784902,0.272318,0.920167,0.072404,0.001698,0.019488,0.132427,42.785382,41.964220,-2.984153,1.960095,-1.572147,-3.000010,1.889993,-1.603060,0.175619,-0.039472,-0.092719
1778249440.034045,0.730525,0.271038,0.905481,0.0000,0.0000,0.0000,0.140000,0.000000,0.000000,0.000000,0.000000,0.000000,0.784902,0.272318,0.920167,0.072404,0.001698,0.019488,0.132427,42.785382,41.964220,-2.984197,1.959893,-1.572139,-3.000010,1.889993,-1.603060,0.175618,-0.039477,-0.092746
1778249440.043302,0.730739,0.271040,0.905491,0.0000,0.0000,0.0000,0.140000,0.000000,0.000000,0.000000,0.000000,0.000000,0.784902,0.272318,0.920167,0.072371,0.001708,0.019609,0.132452,42.810171,41.991144,-2.984230,1.959740,-1.572133,-3.000010,1.889993,-1.603060,0.175617,-0.039482,-0.092771
1778249440.053917,0.730948,0.271042,0.905503,0.0000,0.0000,0.0000,0.140000,0.000000,0.000000,0.000000,0.000000,0.000000,0.784902,0.272318,0.920167,0.072356,0.001711,0.019665,0.132464,42.801164,41.984799,-2.984287,1.959479,-1.572124,-3.000010,1.889993,-1.603060,0.175615,-0.039487,-0.092794
1778249440.063594,0.731149,0.271040,0.905522,0.0000,0.0000,0.0000,0.140000,0.000000,0.000000,0.000000,0.000000,0.000000,0.784902,0.272318,0.920167,0.072344,0.001720,0.019709,0.132475,42.784802,41.971317,-2.984322,1.959322,-1.572119,-3.000010,1.889993,-1.603060,0.175614,-0.039492,-0.092816
1778249440.073224,0.731350,0.271037,0.905538,0.0000,0.0000,0.0000,0.140000,0.000000,0.000000,0.000000,0.000000,0.000000,0.784902,0.272318,0.920167,0.072330,0.001730,0.019758,0.132486,42.873074,42.054388,-2.984370,1.959108,-1.572114,-3.000010,1.889993,-1.603060,0.175614,-0.039495,-0.092833
1778249440.083376,0.731514,0.271034,0.905534,0.0000,0.0000,0.0000,0.140000,0.000000,0.000000,0.000000,0.000000,0.000000,0.784902,0.272318,0.920167,0.072313,0.001739,0.019819,0.132498,42.985323,42.157476,-2.984418,1.958890,-1.572115,-3.000010,1.889993,-1.603060,0.175613,-0.039497,-0.092841
1778249440.093647,0.731757,0.271034,0.905504,0.0000,0.0000,0.0000,0.140000,0.000000,0.000000,0.000000,0.000000,0.000000,0.784902,0.272318,0.920167,0.072279,0.001746,0.019942,0.132513,43.106328,42.265676,-2.984455,1.958725,-1.572121,-3.000010,1.889993,-1.603060,0.175613,-0.039499,-0.092830
1778249440.103257,0.732018,0.271030,0.905467,0.0000,0.0000,0.0000,0.140000,0.000000,0.000000,0.000000,0.000000,0.000000,0.784902,0.272318,0.920167,0.072241,0.001760,0.020080,0.132531,43.066151,42.221476,-2.984503,1.958512,-1.572128,-3.000010,1.889993,-1.603060,0.175613,-0.039499,-0.092807
1778249440.113221,0.732219,0.271022,0.905446,0.0000,0.0000,0.0000,0.140000,0.000000,0.000000,0.000000,0.000000,0.000000,0.784902,0.272318,0.920167,0.072213,0.001776,0.020178,0.132550,43.008824,42.163986,-2.984548,1.958312,-1.572133,-3.000010,1.889993,-1.603060,0.175613,-0.039498,-0.092792
1778249440.123872,0.732490,0.271008,0.905424,0.0000,0.0000,0.0000,0.140000,0.000000,0.000000,0.000000,0.000000,0.000000,0.784902,0.272318,0.920167,0.072177,0.001805,0.020302,0.132569,42.959431,42.114043,-2.984580,1.958172,-1.572135,-3.000010,1.889993,-1.603060,0.175613,-0.039497,-0.092780
1778249440.133437,0.732765,0.270991,0.905407,0.0000,0.0000,0.0000,0.140000,0.000000,0.000000,0.000000,0.000000,0.000000,0.784902,0.272318,0.920167,0.072142,0.001836,0.020423,0.132589,42.945704,42.099088,-2.984619,1.957997,-1.572135,-3.000010,1.889993,-1.603060,0.175613,-0.039498,-0.092776
1778249440.143368,0.733046,0.270977,0.905385,0.0000,0.0000,0.0000,0.140000,0.000000,0.000000,0.000000,0.000000,0.000000,0.784902,0.272318,0.920167,0.072105,0.001865,0.020553,0.132609,43.005016,42.154120,-2.984655,1.957833,-1.572135,-3.000010,1.889993,-1.603060,0.175613,-0.039499,-0.092775
1778249440.153201,0.733333,0.270965,0.905355,0.0000,0.0000,0.0000,0.140000,0.000000,0.000000,0.000000,0.000000,0.000000,0.784902,0.272318,0.920167,0.072063,0.001890,0.020698,0.132631,43.055191,42.201229,-2.984690,1.957677,-1.572132,-3.000010,1.889993,-1.603060,0.175612,-0.039500,-0.092778
1778249440.163045,0.733622,0.270954,0.905324,0.0000,0.0000,0.0000,0.140000,0.000000,0.000000,0.000000,0.000000,0.000000,0.784902,0.272318,0.920167,0.072020,0.001915,0.020845,0.132653,43.050482,42.196996,-2.984723,1.957529,-1.572128,-3.000010,1.889993,-1.603060,0.175612,-0.039503,-0.092790
1778249440.174660,0.733837,0.270945,0.905305,0.0000,0.0000,0.0000,0.140000,0.000000,0.000000,0.000000,0.000000,0.000000,0.784902,0.272318,0.920167,0.072020,0.001915,0.020845,0.132653,43.050482,42.196996,-2.984746,1.957424,-1.572124,-3.000010,1.889993,-1.603060,0.175611,-0.039505,-0.092801
1778249440.184114,0.734118,0.270930,0.905285,0.0000,0.0000,0.0000,0.140000,0.000000,0.000000,0.000000,0.000000,0.000000,0.784902,0.272318,0.920167,0.071949,0.001966,0.021084,0.132694,43.023697,42.174759,-2.984782,1.957258,-1.572116,-3.000010,1.889993,-1.603060,0.175611,-0.039508,-0.092819
1778249440.193755,0.734393,0.270915,0.905267,0.0000,0.0000,0.0000,0.140000,0.000000,0.000000,0.000000,0.000000,0.000000,0.784902,0.272318,0.920167,0.071910,0.001998,0.021212,0.132714,43.038325,42.191894,-2.984804,1.957161,-1.572112,-3.000010,1.889993,-1.603060,0.175610,-0.039511,-0.092838
1778249440.203498,0.734593,0.270904,0.905257,0.0000,0.0000,0.0000,0.140000,0.000000,0.000000,0.000000,0.000000,0.000000,0.784902,0.272318,0.920167,0.071910,0.001998,0.021212,0.132714,43.038325,42.191894,-2.984833,1.957032,-1.572106,-3.000010,1.889993,-1.603060,0.175610,-0.039513,-0.092851
1778249440.213642,0.734851,0.270889,0.905250,0.0000,0.0000,0.0000,0.140000,0.000000,0.000000,0.000000,0.000000,0.000000,0.784902,0.272318,0.920167,0.071849,0.002052,0.021414,0.132750,43.014296,42.175211,-2.984854,1.956937,-1.572101,-3.000010,1.889993,-1.603060,0.175609,-0.039516,-0.092868
1778249440.223505,0.735099,0.270875,0.905250,0.0000,0.0000,0.0000,0.140000,0.000000,0.000000,0.000000,0.000000,0.000000,0.784902,0.272318,0.920167,0.071819,0.002081,0.021510,0.132767,43.003085,42.167469,-2.984881,1.956814,-1.572096,-3.000010,1.889993,-1.603060,0.175609,-0.039517,-0.092882
1778249440.233488,0.735340,0.270862,0.905255,0.0000,0.0000,0.0000,0.140000,0.000000,0.000000,0.000000,0.000000,0.000000,0.784902,0.272318,0.920167,0.071791,0.002110,0.021600,0.132783,43.012315,42.178613,-2.984908,1.956693,-1.572092,-3.000010,1.889993,-1.603060,0.175608,-0.039520,-0.092900
1778249440.243069,0.735576,0.270849,0.905261,0.0000,0.0000,0.0000,0.140000,0.000000,0.000000,0.000000,0.000000,0.000000,0.784902,0.272318,0.920167,0.071765,0.002137,0.021686,0.132797,43.029049,42.196291,-2.984934,1.956572,-1.572088,-3.000010,1.889993,-1.603060,0.175607,-0.039522,-0.092908
1778249440.254144,0.735750,0.270841,0.905267,0.0000,0.0000,0.0000,0.140000,0.000000,0.000000,0.000000,0.000000,0.000000,0.784902,0.272318,0.920167,0.071745,0.002156,0.021749,0.132810,43.044024,42.212053,-2.984961,1.956449,-1.572083,-3.000010,1.889993,-1.603060,0.175607,-0.039526,-0.092921
1778249440.263939,0.735921,0.270834,0.905273,0.0000,0.0000,0.0000,0.140000,0.000000,0.000000,0.000000,0.000000,0.000000,0.784902,0.272318,0.920167,0.071726,0.002173,0.021811,0.132821,43.057914,42.226733,-2.984981,1.956356,-1.572080,-3.000010,1.889993,-1.603060,0.175606,-0.039529,-0.092935
1778249440.273695,0.736145,0.270827,0.905282,0.0000,0.0000,0.0000,0.140000,0.000000,0.000000,0.000000,0.000000,0.000000,0.784902,0.272318,0.920167,0.071701,0.002193,0.021890,0.132833,43.069012,42.238984,-2.985002,1.956261,-1.572077,-3.000010,1.889993,-1.603060,0.175605,-0.039532,-0.092944
1778249440.283213,0.736310,0.270823,0.905289,0.0000,0.0000,0.0000,0.140000,0.000000,0.000000,0.000000,0.000000,0.000000,0.784902,0.272318,0.920167,0.071683,0.002206,0.021947,0.132843,43.084890,42.255820,-2.985030,1.956133,-1.572072,-3.000010,1.889993,-1.603060,0.175605,-0.039535,-0.092958
1778249440.293853,0.736525,0.270820,0.905301,0.0000,0.0000,0.0000,0.140000,0.000000,0.000000,0.000000,0.000000,0.000000,0.784902,0.272318,0.920167,0.071660,0.002219,0.022020,0.132853,43.089537,42.261775,-2.985051,1.956035,-1.572072,-3.000010,1.889993,-1.603060,0.175604,-0.039538,-0.092966
1778249440.303119,0.736736,0.270818,0.905315,0.0000,0.0000,0.0000,0.140000,0.000000,0.000000,0.000000,0.000000,0.000000,0.784902,0.272318,0.920167,0.071639,0.002232,0.022089,0.132863,43.098114,42.271984,-2.985080,1.955902,-1.572069,-3.000010,1.889993,-1.603060,0.175604,-0.039540,-0.092968
1778249440.313195,0.736938,0.270820,0.905334,0.0000,0.0000,0.0000,0.140000,0.000000,0.000000,0.000000,0.000000,0.000000,0.784902,0.272318,0.920167,0.071620,0.002237,0.022148,0.132873,43.095403,42.271896,-2.985109,1.955767,-1.572068,-3.000010,1.889993,-1.603060,0.175603,-0.039543,-0.092975
1778249440.323430,0.737134,0.270823,0.905356,0.0000,0.0000,0.0000,0.140000,0.000000,0.000000,0.000000,0.000000,0.000000,0.784902,0.272318,0.920167,0.071604,0.002240,0.022201,0.132881,43.104205,42.281246,-2.985139,1.955630,-1.572065,-3.000010,1.889993,-1.603060,0.175602,-0.039547,-0.092979
1778249440.333363,0.737330,0.270827,0.905378,0.0000,0.0000,0.0000,0.140000,0.000000,0.000000,0.000000,0.000000,0.000000,0.784902,0.272318,0.920167,0.071587,0.002244,0.022254,0.132889,43.115257,42.291731,-2.985178,1.955452,-1.572060,-3.000010,1.889993,-1.603060,0.175601,-0.039552,-0.092991
1778249440.346654,0.737526,0.270830,0.905400,0.0000,0.0000,0.0000,0.140000,0.000000,0.000000,0.000000,0.000000,0.000000,0.784902,0.272318,0.920167,0.071570,0.002248,0.022308,0.132897,43.124814,42.300720,-2.985209,1.955306,-1.572053,-3.000010,1.889993,-1.603060,0.175600,-0.039556,-0.093007
1778249440.353540,0.737724,0.270833,0.905422,0.0000,0.0000,0.0000,0.140000,0.000000,0.000000,0.000000,0.000000,0.000000,0.784902,0.272318,0.920167,0.071553,0.002252,0.022363,0.132905,43.130023,42.305247,-2.985234,1.955196,-1.572048,-3.000010,1.889993,-1.603060,0.175599,-0.039560,-0.093026
1778249440.363429,0.737923,0.270835,0.905444,0.0000,0.0000,0.0000,0.140000,0.000000,0.000000,0.000000,0.000000,0.000000,0.784902,0.272318,0.920167,0.071536,0.002258,0.022418,0.132912,43.133306,42.307968,-2.985266,1.955048,-1.572040,-3.000010,1.889993,-1.603060,0.175598,-0.039565,-0.093050
1778249440.373178,0.738123,0.270838,0.905467,0.0000,0.0000,0.0000,0.140000,0.000000,0.000000,0.000000,0.000000,0.000000,0.784902,0.272318,0.920167,0.071518,0.002262,0.022473,0.132919,43.139041,42.313397,-2.985298,1.954900,-1.572030,-3.000010,1.889993,-1.603060,0.175597,-0.039569,-0.093076
1778249440.383648,0.738323,0.270843,0.905492,0.0000,0.0000,0.0000,0.140000,0.000000,0.000000,0.000000,0.000000,0.000000,0.784902,0.272318,0.920167,0.071501,0.002264,0.022527,0.132925,43.136236,42.309894,-2.985330,1.954755,-1.572019,-3.000010,1.889993,-1.603060,0.175596,-0.039574,-0.093106
1778249440.393303,0.738525,0.270851,0.905516,0.0000,0.0000,0.0000,0.140000,0.000000,0.000000,0.000000,0.000000,0.000000,0.784902,0.272318,0.920167,0.071484,0.002262,0.022583,0.132932,43.153661,42.325869,-2.985362,1.954612,-1.572005,-3.000010,1.889993,-1.603060,0.175595,-0.039579,-0.093144
1778249440.403143,0.738678,0.270857,0.905532,0.0000,0.0000,0.0000,0.140000,0.000000,0.000000,0.000000,0.000000,0.000000,0.784902,0.272318,0.920167,0.071470,0.002259,0.022628,0.132938,43.167210,42.338512,-2.985394,1.954471,-1.571991,-3.000010,1.889993,-1.603060,0.175594,-0.039581,-0.093176
1778249440.413458,0.738883,0.270865,0.905554,0.0000,0.0000,0.0000,0.140000,0.000000,0.000000,0.000000,0.000000,0.000000,0.784902,0.272318,0.920167,0.071450,0.002256,0.022688,0.132944,43.172559,42.344011,-2.985426,1.954328,-1.571976,-3.000010,1.889993,-1.603060,0.175594,-0.039584,-0.093221
1778249440.423708,0.739085,0.270869,0.905578,0.0000,0.0000,0.0000,0.140000,0.000000,0.000000,0.000000,0.000000,0.000000,0.784902,0.272318,0.920167,0.071432,0.002260,0.022745,0.132950,43.170006,42.343650,-2.985451,1.954219,-1.571964,-3.000010,1.889993,-1.603060,0.175593,-0.039587,-0.093266
1778249440.433181,0.739283,0.270870,0.905605,0.0000,0.0000,0.0000,0.140000,0.000000,0.000000,0.000000,0.000000,0.000000,0.784902,0.272318,0.920167,0.071416,0.002266,0.022796,0.132956,43.171313,42.346739,-2.985484,1.954071,-1.571948,-3.000010,1.889993,-1.603060,0.175592,-0.039590,-0.093314
1778249440.445397,0.739428,0.270872,0.905627,0.0000,0.0000,0.0000,0.140000,0.000000,0.000000,0.000000,0.000000,0.000000,0.784902,0.272318,0.920167,0.071404,0.002271,0.022831,0.132961,43.180219,42.356264,-2.985518,1.953918,-1.571931,-3.000010,1.889993,-1.603060,0.175592,-0.039593,-0.093351
1778249440.453229,0.739667,0.270879,0.905662,0.0000,0.0000,0.0000,0.140000,0.000000,0.000000,0.000000,0.000000,0.000000,0.784902,0.272318,0.920167,0.071386,0.002271,0.022889,0.132966,43.200466,42.376826,-2.985553,1.953762,-1.571916,-3.000010,1.889993,-1.603060,0.175591,-0.039597,-0.093399
1778249440.463257,0.739855,0.270887,0.905691,0.0000,0.0000,0.0000,0.140000,0.000000,0.000000,0.000000,0.000000,0.000000,0.784902,0.272318,0.920167,0.071371,0.002268,0.022935,0.132971,43.210087,42.386525,-2.985589,1.953601,-1.571902,-3.000010,1.889993,-1.603060,0.175590,-0.039602,-0.093443
1778249440.473382,0.739996,0.270893,0.905713,0.0000,0.0000,0.0000,0.140000,0.000000,0.000000,0.000000,0.000000,0.000000,0.784902,0.272318,0.920167,0.071361,0.002265,0.022968,0.132976,43.215682,42.392279,-2.985626,1.953437,-1.571889,-3.000010,1.889993,-1.603060,0.175589,-0.039605,-0.093485
1778249440.483837,0.740183,0.270902,0.905743,0.0000,0.0000,0.0000,0.140000,0.000000,0.000000,0.000000,0.000000,0.000000,0.784902,0.272318,0.920167,0.071347,0.002259,0.023012,0.132980,43.221123,42.397937,-2.985663,1.953269,-1.571876,-3.000010,1.889993,-1.603060,0.175588,-0.039609,-0.093525
1778249440.493401,0.740369,0.270912,0.905774,0.0000,0.0000,0.0000,0.140000,0.000000,0.000000,0.000000,0.000000,0.000000,0.784902,0.272318,0.920167,0.071333,0.002253,0.023054,0.132984,43.224980,42.401851,-2.985692,1.953141,-1.571868,-3.000010,1.889993,-1.603060,0.175587,-0.039612,-0.093561
1778249440.503048,0.740555,0.270921,0.905806,0.0000,0.0000,0.0000,0.140000,0.000000,0.000000,0.000000,0.000000,0.000000,0.784902,0.272318,0.920167,0.071320,0.002247,0.023095,0.132989,43.231406,42.408259,-2.985731,1.952969,-1.571856,-3.000010,1.889993,-1.603060,0.175587,-0.039614,-0.093587
1778249440.513954,0.740694,0.270929,0.905830,0.0000,0.0000,0.0000,0.140000,0.000000,0.000000,0.000000,0.000000,0.000000,0.784902,0.272318,0.920167,0.071310,0.002241,0.023126,0.132992,43.236343,42.413129,-2.985771,1.952793,-1.571846,-3.000010,1.889993,-1.603060,0.175586,-0.039616,-0.093620
1778249440.523750,0.740879,0.270939,0.905863,0.0000,0.0000,0.0000,0.140000,0.000000,0.000000,0.000000,0.000000,0.000000,0.784902,0.272318,0.920167,0.071298,0.002233,0.023166,0.132996,43.240882,42.417573,-2.985801,1.952659,-1.571839,-3.000010,1.889993,-1.603060,0.175586,-0.039618,-0.093649
1778249440.533228,0.741063,0.270950,0.905896,0.0000,0.0000,0.0000,0.140000,0.000000,0.000000,0.000000,0.000000,0.000000,0.784902,0.272318,0.920167,0.071285,0.002224,0.023206,0.132999,43.247037,42.423748,-2.985842,1.952478,-1.571831,-3.000010,1.889993,-1.603060,0.175585,-0.039620,-0.093676
1778249440.543271,0.741248,0.270961,0.905929,0.0000,0.0000,0.0000,0.140000,0.000000,0.000000,0.000000,0.000000,0.000000,0.784902,0.272318,0.920167,0.071272,0.002215,0.023245,0.133003,43.251242,42.427914,-2.985883,1.952295,-1.571824,-3.000010,1.889993,-1.603060,0.175585,-0.039621,-0.093694
1778249440.553208,0.741386,0.270969,0.905955,0.0000,0.0000,0.0000,0.140000,0.000000,0.000000,0.000000,0.000000,0.000000,0.784902,0.272318,0.920167,0.071263,0.002209,0.023274,0.133006,43.255797,42.432539,-2.985925,1.952109,-1.571818,-3.000010,1.889993,-1.603060,0.175585,-0.039623,-0.093715
1778249440.563920,0.741570,0.270981,0.905990,0.0000,0.0000,0.0000,0.140000,0.000000,0.000000,0.000000,0.000000,0.000000,0.784902,0.272318,0.920167,0.071251,0.002199,0.023312,0.133009,43.260858,42.437598,-2.985968,1.951921,-1.571813,-3.000010,1.889993,-1.603060,0.175585,-0.039624,-0.093732
1778249440.573521,0.741754,0.270993,0.906025,0.0000,0.0000,0.0000,0.140000,0.000000,0.000000,0.000000,0.000000,0.000000,0.784902,0.272318,0.920167,0.071239,0.002189,0.023349,0.133011,43.267239,42.444004,-2.986001,1.951778,-1.571810,-3.000010,1.889993,-1.603060,0.175584,-0.039625,-0.093745
1778249440.583354,0.741937,0.271004,0.906061,0.0000,0.0000,0.0000,0.140000,0.000000,0.000000,0.000000,0.000000,0.000000,0.784902,0.272318,0.920167,0.071228,0.002179,0.023385,0.133014,43.265915,42.443289,-2.986044,1.951585,-1.571808,-3.000010,1.889993,-1.603060,0.175584,-0.039625,-0.093754
1778249440.593053,0.742118,0.271014,0.906099,0.0000,0.0000,0.0000,0.140000,0.000000,0.000000,0.000000,0.000000,0.000000,0.784902,0.272318,0.920167,0.071218,0.002171,0.023417,0.133017,43.260370,42.438897,-2.986088,1.951391,-1.571807,-3.000010,1.889993,-1.603060,0.175584,-0.039625,-0.093759
1778249440.603155,0.742253,0.271020,0.906129,0.0000,0.0000,0.0000,0.140000,0.000000,0.000000,0.000000,0.000000,0.000000,0.784902,0.272318,0.920167,0.071211,0.002167,0.023438,0.133019,43.263358,42.442218,-2.986133,1.951195,-1.571807,-3.000010,1.889993,-1.603060,0.175584,-0.039625,-0.093761
1778249440.613850,0.742432,0.271028,0.906170,0.0000,0.0000,0.0000,0.140000,0.000000,0.000000,0.000000,0.000000,0.000000,0.784902,0.272318,0.920167,0.071202,0.002162,0.023466,0.133021,43.274232,42.453142,-2.986178,1.950995,-1.571808,-3.000010,1.889993,-1.603060,0.175584,-0.039626,-0.093760
1778249440.623703,0.742610,0.271038,0.906210,0.0000,0.0000,0.0000,0.140000,0.000000,0.000000,0.000000,0.000000,0.000000,0.784902,0.272318,0.920167,0.071193,0.002156,0.023494,0.133022,43.288049,42.466911,-2.986212,1.950841,-1.571810,-3.000010,1.889993,-1.603060,0.175584,-0.039626,-0.093755
1778249440.633365,0.742786,0.271048,0.906250,0.0000,0.0000,0.0000,0.140000,0.000000,0.000000,0.000000,0.000000,0.000000,0.784902,0.272318,0.920167,0.071184,0.002147,0.023522,0.133024,43.300343,42.479321,-2.986259,1.950633,-1.571813,-3.000010,1.889993,-1.603060,0.175584,-0.039627,-0.093747
1778249440.643291,0.742962,0.271059,0.906290,0.0000,0.0000,0.0000,0.140000,0.000000,0.000000,0.000000,0.000000,0.000000,0.784902,0.272318,0.920167,0.071175,0.002138,0.023550,0.133026,43.309263,42.488597,-2.986306,1.950420,-1.571818,-3.000010,1.889993,-1.603060,0.175584,-0.039628,-0.093735
1778249440.653506,0.743135,0.271070,0.906331,0.0000,0.0000,0.0000,0.140000,0.000000,0.000000,0.000000,0.000000,0.000000,0.784902,0.272318,0.920167,0.071166,0.002127,0.023576,0.133027,43.316936,42.496767,-2.986355,1.950201,-1.571823,-3.000010,1.889993,-1.603060,0.175583,-0.039629,-0.093724
1778249440.663368,0.743307,0.271081,0.906372,0.0000,0.0000,0.0000,0.140000,0.000000,0.000000,0.000000,0.000000,0.000000,0.784902,0.272318,0.920167,0.071159,0.002116,0.023600,0.133029,43.323426,42.503759,-2.986405,1.949977,-1.571830,-3.000010,1.889993,-1.603060,0.175583,-0.039631,-0.093702
1778249440.673123,0.743435,0.271090,0.906403,0.0000,0.0000,0.0000,0.140000,0.000000,0.000000,0.000000,0.000000,0.000000,0.784902,0.272318,0.920167,0.071153,0.002108,0.023617,0.133030,43.327714,42.508463,-2.986456,1.949746,-1.571838,-3.000010,1.889993,-1.603060,0.175583,-0.039632,-0.093686
1778249440.683413,0.743603,0.271102,0.906446,0.0000,0.0000,0.0000,0.140000,0.000000,0.000000,0.000000,0.000000,0.000000,0.784902,0.272318,0.920167,0.071147,0.002095,0.023637,0.133031,43.335548,42.516952,-2.986509,1.949510,-1.571846,-3.000010,1.889993,-1.603060,0.175582,-0.039634,-0.093662
1778249440.693966,0.743766,0.271122,0.906490,0.0000,0.0000,0.0000,0.140000,0.000000,0.000000,0.000000,0.000000,0.000000,0.784902,0.272318,0.920167,0.071143,0.002068,0.023653,0.133032,43.356188,42.536971,-2.986548,1.949334,-1.571850,-3.000010,1.889993,-1.603060,0.175582,-0.039636,-0.093639
1778249440.703383,0.743930,0.271146,0.906533,0.0000,0.0000,0.0000,0.140000,0.000000,0.000000,0.000000,0.000000,0.000000,0.784902,0.272318,0.920167,0.071137,0.002035,0.023672,0.133032,43.367470,42.546472,-2.986601,1.949098,-1.571852,-3.000010,1.889993,-1.603060,0.175581,-0.039638,-0.093627
1778249440.713278,0.744102,0.271164,0.906574,0.0000,0.0000,0.0000,0.140000,0.000000,0.000000,0.000000,0.000000,0.000000,0.784902,0.272318,0.920167,0.071129,0.002012,0.023698,0.133033,43.365508,42.543128,-2.986655,1.948858,-1.571852,-3.000010,1.889993,-1.603060,0.175581,-0.039639,-0.093624
1778249440.723242,0.744280,0.271176,0.906614,0.0000,0.0000,0.0000,0.140000,0.000000,0.000000,0.000000,0.000000,0.000000,0.784902,0.272318,0.920167,0.071119,0.002000,0.023728,0.133033,43.359707,42.536447,-2.986709,1.948616,-1.571850,-3.000010,1.889993,-1.603060,0.175581,-0.039639,-0.093627
1778249440.733261,0.744463,0.271183,0.906654,0.0000,0.0000,0.0000,0.140000,0.000000,0.000000,0.000000,0.000000,0.000000,0.784902,0.272318,0.920167,0.071108,0.001997,0.023762,0.133034,43.357573,42.533086,-2.986763,1.948376,-1.571845,-3.000010,1.889993,-1.603060,0.175580,-0.039642,-0.093638
1778249440.743402,0.744605,0.271187,0.906681,0.0000,0.0000,0.0000,0.140000,0.000000,0.000000,0.000000,0.000000,0.000000,0.784902,0.272318,0.920167,0.071098,0.001996,0.023793,0.133035,43.402363,42.574414,-2.986816,1.948138,-1.571839,-3.000010,1.889993,-1.603060,0.175580,-0.039645,-0.093650
1778249440.754252,0.744755,0.271198,0.906696,0.0000,0.0000,0.0000,0.140000,0.000000,0.000000,0.000000,0.000000,0.000000,0.784902,0.272318,0.920167,0.071079,0.001984,0.023850,0.133037,43.522762,42.686359,-2.986868,1.947900,-1.571831,-3.000010,1.889993,-1.603060,0.175579,-0.039650,-0.093669
1778249440.763646,0.745024,0.271231,0.906697,0.0000,0.0000,0.0000,0.140000,0.000000,0.000000,0.000000,0.000000,0.000000,0.784902,0.272318,0.920167,0.071032,0.001937,0.023993,0.133041,43.611448,42.766097,-2.986907,1.947723,-1.571824,-3.000010,1.889993,-1.603060,0.175577,-0.039658,-0.093694
1778249440.773435,0.745250,0.271258,0.906695,0.0000,0.0000,0.0000,0.140000,0.000000,0.000000,0.000000,0.000000,0.000000,0.784902,0.272318,0.920167,0.070991,0.001899,0.024119,0.133047,43.583551,42.737636,-2.986957,1.947493,-1.571812,-3.000010,1.889993,-1.603060,0.175575,-0.039664,-0.093726
1778249440.783268,0.745477,0.271276,0.906701,0.0000,0.0000,0.0000,0.140000,0.000000,0.000000,0.000000,0.000000,0.000000,0.784902,0.272318,0.920167,0.070952,0.001876,0.024234,0.133053,43.528247,42.685192,-2.987007,1.947270,-1.571795,-3.000010,1.889993,-1.603060,0.175574,-0.039670,-0.093769
1778249440.793366,0.745698,0.271287,0.906715,0.0000,0.0000,0.0000,0.140000,0.000000,0.000000,0.000000,0.000000,0.000000,0.784902,0.272318,0.920167,0.070918,0.001865,0.024333,0.133059,43.503313,42.663965,-2.987057,1.947054,-1.571771,-3.000010,1.889993,-1.603060,0.175573,-0.039673,-0.093831
1778249440.803411,0.745912,0.271297,0.906735,0.0000,0.0000,0.0000,0.140000,0.000000,0.000000,0.000000,0.000000,0.000000,0.784902,0.272318,0.920167,0.070889,0.001856,0.024420,0.133064,43.499647,42.663158,-2.987106,1.946840,-1.571746,-3.000010,1.889993,-1.603060,0.175573,-0.039677,-0.093905
1778249440.813300,0.746120,0.271307,0.906758,0.0000,0.0000,0.0000,0.140000,0.000000,0.000000,0.000000,0.000000,0.000000,0.784902,0.272318,0.920167,0.070861,0.001847,0.024500,0.133069,43.507718,42.672769,-2.987154,1.946626,-1.571719,-3.000010,1.889993,-1.603060,0.175572,-0.039681,-0.093984
1778249440.823314,0.746321,0.271313,0.906788,0.0000,0.0000,0.0000,0.140000,0.000000,0.000000,0.000000,0.000000,0.000000,0.784902,0.272318,0.920167,0.070839,0.001846,0.024565,0.133073,43.448637,42.619679,-2.987203,1.946412,-1.571691,-3.000010,1.889993,-1.603060,0.175571,-0.039686,-0.094066
1778249440.833191,0.746513,0.271310,0.906833,0.0000,0.0000,0.0000,0.140000,0.000000,0.000000,0.000000,0.000000,0.000000,0.784902,0.272318,0.920167,0.070826,0.001860,0.024601,0.133076,43.386705,42.561113,-2.987249,1.946206,-1.571667,-3.000010,1.889993,-1.603060,0.175570,-0.039689,-0.094127
1778249440.843189,0.746659,0.271306,0.906869,0.0000,0.0000,0.0000,0.140000,0.000000,0.000000,0.000000,0.000000,0.000000,0.784902,0.272318,0.920167,0.070818,0.001875,0.024624,0.133078,43.382408,42.555764,-2.987293,1.946008,-1.571647,-3.000010,1.889993,-1.603060,0.175569,-0.039695,-0.094198
1778249440.853394,0.746857,0.271294,0.906917,0.0000,0.0000,0.0000,0.140000,0.000000,0.000000,0.000000,0.000000,0.000000,0.784902,0.272318,0.920167,0.070805,0.001906,0.024659,0.133079,43.385261,42.556993,-2.987336,1.945815,-1.571627,-3.000010,1.889993,-1.603060,0.175567,-0.039702,-0.094256
1778249440.863772,0.747057,0.271276,0.906965,0.0000,0.0000,0.0000,0.140000,0.000000,0.000000,0.000000,0.000000,0.000000,0.784902,0.272318,0.920167,0.070791,0.001949,0.024695,0.133080,43.384766,42.556588,-2.987368,1.945674,-1.571611,-3.000010,1.889993,-1.603060,0.175566,-0.039706,-0.094317
1778249440.873348,0.747257,0.271257,0.907014,0.0000,0.0000,0.0000,0.140000,0.000000,0.000000,0.000000,0.000000,0.000000,0.784902,0.272318,0.920167,0.070778,0.001995,0.024729,0.133081,43.388686,42.560828,-2.987410,1.945489,-1.571590,-3.000010,1.889993,-1.603060,0.175565,-0.039710,-0.094380
1778249440.883091,0.747452,0.271234,0.907070,0.0000,0.0000,0.0000,0.140000,0.000000,0.000000,0.000000,0.000000,0.000000,0.784902,0.272318,0.920167,0.070769,0.002049,0.024748,0.133081,43.339693,42.515813,-2.987451,1.945311,-1.571574,-3.000010,1.889993,-1.603060,0.175564,-0.039714,-0.094425
1778249440.893717,0.747596,0.271214,0.907116,0.0000,0.0000,0.0000,0.140000,0.000000,0.000000,0.000000,0.000000,0.000000,0.784902,0.272318,0.920167,0.070765,0.002094,0.024757,0.133080,43.341458,42.517512,-2.987489,1.945139,-1.571564,-3.000010,1.889993,-1.603060,0.175564,-0.039717,-0.094468
1778249440.904108,0.747791,0.271191,0.907172,0.0000,0.0000,0.0000,0.140000,0.000000,0.000000,0.000000,0.000000,0.000000,0.784902,0.272318,0.920167,0.070757,0.002148,0.024776,0.133080,43.386573,42.560101,-2.987525,1.944971,-1.571560,-3.000010,1.889993,-1.603060,0.175563,-0.039722,-0.094495
1778249440.913648,0.747991,0.271176,0.907221,0.0000,0.0000,0.0000,0.140000,0.000000,0.000000,0.000000,0.000000,0.000000,0.784902,0.272318,0.920167,0.070743,0.002188,0.024812,0.133079,43.444428,42.614752,-2.987561,1.944806,-1.571561,-3.000010,1.889993,-1.603060,0.175561,-0.039728,-0.094503
1778249440.923751,0.748194,0.271169,0.907263,0.0000,0.0000,0.0000,0.140000,0.000000,0.000000,0.000000,0.000000,0.000000,0.784902,0.272318,0.920167,0.070725,0.002214,0.024862,0.133079,43.486695,42.654809,-2.987587,1.944683,-1.571564,-3.000010,1.889993,-1.603060,0.175560,-0.039733,-0.094497
1778249440.933150,0.748399,0.271166,0.907301,0.0000,0.0000,0.0000,0.140000,0.000000,0.000000,0.000000,0.000000,0.000000,0.784902,0.272318,0.920167,0.070704,0.002232,0.024920,0.133079,43.509497,42.676386,-2.987622,1.944523,-1.571573,-3.000010,1.889993,-1.603060,0.175559,-0.039737,-0.094477
1778249440.943126,0.748606,0.271165,0.907338,0.0000,0.0000,0.0000,0.140000,0.000000,0.000000,0.000000,0.000000,0.000000,0.784902,0.272318,0.920167,0.070681,0.002246,0.024982,0.133079,43.523163,42.689450,-2.987657,1.944366,-1.571585,-3.000010,1.889993,-1.603060,0.175559,-0.039738,-0.094455
1778249440.953503,0.748761,0.271165,0.907365,0.0000,0.0000,0.0000,0.140000,0.000000,0.000000,0.000000,0.000000,0.000000,0.784902,0.272318,0.920167,0.070664,0.002255,0.025030,0.133080,43.533227,42.699235,-2.987691,1.944213,-1.571600,-3.000010,1.889993,-1.603060,0.175559,-0.039738,-0.094416
1778249440.963897,0.748969,0.271165,0.907399,0.0000,0.0000,0.0000,0.140000,0.000000,0.000000,0.000000,0.000000,0.000000,0.784902,0.272318,0.920167,0.070639,0.002267,0.025100,0.133081,43.574415,42.738826,-2.987726,1.944060,-1.571620,-3.000010,1.889993,-1.603060,0.175559,-0.039737,-0.094367
1778249440.973584,0.749182,0.271165,0.907427,0.0000,0.0000,0.0000,0.140000,0.000000,0.000000,0.000000,0.000000,0.000000,0.784902,0.272318,0.920167,0.070609,0.002278,0.025184,0.133082,43.637557,42.797536,-2.987752,1.943948,-1.571640,-3.000010,1.889993,-1.603060,0.175560,-0.039734,-0.094321
1778249440.983649,0.749413,0.271143,0.907434,0.0000,0.0000,0.0000,0.140000,0.000000,0.000000,0.000000,0.000000,0.000000,0.784902,0.272318,0.920167,0.070560,0.002336,0.025315,0.133085,43.742582,42.893520,-2.987786,1.943795,-1.571658,-3.000010,1.889993,-1.603060,0.175561,-0.039727,-0.094229
1778249440.993387,0.749651,0.271109,0.907438,0.0000,0.0000,0.0000,0.140000,0.000000,0.000000,0.000000,0.000000,0.000000,0.784902,0.272318,0.920167,0.070505,0.002419,0.025459,0.133089,43.723765,42.874550,-2.987819,1.943641,-1.571671,-3.000010,1.889993,-1.603060,0.175561,-0.039730,-0.094187
1778249441.003498,0.749883,0.271076,0.907450,0.0000,0.0000,0.0000,0.140000,0.000000,0.000000,0.000000,0.000000,0.000000,0.784902,0.272318,0.920167,0.070457,0.002499,0.025585,0.133094,43.678672,42.833880,-2.987849,1.943491,-1.571682,-3.000010,1.889993,-1.603060,0.175559,-0.039737,-0.094152
1778249441.013441,0.750106,0.271052,0.907472,0.0000,0.0000,0.0000,0.140000,0.000000,0.000000,0.000000,0.000000,0.000000,0.784902,0.272318,0.920167,0.070416,0.002562,0.025691,0.133098,43.662037,42.821277,-2.987879,1.943346,-1.571694,-3.000010,1.889993,-1.603060,0.175557,-0.039746,-0.094118
1778249441.023210,0.750322,0.271037,0.907495,0.0000,0.0000,0.0000,0.140000,0.000000,0.000000,0.000000,0.000000,0.000000,0.784902,0.272318,0.920167,0.070378,0.002607,0.025790,0.133101,43.716386,42.876114,-2.987908,1.943203,-1.571705,-3.000010,1.889993,-1.603060,0.175555,-0.039754,-0.094083
1778249441.033056,0.750533,0.271036,0.907511,0.0000,0.0000,0.0000,0.140000,0.000000,0.000000,0.000000,0.000000,0.000000,0.784902,0.272318,0.920167,0.070337,0.002624,0.025900,0.133105,43.771584,42.931338,-2.987939,1.943056,-1.571720,-3.000010,1.889993,-1.603060,0.175554,-0.039760,-0.094056
1778249441.043382,0.750738,0.271040,0.907531,0.0000,0.0000,0.0000,0.140000,0.000000,0.000000,0.000000,0.000000,0.000000,0.784902,0.272318,0.920167,0.070299,0.002631,0.026002,0.133108,43.749528,42.911875,-2.987971,1.942906,-1.571735,-3.000010,1.889993,-1.603060,0.175552,-0.039767,-0.093999
1778249441.053126,0.750938,0.271041,0.907558,0.0000,0.0000,0.0000,0.140000,0.000000,0.000000,0.000000,0.000000,0.000000,0.784902,0.272318,0.920167,0.070268,0.002642,0.026085,0.133110,43.721075,42.886171,-2.988003,1.942755,-1.571749,-3.000010,1.889993,-1.603060,0.175551,-0.039770,-0.093966
1778249441.063237,0.751084,0.271041,0.907583,0.0000,0.0000,0.0000,0.140000,0.000000,0.000000,0.000000,0.000000,0.000000,0.784902,0.272318,0.920167,0.070268,0.002642,0.026085,0.133110,43.721075,42.886171,-2.988036,1.942603,-1.571762,-3.000010,1.889993,-1.603060,0.175551,-0.039774,-0.093925
1778249441.073590,0.751278,0.271039,0.907617,0.0000,0.0000,0.0000,0.140000,0.000000,0.000000,0.000000,0.000000,0.000000,0.784902,0.272318,0.920167,0.070221,0.002672,0.026209,0.133114,43.712612,42.879296,-2.988060,1.942488,-1.571770,-3.000010,1.889993,-1.603060,0.175550,-0.039778,-0.093888
1778249441.083382,0.751470,0.271037,0.907654,0.0000,0.0000,0.0000,0.140000,0.000000,0.000000,0.000000,0.000000,0.000000,0.784902,0.272318,0.920167,0.070196,0.002690,0.026272,0.133115,43.710727,42.878107,-2.988093,1.942335,-1.571780,-3.000010,1.889993,-1.603060,0.175549,-0.039782,-0.093856
1778249441.093105,0.751657,0.271039,0.907695,0.0000,0.0000,0.0000,0.140000,0.000000,0.000000,0.000000,0.000000,0.000000,0.784902,0.272318,0.920167,0.070176,0.002701,0.026326,0.133115,43.715949,42.885009,-2.988126,1.942183,-1.571787,-3.000010,1.889993,-1.603060,0.175548,-0.039787,-0.093829
1778249441.103193,0.751794,0.271042,0.907727,0.0000,0.0000,0.0000,0.140000,0.000000,0.000000,0.000000,0.000000,0.000000,0.784902,0.272318,0.920167,0.070162,0.002705,0.026362,0.133115,43.717887,42.887697,-2.988159,1.942029,-1.571792,-3.000010,1.889993,-1.603060,0.175547,-0.039791,-0.093815
1778249441.113890,0.751976,0.271044,0.907772,0.0000,0.0000,0.0000,0.140000,0.000000,0.000000,0.000000,0.000000,0.000000,0.784902,0.272318,0.920167,0.070145,0.002713,0.026406,0.133114,43.715781,42.885872,-2.988193,1.941874,-1.571795,-3.000010,1.889993,-1.603060,0.175546,-0.039796,-0.093802
1778249441.123675,0.752158,0.271045,0.907818,0.0000,0.0000,0.0000,0.140000,0.000000,0.000000,0.000000,0.000000,0.000000,0.784902,0.272318,0.920167,0.070129,0.002726,0.026448,0.133113,43.714954,42.884640,-2.988218,1.941757,-1.571795,-3.000010,1.889993,-1.603060,0.175545,-0.039801,-0.093796
1778249441.133292,0.752343,0.271044,0.907864,0.0000,0.0000,0.0000,0.140000,0.000000,0.000000,0.000000,0.000000,0.000000,0.784902,0.272318,0.920167,0.070111,0.002743,0.026493,0.133112,43.725289,42.893860,-2.988252,1.941602,-1.571794,-3.000010,1.889993,-1.603060,0.175543,-0.039806,-0.093798
1778249441.143174,0.752531,0.271045,0.907905,0.0000,0.0000,0.0000,0.140000,0.000000,0.000000,0.000000,0.000000,0.000000,0.784902,0.272318,0.920167,0.070090,0.002756,0.026549,0.133111,43.764304,42.929732,-2.988285,1.941448,-1.571790,-3.000010,1.889993,-1.603060,0.175542,-0.039811,-0.093802
1778249441.153314,0.752726,0.271049,0.907942,0.0000,0.0000,0.0000,0.140000,0.000000,0.000000,0.000000,0.000000,0.000000,0.784902,0.272318,0.920167,0.070063,0.002763,0.026619,0.133109,43.798322,42.961416,-2.988318,1.941297,-1.571784,-3.000010,1.889993,-1.603060,0.175541,-0.039819,-0.093819
1778249441.163551,0.752921,0.271057,0.907978,0.0000,0.0000,0.0000,0.140000,0.000000,0.000000,0.000000,0.000000,0.000000,0.784902,0.272318,0.920167,0.070035,0.002762,0.026693,0.133108,43.797706,42.960143,-2.988350,1.941150,-1.571777,-3.000010,1.889993,-1.603060,0.175539,-0.039825,-0.093839
1778249441.173811,0.753118,0.271066,0.908015,0.0000,0.0000,0.0000,0.140000,0.000000,0.000000,0.000000,0.000000,0.000000,0.784902,0.272318,0.920167,0.070008,0.002757,0.026765,0.133106,43.798361,42.960868,-2.988381,1.941008,-1.571765,-3.000010,1.889993,-1.603060,0.175538,-0.039832,-0.093868
1778249441.183730,0.753313,0.271076,0.908054,0.0000,0.0000,0.0000,0.140000,0.000000,0.000000,0.000000,0.000000,0.000000,0.784902,0.272318,0.920167,0.069981,0.002753,0.026834,0.133105,43.797406,42.960557,-2.988419,1.940834,-1.571750,-3.000010,1.889993,-1.603060,0.175536,-0.039837,-0.093903
1778249441.193919,0.753507,0.271083,0.908095,0.0000,0.0000,0.0000,0.140000,0.000000,0.000000,0.000000,0.000000,0.000000,0.784902,0.272318,0.920167,0.069956,0.002751,0.026899,0.133103,43.796333,42.960550,-2.988443,1.940730,-1.571740,-3.000010,1.889993,-1.603060,0.175535,-0.039842,-0.093943
1778249441.203401,0.753698,0.271090,0.908138,0.0000,0.0000,0.0000,0.140000,0.000000,0.000000,0.000000,0.000000,0.000000,0.784902,0.272318,0.920167,0.069933,0.002753,0.026958,0.133100,43.798265,42.963712,-2.988474,1.940591,-1.571726,-3.000010,1.889993,-1.603060,0.175534,-0.039847,-0.093983
1778249441.213609,0.753839,0.271095,0.908172,0.0000,0.0000,0.0000,0.140000,0.000000,0.000000,0.000000,0.000000,0.000000,0.784902,0.272318,0.920167,0.069918,0.002753,0.026999,0.133098,43.803700,42.970001,-2.988505,1.940451,-1.571713,-3.000010,1.889993,-1.603060,0.175533,-0.039850,-0.094013
1778249441.223247,0.754025,0.271102,0.908218,0.0000,0.0000,0.0000,0.140000,0.000000,0.000000,0.000000,0.000000,0.000000,0.784902,0.272318,0.920167,0.069898,0.002753,0.027049,0.133096,43.810595,42.977955,-2.988528,1.940344,-1.571703,-3.000010,1.889993,-1.603060,0.175532,-0.039855,-0.094053
1778249441.233613,0.754207,0.271110,0.908266,0.0000,0.0000,0.0000,0.140000,0.000000,0.000000,0.000000,0.000000,0.000000,0.784902,0.272318,0.920167,0.069881,0.002750,0.027094,0.133094,43.818103,42.986453,-2.988560,1.940201,-1.571690,-3.000010,1.889993,-1.603060,0.175531,-0.039860,-0.094091
1778249441.243491,0.754385,0.271119,0.908315,0.0000,0.0000,0.0000,0.140000,0.000000,0.000000,0.000000,0.000000,0.000000,0.784902,0.272318,0.920167,0.069865,0.002745,0.027135,0.133091,43.824266,42.993516,-2.988593,1.940055,-1.571678,-3.000010,1.889993,-1.603060,0.175530,-0.039865,-0.094129
1778249441.253543,0.754561,0.271129,0.908365,0.0000,0.0000,0.0000,0.140000,0.000000,0.000000,0.000000,0.000000,0.000000,0.784902,0.272318,0.920167,0.069852,0.002738,0.027170,0.133088,43.831116,43.001292,-2.988626,1.939907,-1.571666,-3.000010,1.889993,-1.603060,0.175529,-0.039869,-0.094166
1778249441.263726,0.754734,0.271139,0.908417,0.0000,0.0000,0.0000,0.140000,0.000000,0.000000,0.000000,0.000000,0.000000,0.784902,0.272318,0.920167,0.069840,0.002730,0.027201,0.133085,43.835946,43.006840,-2.988660,1.939756,-1.571654,-3.000010,1.889993,-1.603060,0.175528,-0.039873,-0.094201
1778249441.273582,0.754904,0.271150,0.908470,0.0000,0.0000,0.0000,0.140000,0.000000,0.000000,0.000000,0.000000,0.000000,0.784902,0.272318,0.920167,0.069840,0.002730,0.027201,0.133085,43.835946,43.006840,-2.988694,1.939602,-1.571643,-3.000010,1.889993,-1.603060,0.175527,-0.039877,-0.094227
1778249441.283532,0.755072,0.271161,0.908525,0.0000,0.0000,0.0000,0.140000,0.000000,0.000000,0.000000,0.000000,0.000000,0.784902,0.272318,0.920167,0.069822,0.002709,0.027250,0.133079,43.846725,43.018958,-2.988730,1.939444,-1.571633,-3.000010,1.889993,-1.603060,0.175526,-0.039880,-0.094260
1778249441.293307,0.755238,0.271172,0.908580,0.0000,0.0000,0.0000,0.140000,0.000000,0.000000,0.000000,0.000000,0.000000,0.784902,0.272318,0.920167,0.069815,0.002697,0.027269,0.133076,43.852817,43.025604,-2.988766,1.939284,-1.571623,-3.000010,1.889993,-1.603060,0.175525,-0.039885,-0.094298
1778249441.303345,0.755402,0.271184,0.908637,0.0000,0.0000,0.0000,0.140000,0.000000,0.000000,0.000000,0.000000,0.000000,0.784902,0.272318,0.920167,0.069809,0.002683,0.027284,0.133072,43.856990,43.030260,-2.988803,1.939119,-1.571614,-3.000010,1.889993,-1.603060,0.175525,-0.039888,-0.094320
1778249441.313348,0.755524,0.271194,0.908680,0.0000,0.0000,0.0000,0.140000,0.000000,0.000000,0.000000,0.000000,0.000000,0.784902,0.272318,0.920167,0.069806,0.002672,0.027294,0.133069,43.860959,43.034644,-2.988841,1.938952,-1.571605,-3.000010,1.889993,-1.603060,0.175524,-0.039891,-0.094348
1778249441.323612,0.755685,0.271206,0.908739,0.0000,0.0000,0.0000,0.140000,0.000000,0.000000,0.000000,0.000000,0.000000,0.784902,0.272318,0.920167,0.069803,0.002656,0.027304,0.133066,43.865430,43.039508,-2.988870,1.938824,-1.571599,-3.000010,1.889993,-1.603060,0.175523,-0.039894,-0.094373
1778249441.333265,0.755845,0.271219,0.908798,0.0000,0.0000,0.0000,0.140000,0.000000,0.000000,0.000000,0.000000,0.000000,0.784902,0.272318,0.920167,0.069801,0.002640,0.027311,0.133062,43.869943,43.044391,-2.988909,1.938650,-1.571591,-3.000010,1.889993,-1.603060,0.175523,-0.039896,-0.094390
1778249441.343157,0.756004,0.271232,0.908858,0.0000,0.0000,0.0000,0.140000,0.000000,0.000000,0.000000,0.000000,0.000000,0.784902,0.272318,0.920167,0.069800,0.002623,0.027316,0.133058,43.873636,43.048404,-2.988949,1.938472,-1.571585,-3.000010,1.889993,-1.603060,0.175522,-0.039898,-0.094412
1778249441.354095,0.756122,0.271242,0.908903,0.0000,0.0000,0.0000,0.140000,0.000000,0.000000,0.000000,0.000000,0.000000,0.784902,0.272318,0.920167,0.069799,0.002609,0.027318,0.133054,43.878008,43.052966,-2.988990,1.938291,-1.571579,-3.000010,1.889993,-1.603060,0.175522,-0.039901,-0.094431
1778249441.363718,0.756279,0.271256,0.908965,0.0000,0.0000,0.0000,0.140000,0.000000,0.000000,0.000000,0.000000,0.000000,0.784902,0.272318,0.920167,0.069800,0.002590,0.027318,0.133051,43.882247,43.057536,-2.989021,1.938153,-1.571576,-3.000010,1.889993,-1.603060,0.175521,-0.039903,-0.094447
1778249441.373303,0.756435,0.271270,0.909027,0.0000,0.0000,0.0000,0.140000,0.000000,0.000000,0.000000,0.000000,0.000000,0.784902,0.272318,0.920167,0.069801,0.002571,0.027316,0.133047,43.886596,43.062216,-2.989064,1.937965,-1.571572,-3.000010,1.889993,-1.603060,0.175521,-0.039905,-0.094461
1778249441.383158,0.756552,0.271280,0.909074,0.0000,0.0000,0.0000,0.140000,0.000000,0.000000,0.000000,0.000000,0.000000,0.784902,0.272318,0.920167,0.069803,0.002556,0.027313,0.133043,43.888743,43.064676,-2.989107,1.937773,-1.571569,-3.000010,1.889993,-1.603060,0.175521,-0.039907,-0.094469
1778249441.393956,0.756706,0.271294,0.909137,0.0000,0.0000,0.0000,0.140000,0.000000,0.000000,0.000000,0.000000,0.000000,0.784902,0.272318,0.920167,0.069806,0.002535,0.027308,0.133039,43.893718,43.069980,-2.989151,1.937577,-1.571567,-3.000010,1.889993,-1.603060,0.175520,-0.039909,-0.094477
1778249441.404034,0.756859,0.271308,0.909201,0.0000,0.0000,0.0000,0.140000,0.000000,0.000000,0.000000,0.000000,0.000000,0.784902,0.272318,0.920167,0.069810,0.002514,0.027299,0.133034,43.893432,43.070432,-2.989196,1.937377,-1.571567,-3.000010,1.889993,-1.603060,0.175520,-0.039911,-0.094481
1778249441.413387,0.757010,0.271322,0.909267,0.0000,0.0000,0.0000,0.140000,0.000000,0.000000,0.000000,0.000000,0.000000,0.784902,0.272318,0.920167,0.069817,0.002495,0.027284,0.133030,43.889696,43.067604,-2.989231,1.937226,-1.571567,-3.000010,1.889993,-1.603060,0.175519,-0.039913,-0.094481
1778249441.423489,0.757160,0.271334,0.909334,0.0000,0.0000,0.0000,0.140000,0.000000,0.000000,0.000000,0.000000,0.000000,0.784902,0.272318,0.920167,0.069825,0.002476,0.027265,0.133025,43.893297,43.071710,-2.989277,1.937020,-1.571569,-3.000010,1.889993,-1.603060,0.175519,-0.039915,-0.094478
1778249441.433355,0.757309,0.271347,0.909401,0.0000,0.0000,0.0000,0.140000,0.000000,0.000000,0.000000,0.000000,0.000000,0.784902,0.272318,0.920167,0.069833,0.002457,0.027245,0.133021,43.901651,43.080243,-2.989324,1.936809,-1.571572,-3.000010,1.889993,-1.603060,0.175518,-0.039917,-0.094470
1778249441.443399,0.757457,0.271361,0.909469,0.0000,0.0000,0.0000,0.140000,0.000000,0.000000,0.000000,0.000000,0.000000,0.784902,0.272318,0.920167,0.069842,0.002437,0.027224,0.133016,43.910660,43.089427,-2.989372,1.936592,-1.571576,-3.000010,1.889993,-1.603060,0.175517,-0.039920,-0.094460
1778249441.453121,0.757606,0.271379,0.909529,0.0000,0.0000,0.0000,0.140000,0.000000,0.000000,0.000000,0.000000,0.000000,0.784902,0.272318,0.920167,0.069845,0.002403,0.027220,0.133011,43.985972,43.160961,-2.989422,1.936370,-1.571581,-3.000010,1.889993,-1.603060,0.175517,-0.039923,-0.094446
1778249441.463260,0.757759,0.271401,0.909584,0.0000,0.0000,0.0000,0.140000,0.000000,0.000000,0.000000,0.000000,0.000000,0.784902,0.272318,0.920167,0.069842,0.002360,0.027230,0.133006,43.996880,43.170704,-2.989472,1.936143,-1.571586,-3.000010,1.889993,-1.603060,0.175516,-0.039928,-0.094430
1778249441.473300,0.757872,0.271421,0.909628,0.0000,0.0000,0.0000,0.140000,0.000000,0.000000,0.000000,0.000000,0.000000,0.784902,0.272318,0.920167,0.069842,0.002360,0.027230,0.133006,43.996880,43.170704,-2.989523,1.935919,-1.571588,-3.000010,1.889993,-1.603060,0.175187,-0.039856,-0.094422
1778249441.483103,0.758063,0.271452,0.909705,0.0000,0.0000,0.0000,0.140000,0.000000,0.000000,0.000000,0.000000,0.000000,0.784902,0.272318,0.920167,0.069847,0.002253,0.027227,0.132997,43.962917,43.137048,-2.989573,1.935696,-1.571587,-3.000010,1.889993,-1.603060,0.174336,-0.039665,-0.094418
1778249441.493158,0.758222,0.271471,0.909766,0.0000,0.0000,0.0000,0.140000,0.000000,0.000000,0.000000,0.000000,0.000000,0.784902,0.272318,0.920167,0.069848,0.002217,0.027229,0.132991,43.956255,43.129273,-2.989624,1.935474,-1.571584,-3.000010,1.889993,-1.603060,0.173492,-0.039474,-0.094423
1778249441.503793,0.758346,0.271481,0.909811,0.0000,0.0000,0.0000,0.140000,0.000000,0.000000,0.000000,0.000000,0.000000,0.784902,0.272318,0.920167,0.069845,0.002201,0.027236,0.132986,43.954859,43.126732,-2.989674,1.935255,-1.571579,-3.000010,1.889993,-1.603060,0.172650,-0.039282,-0.094433
1778249441.513763,0.758517,0.271491,0.909870,0.0000,0.0000,0.0000,0.140000,0.000000,0.000000,0.000000,0.000000,0.000000,0.784902,0.272318,0.920167,0.069839,0.002188,0.027253,0.132981,43.954884,43.125166,-2.989711,1.935092,-1.571574,-3.000010,1.889993,-1.603060,0.171817,-0.039093,-0.094449
1778249441.525550,0.758649,0.271497,0.909914,0.0000,0.0000,0.0000,0.140000,0.000000,0.000000,0.000000,0.000000,0.000000,0.784902,0.272318,0.920167,0.069839,0.002188,0.027253,0.132981,43.954884,43.125166,-2.989760,1.934880,-1.571567,-3.000010,1.889993,-1.603060,0.171203,-0.038954,-0.094463
1778249441.533372,0.758877,0.271506,0.909978,0.0000,0.0000,0.0000,0.140000,0.000000,0.000000,0.000000,0.000000,0.000000,0.784902,0.272318,0.920167,0.069809,0.002178,0.027331,0.132971,44.027856,43.191959,-2.989807,1.934672,-1.571557,-3.000010,1.889993,-1.603060,0.170202,-0.038729,-0.094495
1778249441.543247,0.759066,0.271520,0.910019,0.0000,0.0000,0.0000,0.140000,0.000000,0.000000,0.000000,0.000000,0.000000,0.784902,0.272318,0.920167,0.069779,0.002154,0.027408,0.132965,44.082850,43.244602,-2.989853,1.934466,-1.571545,-3.000010,1.889993,-1.603060,0.169611,-0.038598,-0.094518
1778249441.555384,0.759207,0.271535,0.910048,0.0000,0.0000,0.0000,0.140000,0.000000,0.000000,0.000000,0.000000,0.000000,0.784902,0.272318,0.920167,0.069756,0.002125,0.027469,0.132961,44.093693,43.255857,-2.989900,1.934263,-1.571532,-3.000010,1.889993,-1.603060,0.168831,-0.038424,-0.094555
1778249441.563918,0.759390,0.271556,0.910090,0.0000,0.0000,0.0000,0.140000,0.000000,0.000000,0.000000,0.000000,0.000000,0.784902,0.272318,0.920167,0.069729,0.002083,0.027542,0.132956,44.085867,43.249898,-2.989947,1.934061,-1.571517,-3.000010,1.889993,-1.603060,0.168061,-0.038249,-0.094597
1778249441.573961,0.759570,0.271574,0.910136,0.0000,0.0000,0.0000,0.140000,0.000000,0.000000,0.000000,0.000000,0.000000,0.784902,0.272318,0.920167,0.069706,0.002048,0.027603,0.132951,44.071404,43.237598,-2.989983,1.933909,-1.571505,-3.000010,1.889993,-1.603060,0.167293,-0.038073,-0.094642
1778249441.583146,0.759747,0.271587,0.910185,0.0000,0.0000,0.0000,0.140000,0.000000,0.000000,0.000000,0.000000,0.000000,0.784902,0.272318,0.920167,0.069687,0.002025,0.027653,0.132946,44.066260,43.234241,-2.990031,1.933705,-1.571488,-3.000010,1.889993,-1.603060,0.166714,-0.037939,-0.094679
1778249441.593196,0.759921,0.271599,0.910237,0.0000,0.0000,0.0000,0.140000,0.000000,0.000000,0.000000,0.000000,0.000000,0.784902,0.272318,0.920167,0.069671,0.002007,0.027695,0.132941,44.068617,43.237924,-2.990079,1.933498,-1.571471,-3.000010,1.889993,-1.603060,0.165935,-0.037761,-0.094729
1778249441.603382,0.760091,0.271609,0.910290,0.0000,0.0000,0.0000,0.140000,0.000000,0.000000,0.000000,0.000000,0.000000,0.784902,0.272318,0.920167,0.069657,0.001990,0.027730,0.132936,44.075637,43.245948,-2.990127,1.933289,-1.571454,-3.000010,1.889993,-1.603060,0.164948,-0.037535,-0.094793
1778249441.613170,0.760258,0.271621,0.910344,0.0000,0.0000,0.0000,0.140000,0.000000,0.000000,0.000000,0.000000,0.000000,0.784902,0.272318,0.920167,0.069645,0.001971,0.027760,0.132930,44.083017,43.254212,-2.990177,1.933076,-1.571437,-3.000010,1.889993,-1.603060,0.164347,-0.037399,-0.094831
1778249441.624052,0.760381,0.271629,0.910385,0.0000,0.0000,0.0000,0.140000,0.000000,0.000000,0.000000,0.000000,0.000000,0.784902,0.272318,0.920167,0.069638,0.001958,0.027779,0.132926,44.087569,43.259278,-2.990226,1.932860,-1.571419,-3.000010,1.889993,-1.603060,0.163535,-0.037215,-0.094883
1778249441.633616,0.760543,0.271640,0.910442,0.0000,0.0000,0.0000,0.140000,0.000000,0.000000,0.000000,0.000000,0.000000,0.784902,0.272318,0.920167,0.069631,0.001939,0.027799,0.132921,44.091168,43.263815,-2.990277,1.932640,-1.571401,-3.000010,1.889993,-1.603060,0.162710,-0.037028,-0.094937
1778249441.643327,0.760703,0.271650,0.910500,0.0000,0.0000,0.0000,0.140000,0.000000,0.000000,0.000000,0.000000,0.000000,0.784902,0.272318,0.920167,0.069626,0.001924,0.027813,0.132916,44.093703,43.267299,-2.990328,1.932416,-1.571382,-3.000010,1.889993,-1.603060,0.161869,-0.036839,-0.094992
1778249441.653920,0.760859,0.271660,0.910560,0.0000,0.0000,0.0000,0.140000,0.000000,0.000000,0.000000,0.000000,0.000000,0.784902,0.272318,0.920167,0.069624,0.001907,0.027819,0.132911,44.096617,43.271190,-2.990368,1.932245,-1.571367,-3.000010,1.889993,-1.603060,0.161012,-0.036646,-0.095051
1778249441.663273,0.761013,0.271669,0.910622,0.0000,0.0000,0.0000,0.140000,0.000000,0.000000,0.000000,0.000000,0.000000,0.784902,0.272318,0.920167,0.069624,0.001893,0.027819,0.132906,44.098126,43.273550,-2.990421,1.932012,-1.571347,-3.000010,1.889993,-1.603060,0.160137,-0.036449,-0.095110
1778249441.673584,0.761122,0.271672,0.910677,0.0000,0.0000,0.0000,0.140000,0.000000,0.000000,0.000000,0.000000,0.000000,0.784902,0.272318,0.920167,0.069624,0.001893,0.027819,0.132906,44.098126,43.273550,-2.990474,1.931782,-1.571329,-3.000010,1.889993,-1.603060,0.159469,-0.036300,-0.095156
1778249441.683426,0.761262,0.271668,0.910764,0.0000,0.0000,0.0000,0.140000,0.000000,0.000000,0.000000,0.000000,0.000000,0.784902,0.272318,0.920167,0.069636,0.001892,0.027790,0.132901,44.005902,43.188262,-2.990524,1.931563,-1.571319,-3.000010,1.889993,-1.603060,0.158816,-0.036152,-0.095194
1778249441.693702,0.761411,0.271661,0.910852,0.0000,0.0000,0.0000,0.140000,0.000000,0.000000,0.000000,0.000000,0.000000,0.784902,0.272318,0.920167,0.069696,0.001949,0.027636,0.132890,43.939934,43.120705,-2.990559,1.931403,-1.571316,-3.000010,1.889993,-1.603060,0.157779,-0.035919,-0.095229
1778249441.703378,0.761531,0.271654,0.910914,0.0000,0.0000,0.0000,0.140000,0.000000,0.000000,0.000000,0.000000,0.000000,0.784902,0.272318,0.920167,0.069709,0.001981,0.027599,0.132885,43.942864,43.120345,-2.990605,1.931198,-1.571318,-3.000010,1.889993,-1.603060,0.157179,-0.035786,-0.095232
1778249441.713178,0.761696,0.271630,0.911002,0.0000,0.0000,0.0000,0.140000,0.000000,0.000000,0.000000,0.000000,0.000000,0.784902,0.272318,0.920167,0.069730,0.002069,0.027540,0.132878,43.859986,43.040364,-2.990649,1.931006,-1.571316,-3.000010,1.889993,-1.603060,0.156410,-0.035613,-0.095229
1778249441.723668,0.761859,0.271589,0.911101,0.0000,0.0000,0.0000,0.140000,0.000000,0.000000,0.000000,0.000000,0.000000,0.784902,0.272318,0.920167,0.069763,0.002208,0.027446,0.132872,43.808223,42.990219,-2.990680,1.930872,-1.571318,-3.000010,1.889993,-1.603060,0.155696,-0.035449,-0.095232
1778249441.733739,0.762026,0.271547,0.911199,0.0000,0.0000,0.0000,0.140000,0.000000,0.000000,0.000000,0.000000,0.000000,0.784902,0.272318,0.920167,0.069792,0.002352,0.027359,0.132865,43.851036,43.030138,-2.990717,1.930700,-1.571324,-3.000010,1.889993,-1.603060,0.155030,-0.035300,-0.095221
1778249441.743177,0.762200,0.271516,0.911285,0.0000,0.0000,0.0000,0.140000,0.000000,0.000000,0.000000,0.000000,0.000000,0.784902,0.272318,0.920167,0.069807,0.002468,0.027312,0.132857,43.935144,43.109673,-2.990753,1.930534,-1.571337,-3.000010,1.889993,-1.603060,0.154387,-0.035161,-0.095192
1778249441.753388,0.762381,0.271495,0.911357,0.0000,0.0000,0.0000,0.140000,0.000000,0.000000,0.000000,0.000000,0.000000,0.784902,0.272318,0.920167,0.069806,0.002551,0.027306,0.132850,44.007561,43.177971,-2.990787,1.930372,-1.571356,-3.000010,1.889993,-1.603060,0.153763,-0.035027,-0.095143
1778249441.763486,0.762568,0.271482,0.911421,0.0000,0.0000,0.0000,0.140000,0.000000,0.000000,0.000000,0.000000,0.000000,0.784902,0.272318,0.920167,0.069795,0.002614,0.027329,0.132843,44.052288,43.220269,-2.990820,1.930216,-1.571379,-3.000010,1.889993,-1.603060,0.153309,-0.034928,-0.095097
1778249441.773182,0.762764,0.271463,0.911473,0.0000,0.0000,0.0000,0.140000,0.000000,0.000000,0.000000,0.000000,0.000000,0.784902,0.272318,0.920167,0.069765,0.002696,0.027397,0.132836,44.165647,43.325588,-2.990853,1.930064,-1.571403,-3.000010,1.889993,-1.603060,0.152722,-0.034799,-0.095027
1778249441.783185,0.762974,0.271428,0.911507,0.0000,0.0000,0.0000,0.140000,0.000000,0.000000,0.000000,0.000000,0.000000,0.784902,0.272318,0.920167,0.069708,0.002831,0.027529,0.132830,44.224107,43.379033,-2.990885,1.929910,-1.571423,-3.000010,1.889993,-1.603060,0.151998,-0.034641,-0.094943
1778249441.794158,0.763134,0.271399,0.911532,0.0000,0.0000,0.0000,0.140000,0.000000,0.000000,0.000000,0.000000,0.000000,0.784902,0.272318,0.920167,0.069662,0.002941,0.027632,0.132826,44.210797,43.366814,-2.990916,1.929759,-1.571444,-3.000010,1.889993,-1.603060,0.151561,-0.034549,-0.094897
1778249441.803784,0.763342,0.271366,0.911571,0.0000,0.0000,0.0000,0.140000,0.000000,0.000000,0.000000,0.000000,0.000000,0.784902,0.272318,0.920167,0.069609,0.003074,0.027751,0.132820,44.190634,43.350061,-2.990945,1.929614,-1.571464,-3.000010,1.889993,-1.603060,0.150994,-0.034430,-0.094835
1778249441.813560,0.763542,0.271342,0.911615,0.0000,0.0000,0.0000,0.140000,0.000000,0.000000,0.000000,0.000000,0.000000,0.784902,0.272318,0.920167,0.069564,0.003180,0.027851,0.132815,44.193530,43.355967,-2.990973,1.929472,-1.571485,-3.000010,1.889993,-1.603060,0.150447,-0.034318,-0.094774
1778249441.823840,0.763736,0.271324,0.911661,0.0000,0.0000,0.0000,0.140000,0.000000,0.000000,0.000000,0.000000,0.000000,0.784902,0.272318,0.920167,0.069525,0.003267,0.027940,0.132810,44.206495,43.370668,-2.990994,1.929367,-1.571500,-3.000010,1.889993,-1.603060,0.149910,-0.034208,-0.094711
1778249441.833397,0.763925,0.271309,0.911708,0.0000,0.0000,0.0000,0.140000,0.000000,0.000000,0.000000,0.000000,0.000000,0.784902,0.272318,0.920167,0.069488,0.003343,0.028021,0.132804,44.218562,43.384500,-2.991022,1.929226,-1.571520,-3.000010,1.889993,-1.603060,0.149377,-0.034099,-0.094651
1778249441.843765,0.764107,0.271297,0.911757,0.0000,0.0000,0.0000,0.140000,0.000000,0.000000,0.000000,0.000000,0.000000,0.784902,0.272318,0.920167,0.069457,0.003411,0.028090,0.132798,44.224823,43.393029,-2.991051,1.929084,-1.571540,-3.000010,1.889993,-1.603060,0.148840,-0.033988,-0.094591
1778249441.853614,0.764283,0.271290,0.911808,0.0000,0.0000,0.0000,0.140000,0.000000,0.000000,0.000000,0.000000,0.000000,0.784902,0.272318,0.920167,0.069431,0.003462,0.028148,0.132793,44.271081,43.439606,-2.991080,1.928941,-1.571557,-3.000010,1.889993,-1.603060,0.148300,-0.033877,-0.094537
1778249441.863179,0.764462,0.271288,0.911846,0.0000,0.0000,0.0000,0.140000,0.000000,0.000000,0.000000,0.000000,0.000000,0.784902,0.272318,0.920167,0.069390,0.003498,0.028246,0.132787,44.392117,43.554901,-2.991110,1.928794,-1.571571,-3.000010,1.889993,-1.603060,0.147891,-0.033792,-0.094501
1778249441.873397,0.764647,0.271295,0.911875,0.0000,0.0000,0.0000,0.140000,0.000000,0.000000,0.000000,0.000000,0.000000,0.784902,0.272318,0.920167,0.069334,0.003503,0.028382,0.132781,44.407002,43.567330,-2.991140,1.928645,-1.571584,-3.000010,1.889993,-1.603060,0.147328,-0.033676,-0.094458
1778249441.883177,0.764834,0.271302,0.911909,0.0000,0.0000,0.0000,0.140000,0.000000,0.000000,0.000000,0.000000,0.000000,0.784902,0.272318,0.920167,0.069282,0.003509,0.028507,0.132775,44.360960,43.521797,-2.991171,1.928501,-1.571596,-3.000010,1.889993,-1.603060,0.146627,-0.033529,-0.094411
1778249441.893305,0.765023,0.271304,0.911950,0.0000,0.0000,0.0000,0.140000,0.000000,0.000000,0.000000,0.000000,0.000000,0.784902,0.272318,0.920167,0.069235,0.003531,0.028618,0.132769,44.326862,43.487908,-2.991200,1.928363,-1.571604,-3.000010,1.889993,-1.603060,0.146222,-0.033443,-0.094388
1778249441.903346,0.765166,0.271304,0.911983,0.0000,0.0000,0.0000,0.140000,0.000000,0.000000,0.000000,0.000000,0.000000,0.784902,0.272318,0.920167,0.069201,0.003556,0.028698,0.132763,44.320031,43.480471,-2.991227,1.928232,-1.571610,-3.000010,1.889993,-1.603060,0.145705,-0.033333,-0.094364
1778249441.913920,0.765360,0.271303,0.912027,0.0000,0.0000,0.0000,0.140000,0.000000,0.000000,0.000000,0.000000,0.000000,0.784902,0.272318,0.920167,0.069154,0.003592,0.028806,0.132756,44.319165,43.478561,-2.991253,1.928108,-1.571614,-3.000010,1.889993,-1.603060,0.145214,-0.033229,-0.094347
1778249441.923864,0.765557,0.271302,0.912072,0.0000,0.0000,0.0000,0.140000,0.000000,0.000000,0.000000,0.000000,0.000000,0.784902,0.272318,0.920167,0.069106,0.003630,0.028918,0.132748,44.322621,43.480976,-2.991272,1.928019,-1.571616,-3.000010,1.889993,-1.603060,0.144749,-0.033131,-0.094337
1778249441.933427,0.765755,0.271303,0.912117,0.0000,0.0000,0.0000,0.140000,0.000000,0.000000,0.000000,0.000000,0.000000,0.784902,0.272318,0.920167,0.069055,0.003662,0.029033,0.132740,44.337645,43.495428,-2.991295,1.927908,-1.571616,-3.000010,1.889993,-1.603060,0.144312,-0.033040,-0.094334
1778249441.943315,0.765955,0.271308,0.912159,0.0000,0.0000,0.0000,0.140000,0.000000,0.000000,0.000000,0.000000,0.000000,0.784902,0.272318,0.920167,0.069000,0.003680,0.029162,0.132731,44.368775,43.524055,-2.991317,1.927804,-1.571615,-3.000010,1.889993,-1.603060,0.144001,-0.032975,-0.094333
1778249441.953365,0.766159,0.271315,0.912197,0.0000,0.0000,0.0000,0.140000,0.000000,0.000000,0.000000,0.000000,0.000000,0.784902,0.272318,0.920167,0.068936,0.003690,0.029312,0.132721,44.402922,43.555877,-2.991336,1.927710,-1.571608,-3.000010,1.889993,-1.603060,0.143614,-0.032896,-0.094340
1778249441.963333,0.766365,0.271325,0.912234,0.0000,0.0000,0.0000,0.140000,0.000000,0.000000,0.000000,0.000000,0.000000,0.784902,0.272318,0.920167,0.068869,0.003690,0.029470,0.132711,44.411564,43.564491,-2.991354,1.927623,-1.571598,-3.000010,1.889993,-1.603060,0.143183,-0.032810,-0.094371
1778249441.973063,0.766569,0.271334,0.912275,0.0000,0.0000,0.0000,0.140000,0.000000,0.000000,0.000000,0.000000,0.000000,0.784902,0.272318,0.920167,0.068805,0.003695,0.029619,0.132700,44.400399,43.554911,-2.991371,1.927542,-1.571587,-3.000010,1.889993,-1.603060,0.142942,-0.032760,-0.094394
1778249441.983065,0.766768,0.271340,0.912320,0.0000,0.0000,0.0000,0.140000,0.000000,0.000000,0.000000,0.000000,0.000000,0.784902,0.272318,0.920167,0.068747,0.003709,0.029750,0.132689,44.392869,43.549570,-2.991388,1.927465,-1.571575,-3.000010,1.889993,-1.603060,0.142638,-0.032697,-0.094428
1778249441.993123,0.766914,0.271344,0.912356,0.0000,0.0000,0.0000,0.140000,0.000000,0.000000,0.000000,0.000000,0.000000,0.784902,0.272318,0.920167,0.068709,0.003721,0.029836,0.132679,44.393171,43.551504,-2.991404,1.927391,-1.571563,-3.000010,1.889993,-1.603060,0.142348,-0.032637,-0.094465
1778249442.003505,0.767104,0.271350,0.912407,0.0000,0.0000,0.0000,0.140000,0.000000,0.000000,0.000000,0.000000,0.000000,0.784902,0.272318,0.920167,0.068664,0.003735,0.029938,0.132668,44.398616,43.558899,-2.991420,1.927318,-1.571551,-3.000010,1.889993,-1.603060,0.142066,-0.032578,-0.094502
1778249442.013280,0.767334,0.271360,0.912474,0.0000,0.0000,0.0000,0.140000,0.000000,0.000000,0.000000,0.000000,0.000000,0.784902,0.272318,0.920167,0.068617,0.003744,0.030046,0.132657,44.408487,43.570960,-2.991435,1.927245,-1.571539,-3.000010,1.889993,-1.603060,0.141720,-0.032507,-0.094547
1778249442.023500,0.767468,0.271366,0.912517,0.0000,0.0000,0.0000,0.140000,0.000000,0.000000,0.000000,0.000000,0.000000,0.784902,0.272318,0.920167,0.068593,0.003745,0.030099,0.132647,44.413742,43.577417,-2.991451,1.927172,-1.571527,-3.000010,1.889993,-1.603060,0.141513,-0.032464,-0.094573
1778249442.033660,0.767642,0.271376,0.912575,0.0000,0.0000,0.0000,0.140000,0.000000,0.000000,0.000000,0.000000,0.000000,0.784902,0.272318,0.920167,0.068567,0.003742,0.030158,0.132637,44.419895,43.585115,-2.991462,1.927117,-1.571519,-3.000010,1.889993,-1.603060,0.141235,-0.032407,-0.094608
1778249442.043360,0.767812,0.271387,0.912636,0.0000,0.0000,0.0000,0.140000,0.000000,0.000000,0.000000,0.000000,0.000000,0.784902,0.272318,0.920167,0.068548,0.003734,0.030204,0.132628,44.424688,43.591291,-2.991478,1.927043,-1.571508,-3.000010,1.889993,-1.603060,0.140954,-0.032348,-0.094641
1778249442.053820,0.767977,0.271398,0.912700,0.0000,0.0000,0.0000,0.140000,0.000000,0.000000,0.000000,0.000000,0.000000,0.784902,0.272318,0.920167,0.068534,0.003724,0.030236,0.132619,44.429953,43.597769,-2.991499,1.926948,-1.571495,-3.000010,1.889993,-1.603060,0.140668,-0.032288,-0.094673
1778249442.064285,0.770471,0.271942,0.914191,0.0000,0.0000,0.0000,0.140000,0.000000,0.000000,0.000000,0.000000,0.000000,0.784902,0.272318,0.920167,0.069274,0.001806,0.028685,0.132566,44.530938,43.716730,-2.991909,1.925082,-1.571376,-3.000010,1.889993,-1.603060,0.140377,-0.032227,-0.094704
1778249442.073398,0.770578,0.271998,0.914284,0.0000,0.0000,0.0000,0.140000,0.000000,0.000000,0.000000,0.000000,0.000000,0.784902,0.272318,0.920167,0.069362,0.001548,0.028487,0.132531,44.512270,43.698111,-2.991938,1.924955,-1.571373,-3.000010,1.889993,-1.603060,0.133236,-0.030677,-0.095055
1778249442.084206,0.770690,0.272048,0.914376,0.0000,0.0000,0.0000,0.140000,0.000000,0.000000,0.000000,0.000000,0.000000,0.784902,0.272318,0.920167,0.069444,0.001319,0.028298,0.132504,44.490552,43.675295,-2.991967,1.924826,-1.571370,-3.000010,1.889993,-1.603060,0.132751,-0.030569,-0.095064
1778249442.093199,0.770808,0.272092,0.914465,0.0000,0.0000,0.0000,0.140000,0.000000,0.000000,0.000000,0.000000,0.000000,0.784902,0.272318,0.920167,0.069519,0.001117,0.028122,0.132483,44.478073,43.661447,-2.991996,1.924695,-1.571367,-3.000010,1.889993,-1.603060,0.132258,-0.030459,-0.095074
1778249442.103496,0.770931,0.272128,0.914552,0.0000,0.0000,0.0000,0.140000,0.000000,0.000000,0.000000,0.000000,0.000000,0.784902,0.272318,0.920167,0.069584,0.000946,0.027966,0.132464,44.474539,43.656692,-2.992026,1.924564,-1.571365,-3.000010,1.889993,-1.603060,0.131761,-0.030348,-0.095082
1778249442.113462,0.771092,0.272166,0.914656,0.0000,0.0000,0.0000,0.140000,0.000000,0.000000,0.000000,0.000000,0.000000,0.784902,0.272318,0.920167,0.069584,0.000946,0.027966,0.132464,44.474539,43.656692,-2.992056,1.924430,-1.571363,-3.000010,1.889993,-1.603060,0.131259,-0.030236,-0.095090
1778249442.123079,0.771224,0.272191,0.914737,0.0000,0.0000,0.0000,0.140000,0.000000,0.000000,0.000000,0.000000,0.000000,0.784902,0.272318,0.920167,0.069705,0.000649,0.027674,0.132428,44.476332,43.656977,-2.992086,1.924295,-1.571361,-3.000010,1.889993,-1.603060,0.130749,-0.030122,-0.095095
1778249442.133003,0.771359,0.272211,0.914815,0.0000,0.0000,0.0000,0.140000,0.000000,0.000000,0.000000,0.000000,0.000000,0.784902,0.272318,0.920167,0.069749,0.000551,0.027564,0.132413,44.480969,43.661253,-2.992117,1.924158,-1.571359,-3.000010,1.889993,-1.603060,0.130234,-0.030006,-0.095101
1778249442.143306,0.771496,0.272228,0.914891,0.0000,0.0000,0.0000,0.140000,0.000000,0.000000,0.000000,0.000000,0.000000,0.784902,0.272318,0.920167,0.069788,0.000467,0.027466,0.132398,44.494471,43.674142,-2.992149,1.924019,-1.571358,-3.000010,1.889993,-1.603060,0.129711,-0.029889,-0.095106
1778249442.153381,0.771634,0.272246,0.914962,0.0000,0.0000,0.0000,0.140000,0.000000,0.000000,0.000000,0.000000,0.000000,0.784902,0.272318,0.920167,0.069819,0.000381,0.027390,0.132384,44.526873,43.705121,-2.992181,1.923877,-1.571357,-3.000010,1.889993,-1.603060,0.129045,-0.029738,-0.095109
1778249442.163186,0.771773,0.272265,0.915031,0.0000,0.0000,0.0000,0.140000,0.000000,0.000000,0.000000,0.000000,0.000000,0.784902,0.272318,0.920167,0.069845,0.000285,0.027325,0.132370,44.536125,43.713877,-2.992213,1.923735,-1.571356,-3.000010,1.889993,-1.603060,0.128507,-0.029617,-0.095111
1778249442.173528,0.771913,0.272281,0.915098,0.0000,0.0000,0.0000,0.140000,0.000000,0.000000,0.000000,0.000000,0.000000,0.784902,0.272318,0.920167,0.069845,0.000285,0.027325,0.132370,44.536125,43.713877,-2.992246,1.923591,-1.571356,-3.000010,1.889993,-1.603060,0.128100,-0.029525,-0.095113
1778249442.183149,0.772056,0.272291,0.915166,0.0000,0.0000,0.0000,0.140000,0.000000,0.000000,0.000000,0.000000,0.000000,0.784902,0.272318,0.920167,0.069890,0.000146,0.027210,0.132343,44.527812,43.705740,-2.992279,1.923446,-1.571355,-3.000010,1.889993,-1.603060,0.127552,-0.029399,-0.095115
1778249442.193564,0.772165,0.272295,0.915216,0.0000,0.0000,0.0000,0.140000,0.000000,0.000000,0.000000,0.000000,0.000000,0.784902,0.272318,0.920167,0.069904,0.000125,0.027175,0.132332,44.529433,43.707035,-2.992313,1.923301,-1.571353,-3.000010,1.889993,-1.603060,0.127000,-0.029272,-0.095119
1778249442.204060,0.772313,0.272298,0.915281,0.0000,0.0000,0.0000,0.140000,0.000000,0.000000,0.000000,0.000000,0.000000,0.784902,0.272318,0.920167,0.069918,0.000114,0.027138,0.132321,44.535438,43.712531,-2.992346,1.923155,-1.571351,-3.000010,1.889993,-1.603060,0.126447,-0.029145,-0.095124
1778249442.213768,0.772463,0.272298,0.915344,0.0000,0.0000,0.0000,0.140000,0.000000,0.000000,0.000000,0.000000,0.000000,0.784902,0.272318,0.920167,0.069928,0.000113,0.027112,0.132311,44.541165,43.717805,-2.992380,1.923010,-1.571350,-3.000010,1.889993,-1.603060,0.125894,-0.029019,-0.095129
1778249442.223921,0.772616,0.272296,0.915406,0.0000,0.0000,0.0000,0.140000,0.000000,0.000000,0.000000,0.000000,0.000000,0.784902,0.272318,0.920167,0.069934,0.000128,0.027096,0.132302,44.546994,43.723148,-2.992405,1.922902,-1.571349,-3.000010,1.889993,-1.603060,0.125342,-0.028892,-0.095133
1778249442.233181,0.772770,0.272291,0.915468,0.0000,0.0000,0.0000,0.140000,0.000000,0.000000,0.000000,0.000000,0.000000,0.784902,0.272318,0.920167,0.069934,0.000128,0.027096,0.132302,44.546994,43.723148,-2.992446,1.922722,-1.571346,-3.000010,1.889993,-1.603060,0.124794,-0.028766,-0.095139
1778249442.243589,0.772926,0.272285,0.915527,0.0000,0.0000,0.0000,0.140000,0.000000,0.000000,0.000000,0.000000,0.000000,0.784902,0.272318,0.920167,0.069936,0.000196,0.027092,0.132286,44.560962,43.736419,-2.992479,1.922579,-1.571344,-3.000010,1.889993,-1.603060,0.124248,-0.028641,-0.095144
1778249442.253674,0.773083,0.272276,0.915587,0.0000,0.0000,0.0000,0.140000,0.000000,0.000000,0.000000,0.000000,0.000000,0.784902,0.272318,0.920167,0.069932,0.000248,0.027101,0.132279,44.568332,43.743412,-2.992504,1.922472,-1.571343,-3.000010,1.889993,-1.603060,0.123704,-0.028516,-0.095149
1778249442.263783,0.773242,0.272266,0.915645,0.0000,0.0000,0.0000,0.140000,0.000000,0.000000,0.000000,0.000000,0.000000,0.784902,0.272318,0.920167,0.069924,0.000313,0.027120,0.132273,44.577637,43.752358,-2.992545,1.922296,-1.571340,-3.000010,1.889993,-1.603060,0.123166,-0.028393,-0.095155
1778249442.273302,0.773401,0.272255,0.915702,0.0000,0.0000,0.0000,0.140000,0.000000,0.000000,0.000000,0.000000,0.000000,0.784902,0.272318,0.920167,0.069914,0.000382,0.027144,0.132267,44.586086,43.760612,-2.992577,1.922156,-1.571338,-3.000010,1.889993,-1.603060,0.122631,-0.028270,-0.095162
1778249442.284023,0.773562,0.272244,0.915758,0.0000,0.0000,0.0000,0.140000,0.000000,0.000000,0.000000,0.000000,0.000000,0.784902,0.272318,0.920167,0.069902,0.000458,0.027175,0.132262,44.593555,43.767889,-2.992609,1.922017,-1.571336,-3.000010,1.889993,-1.603060,0.122100,-0.028148,-0.095168
1778249442.293691,0.773723,0.272230,0.915815,0.0000,0.0000,0.0000,0.140000,0.000000,0.000000,0.000000,0.000000,0.000000,0.784902,0.272318,0.920167,0.069889,0.000553,0.027206,0.132257,44.595396,43.769899,-2.992633,1.921914,-1.571334,-3.000010,1.889993,-1.603060,0.121574,-0.028027,-0.095174
1778249442.303221,0.773882,0.272215,0.915873,0.0000,0.0000,0.0000,0.140000,0.000000,0.000000,0.000000,0.000000,0.000000,0.784902,0.272318,0.920167,0.069879,0.000655,0.027231,0.132253,44.597342,43.772564,-2.992664,1.921779,-1.571331,-3.000010,1.889993,-1.603060,0.121055,-0.027908,-0.095184
1778249442.313298,0.774041,0.272201,0.915931,0.0000,0.0000,0.0000,0.140000,0.000000,0.000000,0.000000,0.000000,0.000000,0.784902,0.272318,0.920167,0.069871,0.000756,0.027248,0.132249,44.606230,43.781667,-2.992695,1.921645,-1.571327,-3.000010,1.889993,-1.603060,0.120672,-0.027819,-0.095193
1778249442.323151,0.774199,0.272187,0.915989,0.0000,0.0000,0.0000,0.140000,0.000000,0.000000,0.000000,0.000000,0.000000,0.784902,0.272318,0.920167,0.069862,0.000854,0.027269,0.132245,44.620571,43.795827,-2.992726,1.921513,-1.571322,-3.000010,1.889993,-1.603060,0.120167,-0.027702,-0.095205
1778249442.333430,0.774317,0.272177,0.916032,0.0000,0.0000,0.0000,0.140000,0.000000,0.000000,0.000000,0.000000,0.000000,0.784902,0.272318,0.920167,0.069853,0.000930,0.027289,0.132242,44.630739,43.805886,-2.992757,1.921380,-1.571317,-3.000010,1.889993,-1.603060,0.119663,-0.027586,-0.095219
1778249442.344083,0.774475,0.272164,0.916088,0.0000,0.0000,0.0000,0.140000,0.000000,0.000000,0.000000,0.000000,0.000000,0.784902,0.272318,0.920167,0.069839,0.001033,0.027321,0.132238,44.642942,43.817890,-2.992781,1.921280,-1.571313,-3.000010,1.889993,-1.603060,0.119157,-0.027468,-0.095233
1778249442.353790,0.774633,0.272151,0.916143,0.0000,0.0000,0.0000,0.140000,0.000000,0.000000,0.000000,0.000000,0.000000,0.784902,0.272318,0.920167,0.069822,0.001134,0.027360,0.132234,44.664868,43.839408,-2.992820,1.921112,-1.571306,-3.000010,1.889993,-1.603060,0.118649,-0.027350,-0.095250
1778249442.363403,0.774791,0.272142,0.916194,0.0000,0.0000,0.0000,0.140000,0.000000,0.000000,0.000000,0.000000,0.000000,0.784902,0.272318,0.920167,0.069796,0.001218,0.027424,0.132231,44.701783,43.875019,-2.992843,1.921010,-1.571301,-3.000010,1.889993,-1.603060,0.118137,-0.027232,-0.095268
1778249442.373830,0.774950,0.272136,0.916243,0.0000,0.0000,0.0000,0.140000,0.000000,0.000000,0.000000,0.000000,0.000000,0.784902,0.272318,0.920167,0.069796,0.001218,0.027424,0.132231,44.701783,43.875019,-2.992875,1.920873,-1.571295,-3.000010,1.889993,-1.603060,0.117620,-0.027113,-0.095287
1778249442.383516,0.775108,0.272131,0.916292,0.0000,0.0000,0.0000,0.140000,0.000000,0.000000,0.000000,0.000000,0.000000,0.784902,0.272318,0.920167,0.068561,0.001307,0.027127,0.131444,44.718366,43.891275,-2.992908,1.920735,-1.571289,-3.000010,1.889993,-1.603060,0.117096,-0.026992,-0.095306
1778249442.393407,0.775263,0.272126,0.916342,0.0000,0.0000,0.0000,0.140000,0.000000,0.000000,0.000000,0.000000,0.000000,0.784902,0.272318,0.920167,0.067471,0.001342,0.026773,0.130296,44.702218,43.875830,-2.992941,1.920595,-1.571282,-3.000010,1.889993,-1.603060,0.116566,-0.026869,-0.095325
1778249442.403589,0.775417,0.272121,0.916395,0.0000,0.0000,0.0000,0.140000,0.000000,0.000000,0.000000,0.000000,0.000000,0.784902,0.272318,0.920167,0.066397,0.001381,0.026406,0.128872,44.686935,43.861277,-2.992974,1.920452,-1.571275,-3.000010,1.889993,-1.603060,0.116029,-0.026743,-0.095346
1778249442.413141,0.775567,0.272115,0.916448,0.0000,0.0000,0.0000,0.140000,0.000000,0.000000,0.000000,0.000000,0.000000,0.784902,0.272318,0.920167,0.065341,0.001419,0.026029,0.127272,44.674824,43.849652,-2.993008,1.920307,-1.571268,-3.000010,1.889993,-1.603060,0.115483,-0.026616,-0.095367
1778249442.423359,0.775716,0.272111,0.916503,0.0000,0.0000,0.0000,0.140000,0.000000,0.000000,0.000000,0.000000,0.000000,0.784902,0.272318,0.920167,0.064305,0.001451,0.025647,0.125562,44.666342,43.841487,-2.993043,1.920160,-1.571261,-3.000010,1.889993,-1.603060,0.114927,-0.026487,-0.095388
1778249442.433257,0.775861,0.272107,0.916558,0.0000,0.0000,0.0000,0.140000,0.000000,0.000000,0.000000,0.000000,0.000000,0.784902,0.272318,0.920167,0.063288,0.001478,0.025260,0.123790,44.657886,43.833235,-2.993078,1.920009,-1.571255,-3.000010,1.889993,-1.603060,0.114360,-0.026355,-0.095408
1778249442.443366,0.775968,0.272105,0.916600,0.0000,0.0000,0.0000,0.140000,0.000000,0.000000,0.000000,0.000000,0.000000,0.784902,0.272318,0.920167,0.062539,0.001494,0.024969,0.122146,44.649644,43.825100,-2.993114,1.919855,-1.571248,-3.000010,1.889993,-1.603060,0.113927,-0.026254,-0.095423
1778249442.453222,0.776108,0.272103,0.916656,0.0000,0.0000,0.0000,0.140000,0.000000,0.000000,0.000000,0.000000,0.000000,0.784902,0.272318,0.920167,0.061561,0.001508,0.024577,0.120438,44.641922,43.817740,-2.993142,1.919737,-1.571243,-3.000010,1.889993,-1.603060,0.113337,-0.026118,-0.095443
1778249442.463882,0.776244,0.272101,0.916712,0.0000,0.0000,0.0000,0.140000,0.000000,0.000000,0.000000,0.000000,0.000000,0.784902,0.272318,0.920167,0.060603,0.001523,0.024181,0.118701,44.635573,43.811721,-2.993179,1.919577,-1.571236,-3.000010,1.889993,-1.603060,0.112734,-0.025978,-0.095462
1778249442.473614,0.776378,0.272100,0.916769,0.0000,0.0000,0.0000,0.140000,0.000000,0.000000,0.000000,0.000000,0.000000,0.784902,0.272318,0.920167,0.059671,0.001527,0.023784,0.116957,44.629650,43.806187,-2.993227,1.919371,-1.571228,-3.000010,1.889993,-1.603060,0.112118,-0.025835,-0.095483
1778249442.483474,0.776508,0.272100,0.916826,0.0000,0.0000,0.0000,0.140000,0.000000,0.000000,0.000000,0.000000,0.000000,0.784902,0.272318,0.920167,0.058761,0.001529,0.023383,0.115222,44.622436,43.799285,-2.993257,1.919244,-1.571223,-3.000010,1.889993,-1.603060,0.111485,-0.025689,-0.095501
1778249442.493637,0.776634,0.272100,0.916884,0.0000,0.0000,0.0000,0.140000,0.000000,0.000000,0.000000,0.000000,0.000000,0.784902,0.272318,0.920167,0.057872,0.001529,0.022981,0.113505,44.617961,43.795076,-2.993297,1.919072,-1.571217,-3.000010,1.889993,-1.603060,0.110839,-0.025539,-0.095521
1778249442.503217,0.776758,0.272101,0.916941,0.0000,0.0000,0.0000,0.140000,0.000000,0.000000,0.000000,0.000000,0.000000,0.784902,0.272318,0.920167,0.057008,0.001520,0.022580,0.111814,44.612804,43.790209,-2.993338,1.918895,-1.571210,-3.000010,1.889993,-1.603060,0.110176,-0.025386,-0.095541
1778249442.516093,0.776849,0.272102,0.916984,0.0000,0.0000,0.0000,0.140000,0.000000,0.000000,0.000000,0.000000,0.000000,0.784902,0.272318,0.920167,0.057008,0.001520,0.022580,0.111814,44.612804,43.790209,-2.993380,1.918714,-1.571204,-3.000010,1.889993,-1.603060,0.109667,-0.025269,-0.095555
1778249442.523437,0.776967,0.272104,0.917042,0.0000,0.0000,0.0000,0.140000,0.000000,0.000000,0.000000,0.000000,0.000000,0.784902,0.272318,0.920167,0.055545,0.001501,0.021877,0.108741,44.601992,43.779905,-2.993412,1.918575,-1.571199,-3.000010,1.889993,-1.603060,0.109323,-0.025190,-0.095565
1778249442.533659,0.777082,0.272106,0.917099,0.0000,0.0000,0.0000,0.140000,0.000000,0.000000,0.000000,0.000000,0.000000,0.784902,0.272318,0.920167,0.054738,0.001484,0.021476,0.107196,44.597788,43.775939,-2.993456,1.918386,-1.571193,-3.000010,1.889993,-1.603060,0.108265,-0.024946,-0.095593
1778249442.543610,0.777195,0.272109,0.917156,0.0000,0.0000,0.0000,0.140000,0.000000,0.000000,0.000000,0.000000,0.000000,0.784902,0.272318,0.920167,0.053951,0.001466,0.021076,0.105662,44.595423,43.773801,-2.993500,1.918193,-1.571186,-3.000010,1.889993,-1.603060,0.107722,-0.024821,-0.095608
1778249442.553758,0.777304,0.272112,0.917213,0.0000,0.0000,0.0000,0.140000,0.000000,0.000000,0.000000,0.000000,0.000000,0.784902,0.272318,0.920167,0.053186,0.001440,0.020680,0.104150,44.592116,43.770765,-2.993546,1.917994,-1.571180,-3.000010,1.889993,-1.603060,0.106793,-0.024608,-0.095633
1778249442.563168,0.777411,0.272116,0.917269,0.0000,0.0000,0.0000,0.140000,0.000000,0.000000,0.000000,0.000000,0.000000,0.784902,0.272318,0.920167,0.052438,0.001415,0.020284,0.102662,44.587188,43.766032,-2.993593,1.917790,-1.571173,-3.000010,1.889993,-1.603060,0.106027,-0.024432,-0.095651
1778249442.573956,0.777489,0.272119,0.917311,0.0000,0.0000,0.0000,0.140000,0.000000,0.000000,0.000000,0.000000,0.000000,0.784902,0.272318,0.920167,0.051888,0.001397,0.019989,0.101320,44.582713,43.761560,-2.993641,1.917582,-1.571167,-3.000010,1.889993,-1.603060,0.105442,-0.024298,-0.095666
1778249442.583797,0.777591,0.272123,0.917367,0.0000,0.0000,0.0000,0.140000,0.000000,0.000000,0.000000,0.000000,0.000000,0.784902,0.272318,0.920167,0.051174,0.001364,0.019599,0.099964,44.581630,43.760705,-2.993690,1.917368,-1.571161,-3.000010,1.889993,-1.603060,0.104644,-0.024115,-0.095686
1778249442.593657,0.777691,0.272128,0.917422,0.0000,0.0000,0.0000,0.140000,0.000000,0.000000,0.000000,0.000000,0.000000,0.784902,0.272318,0.920167,0.050478,0.001328,0.019212,0.098611,44.578049,43.757383,-2.993741,1.917148,-1.571154,-3.000010,1.889993,-1.603060,0.103825,-0.023928,-0.095704
1778249442.604233,0.777788,0.272133,0.917477,0.0000,0.0000,0.0000,0.140000,0.000000,0.000000,0.000000,0.000000,0.000000,0.784902,0.272318,0.920167,0.049798,0.001298,0.018827,0.097269,44.575077,43.754601,-2.993792,1.916923,-1.571148,-3.000010,1.889993,-1.603060,0.102985,-0.023736,-0.095723
1778249442.614018,0.777883,0.272138,0.917532,0.0000,0.0000,0.0000,0.140000,0.000000,0.000000,0.000000,0.000000,0.000000,0.784902,0.272318,0.920167,0.049136,0.001260,0.018447,0.095946,44.573088,43.752850,-2.993832,1.916751,-1.571143,-3.000010,1.889993,-1.603060,0.102126,-0.023540,-0.095743
1778249442.623512,0.777974,0.272144,0.917585,0.0000,0.0000,0.0000,0.140000,0.000000,0.000000,0.000000,0.000000,0.000000,0.784902,0.272318,0.920167,0.048493,0.001217,0.018069,0.094646,44.568957,43.748980,-2.993886,1.916516,-1.571137,-3.000010,1.889993,-1.603060,0.101243,-0.023338,-0.095761
1778249442.633491,0.778064,0.272150,0.917639,0.0000,0.0000,0.0000,0.140000,0.000000,0.000000,0.000000,0.000000,0.000000,0.784902,0.272318,0.920167,0.047864,0.001180,0.017695,0.093371,44.564857,43.745077,-2.993941,1.916275,-1.571131,-3.000010,1.889993,-1.603060,0.100338,-0.023132,-0.095779
1778249442.643203,0.778146,0.272150,0.917705,0.0000,0.0000,0.0000,0.140000,0.000000,0.000000,0.000000,0.000000,0.000000,0.784902,0.272318,0.920167,0.047295,0.001176,0.017229,0.092125,44.433483,43.620778,-2.993996,1.916037,-1.571128,-3.000010,1.889993,-1.603060,0.099417,-0.022922,-0.095798
1778249442.653935,0.778223,0.272142,0.917789,0.0000,0.0000,0.0000,0.140000,0.000000,0.000000,0.000000,0.000000,0.000000,0.784902,0.272318,0.920167,0.046750,0.001232,0.016645,0.090889,44.267518,43.459624,-2.994057,1.915766,-1.571145,-3.000010,1.889993,-1.603060,0.098542,-0.022720,-0.095791
1778249442.663656,0.778319,0.272099,0.917881,0.0000,0.0000,0.0000,0.140000,0.000000,0.000000,0.000000,0.000000,0.000000,0.784902,0.272318,0.920167,0.046080,0.001533,0.016000,0.089586,44.236186,43.416157,-2.994096,1.915587,-1.571183,-3.000010,1.889993,-1.603060,0.097767,-0.022544,-0.095722
1778249442.673327,0.778453,0.272027,0.917944,0.0000,0.0000,0.0000,0.140000,0.000000,0.000000,0.000000,0.000000,0.000000,0.784902,0.272318,0.920167,0.045141,0.002040,0.015560,0.088144,44.401894,43.558687,-2.994121,1.915460,-1.571212,-3.000010,1.889993,-1.603060,0.097103,-0.022400,-0.095602
1778249442.683471,0.778614,0.271957,0.917976,0.0000,0.0000,0.0000,0.140000,0.000000,0.000000,0.000000,0.000000,0.000000,0.784902,0.272318,0.920167,0.044017,0.002524,0.015335,0.086555,44.517193,43.664048,-2.994150,1.915302,-1.571242,-3.000010,1.889993,-1.603060,0.096472,-0.022277,-0.095496
1778249442.693894,0.778786,0.271913,0.917991,0.0000,0.0000,0.0000,0.140000,0.000000,0.000000,0.000000,0.000000,0.000000,0.784902,0.272318,0.920167,0.042811,0.002838,0.015233,0.084850,44.588857,43.730933,-2.994175,1.915167,-1.571267,-3.000010,1.889993,-1.603060,0.095917,-0.022174,-0.095417
1778249442.703520,0.778965,0.271882,0.917995,0.0000,0.0000,0.0000,0.140000,0.000000,0.000000,0.000000,0.000000,0.000000,0.784902,0.272318,0.920167,0.041560,0.003050,0.015200,0.083057,44.615485,43.754393,-2.994197,1.915049,-1.571288,-3.000010,1.889993,-1.603060,0.095438,-0.022082,-0.095349
1778249442.713713,0.779146,0.271855,0.917997,0.0000,0.0000,0.0000,0.140000,0.000000,0.000000,0.000000,0.000000,0.000000,0.784902,0.272318,0.920167,0.040293,0.003244,0.015189,0.081204,44.617289,43.754816,-2.994218,1.914946,-1.571306,-3.000010,1.889993,-1.603060,0.095120,-0.022019,-0.095304
1778249442.723381,0.779324,0.271827,0.917998,0.0000,0.0000,0.0000,0.140000,0.000000,0.000000,0.000000,0.000000,0.000000,0.784902,0.272318,0.920167,0.039045,0.003434,0.015178,0.079323,44.617385,43.755667,-2.994236,1.914856,-1.571322,-3.000010,1.889993,-1.603060,0.094742,-0.021942,-0.095252
1778249442.733291,0.779496,0.271804,0.918001,0.0000,0.0000,0.0000,0.140000,0.000000,0.000000,0.000000,0.000000,0.000000,0.784902,0.272318,0.920167,0.037841,0.003601,0.015163,0.077449,44.627201,43.767174,-2.994252,1.914775,-1.571336,-3.000010,1.889993,-1.603060,0.094332,-0.021858,-0.095194
1778249442.743594,0.779662,0.271788,0.918000,0.0000,0.0000,0.0000,0.140000,0.000000,0.000000,0.000000,0.000000,0.000000,0.784902,0.272318,0.920167,0.036680,0.003714,0.015170,0.075607,44.702325,43.841670,-2.994267,1.914702,-1.571350,-3.000010,1.889993,-1.603060,0.094042,-0.021799,-0.095151
1778249442.753902,0.779825,0.271786,0.917987,0.0000,0.0000,0.0000,0.140000,0.000000,0.000000,0.000000,0.000000,0.000000,0.784902,0.272318,0.920167,0.035536,0.003728,0.015256,0.073812,44.773759,43.911336,-2.994284,1.914619,-1.571367,-3.000010,1.889993,-1.603060,0.093775,-0.021743,-0.095110
1778249442.763361,0.779984,0.271789,0.917975,0.0000,0.0000,0.0000,0.140000,0.000000,0.000000,0.000000,0.000000,0.000000,0.784902,0.272318,0.920167,0.034424,0.003705,0.015339,0.072065,44.761344,43.900008,-2.994293,1.914575,-1.571375,-3.000010,1.889993,-1.603060,0.093533,-0.021692,-0.095072
1778249442.773569,0.780136,0.271792,0.917970,0.0000,0.0000,0.0000,0.140000,0.000000,0.000000,0.000000,0.000000,0.000000,0.784902,0.272318,0.920167,0.033361,0.003686,0.015376,0.070367,44.733929,43.874486,-2.994305,1.914524,-1.571385,-3.000010,1.889993,-1.603060,0.093323,-0.021645,-0.095041
1778249442.783483,0.780281,0.271793,0.917970,0.0000,0.0000,0.0000,0.140000,0.000000,0.000000,0.000000,0.000000,0.000000,0.784902,0.272318,0.920167,0.032346,0.003676,0.015375,0.068721,44.724202,43.866064,-2.994314,1.914481,-1.571393,-3.000010,1.889993,-1.603060,0.093145,-0.021605,-0.095015
1778249442.793434,0.780419,0.271796,0.917974,0.0000,0.0000,0.0000,0.140000,0.000000,0.000000,0.000000,0.000000,0.000000,0.784902,0.272318,0.920167,0.031377,0.003657,0.015350,0.067130,44.727325,43.870437,-2.994322,1.914445,-1.571400,-3.000010,1.889993,-1.603060,0.092996,-0.021572,-0.094993
1778249442.803308,0.780551,0.271802,0.917980,0.0000,0.0000,0.0000,0.140000,0.000000,0.000000,0.000000,0.000000,0.000000,0.784902,0.272318,0.920167,0.030458,0.003613,0.015305,0.065597,44.725584,43.869767,-2.994328,1.914415,-1.571408,-3.000010,1.889993,-1.603060,0.092871,-0.021546,-0.094971
1778249442.813384,0.780677,0.271810,0.917990,0.0000,0.0000,0.0000,0.140000,0.000000,0.000000,0.000000,0.000000,0.000000,0.784902,0.272318,0.920167,0.029575,0.003560,0.015238,0.064117,44.725565,43.870306,-2.994332,1.914393,-1.571414,-3.000010,1.889993,-1.603060,0.092770,-0.021527,-0.094948
1778249442.823151,0.780798,0.271819,0.918002,0.0000,0.0000,0.0000,0.140000,0.000000,0.000000,0.000000,0.000000,0.000000,0.784902,0.272318,0.920167,0.028729,0.003495,0.015154,0.062688,44.727474,43.872844,-2.994334,1.914376,-1.571419,-3.000010,1.889993,-1.603060,0.092698,-0.021514,-0.094931
1778249442.833532,0.780913,0.271829,0.918016,0.0000,0.0000,0.0000,0.140000,0.000000,0.000000,0.000000,0.000000,0.000000,0.784902,0.272318,0.920167,0.027923,0.003424,0.015054,0.061311,44.727585,43.873991,-2.994336,1.914366,-1.571423,-3.000010,1.889993,-1.603060,0.092647,-0.021505,-0.094918
1778249442.843683,0.781022,0.271840,0.918033,0.0000,0.0000,0.0000,0.140000,0.000000,0.000000,0.000000,0.000000,0.000000,0.784902,0.272318,0.920167,0.027158,0.003349,0.014935,0.059987,44.725132,43.872683,-2.994337,1.914359,-1.571426,-3.000010,1.889993,-1.603060,0.092614,-0.021500,-0.094908
1778249442.855289,0.781100,0.271848,0.918048,0.0000,0.0000,0.0000,0.140000,0.000000,0.000000,0.000000,0.000000,0.000000,0.784902,0.272318,0.920167,0.026613,0.003291,0.014832,0.058814,44.721114,43.869548,-2.994337,1.914356,-1.571427,-3.000010,1.889993,-1.603060,0.092596,-0.021498,-0.094902
1778249442.863646,0.781198,0.271859,0.918070,0.0000,0.0000,0.0000,0.140000,0.000000,0.000000,0.000000,0.000000,0.000000,0.784902,0.272318,0.920167,0.025924,0.003211,0.014679,0.057657,44.719282,43.869135,-2.994337,1.914355,-1.571428,-3.000010,1.889993,-1.603060,0.092590,-0.021497,-0.094899
1778249442.873221,0.781313,0.271875,0.918101,0.0000,0.0000,0.0000,0.140000,0.000000,0.000000,0.000000,0.000000,0.000000,0.784902,0.272318,0.920167,0.025123,0.003103,0.014463,0.056441,44.718156,43.869629,-2.994336,1.914357,-1.571429,-3.000010,1.889993,-1.603060,0.092591,-0.021499,-0.094896
1778249442.883465,0.781356,0.271881,0.918114,0.0000,0.0000,0.0000,0.140000,0.000000,0.000000,0.000000,0.000000,0.000000,0.784902,0.272318,0.920167,0.025123,0.003103,0.014463,0.056441,44.718156,43.869629,-2.994335,1.914360,-1.571430,-3.000010,1.889993,-1.603060,0.092597,-0.021501,-0.094894
1778249442.893421,0.781458,0.271899,0.918150,0.0000,0.0000,0.0000,0.140000,0.000000,0.000000,0.000000,0.000000,0.000000,0.784902,0.272318,0.920167,0.024109,0.002936,0.014116,0.054408,44.714035,43.867882,-2.994334,1.914364,-1.571430,-3.000010,1.889993,-1.603060,0.092610,-0.021506,-0.094893
1778249442.903651,0.781529,0.271919,0.918181,0.0000,0.0000,0.0000,0.140000,0.000000,0.000000,0.000000,0.000000,0.000000,0.784902,0.272318,0.920167,0.023608,0.002795,0.013899,0.053408,44.723088,43.879323,-2.994332,1.914369,-1.571432,-3.000010,1.889993,-1.603060,0.092634,-0.021513,-0.094890
1778249442.913304,0.781593,0.271942,0.918215,0.0000,0.0000,0.0000,0.140000,0.000000,0.000000,0.000000,0.000000,0.000000,0.784902,0.272318,0.920167,0.023161,0.002636,0.013663,0.052469,44.716867,43.874865,-2.994331,1.914373,-1.571437,-3.000010,1.889993,-1.603060,0.092650,-0.021519,-0.094877
1778249442.923211,0.781652,0.271963,0.918251,0.0000,0.0000,0.0000,0.140000,0.000000,0.000000,0.000000,0.000000,0.000000,0.784902,0.272318,0.920167,0.022751,0.002485,0.013408,0.051587,44.705380,43.864647,-2.994330,1.914374,-1.571442,-3.000010,1.889993,-1.603060,0.092658,-0.021522,-0.094866
1778249442.933176,0.781707,0.271982,0.918290,0.0000,0.0000,0.0000,0.140000,0.000000,0.000000,0.000000,0.000000,0.000000,0.784902,0.272318,0.920167,0.022363,0.002353,0.013141,0.050751,44.697289,43.857069,-2.994329,1.914375,-1.571446,-3.000010,1.889993,-1.603060,0.092662,-0.021525,-0.094849
1778249442.943506,0.781760,0.272000,0.918329,0.0000,0.0000,0.0000,0.140000,0.000000,0.000000,0.000000,0.000000,0.000000,0.784902,0.272318,0.920167,0.021993,0.002229,0.012867,0.049953,44.691947,43.852157,-2.994329,1.914375,-1.571449,-3.000010,1.889993,-1.603060,0.092664,-0.021527,-0.094838
1778249442.953624,0.781811,0.272017,0.918368,0.0000,0.0000,0.0000,0.140000,0.000000,0.000000,0.000000,0.000000,0.000000,0.784902,0.272318,0.920167,0.021637,0.002111,0.012590,0.049187,44.686689,43.847091,-2.994328,1.914375,-1.571452,-3.000010,1.889993,-1.603060,0.092664,-0.021528,-0.094829
1778249442.963756,0.781860,0.272033,0.918408,0.0000,0.0000,0.0000,0.140000,0.000000,0.000000,0.000000,0.000000,0.000000,0.784902,0.272318,0.920167,0.021291,0.001998,0.012310,0.048448,44.681402,43.841964,-2.994328,1.914375,-1.571454,-3.000010,1.889993,-1.603060,0.092665,-0.021530,-0.094822
1778249442.973985,0.781908,0.272048,0.918448,0.0000,0.0000,0.0000,0.140000,0.000000,0.000000,0.000000,0.000000,0.000000,0.784902,0.272318,0.920167,0.020954,0.001890,0.012030,0.047732,44.675907,43.836583,-2.994327,1.914376,-1.571456,-3.000010,1.889993,-1.603060,0.092667,-0.021531,-0.094816
1778249442.983177,0.781944,0.272059,0.918478,0.0000,0.0000,0.0000,0.140000,0.000000,0.000000,0.000000,0.000000,0.000000,0.784902,0.272318,0.920167,0.020708,0.001813,0.011820,0.047091,44.670734,43.831537,-2.994327,1.914377,-1.571457,-3.000010,1.889993,-1.603060,0.092671,-0.021533,-0.094813
1778249442.993716,0.781990,0.272073,0.918518,0.0000,0.0000,0.0000,0.140000,0.000000,0.000000,0.000000,0.000000,0.000000,0.784902,0.272318,0.920167,0.020386,0.001714,0.011540,0.046449,44.667094,43.827999,-2.994326,1.914379,-1.571458,-3.000010,1.889993,-1.603060,0.092676,-0.021534,-0.094809
1778249443.004417,0.782034,0.272087,0.918558,0.0000,0.0000,0.0000,0.140000,0.000000,0.000000,0.000000,0.000000,0.000000,0.784902,0.272318,0.920167,0.020073,0.001621,0.011263,0.045811,44.664532,43.825662,-2.994326,1.914381,-1.571459,-3.000010,1.889993,-1.603060,0.092683,-0.021537,-0.094806
1778249443.013608,0.782078,0.272100,0.918597,0.0000,0.0000,0.0000,0.140000,0.000000,0.000000,0.000000,0.000000,0.000000,0.784902,0.272318,0.920167,0.019768,0.001529,0.010989,0.045182,44.660977,43.822307,-2.994325,1.914383,-1.571460,-3.000010,1.889993,-1.603060,0.092691,-0.021539,-0.094803
1778249443.023467,0.782121,0.272112,0.918636,0.0000,0.0000,0.0000,0.140000,0.000000,0.000000,0.000000,0.000000,0.000000,0.784902,0.272318,0.920167,0.019469,0.001446,0.010718,0.044562,44.659153,43.820496,-2.994324,1.914386,-1.571460,-3.000010,1.889993,-1.603060,0.092698,-0.021540,-0.094801
1778249443.033372,0.782162,0.272123,0.918674,0.0000,0.0000,0.0000,0.140000,0.000000,0.000000,0.000000,0.000000,0.000000,0.784902,0.272318,0.920167,0.019177,0.001363,0.010453,0.043955,44.657297,43.818870,-2.994324,1.914389,-1.571461,-3.000010,1.889993,-1.603060,0.092709,-0.021543,-0.094800
1778249443.043750,0.782193,0.272132,0.918702,0.0000,0.0000,0.0000,0.140000,0.000000,0.000000,0.000000,0.000000,0.000000,0.784902,0.272318,0.920167,0.019177,0.001363,0.010453,0.043955,44.657297,43.818870,-2.994323,1.914392,-1.571461,-3.000010,1.889993,-1.603060,0.092721,-0.021546,-0.094798
1778249443.054789,0.782233,0.272143,0.918738,0.0000,0.0000,0.0000,0.140000,0.000000,0.000000,0.000000,0.000000,0.000000,0.784902,0.272318,0.920167,0.018683,0.001226,0.009998,0.042859,44.652221,43.814084,-2.994322,1.914396,-1.571462,-3.000010,1.889993,-1.603060,0.092733,-0.021549,-0.094797
1778249443.063706,0.782272,0.272153,0.918774,0.0000,0.0000,0.0000,0.140000,0.000000,0.000000,0.000000,0.000000,0.000000,0.784902,0.272318,0.920167,0.018407,0.001154,0.009747,0.042311,44.651743,43.813659,-2.994321,1.914399,-1.571462,-3.000010,1.889993,-1.603060,0.092747,-0.021552,-0.094796
1778249443.073831,0.782311,0.272163,0.918809,0.0000,0.0000,0.0000,0.140000,0.000000,0.000000,0.000000,0.000000,0.000000,0.784902,0.272318,0.920167,0.018137,0.001086,0.009501,0.041768,44.651339,43.813295,-2.994320,1.914402,-1.571462,-3.000010,1.889993,-1.603060,0.092761,-0.021556,-0.094795
1778249443.083201,0.782349,0.272172,0.918844,0.0000,0.0000,0.0000,0.140000,0.000000,0.000000,0.000000,0.000000,0.000000,0.784902,0.272318,0.920167,0.017871,0.001021,0.009262,0.041234,44.650720,43.812652,-2.994319,1.914406,-1.571463,-3.000010,1.889993,-1.603060,0.092772,-0.021558,-0.094794
1778249443.094173,0.782377,0.272179,0.918869,0.0000,0.0000,0.0000,0.140000,0.000000,0.000000,0.000000,0.000000,0.000000,0.784902,0.272318,0.920167,0.017675,0.000974,0.009087,0.040752,44.649098,43.811058,-2.994319,1.914410,-1.571463,-3.000010,1.889993,-1.603060,0.092787,-0.021562,-0.094794
1778249443.103768,0.782414,0.272188,0.918901,0.0000,0.0000,0.0000,0.140000,0.000000,0.000000,0.000000,0.000000,0.000000,0.784902,0.272318,0.920167,0.017417,0.000914,0.008859,0.040266,44.649378,43.811289,-2.994318,1.914413,-1.571463,-3.000010,1.889993,-1.603060,0.092802,-0.021565,-0.094792
1778249443.113398,0.782450,0.272196,0.918933,0.0000,0.0000,0.0000,0.140000,0.000000,0.000000,0.000000,0.000000,0.000000,0.784902,0.272318,0.920167,0.017163,0.000857,0.008638,0.039780,44.650123,43.812118,-2.994317,1.914417,-1.571463,-3.000010,1.889993,-1.603060,0.092818,-0.021569,-0.094792
1778249443.123744,0.782486,0.272203,0.918963,0.0000,0.0000,0.0000,0.140000,0.000000,0.000000,0.000000,0.000000,0.000000,0.784902,0.272318,0.920167,0.016912,0.000805,0.008424,0.039299,44.650583,43.812454,-2.994316,1.914421,-1.571464,-3.000010,1.889993,-1.603060,0.092830,-0.021572,-0.094791
1778249443.133350,0.782521,0.272210,0.918993,0.0000,0.0000,0.0000,0.140000,0.000000,0.000000,0.000000,0.000000,0.000000,0.784902,0.272318,0.920167,0.016666,0.000754,0.008216,0.038825,44.651094,43.813052,-2.994315,1.914426,-1.571464,-3.000010,1.889993,-1.603060,0.092846,-0.021576,-0.094790
1778249443.143238,0.782556,0.272217,0.919022,0.0000,0.0000,0.0000,0.140000,0.000000,0.000000,0.000000,0.000000,0.000000,0.784902,0.272318,0.920167,0.016423,0.000707,0.008015,0.038359,44.651223,43.813057,-2.994314,1.914430,-1.571464,-3.000010,1.889993,-1.603060,0.092862,-0.021579,-0.094789
1778249443.153442,0.782582,0.272222,0.919043,0.0000,0.0000,0.0000,0.140000,0.000000,0.000000,0.000000,0.000000,0.000000,0.784902,0.272318,0.920167,0.016242,0.000675,0.007869,0.037939,44.649904,43.811808,-2.994313,1.914434,-1.571465,-3.000010,1.889993,-1.603060,0.092879,-0.021583,-0.094788
1778249443.164096,0.782616,0.272228,0.919070,0.0000,0.0000,0.0000,0.140000,0.000000,0.000000,0.000000,0.000000,0.000000,0.784902,0.272318,0.920167,0.016004,0.000631,0.007679,0.037516,44.650657,43.812523,-2.994312,1.914439,-1.571465,-3.000010,1.889993,-1.603060,0.092895,-0.021587,-0.094787
1778249443.173790,0.782650,0.272233,0.919096,0.0000,0.0000,0.0000,0.140000,0.000000,0.000000,0.000000,0.000000,0.000000,0.784902,0.272318,0.920167,0.015767,0.000593,0.007496,0.037092,44.652424,43.814149,-2.994311,1.914443,-1.571465,-3.000010,1.889993,-1.603060,0.092912,-0.021591,-0.094786
1778249443.183698,0.782683,0.272239,0.919121,0.0000,0.0000,0.0000,0.140000,0.000000,0.000000,0.000000,0.000000,0.000000,0.784902,0.272318,0.920167,0.015534,0.000554,0.007320,0.036671,44.653400,43.815123,-2.994310,1.914447,-1.571466,-3.000010,1.889993,-1.603060,0.092929,-0.021595,-0.094785
1778249443.193837,0.782716,0.272244,0.919145,0.0000,0.0000,0.0000,0.140000,0.000000,0.000000,0.000000,0.000000,0.000000,0.784902,0.272318,0.920167,0.015302,0.000521,0.007150,0.036256,44.654411,43.815926,-2.994309,1.914451,-1.571466,-3.000010,1.889993,-1.603060,0.092946,-0.021598,-0.094784
1778249443.203243,0.782749,0.272248,0.919169,0.0000,0.0000,0.0000,0.140000,0.000000,0.000000,0.000000,0.000000,0.000000,0.784902,0.272318,0.920167,0.015073,0.000490,0.006987,0.035847,44.655961,43.817440,-2.994308,1.914456,-1.571466,-3.000010,1.889993,-1.603060,0.092959,-0.021601,-0.094783
1778249443.213584,0.782773,0.272252,0.919186,0.0000,0.0000,0.0000,0.140000,0.000000,0.000000,0.000000,0.000000,0.000000,0.784902,0.272318,0.920167,0.014903,0.000465,0.006869,0.035479,44.655140,43.816539,-2.994307,1.914460,-1.571467,-3.000010,1.889993,-1.603060,0.092977,-0.021605,-0.094782
1778249443.225430,0.782805,0.272256,0.919208,0.0000,0.0000,0.0000,0.140000,0.000000,0.000000,0.000000,0.000000,0.000000,0.784902,0.272318,0.920167,0.014903,0.000465,0.006869,0.035479,44.655140,43.816539,-2.994306,1.914464,-1.571467,-3.000010,1.889993,-1.603060,0.092993,-0.021609,-0.094780
1778249443.233679,0.782837,0.272259,0.919229,0.0000,0.0000,0.0000,0.140000,0.000000,0.000000,0.000000,0.000000,0.000000,0.784902,0.272318,0.920167,0.014454,0.000414,0.006568,0.034733,44.658988,43.820039,-2.994305,1.914468,-1.571467,-3.000010,1.889993,-1.603060,0.093011,-0.021613,-0.094779
1778249443.243444,0.782869,0.272263,0.919249,0.0000,0.0000,0.0000,0.140000,0.000000,0.000000,0.000000,0.000000,0.000000,0.784902,0.272318,0.920167,0.014233,0.000388,0.006426,0.034363,44.660111,43.821168,-2.994304,1.914473,-1.571468,-3.000010,1.889993,-1.603060,0.093029,-0.021617,-0.094779
1778249443.253134,0.782900,0.272266,0.919268,0.0000,0.0000,0.0000,0.140000,0.000000,0.000000,0.000000,0.000000,0.000000,0.784902,0.272318,0.920167,0.014016,0.000364,0.006289,0.033998,44.660548,43.821469,-2.994303,1.914477,-1.571469,-3.000010,1.889993,-1.603060,0.093042,-0.021620,-0.094777
1778249443.266807,0.782923,0.272268,0.919283,0.0000,0.0000,0.0000,0.140000,0.000000,0.000000,0.000000,0.000000,0.000000,0.784902,0.272318,0.920167,0.013852,0.000351,0.006190,0.033667,44.660252,43.821091,-2.994302,1.914482,-1.571469,-3.000010,1.889993,-1.603060,0.093059,-0.021624,-0.094775
1778249443.273478,0.782954,0.272271,0.919301,0.0000,0.0000,0.0000,0.140000,0.000000,0.000000,0.000000,0.000000,0.000000,0.784902,0.272318,0.920167,0.013638,0.000331,0.006062,0.033332,44.662184,43.823011,-2.994301,1.914486,-1.571469,-3.000010,1.889993,-1.603060,0.093078,-0.021628,-0.094774
1778249443.283367,0.782984,0.272274,0.919318,0.0000,0.0000,0.0000,0.140000,0.000000,0.000000,0.000000,0.000000,0.000000,0.784902,0.272318,0.920167,0.013425,0.000312,0.005939,0.032997,44.663313,43.823957,-2.994300,1.914490,-1.571470,-3.000010,1.889993,-1.603060,0.093091,-0.021631,-0.094773
1778249443.295928,0.783007,0.272275,0.919331,0.0000,0.0000,0.0000,0.140000,0.000000,0.000000,0.000000,0.000000,0.000000,0.784902,0.272318,0.920167,0.013267,0.000299,0.005850,0.032692,44.663926,43.824474,-2.994299,1.914496,-1.571471,-3.000010,1.889993,-1.603060,0.093109,-0.021635,-0.094771
1778249443.303819,0.783037,0.272278,0.919348,0.0000,0.0000,0.0000,0.140000,0.000000,0.000000,0.000000,0.000000,0.000000,0.784902,0.272318,0.920167,0.013058,0.000284,0.005735,0.032380,44.665808,43.826191,-2.994298,1.914499,-1.571471,-3.000010,1.889993,-1.603060,0.093127,-0.021639,-0.094770
1778249443.313734,0.783066,0.272280,0.919363,0.0000,0.0000,0.0000,0.140000,0.000000,0.000000,0.000000,0.000000,0.000000,0.784902,0.272318,0.920167,0.012852,0.000267,0.005624,0.032067,44.667020,43.827334,-2.994297,1.914505,-1.571472,-3.000010,1.889993,-1.603060,0.093145,-0.021644,-0.094768
1778249443.323662,0.783095,0.272282,0.919379,0.0000,0.0000,0.0000,0.140000,0.000000,0.000000,0.000000,0.000000,0.000000,0.784902,0.272318,0.920167,0.012852,0.000267,0.005624,0.032067,44.667020,43.827334,-2.994296,1.914508,-1.571472,-3.000010,1.889993,-1.603060,0.093158,-0.021647,-0.094767
1778249443.333589,0.783124,0.272284,0.919394,0.0000,0.0000,0.0000,0.140000,0.000000,0.000000,0.000000,0.000000,0.000000,0.784902,0.272318,0.920167,0.012447,0.000238,0.005413,0.031446,44.669468,43.829549,-2.994295,1.914513,-1.571473,-3.000010,1.889993,-1.603060,0.093181,-0.021652,-0.094765
1778249443.343592,0.783152,0.272286,0.919408,0.0000,0.0000,0.0000,0.140000,0.000000,0.000000,0.000000,0.000000,0.000000,0.784902,0.272318,0.920167,0.012447,0.000238,0.005413,0.031446,44.669468,43.829549,-2.994294,1.914518,-1.571473,-3.000010,1.889993,-1.603060,0.093200,-0.021656,-0.094763
1778249443.353554,0.783180,0.272288,0.919422,0.0000,0.0000,0.0000,0.140000,0.000000,0.000000,0.000000,0.000000,0.000000,0.784902,0.272318,0.920167,0.012052,0.000212,0.005216,0.030843,44.671730,43.831703,-2.994292,1.914524,-1.571474,-3.000010,1.889993,-1.603060,0.093218,-0.021660,-0.094761
1778249443.363924,0.783208,0.272289,0.919435,0.0000,0.0000,0.0000,0.140000,0.000000,0.000000,0.000000,0.000000,0.000000,0.784902,0.272318,0.920167,0.011857,0.000202,0.005122,0.030550,44.672691,43.832433,-2.994291,1.914529,-1.571475,-3.000010,1.889993,-1.603060,0.093236,-0.021664,-0.094759
1778249443.373558,0.783236,0.272290,0.919448,0.0000,0.0000,0.0000,0.140000,0.000000,0.000000,0.000000,0.000000,0.000000,0.784902,0.272318,0.920167,0.011663,0.000194,0.005032,0.030261,44.674476,43.834141,-2.994290,1.914533,-1.571475,-3.000010,1.889993,-1.603060,0.093255,-0.021669,-0.094757
1778249443.383470,0.783263,0.272292,0.919460,0.0000,0.0000,0.0000,0.140000,0.000000,0.000000,0.000000,0.000000,0.000000,0.784902,0.272318,0.920167,0.011475,0.000182,0.004944,0.029980,44.674722,43.834402,-2.994289,1.914538,-1.571476,-3.000010,1.889993,-1.603060,0.093274,-0.021673,-0.094756
1778249443.393384,0.783289,0.272294,0.919473,0.0000,0.0000,0.0000,0.140000,0.000000,0.000000,0.000000,0.000000,0.000000,0.784902,0.272318,0.920167,0.011289,0.000170,0.004859,0.029705,44.674891,43.834427,-2.994288,1.914542,-1.571477,-3.000010,1.889993,-1.603060,0.093292,-0.021677,-0.094753
1778249443.403829,0.783316,0.272294,0.919485,0.0000,0.0000,0.0000,0.140000,0.000000,0.000000,0.000000,0.000000,0.000000,0.784902,0.272318,0.920167,0.011103,0.000165,0.004776,0.029435,44.676704,43.836044,-2.994287,1.914547,-1.571477,-3.000010,1.889993,-1.603060,0.093311,-0.021681,-0.094751
1778249443.413112,0.783342,0.272296,0.919496,0.0000,0.0000,0.0000,0.140000,0.000000,0.000000,0.000000,0.000000,0.000000,0.784902,0.272318,0.920167,0.010920,0.000157,0.004696,0.029171,44.677941,43.837296,-2.994286,1.914553,-1.571478,-3.000010,1.889993,-1.603060,0.093326,-0.021685,-0.094750
1778249443.424048,0.783361,0.272297,0.919504,0.0000,0.0000,0.0000,0.140000,0.000000,0.000000,0.000000,0.000000,0.000000,0.784902,0.272318,0.920167,0.010787,0.000148,0.004637,0.028934,44.676601,43.835974,-2.994284,1.914557,-1.571479,-3.000010,1.889993,-1.603060,0.093345,-0.021689,-0.094747
1778249443.433572,0.783387,0.272298,0.919515,0.0000,0.0000,0.0000,0.140000,0.000000,0.000000,0.000000,0.000000,0.000000,0.784902,0.272318,0.920167,0.010608,0.000143,0.004561,0.028696,44.678150,43.837374,-2.994284,1.914561,-1.571479,-3.000010,1.889993,-1.603060,0.093364,-0.021693,-0.094745
1778249443.443253,0.783412,0.272299,0.919526,0.0000,0.0000,0.0000,0.140000,0.000000,0.000000,0.000000,0.000000,0.000000,0.784902,0.272318,0.920167,0.010433,0.000134,0.004487,0.028458,44.679002,43.838169,-2.994282,1.914566,-1.571480,-3.000010,1.889993,-1.603060,0.093383,-0.021698,-0.094743
1778249443.453169,0.783436,0.272300,0.919536,0.0000,0.0000,0.0000,0.140000,0.000000,0.000000,0.000000,0.000000,0.000000,0.784902,0.272318,0.920167,0.010259,0.000128,0.004415,0.028222,44.680297,43.839374,-2.994281,1.914571,-1.571481,-3.000010,1.889993,-1.603060,0.093397,-0.021701,-0.094741
1778249443.463338,0.783461,0.272301,0.919546,0.0000,0.0000,0.0000,0.140000,0.000000,0.000000,0.000000,0.000000,0.000000,0.784902,0.272318,0.920167,0.010089,0.000120,0.004345,0.027990,44.680847,43.839810,-2.994280,1.914576,-1.571482,-3.000010,1.889993,-1.603060,0.093422,-0.021706,-0.094738
1778249443.474007,0.783479,0.272302,0.919553,0.0000,0.0000,0.0000,0.140000,0.000000,0.000000,0.000000,0.000000,0.000000,0.784902,0.272318,0.920167,0.009962,0.000116,0.004294,0.027781,44.681631,43.840464,-2.994279,1.914582,-1.571482,-3.000010,1.889993,-1.603060,0.093436,-0.021710,-0.094736
1778249443.483631,0.783503,0.272303,0.919563,0.0000,0.0000,0.0000,0.140000,0.000000,0.000000,0.000000,0.000000,0.000000,0.784902,0.272318,0.920167,0.009796,0.000109,0.004227,0.027569,44.682586,43.841346,-2.994278,1.914585,-1.571483,-3.000010,1.889993,-1.603060,0.093456,-0.021714,-0.094733
1778249443.493487,0.783526,0.272303,0.919572,0.0000,0.0000,0.0000,0.140000,0.000000,0.000000,0.000000,0.000000,0.000000,0.784902,0.272318,0.920167,0.009632,0.000103,0.004161,0.027358,44.683597,43.842276,-2.994277,1.914591,-1.571484,-3.000010,1.889993,-1.603060,0.093475,-0.021718,-0.094731
1778249443.503210,0.783549,0.272304,0.919581,0.0000,0.0000,0.0000,0.140000,0.000000,0.000000,0.000000,0.000000,0.000000,0.784902,0.272318,0.920167,0.009471,0.000097,0.004098,0.027148,44.684118,43.842712,-2.994276,1.914596,-1.571485,-3.000010,1.889993,-1.603060,0.093490,-0.021722,-0.094729
1778249443.513928,0.783566,0.272305,0.919588,0.0000,0.0000,0.0000,0.140000,0.000000,0.000000,0.000000,0.000000,0.000000,0.784902,0.272318,0.920167,0.009352,0.000092,0.004050,0.026959,44.683657,43.842284,-2.994275,1.914600,-1.571486,-3.000010,1.889993,-1.603060,0.093510,-0.021726,-0.094726
1778249443.523631,0.783588,0.272306,0.919597,0.0000,0.0000,0.0000,0.140000,0.000000,0.000000,0.000000,0.000000,0.000000,0.784902,0.272318,0.920167,0.009195,0.000085,0.003989,0.026767,44.684768,43.843370,-2.994273,1.914606,-1.571487,-3.000010,1.889993,-1.603060,0.093529,-0.021731,-0.094724
1778249443.534092,0.783611,0.272307,0.919606,0.0000,0.0000,0.0000,0.140000,0.000000,0.000000,0.000000,0.000000,0.000000,0.784902,0.272318,0.920167,0.009040,0.000080,0.003929,0.026575,44.685568,43.844030,-2.994272,1.914611,-1.571488,-3.000010,1.889993,-1.603060,0.093549,-0.021735,-0.094721
1778249443.543813,0.783632,0.272308,0.919614,0.0000,0.0000,0.0000,0.140000,0.000000,0.000000,0.000000,0.000000,0.000000,0.784902,0.272318,0.920167,0.008888,0.000073,0.003870,0.026384,44.686227,43.844648,-2.994271,1.914615,-1.571488,-3.000010,1.889993,-1.603060,0.093569,-0.021740,-0.094718
1778249443.553870,0.783654,0.272308,0.919622,0.0000,0.0000,0.0000,0.140000,0.000000,0.000000,0.000000,0.000000,0.000000,0.784902,0.272318,0.920167,0.008737,0.000067,0.003813,0.026196,44.687308,43.845653,-2.994270,1.914621,-1.571489,-3.000010,1.889993,-1.603060,0.093589,-0.021744,-0.094715
1778249443.563141,0.783675,0.272309,0.919630,0.0000,0.0000,0.0000,0.140000,0.000000,0.000000,0.000000,0.000000,0.000000,0.784902,0.272318,0.920167,0.008590,0.000061,0.003757,0.026011,44.687653,43.845923,-2.994269,1.914626,-1.571490,-3.000010,1.889993,-1.603060,0.093604,-0.021748,-0.094713
1778249443.573755,0.783690,0.272310,0.919636,0.0000,0.0000,0.0000,0.140000,0.000000,0.000000,0.000000,0.000000,0.000000,0.784902,0.272318,0.920167,0.008480,0.000057,0.003715,0.025845,44.688289,43.846435,-2.994267,1.914631,-1.571491,-3.000010,1.889993,-1.603060,0.093625,-0.021752,-0.094710
1778249443.583579,0.783711,0.272311,0.919644,0.0000,0.0000,0.0000,0.140000,0.000000,0.000000,0.000000,0.000000,0.000000,0.784902,0.272318,0.920167,0.008337,0.000050,0.003661,0.025677,44.688945,43.847015,-2.994266,1.914635,-1.571492,-3.000010,1.889993,-1.603060,0.093645,-0.021757,-0.094707
1778249443.593575,0.783731,0.272312,0.919651,0.0000,0.0000,0.0000,0.140000,0.000000,0.000000,0.000000,0.000000,0.000000,0.784902,0.272318,0.920167,0.008337,0.000050,0.003661,0.025677,44.688945,43.847015,-2.994265,1.914642,-1.571493,-3.000010,1.889993,-1.603060,0.093665,-0.021761,-0.094704
1778249443.604074,0.783751,0.272313,0.919659,0.0000,0.0000,0.0000,0.140000,0.000000,0.000000,0.000000,0.000000,0.000000,0.784902,0.272318,0.920167,0.008056,0.000039,0.003555,0.025343,44.689995,43.847934,-2.994264,1.914646,-1.571494,-3.000010,1.889993,-1.603060,0.093686,-0.021766,-0.094701
1778249443.613445,0.783771,0.272313,0.919666,0.0000,0.0000,0.0000,0.140000,0.000000,0.000000,0.000000,0.000000,0.000000,0.784902,0.272318,0.920167,0.007919,0.000033,0.003504,0.025180,44.690832,43.848769,-2.994263,1.914651,-1.571495,-3.000010,1.889993,-1.603060,0.093701,-0.021769,-0.094698
1778249443.623268,0.783790,0.272315,0.919674,0.0000,0.0000,0.0000,0.140000,0.000000,0.000000,0.000000,0.000000,0.000000,0.784902,0.272318,0.920167,0.007786,0.000025,0.003453,0.025020,44.690749,43.848602,-2.994262,1.914657,-1.571496,-3.000010,1.889993,-1.603060,0.093722,-0.021774,-0.094695
1778249443.633195,0.783809,0.272315,0.919681,0.0000,0.0000,0.0000,0.140000,0.000000,0.000000,0.000000,0.000000,0.000000,0.784902,0.272318,0.920167,0.007653,0.000022,0.003403,0.024863,44.691984,43.849744,-2.994260,1.914662,-1.571497,-3.000010,1.889993,-1.603060,0.093747,-0.021780,-0.094691
1778249443.643406,0.783827,0.272316,0.919688,0.0000,0.0000,0.0000,0.140000,0.000000,0.000000,0.000000,0.000000,0.000000,0.784902,0.272318,0.920167,0.007524,0.000014,0.003354,0.024710,44.692162,43.849968,-2.994259,1.914668,-1.571498,-3.000010,1.889993,-1.603060,0.093763,-0.021783,-0.094689
1778249443.653132,0.783845,0.272317,0.919695,0.0000,0.0000,0.0000,0.140000,0.000000,0.000000,0.000000,0.000000,0.000000,0.784902,0.272318,0.920167,0.007396,0.000008,0.003305,0.024560,44.692071,43.849744,-2.994258,1.914673,-1.571500,-3.000010,1.889993,-1.603060,0.093784,-0.021788,-0.094685
1778249443.664010,0.783859,0.272317,0.919700,0.0000,0.0000,0.0000,0.140000,0.000000,0.000000,0.000000,0.000000,0.000000,0.784902,0.272318,0.920167,0.007302,0.000005,0.003269,0.024426,44.692002,43.849734,-2.994256,1.914679,-1.571501,-3.000010,1.889993,-1.603060,0.093805,-0.021793,-0.094682
1778249443.674018,0.783877,0.272318,0.919707,0.0000,0.0000,0.0000,0.140000,0.000000,0.000000,0.000000,0.000000,0.000000,0.784902,0.272318,0.920167,0.007302,0.000005,0.003269,0.024426,44.692002,43.849734,-2.994255,1.914684,-1.571502,-3.000010,1.889993,-1.603060,0.093826,-0.021797,-0.094678
1778249443.683646,0.783894,0.272319,0.919713,0.0000,0.0000,0.0000,0.140000,0.000000,0.000000,0.000000,0.000000,0.000000,0.784902,0.272318,0.920167,0.007056,-0.000008,0.003175,0.024157,44.693210,43.850859,-2.994254,1.914688,-1.571503,-3.000010,1.889993,-1.603060,0.093847,-0.021802,-0.094675
1778249443.693563,0.783911,0.272320,0.919720,0.0000,0.0000,0.0000,0.140000,0.000000,0.000000,0.000000,0.000000,0.000000,0.784902,0.272318,0.920167,0.006936,-0.000014,0.003130,0.024025,44.693428,43.850964,-2.994253,1.914694,-1.571504,-3.000010,1.889993,-1.603060,0.093868,-0.021807,-0.094671
1778249443.703660,0.783924,0.272321,0.919725,0.0000,0.0000,0.0000,0.140000,0.000000,0.000000,0.000000,0.000000,0.000000,0.784902,0.272318,0.920167,0.006847,-0.000017,0.003096,0.023905,44.694388,43.851812,-2.994252,1.914700,-1.571505,-3.000010,1.889993,-1.603060,0.093884,-0.021810,-0.094668
1778249443.713693,0.783940,0.272322,0.919731,0.0000,0.0000,0.0000,0.140000,0.000000,0.000000,0.000000,0.000000,0.000000,0.784902,0.272318,0.920167,0.006847,-0.000017,0.003096,0.023905,44.694388,43.851812,-2.994250,1.914705,-1.571507,-3.000010,1.889993,-1.603060,0.093905,-0.021815,-0.094664
1778249443.724014,0.783957,0.272322,0.919737,0.0000,0.0000,0.0000,0.140000,0.000000,0.000000,0.000000,0.000000,0.000000,0.784902,0.272318,0.920167,0.006616,-0.000030,0.003008,0.023663,44.695258,43.852608,-2.994249,1.914711,-1.571508,-3.000010,1.889993,-1.603060,0.093926,-0.021820,-0.094660
1778249443.733745,0.783973,0.272323,0.919743,0.0000,0.0000,0.0000,0.140000,0.000000,0.000000,0.000000,0.000000,0.000000,0.784902,0.272318,0.920167,0.006503,-0.000035,0.002965,0.023544,44.695625,43.852864,-2.994248,1.914715,-1.571509,-3.000010,1.889993,-1.603060,0.093947,-0.021825,-0.094656
1778249443.743515,0.783989,0.272324,0.919749,0.0000,0.0000,0.0000,0.140000,0.000000,0.000000,0.000000,0.000000,0.000000,0.784902,0.272318,0.920167,0.006393,-0.000042,0.002923,0.023426,44.696159,43.853450,-2.994247,1.914721,-1.571510,-3.000010,1.889993,-1.603060,0.093964,-0.021829,-0.094654
1778249443.753217,0.784004,0.272325,0.919755,0.0000,0.0000,0.0000,0.140000,0.000000,0.000000,0.000000,0.000000,0.000000,0.784902,0.272318,0.920167,0.006283,-0.000047,0.002881,0.023310,44.696553,43.853740,-2.994245,1.914726,-1.571512,-3.000010,1.889993,-1.603060,0.093985,-0.021833,-0.094650
1778249443.763159,0.784016,0.272326,0.919760,0.0000,0.0000,0.0000,0.140000,0.000000,0.000000,0.000000,0.000000,0.000000,0.784902,0.272318,0.920167,0.006204,-0.000053,0.002850,0.023206,44.695875,43.853168,-2.994244,1.914732,-1.571513,-3.000010,1.889993,-1.603060,0.094007,-0.021838,-0.094646
1778249443.773862,0.784031,0.272326,0.919765,0.0000,0.0000,0.0000,0.140000,0.000000,0.000000,0.000000,0.000000,0.000000,0.784902,0.272318,0.920167,0.006097,-0.000057,0.002809,0.023102,44.696429,43.853560,-2.994243,1.914738,-1.571514,-3.000010,1.889993,-1.603060,0.094029,-0.021843,-0.094641
1778249443.784092,0.784043,0.272332,0.919771,0.0000,0.0000,0.0000,0.140000,0.000000,0.000000,0.000000,0.000000,0.000000,0.784902,0.272318,0.920167,0.006015,-0.000095,0.002768,0.023003,44.702877,43.860939,-2.994243,1.914740,-1.571519,-3.000010,1.889993,-1.603060,0.094051,-0.021848,-0.094638
1778249443.793921,0.784055,0.272335,0.919777,0.0000,0.0000,0.0000,0.140000,0.000000,0.000000,0.000000,0.000000,0.000000,0.784902,0.272318,0.920167,0.005926,-0.000119,0.002732,0.022908,44.707840,43.864957,-2.994242,1.914745,-1.571523,-3.000010,1.889993,-1.603060,0.094061,-0.021847,-0.094617
1778249443.803563,0.784069,0.272337,0.919781,0.0000,0.0000,0.0000,0.140000,0.000000,0.000000,0.000000,0.000000,0.000000,0.784902,0.272318,0.920167,0.005828,-0.000132,0.002697,0.022813,44.700678,43.857597,-2.994241,1.914748,-1.571524,-3.000010,1.889993,-1.603060,0.094076,-0.021850,-0.094611
1778249443.813160,0.784081,0.272342,0.919787,0.0000,0.0000,0.0000,0.140000,0.000000,0.000000,0.000000,0.000000,0.000000,0.784902,0.272318,0.920167,0.005748,-0.000164,0.002657,0.022722,44.700405,43.858254,-2.994241,1.914751,-1.571529,-3.000010,1.889993,-1.603060,0.094094,-0.021853,-0.094607
1778249443.823083,0.784093,0.272344,0.919793,0.0000,0.0000,0.0000,0.140000,0.000000,0.000000,0.000000,0.000000,0.000000,0.784902,0.272318,0.920167,0.005660,-0.000178,0.002619,0.022632,44.703262,43.860204,-2.994241,1.914754,-1.571533,-3.000010,1.889993,-1.603060,0.094099,-0.021851,-0.094590
1778249443.833409,0.784104,0.272344,0.919796,0.0000,0.0000,0.0000,0.140000,0.000000,0.000000,0.000000,0.000000,0.000000,0.784902,0.272318,0.920167,0.005586,-0.000180,0.002592,0.022549,44.699720,43.856333,-2.994240,1.914759,-1.571534,-3.000010,1.889993,-1.603060,0.094113,-0.021853,-0.094583
1778249443.843488,0.784115,0.272349,0.919802,0.0000,0.0000,0.0000,0.140000,0.000000,0.000000,0.000000,0.000000,0.000000,0.784902,0.272318,0.920167,0.005511,-0.000213,0.002553,0.022469,44.701692,43.858894,-2.994240,1.914760,-1.571540,-3.000010,1.889993,-1.603060,0.094126,-0.021854,-0.094571
1778249443.853249,0.784128,0.272350,0.919807,0.0000,0.0000,0.0000,0.140000,0.000000,0.000000,0.000000,0.000000,0.000000,0.784902,0.272318,0.920167,0.005419,-0.000220,0.002518,0.022387,44.702192,43.858745,-2.994240,1.914764,-1.571542,-3.000010,1.889993,-1.603060,0.094133,-0.021854,-0.094560
1778249443.863502,0.784140,0.272353,0.919812,0.0000,0.0000,0.0000,0.140000,0.000000,0.000000,0.000000,0.000000,0.000000,0.784902,0.272318,0.920167,0.005337,-0.000244,0.002481,0.022305,44.700750,43.858344,-2.994239,1.914767,-1.571546,-3.000010,1.889993,-1.603060,0.094148,-0.021857,-0.094555
1778249443.874129,0.784148,0.272354,0.919816,0.0000,0.0000,0.0000,0.140000,0.000000,0.000000,0.000000,0.000000,0.000000,0.784902,0.272318,0.920167,0.005275,-0.000251,0.002452,0.022232,44.700325,43.857138,-2.994239,1.914770,-1.571550,-3.000010,1.889993,-1.603060,0.094159,-0.021856,-0.094539
1778249443.883590,0.784162,0.272353,0.919821,0.0000,0.0000,0.0000,0.140000,0.000000,0.000000,0.000000,0.000000,0.000000,0.784902,0.272318,0.920167,0.005178,-0.000246,0.002419,0.022153,44.699084,43.855341,-2.994238,1.914774,-1.571551,-3.000010,1.889993,-1.603060,0.094173,-0.021858,-0.094530
1778249443.893781,0.784173,0.272357,0.919826,0.0000,0.0000,0.0000,0.140000,0.000000,0.000000,0.000000,0.000000,0.000000,0.784902,0.272318,0.920167,0.005105,-0.000274,0.002384,0.022078,44.700515,43.857435,-2.994239,1.914776,-1.571557,-3.000010,1.889993,-1.603060,0.094187,-0.021859,-0.094519
1778249443.903311,0.784186,0.272357,0.919831,0.0000,0.0000,0.0000,0.140000,0.000000,0.000000,0.000000,0.000000,0.000000,0.784902,0.272318,0.920167,0.005011,-0.000269,0.002352,0.022000,44.700442,43.856538,-2.994238,1.914780,-1.571559,-3.000010,1.889993,-1.603060,0.094195,-0.021859,-0.094507
1778249443.914059,0.784197,0.272360,0.919836,0.0000,0.0000,0.0000,0.140000,0.000000,0.000000,0.000000,0.000000,0.000000,0.784902,0.272318,0.920167,0.004934,-0.000290,0.002319,0.021925,44.701011,43.858044,-2.994238,1.914784,-1.571566,-3.000010,1.889993,-1.603060,0.094218,-0.021863,-0.094502
1778249443.923844,0.784210,0.272359,0.919840,0.0000,0.0000,0.0000,0.140000,0.000000,0.000000,0.000000,0.000000,0.000000,0.784902,0.272318,0.920167,0.004847,-0.000289,0.002287,0.021849,44.701157,43.857272,-2.994237,1.914789,-1.571568,-3.000010,1.889993,-1.603060,0.094227,-0.021861,-0.094482
1778249443.933441,0.784223,0.272362,0.919846,0.0000,0.0000,0.0000,0.140000,0.000000,0.000000,0.000000,0.000000,0.000000,0.784902,0.272318,0.920167,0.004752,-0.000310,0.002248,0.021770,44.703189,43.859696,-2.994237,1.914792,-1.571574,-3.000010,1.889993,-1.603060,0.094246,-0.021865,-0.094477
1778249443.943341,0.784234,0.272364,0.919850,0.0000,0.0000,0.0000,0.140000,0.000000,0.000000,0.000000,0.000000,0.000000,0.784902,0.272318,0.920167,0.004674,-0.000320,0.002221,0.021696,44.723115,43.880409,-2.994236,1.914796,-1.571576,-3.000010,1.889993,-1.603060,0.094260,-0.021864,-0.094456
1778249443.953943,0.784243,0.272365,0.919854,0.0000,0.0000,0.0000,0.140000,0.000000,0.000000,0.000000,0.000000,0.000000,0.784902,0.272318,0.920167,0.004610,-0.000329,0.002186,0.021627,44.701172,43.857952,-2.994237,1.914796,-1.571583,-3.000010,1.889993,-1.603060,0.094265,-0.021861,-0.094437
1778249443.963765,0.784255,0.272363,0.919859,0.0000,0.0000,0.0000,0.140000,0.000000,0.000000,0.000000,0.000000,0.000000,0.784902,0.272318,0.920167,0.004527,-0.000316,0.002152,0.021557,44.697802,43.853705,-2.994236,1.914801,-1.571584,-3.000010,1.889993,-1.603060,0.094276,-0.021862,-0.094430
1778249443.973186,0.784262,0.272366,0.919863,0.0000,0.0000,0.0000,0.140000,0.000000,0.000000,0.000000,0.000000,0.000000,0.784902,0.272318,0.920167,0.004480,-0.000336,0.002130,0.021497,44.712202,43.868936,-2.994237,1.914803,-1.571590,-3.000010,1.889993,-1.603060,0.094291,-0.021865,-0.094429
1778249443.983573,0.784273,0.272363,0.919867,0.0000,0.0000,0.0000,0.140000,0.000000,0.000000,0.000000,0.000000,0.000000,0.784902,0.272318,0.920167,0.004400,-0.000316,0.002097,0.021434,44.693787,43.849686,-2.994237,1.914806,-1.571591,-3.000010,1.889993,-1.603060,0.094294,-0.021860,-0.094409
1778249443.993353,0.784287,0.272362,0.919872,0.0000,0.0000,0.0000,0.140000,0.000000,0.000000,0.000000,0.000000,0.000000,0.784902,0.272318,0.920167,0.004302,-0.000308,0.002064,0.021366,44.705127,43.861651,-2.994237,1.914809,-1.571594,-3.000010,1.889993,-1.603060,0.094312,-0.021864,-0.094411
1778249444.003173,0.784299,0.272360,0.919876,0.0000,0.0000,0.0000,0.140000,0.000000,0.000000,0.000000,0.000000,0.000000,0.784902,0.272318,0.920167,0.004219,-0.000295,0.002036,0.021298,44.702109,43.857278,-2.994236,1.914813,-1.571596,-3.000010,1.889993,-1.603060,0.094322,-0.021861,-0.094394
1778249444.013913,0.784312,0.272359,0.919878,0.0000,0.0000,0.0000,0.140000,0.000000,0.000000,0.000000,0.000000,0.000000,0.784902,0.272318,0.920167,0.004128,-0.000284,0.002021,0.021230,44.716243,43.872349,-2.994236,1.914819,-1.571596,-3.000010,1.889993,-1.603060,0.094341,-0.021865,-0.094396
1778249444.023652,0.784322,0.272360,0.919881,0.0000,0.0000,0.0000,0.140000,0.000000,0.000000,0.000000,0.000000,0.000000,0.784902,0.272318,0.920167,0.004062,-0.000291,0.001998,0.021167,44.704249,43.860464,-2.994236,1.914820,-1.571600,-3.000010,1.889993,-1.603060,0.094357,-0.021865,-0.094389
1778249444.033132,0.784333,0.272356,0.919885,0.0000,0.0000,0.0000,0.140000,0.000000,0.000000,0.000000,0.000000,0.000000,0.784902,0.272318,0.920167,0.003985,-0.000266,0.001969,0.021106,44.695278,43.852357,-2.994235,1.914824,-1.571599,-3.000010,1.889993,-1.603060,0.094367,-0.021864,-0.094382
1778249444.043638,0.784340,0.272354,0.919889,0.0000,0.0000,0.0000,0.140000,0.000000,0.000000,0.000000,0.000000,0.000000,0.784902,0.272318,0.920167,0.003933,-0.000251,0.001944,0.021051,44.704035,43.859985,-2.994235,1.914828,-1.571600,-3.000010,1.889993,-1.603060,0.094378,-0.021866,-0.094382
1778249444.053879,0.784351,0.272352,0.919891,0.0000,0.0000,0.0000,0.140000,0.000000,0.000000,0.000000,0.000000,0.000000,0.784902,0.272318,0.920167,0.003858,-0.000238,0.001930,0.020996,44.708203,43.863370,-2.994235,1.914829,-1.571601,-3.000010,1.889993,-1.603060,0.094390,-0.021867,-0.094379
1778249444.063532,0.784360,0.272350,0.919895,0.0000,0.0000,0.0000,0.140000,0.000000,0.000000,0.000000,0.000000,0.000000,0.784902,0.272318,0.920167,0.003792,-0.000225,0.001904,0.020942,44.699500,43.855906,-2.994235,1.914832,-1.571602,-3.000010,1.889993,-1.603060,0.094403,-0.021869,-0.094380
1778249444.073469,0.784370,0.272348,0.919897,0.0000,0.0000,0.0000,0.140000,0.000000,0.000000,0.000000,0.000000,0.000000,0.784902,0.272318,0.920167,0.003723,-0.000212,0.001886,0.020890,44.712173,43.867436,-2.994235,1.914835,-1.571602,-3.000010,1.889993,-1.603060,0.094415,-0.021869,-0.094378
1778249444.083372,0.784381,0.272347,0.919899,0.0000,0.0000,0.0000,0.140000,0.000000,0.000000,0.000000,0.000000,0.000000,0.784902,0.272318,0.920167,0.003644,-0.000204,0.001877,0.020837,44.723228,43.879137,-2.994234,1.914840,-1.571599,-3.000010,1.889993,-1.603060,0.094428,-0.021871,-0.094381
1778249444.093189,0.784389,0.272349,0.919902,0.0000,0.0000,0.0000,0.140000,0.000000,0.000000,0.000000,0.000000,0.000000,0.784902,0.272318,0.920167,0.003590,-0.000214,0.001855,0.020788,44.704868,43.861088,-2.994235,1.914842,-1.571604,-3.000010,1.889993,-1.603060,0.094438,-0.021871,-0.094379
1778249444.103410,0.784400,0.272344,0.919905,0.0000,0.0000,0.0000,0.140000,0.000000,0.000000,0.000000,0.000000,0.000000,0.784902,0.272318,0.920167,0.003512,-0.000183,0.001832,0.020736,44.699865,43.854663,-2.994234,1.914846,-1.571602,-3.000010,1.889993,-1.603060,0.094450,-0.021869,-0.094372
1778249444.113518,0.784406,0.272346,0.919907,0.0000,0.0000,0.0000,0.140000,0.000000,0.000000,0.000000,0.000000,0.000000,0.784902,0.272318,0.920167,0.003473,-0.000193,0.001817,0.020692,44.708983,43.865658,-2.994235,1.914848,-1.571604,-3.000010,1.889993,-1.603060,0.094464,-0.021871,-0.094379
1778249444.123956,0.784413,0.272346,0.919911,0.0000,0.0000,0.0000,0.140000,0.000000,0.000000,0.000000,0.000000,0.000000,0.784902,0.272318,0.920167,0.003423,-0.000193,0.001789,0.020650,44.710265,43.866037,-2.994235,1.914850,-1.571606,-3.000010,1.889993,-1.603060,0.094470,-0.021867,-0.094366
1778249444.133265,0.784423,0.272343,0.919914,0.0000,0.0000,0.0000,0.140000,0.000000,0.000000,0.000000,0.000000,0.000000,0.784902,0.272318,0.920167,0.003356,-0.000172,0.001768,0.020606,44.696786,43.853394,-2.994235,1.914854,-1.571603,-3.000010,1.889993,-1.603060,0.094476,-0.021866,-0.094365
1778249444.144080,0.784428,0.272342,0.919917,0.0000,0.0000,0.0000,0.140000,0.000000,0.000000,0.000000,0.000000,0.000000,0.784902,0.272318,0.920167,0.003319,-0.000169,0.001748,0.020567,44.713308,43.869344,-2.994235,1.914856,-1.571605,-3.000010,1.889993,-1.603060,0.094490,-0.021867,-0.094370
1778249444.153769,0.784437,0.272341,0.919919,0.0000,0.0000,0.0000,0.140000,0.000000,0.000000,0.000000,0.000000,0.000000,0.784902,0.272318,0.920167,0.003255,-0.000157,0.001735,0.020527,44.720783,43.875423,-2.994235,1.914858,-1.571604,-3.000010,1.889993,-1.603060,0.094497,-0.021866,-0.094368
1778249444.163887,0.784443,0.272341,0.919923,0.0000,0.0000,0.0000,0.140000,0.000000,0.000000,0.000000,0.000000,0.000000,0.784902,0.272318,0.920167,0.003214,-0.000159,0.001706,0.020489,44.707620,43.863912,-2.994236,1.914859,-1.571605,-3.000010,1.889993,-1.603060,0.094507,-0.021866,-0.094370
1778249444.173643,0.784452,0.272339,0.919925,0.0000,0.0000,0.0000,0.140000,0.000000,0.000000,0.000000,0.000000,0.000000,0.784902,0.272318,0.920167,0.003147,-0.000147,0.001693,0.020448,44.714401,43.868620,-2.994236,1.914861,-1.571603,-3.000010,1.889993,-1.603060,0.094512,-0.021865,-0.094369
1778249444.183765,0.784464,0.272338,0.919926,0.0000,0.0000,0.0000,0.140000,0.000000,0.000000,0.000000,0.000000,0.000000,0.784902,0.272318,0.920167,0.003069,-0.000137,0.001688,0.020405,44.723900,43.878206,-2.994235,1.914866,-1.571600,-3.000010,1.889993,-1.603060,0.094524,-0.021866,-0.094376
1778249444.193107,0.784470,0.272338,0.919931,0.0000,0.0000,0.0000,0.140000,0.000000,0.000000,0.000000,0.000000,0.000000,0.784902,0.272318,0.920167,0.003026,-0.000138,0.001654,0.020365,44.717795,43.874065,-2.994235,1.914869,-1.571600,-3.000010,1.889993,-1.603060,0.094537,-0.021867,-0.094382
1778249444.203982,0.784473,0.272339,0.919934,0.0000,0.0000,0.0000,0.140000,0.000000,0.000000,0.000000,0.000000,0.000000,0.784902,0.272318,0.920167,0.003026,-0.000138,0.001654,0.020365,44.717795,43.874065,-2.994236,1.914869,-1.571603,-3.000010,1.889993,-1.603060,0.094547,-0.021866,-0.094378
1778249444.213704,0.784478,0.272340,0.919938,0.0000,0.0000,0.0000,0.140000,0.000000,0.000000,0.000000,0.000000,0.000000,0.784902,0.272318,0.920167,0.002971,-0.000151,0.001601,0.020300,44.734222,43.889424,-2.994237,1.914870,-1.571603,-3.000010,1.889993,-1.603060,0.094546,-0.021862,-0.094371
1778249444.223452,0.784487,0.272340,0.919939,0.0000,0.0000,0.0000,0.140000,0.000000,0.000000,0.000000,0.000000,0.000000,0.784902,0.272318,0.920167,0.002903,-0.000150,0.001597,0.020265,44.721611,43.875299,-2.994237,1.914872,-1.571601,-3.000010,1.889993,-1.603060,0.094552,-0.021861,-0.094375
1778249444.233264,0.784499,0.272337,0.919941,0.0000,0.0000,0.0000,0.140000,0.000000,0.000000,0.000000,0.000000,0.000000,0.784902,0.272318,0.920167,0.002823,-0.000133,0.001582,0.020224,44.697015,43.851143,-2.994236,1.914877,-1.571597,-3.000010,1.889993,-1.603060,0.094568,-0.021862,-0.094386
1778249444.243588,0.784503,0.272337,0.919945,0.0000,0.0000,0.0000,0.140000,0.000000,0.000000,0.000000,0.000000,0.000000,0.784902,0.272318,0.920167,0.002796,-0.000133,0.001551,0.020190,44.689823,43.846486,-2.994237,1.914879,-1.571598,-3.000010,1.889993,-1.603060,0.094581,-0.021863,-0.094393
1778249444.253317,0.784508,0.272337,0.919949,0.0000,0.0000,0.0000,0.140000,0.000000,0.000000,0.000000,0.000000,0.000000,0.784902,0.272318,0.920167,0.002758,-0.000131,0.001522,0.020157,44.704075,43.859223,-2.994237,1.914880,-1.571598,-3.000010,1.889993,-1.603060,0.094583,-0.021859,-0.094385
1778249444.263436,0.784510,0.272338,0.919953,0.0000,0.0000,0.0000,0.140000,0.000000,0.000000,0.000000,0.000000,0.000000,0.784902,0.272318,0.920167,0.002741,-0.000142,0.001498,0.020130,44.706922,43.863363,-2.994238,1.914882,-1.571598,-3.000010,1.889993,-1.603060,0.094594,-0.021860,-0.094392
1778249444.273934,0.784516,0.272341,0.919954,0.0000,0.0000,0.0000,0.140000,0.000000,0.000000,0.000000,0.000000,0.000000,0.784902,0.272318,0.920167,0.002705,-0.000159,0.001488,0.020103,44.742057,43.896516,-2.994238,1.914882,-1.571597,-3.000010,1.889993,-1.603060,0.094591,-0.021856,-0.094385
1778249444.283474,0.784524,0.272342,0.919954,0.0000,0.0000,0.0000,0.140000,0.000000,0.000000,0.000000,0.000000,0.000000,0.784902,0.272318,0.920167,0.002642,-0.000165,0.001490,0.020073,44.746852,43.900545,-2.994238,1.914885,-1.571595,-3.000010,1.889993,-1.603060,0.094599,-0.021855,-0.094393
1778249444.293122,0.784530,0.272343,0.919956,0.0000,0.0000,0.0000,0.140000,0.000000,0.000000,0.000000,0.000000,0.000000,0.784902,0.272318,0.920167,0.002604,-0.000176,0.001476,0.020044,44.690874,43.847003,-2.994239,1.914882,-1.571597,-3.000010,1.889993,-1.603060,0.094603,-0.021854,-0.094397
1778249444.303906,0.784532,0.272344,0.919962,0.0000,0.0000,0.0000,0.140000,0.000000,0.000000,0.000000,0.000000,0.000000,0.784902,0.272318,0.920167,0.002593,-0.000180,0.001432,0.020019,44.678318,43.836602,-2.994239,1.914886,-1.571596,-3.000010,1.889993,-1.603060,0.094602,-0.021852,-0.094394
1778249444.313600,0.784533,0.272347,0.919966,0.0000,0.0000,0.0000,0.140000,0.000000,0.000000,0.000000,0.000000,0.000000,0.784902,0.272318,0.920167,0.002584,-0.000203,0.001404,0.019997,44.748040,43.904007,-2.994240,1.914885,-1.571598,-3.000010,1.889993,-1.603060,0.094612,-0.021851,-0.094395
1778249444.323516,0.784537,0.272349,0.919968,0.0000,0.0000,0.0000,0.140000,0.000000,0.000000,0.000000,0.000000,0.000000,0.784902,0.272318,0.920167,0.002552,-0.000217,0.001390,0.019975,44.718291,43.873366,-2.994241,1.914883,-1.571598,-3.000010,1.889993,-1.603060,0.094596,-0.021845,-0.094385
1778249444.333718,0.784545,0.272349,0.919971,0.0000,0.0000,0.0000,0.140000,0.000000,0.000000,0.000000,0.000000,0.000000,0.784902,0.272318,0.920167,0.002497,-0.000219,0.001369,0.019947,44.699652,43.853856,-2.994241,1.914886,-1.571595,-3.000010,1.889993,-1.603060,0.094605,-0.021846,-0.094394
1778249444.343154,0.784551,0.272351,0.919975,0.0000,0.0000,0.0000,0.140000,0.000000,0.000000,0.000000,0.000000,0.000000,0.784902,0.272318,0.920167,0.002454,-0.000227,0.001341,0.019919,44.708545,43.864274,-2.994241,1.914889,-1.571594,-3.000010,1.889993,-1.603060,0.094615,-0.021846,-0.094401
1778249444.353197,0.784556,0.272352,0.919976,0.0000,0.0000,0.0000,0.140000,0.000000,0.000000,0.000000,0.000000,0.000000,0.784902,0.272318,0.920167,0.002425,-0.000239,0.001334,0.019893,44.734530,43.890105,-2.994243,1.914886,-1.571597,-3.000010,1.889993,-1.603060,0.094621,-0.021843,-0.094398
1778249444.363787,0.784560,0.272353,0.919979,0.0000,0.0000,0.0000,0.140000,0.000000,0.000000,0.000000,0.000000,0.000000,0.784902,0.272318,0.920167,0.002395,-0.000241,0.001313,0.019868,44.699079,43.853928,-2.994243,1.914888,-1.571595,-3.000010,1.889993,-1.603060,0.094605,-0.021838,-0.094388
1778249444.373864,0.784568,0.272353,0.919981,0.0000,0.0000,0.0000,0.140000,0.000000,0.000000,0.000000,0.000000,0.000000,0.784902,0.272318,0.920167,0.002337,-0.000243,0.001298,0.019840,44.721851,43.875563,-2.994242,1.914892,-1.571593,-3.000010,1.889993,-1.603060,0.094619,-0.021839,-0.094396
1778249444.383233,0.784570,0.272357,0.919982,0.0000,0.0000,0.0000,0.140000,0.000000,0.000000,0.000000,0.000000,0.000000,0.784902,0.272318,0.920167,0.002323,-0.000275,0.001292,0.019817,44.742567,43.899221,-2.994244,1.914889,-1.571598,-3.000010,1.889993,-1.603060,0.094633,-0.021840,-0.094404
1778249444.393150,0.784574,0.272359,0.919988,0.0000,0.0000,0.0000,0.140000,0.000000,0.000000,0.000000,0.000000,0.000000,0.784902,0.272318,0.920167,0.002294,-0.000283,0.001250,0.019793,44.718376,43.873286,-2.994244,1.914890,-1.571598,-3.000010,1.889993,-1.603060,0.094618,-0.021832,-0.094383
1778249444.403312,0.784579,0.272358,0.919989,0.0000,0.0000,0.0000,0.140000,0.000000,0.000000,0.000000,0.000000,0.000000,0.784902,0.272318,0.920167,0.002258,-0.000282,0.001241,0.019769,44.704186,43.858370,-2.994245,1.914891,-1.571597,-3.000010,1.889993,-1.603060,0.094626,-0.021833,-0.094387
1778249444.413961,0.784590,0.272356,0.919991,0.0000,0.0000,0.0000,0.140000,0.000000,0.000000,0.000000,0.000000,0.000000,0.784902,0.272318,0.920167,0.002186,-0.000265,0.001231,0.019740,44.731355,43.884649,-2.994244,1.914895,-1.571595,-3.000010,1.889993,-1.603060,0.094635,-0.021832,-0.094394
1778249444.423494,0.784597,0.272356,0.919991,0.0000,0.0000,0.0000,0.140000,0.000000,0.000000,0.000000,0.000000,0.000000,0.784902,0.272318,0.920167,0.002133,-0.000264,0.001233,0.019712,44.727875,43.882898,-2.994245,1.914895,-1.571596,-3.000010,1.889993,-1.603060,0.094643,-0.021831,-0.094395
1778249444.433090,0.784598,0.272357,0.919996,0.0000,0.0000,0.0000,0.140000,0.000000,0.000000,0.000000,0.000000,0.000000,0.784902,0.272318,0.920167,0.002124,-0.000270,0.001194,0.019688,44.708843,43.866043,-2.994246,1.914894,-1.571600,-3.000010,1.889993,-1.603060,0.094644,-0.021829,-0.094390
1778249444.443130,0.784600,0.272359,0.920001,0.0000,0.0000,0.0000,0.140000,0.000000,0.000000,0.000000,0.000000,0.000000,0.784902,0.272318,0.920167,0.002116,-0.000288,0.001158,0.019666,44.695843,43.851412,-2.994247,1.914893,-1.571602,-3.000010,1.889993,-1.603060,0.094637,-0.021825,-0.094379
1778249444.453159,0.784606,0.272360,0.920003,0.0000,0.0000,0.0000,0.140000,0.000000,0.000000,0.000000,0.000000,0.000000,0.784902,0.272318,0.920167,0.002069,-0.000294,0.001147,0.019642,44.719426,43.873193,-2.994247,1.914896,-1.571600,-3.000010,1.889993,-1.603060,0.094649,-0.021824,-0.094382
1778249444.463840,0.784614,0.272357,0.920005,0.0000,0.0000,0.0000,0.140000,0.000000,0.000000,0.000000,0.000000,0.000000,0.784902,0.272318,0.920167,0.002013,-0.000274,0.001135,0.019617,44.695690,43.848552,-2.994247,1.914902,-1.571596,-3.000010,1.889993,-1.603060,0.094651,-0.021823,-0.094381
1778249444.473598,0.784618,0.272360,0.920006,0.0000,0.0000,0.0000,0.140000,0.000000,0.000000,0.000000,0.000000,0.000000,0.784902,0.272318,0.920167,0.001990,-0.000293,0.001124,0.019594,44.704336,43.860835,-2.994248,1.914900,-1.571602,-3.000010,1.889993,-1.603060,0.094674,-0.021824,-0.094393
1778249444.483783,0.784620,0.272360,0.920010,0.0000,0.0000,0.0000,0.140000,0.000000,0.000000,0.000000,0.000000,0.000000,0.784902,0.272318,0.920167,0.001973,-0.000292,0.001095,0.019573,44.703693,43.858644,-2.994248,1.914899,-1.571604,-3.000010,1.889993,-1.603060,0.094658,-0.021817,-0.094369
1778249444.493377,0.784627,0.272360,0.920010,0.0000,0.0000,0.0000,0.140000,0.000000,0.000000,0.000000,0.000000,0.000000,0.784902,0.272318,0.920167,0.001926,-0.000291,0.001096,0.019551,44.724892,43.878276,-2.994248,1.914902,-1.571603,-3.000010,1.889993,-1.603060,0.094666,-0.021817,-0.094372
1778249444.503808,0.784631,0.272362,0.920010,0.0000,0.0000,0.0000,0.140000,0.000000,0.000000,0.000000,0.000000,0.000000,0.784902,0.272318,0.920167,0.001900,-0.000304,0.001099,0.019531,44.714977,43.871359,-2.994249,1.914900,-1.571605,-3.000010,1.889993,-1.603060,0.094672,-0.021816,-0.094375
1778249444.513460,0.784634,0.272363,0.920014,0.0000,0.0000,0.0000,0.140000,0.000000,0.000000,0.000000,0.000000,0.000000,0.784902,0.272318,0.920167,0.001878,-0.000312,0.001072,0.019511,44.727263,43.881634,-2.994250,1.914902,-1.571605,-3.000010,1.889993,-1.603060,0.094662,-0.021810,-0.094363
1778249444.523228,0.784641,0.272363,0.920013,0.0000,0.0000,0.0000,0.140000,0.000000,0.000000,0.000000,0.000000,0.000000,0.784902,0.272318,0.920167,0.001825,-0.000317,0.001075,0.019488,44.750581,43.903259,-2.994250,1.914906,-1.571603,-3.000010,1.889993,-1.603060,0.094675,-0.021811,-0.094367
1778249444.534152,0.784647,0.272364,0.920013,0.0000,0.0000,0.0000,0.140000,0.000000,0.000000,0.000000,0.000000,0.000000,0.784902,0.272318,0.920167,0.001787,-0.000320,0.001078,0.019467,44.703432,43.858192,-2.994251,1.914904,-1.571606,-3.000010,1.889993,-1.603060,0.094682,-0.021808,-0.094366
1778249444.543151,0.784650,0.272364,0.920018,0.0000,0.0000,0.0000,0.140000,0.000000,0.000000,0.000000,0.000000,0.000000,0.784902,0.272318,0.920167,0.001765,-0.000321,0.001042,0.019445,44.704107,43.859262,-2.994251,1.914908,-1.571606,-3.000010,1.889993,-1.603060,0.094683,-0.021806,-0.094364
1778249444.553793,0.784653,0.272366,0.920017,0.0000,0.0000,0.0000,0.140000,0.000000,0.000000,0.000000,0.000000,0.000000,0.784902,0.272318,0.920167,0.001746,-0.000333,0.001049,0.019428,44.753590,43.908011,-2.994252,1.914907,-1.571609,-3.000010,1.889993,-1.603060,0.094699,-0.021806,-0.094364
1778249444.564246,0.784657,0.272366,0.920019,0.0000,0.0000,0.0000,0.140000,0.000000,0.000000,0.000000,0.000000,0.000000,0.784902,0.272318,0.920167,0.001714,-0.000336,0.001036,0.019409,44.726806,43.880972,-2.994252,1.914910,-1.571608,-3.000010,1.889993,-1.603060,0.094691,-0.021801,-0.094354
1778249444.574322,0.784662,0.272367,0.920021,0.0000,0.0000,0.0000,0.140000,0.000000,0.000000,0.000000,0.000000,0.000000,0.784902,0.272318,0.920167,0.001682,-0.000339,0.001021,0.019390,44.733225,43.888171,-2.994253,1.914912,-1.571610,-3.000010,1.889993,-1.603060,0.094707,-0.021802,-0.094360
1778249444.583833,0.784665,0.272368,0.920022,0.0000,0.0000,0.0000,0.140000,0.000000,0.000000,0.000000,0.000000,0.000000,0.784902,0.272318,0.920167,0.001662,-0.000346,0.001012,0.019371,44.729176,43.883825,-2.994254,1.914911,-1.571612,-3.000010,1.889993,-1.603060,0.094702,-0.021796,-0.094347
1778249444.593247,0.784671,0.272366,0.920025,0.0000,0.0000,0.0000,0.140000,0.000000,0.000000,0.000000,0.000000,0.000000,0.784902,0.272318,0.920167,0.001619,-0.000336,0.000993,0.019351,44.725343,43.878684,-2.994254,1.914915,-1.571610,-3.000010,1.889993,-1.603060,0.094707,-0.021794,-0.094346
1778249444.603494,0.784673,0.272371,0.920025,0.0000,0.0000,0.0000,0.140000,0.000000,0.000000,0.000000,0.000000,0.000000,0.784902,0.272318,0.920167,0.001605,-0.000369,0.000996,0.019333,44.715560,43.870516,-2.994255,1.914913,-1.571615,-3.000010,1.889993,-1.603060,0.094724,-0.021796,-0.094352
1778249444.613477,0.784675,0.272370,0.920030,0.0000,0.0000,0.0000,0.140000,0.000000,0.000000,0.000000,0.000000,0.000000,0.784902,0.272318,0.920167,0.001586,-0.000360,0.000957,0.019315,44.712275,43.867292,-2.994255,1.914916,-1.571615,-3.000010,1.889993,-1.603060,0.094717,-0.021791,-0.094337
1778249444.623565,0.784682,0.272367,0.920031,0.0000,0.0000,0.0000,0.140000,0.000000,0.000000,0.000000,0.000000,0.000000,0.784902,0.272318,0.920167,0.001538,-0.000342,0.000954,0.019295,44.749033,43.901656,-2.994255,1.914918,-1.571615,-3.000010,1.889993,-1.603060,0.094726,-0.021789,-0.094334
1778249444.633172,0.784687,0.272367,0.920029,0.0000,0.0000,0.0000,0.140000,0.000000,0.000000,0.000000,0.000000,0.000000,0.784902,0.272318,0.920167,0.001506,-0.000343,0.000965,0.019276,44.736855,43.891149,-2.994257,1.914915,-1.571619,-3.000010,1.889993,-1.603060,0.094730,-0.021788,-0.094333
1778249444.643384,0.784688,0.272368,0.920031,0.0000,0.0000,0.0000,0.140000,0.000000,0.000000,0.000000,0.000000,0.000000,0.784902,0.272318,0.920167,0.001499,-0.000352,0.000953,0.019260,44.729927,43.885314,-2.994257,1.914914,-1.571622,-3.000010,1.889993,-1.603060,0.094718,-0.021782,-0.094322
