timestamp,pos_x,pos_y,pos_z,force_x,force_y,force_z,adm_disp_x,adm_disp_y,adm_disp_z,adm_vel_x,adm_vel_y,adm_vel_z,ee_des_x,ee_des_y,ee_des_z,ee_vel_cmd_x,ee_vel_cmd_y,ee_vel_cmd_z,qdot_cmd_norm,tau_norm,tau_max_abs,base_x,base_y,base_yaw,base_ref_x,base_ref_y,base_ref_yaw,base_vel_cmd_x,base_vel_cmd_y,base_vel_cmd_yaw
1778249487.899772,0.646323,0.273496,0.924240,0.0000,0.0000,0.0000,0.000000,0.000000,0.000000,0.000000,0.000000,0.000000,0.646277,0.273459,0.924246,-0.000323,-0.000318,0.000043,0.000661,40.134461,39.400835,-3.004969,2.001508,-1.577073,-3.000106,2.000139,-1.570680,0.005096,0.018520,0.019113
1778249487.909740,0.646324,0.273487,0.924239,0.0000,0.0000,0.0000,0.000000,0.000000,0.000000,0.000000,0.000000,0.000000,0.646277,0.273459,0.924246,-0.000329,-0.000197,0.000052,0.000610,40.134931,39.401240,-3.004964,2.001504,-1.577110,-3.000106,2.000139,-1.570680,0.005083,0.018508,0.019201
1778249487.919601,0.646324,0.273476,0.924238,0.0000,0.0000,0.0000,0.000000,0.000000,0.000000,0.000000,0.000000,0.000000,0.646277,0.273459,0.924246,-0.000334,-0.000122,0.000057,0.000584,40.134993,39.401053,-3.004960,2.001500,-1.577138,-3.000106,2.000139,-1.570680,0.005070,0.018492,0.019288
1778249487.929761,0.646325,0.273468,0.924238,0.0000,0.0000,0.0000,0.000000,0.000000,0.000000,0.000000,0.000000,0.000000,0.646277,0.273459,0.924246,-0.000336,-0.000066,0.000061,0.000564,40.133590,39.399621,-3.004955,2.001497,-1.577168,-3.000106,2.000139,-1.570680,0.005057,0.018475,0.019375
1778249487.939804,0.646325,0.273460,0.924237,0.0000,0.0000,0.0000,0.000000,0.000000,0.000000,0.000000,0.000000,0.000000,0.646277,0.273459,0.924246,-0.000340,-0.000009,0.000064,0.000550,40.132246,39.398316,-3.004950,2.001493,-1.577196,-3.000106,2.000139,-1.570680,0.005040,0.018452,0.019484
1778249487.949934,0.646326,0.273453,0.924237,0.0000,0.0000,0.0000,0.000000,0.000000,0.000000,0.000000,0.000000,0.000000,0.646277,0.273459,0.924246,-0.000340,-0.000009,0.000064,0.000550,40.132246,39.398316,-3.004943,2.001489,-1.577232,-3.000106,2.000139,-1.570680,0.005026,0.018432,0.019569
1778249487.959691,0.646326,0.273446,0.924237,0.0000,0.0000,0.0000,0.000000,0.000000,0.000000,0.000000,0.000000,0.000000,0.646277,0.273459,0.924246,-0.000345,0.000092,0.000068,0.000540,40.129465,39.395704,-3.004938,2.001485,-1.577260,-3.000106,2.000139,-1.570680,0.005012,0.018413,0.019656
1778249487.969671,0.646326,0.273441,0.924237,0.0000,0.0000,0.0000,0.000000,0.000000,0.000000,0.000000,0.000000,0.000000,0.646277,0.273459,0.924246,-0.000346,0.000123,0.000069,0.000543,40.128873,39.395094,-3.004933,2.001482,-1.577289,-3.000106,2.000139,-1.570680,0.004998,0.018392,0.019740
1778249487.979894,0.646327,0.273436,0.924236,0.0000,0.0000,0.0000,0.000000,0.000000,0.000000,0.000000,0.000000,0.000000,0.646277,0.273459,0.924246,-0.000351,0.000158,0.000070,0.000551,40.127031,39.393101,-3.004926,2.001477,-1.577324,-3.000106,2.000139,-1.570680,0.004980,0.018368,0.019849
1778249487.989632,0.646327,0.273433,0.924236,0.0000,0.0000,0.0000,0.000000,0.000000,0.000000,0.000000,0.000000,0.000000,0.646277,0.273459,0.924246,-0.000354,0.000182,0.000070,0.000562,40.128076,39.394128,-3.004921,2.001474,-1.577352,-3.000106,2.000139,-1.570680,0.004966,0.018348,0.019931
1778249487.999707,0.646328,0.273429,0.924236,0.0000,0.0000,0.0000,0.000000,0.000000,0.000000,0.000000,0.000000,0.000000,0.646277,0.273459,0.924246,-0.000359,0.000210,0.000070,0.000575,40.126558,39.392660,-3.004916,2.001470,-1.577379,-3.000106,2.000139,-1.570680,0.004952,0.018329,0.020016
1778249488.009757,0.646329,0.273426,0.924236,0.0000,0.0000,0.0000,0.000000,0.000000,0.000000,0.000000,0.000000,0.000000,0.646277,0.273459,0.924246,-0.000364,0.000229,0.000069,0.000590,40.127294,39.393383,-3.004911,2.001467,-1.577407,-3.000106,2.000139,-1.570680,0.004939,0.018310,0.020098
1778249488.019606,0.646329,0.273424,0.924237,0.0000,0.0000,0.0000,0.000000,0.000000,0.000000,0.000000,0.000000,0.000000,0.646277,0.273459,0.924246,-0.000368,0.000241,0.000068,0.000603,40.126495,39.392622,-3.004906,2.001463,-1.577434,-3.000106,2.000139,-1.570680,0.004922,0.018287,0.020201
1778249488.029815,0.646330,0.273423,0.924237,0.0000,0.0000,0.0000,0.000000,0.000000,0.000000,0.000000,0.000000,0.000000,0.646277,0.273459,0.924246,-0.000368,0.000241,0.000068,0.000603,40.126495,39.392622,-3.004901,2.001459,-1.577468,-3.000106,2.000139,-1.570680,0.004909,0.018270,0.020284
1778249488.039722,0.646331,0.273421,0.924237,0.0000,0.0000,0.0000,0.000000,0.000000,0.000000,0.000000,0.000000,0.000000,0.646277,0.273459,0.924246,-0.000377,0.000262,0.000064,0.000629,40.125230,39.391236,-3.004897,2.001456,-1.577495,-3.000106,2.000139,-1.570680,0.004896,0.018253,0.020364
1778249488.049798,0.646331,0.273421,0.924238,0.0000,0.0000,0.0000,0.000000,0.000000,0.000000,0.000000,0.000000,0.000000,0.646277,0.273459,0.924246,-0.000382,0.000267,0.000061,0.000641,40.124690,39.390865,-3.004892,2.001453,-1.577522,-3.000106,2.000139,-1.570680,0.004883,0.018236,0.020445
1778249488.059674,0.646332,0.273420,0.924238,0.0000,0.0000,0.0000,0.000000,0.000000,0.000000,0.000000,0.000000,0.000000,0.646277,0.273459,0.924246,-0.000386,0.000272,0.000059,0.000652,40.125220,39.391386,-3.004888,2.001450,-1.577548,-3.000106,2.000139,-1.570680,0.004867,0.018217,0.020545
1778249488.069762,0.646332,0.273421,0.924238,0.0000,0.0000,0.0000,0.000000,0.000000,0.000000,0.000000,0.000000,0.000000,0.646277,0.273459,0.924246,-0.000390,0.000267,0.000057,0.000660,40.126900,39.392963,-3.004885,2.001447,-1.577575,-3.000106,2.000139,-1.570680,0.004855,0.018202,0.020624
1778249488.079706,0.646333,0.273419,0.924238,0.0000,0.0000,0.0000,0.000000,0.000000,0.000000,0.000000,0.000000,0.000000,0.646277,0.273459,0.924246,-0.000397,0.000281,0.000055,0.000671,40.129545,39.395502,-3.004878,2.001443,-1.577606,-3.000106,2.000139,-1.570680,0.004843,0.018188,0.020704
1778249488.089622,0.646335,0.273417,0.924239,0.0000,0.0000,0.0000,0.000000,0.000000,0.000000,0.000000,0.000000,0.000000,0.646277,0.273459,0.924246,-0.000405,0.000295,0.000054,0.000685,40.126359,39.392040,-3.004874,2.001440,-1.577631,-3.000106,2.000139,-1.570680,0.004831,0.018168,0.020777
1778249488.100041,0.646336,0.273415,0.924239,0.0000,0.0000,0.0000,0.000000,0.000000,0.000000,0.000000,0.000000,0.000000,0.646277,0.273459,0.924246,-0.000405,0.000295,0.000054,0.000685,40.126359,39.392040,-3.004869,2.001437,-1.577657,-3.000106,2.000139,-1.570680,0.004816,0.018146,0.020873
1778249488.109877,0.646337,0.273415,0.924239,0.0000,0.0000,0.0000,0.000000,0.000000,0.000000,0.000000,0.000000,0.000000,0.646277,0.273459,0.924246,-0.000419,0.000305,0.000050,0.000713,40.125754,39.391773,-3.004865,2.001433,-1.577688,-3.000106,2.000139,-1.570680,0.004804,0.018130,0.020949
1778249488.119778,0.646336,0.273417,0.924240,0.0000,0.0000,0.0000,0.000000,0.000000,0.000000,0.000000,0.000000,0.000000,0.646277,0.273459,0.924246,-0.000417,0.000295,0.000045,0.000719,40.123488,39.389949,-3.004861,2.001430,-1.577713,-3.000106,2.000139,-1.570680,0.004793,0.018115,0.021024
1778249488.129870,0.646336,0.273419,0.924241,0.0000,0.0000,0.0000,0.000000,0.000000,0.000000,0.000000,0.000000,0.000000,0.646277,0.273459,0.924246,-0.000415,0.000281,0.000036,0.000721,40.123365,39.389805,-3.004858,2.001427,-1.577737,-3.000106,2.000139,-1.570680,0.004782,0.018102,0.021099
1778249488.139717,0.646336,0.273421,0.924242,0.0000,0.0000,0.0000,0.000000,0.000000,0.000000,0.000000,0.000000,0.000000,0.646277,0.273459,0.924246,-0.000414,0.000266,0.000030,0.000721,40.121850,39.388186,-3.004856,2.001425,-1.577762,-3.000106,2.000139,-1.570680,0.004771,0.018091,0.021172
1778249488.149786,0.646336,0.273422,0.924243,0.0000,0.0000,0.0000,0.000000,0.000000,0.000000,0.000000,0.000000,0.000000,0.646277,0.273459,0.924246,-0.000417,0.000254,0.000025,0.000721,40.122776,39.389005,-3.004853,2.001422,-1.577786,-3.000106,2.000139,-1.570680,0.004760,0.018081,0.021246
1778249488.159572,0.646337,0.273421,0.924243,0.0000,0.0000,0.0000,0.000000,0.000000,0.000000,0.000000,0.000000,0.000000,0.646277,0.273459,0.924246,-0.000420,0.000262,0.000021,0.000725,40.125428,39.391585,-3.004849,2.001420,-1.577808,-3.000106,2.000139,-1.570680,0.004748,0.018070,0.021335
1778249488.170052,0.646338,0.273420,0.924244,0.0000,0.0000,0.0000,0.000000,0.000000,0.000000,0.000000,0.000000,0.000000,0.646277,0.273459,0.924246,-0.000420,0.000262,0.000021,0.000725,40.125428,39.391585,-3.004845,2.001417,-1.577837,-3.000106,2.000139,-1.570680,0.004738,0.018051,0.021401
1778249488.179662,0.646339,0.273421,0.924244,0.0000,0.0000,0.0000,0.000000,0.000000,0.000000,0.000000,0.000000,0.000000,0.646277,0.273459,0.924246,-0.000435,0.000266,0.000015,0.000741,40.124433,39.390605,-3.004842,2.001414,-1.577860,-3.000106,2.000139,-1.570680,0.004728,0.018040,0.021470
1778249488.189671,0.646339,0.273422,0.924245,0.0000,0.0000,0.0000,0.000000,0.000000,0.000000,0.000000,0.000000,0.000000,0.646277,0.273459,0.924246,-0.000434,0.000254,0.000009,0.000746,40.122455,39.388981,-3.004840,2.001412,-1.577883,-3.000106,2.000139,-1.570680,0.004719,0.018030,0.021539
1778249488.199950,0.646338,0.273424,0.924246,0.0000,0.0000,0.0000,0.000000,0.000000,0.000000,0.000000,0.000000,0.000000,0.646277,0.273459,0.924246,-0.000434,0.000254,0.000009,0.000746,40.122455,39.388981,-3.004837,2.001409,-1.577905,-3.000106,2.000139,-1.570680,0.004707,0.018018,0.021625
1778249488.209595,0.646338,0.273424,0.924247,0.0000,0.0000,0.0000,0.000000,0.000000,0.000000,0.000000,0.000000,0.000000,0.646277,0.273459,0.924246,-0.000428,0.000242,-0.000003,0.000746,40.126987,39.393256,-3.004833,2.001407,-1.577931,-3.000106,2.000139,-1.570680,0.004698,0.018010,0.021692
1778249488.219898,0.646338,0.273424,0.924247,0.0000,0.0000,0.0000,0.000000,0.000000,0.000000,0.000000,0.000000,0.000000,0.646277,0.273459,0.924246,-0.000432,0.000246,-0.000007,0.000750,40.123699,39.389717,-3.004830,2.001404,-1.577953,-3.000106,2.000139,-1.570680,0.004689,0.017995,0.021753
1778249488.229971,0.646339,0.273424,0.924248,0.0000,0.0000,0.0000,0.000000,0.000000,0.000000,0.000000,0.000000,0.000000,0.646277,0.273459,0.924246,-0.000437,0.000241,-0.000011,0.000755,40.122512,39.388899,-3.004828,2.001402,-1.577974,-3.000106,2.000139,-1.570680,0.004680,0.017985,0.021818
1778249488.239715,0.646339,0.273426,0.924249,0.0000,0.0000,0.0000,0.000000,0.000000,0.000000,0.000000,0.000000,0.000000,0.646277,0.273459,0.924246,-0.000436,0.000232,-0.000017,0.000757,40.121056,39.387747,-3.004826,2.001400,-1.577995,-3.000106,2.000139,-1.570680,0.004671,0.017977,0.021882
1778249488.249862,0.646338,0.273426,0.924250,0.0000,0.0000,0.0000,0.000000,0.000000,0.000000,0.000000,0.000000,0.000000,0.646277,0.273459,0.924246,-0.000431,0.000228,-0.000023,0.000757,40.126022,39.392658,-3.004822,2.001398,-1.578020,-3.000106,2.000139,-1.570680,0.004661,0.017968,0.021962
1778249488.259659,0.646338,0.273425,0.924250,0.0000,0.0000,0.0000,0.000000,0.000000,0.000000,0.000000,0.000000,0.000000,0.646277,0.273459,0.924246,-0.000431,0.000233,-0.000029,0.000759,40.123321,39.389416,-3.004820,2.001395,-1.578040,-3.000106,2.000139,-1.570680,0.004653,0.017955,0.022020
1778249488.269658,0.646339,0.273425,0.924251,0.0000,0.0000,0.0000,0.000000,0.000000,0.000000,0.000000,0.000000,0.000000,0.646277,0.273459,0.924246,-0.000434,0.000236,-0.000031,0.000762,40.123442,39.389652,-3.004818,2.001393,-1.578060,-3.000106,2.000139,-1.570680,0.004645,0.017945,0.022081
1778249488.279616,0.646338,0.273426,0.924252,0.0000,0.0000,0.0000,0.000000,0.000000,0.000000,0.000000,0.000000,0.000000,0.646277,0.273459,0.924246,-0.000431,0.000229,-0.000037,0.000763,40.129806,39.396102,-3.004816,2.001392,-1.578081,-3.000106,2.000139,-1.570680,0.004637,0.017938,0.022140
1778249488.289612,0.646338,0.273424,0.924252,0.0000,0.0000,0.0000,0.000000,0.000000,0.000000,0.000000,0.000000,0.000000,0.646277,0.273459,0.924246,-0.000429,0.000240,-0.000042,0.000764,40.123612,39.390081,-3.004812,2.001390,-1.578098,-3.000106,2.000139,-1.570680,0.004630,0.017933,0.022202
1778249488.299699,0.646338,0.273425,0.924253,0.0000,0.0000,0.0000,0.000000,0.000000,0.000000,0.000000,0.000000,0.000000,0.646277,0.273459,0.924246,-0.000428,0.000238,-0.000046,0.000765,40.122689,39.389103,-3.004810,2.001388,-1.578118,-3.000106,2.000139,-1.570680,0.004621,0.017914,0.022268
1778249488.309608,0.646338,0.273425,0.924254,0.0000,0.0000,0.0000,0.000000,0.000000,0.000000,0.000000,0.000000,0.000000,0.646277,0.273459,0.924246,-0.000428,0.000238,-0.000046,0.000765,40.122689,39.389103,-3.004809,2.001386,-1.578141,-3.000106,2.000139,-1.570680,0.004613,0.017909,0.022328
1778249488.319785,0.646337,0.273425,0.924254,0.0000,0.0000,0.0000,0.000000,0.000000,0.000000,0.000000,0.000000,0.000000,0.646277,0.273459,0.924246,-0.000421,0.000234,-0.000056,0.000764,40.126391,39.392979,-3.004805,2.001384,-1.578159,-3.000106,2.000139,-1.570680,0.004606,0.017903,0.022384
1778249488.329910,0.646337,0.273425,0.924255,0.0000,0.0000,0.0000,0.000000,0.000000,0.000000,0.000000,0.000000,0.000000,0.646277,0.273459,0.924246,-0.000419,0.000235,-0.000060,0.000763,40.123523,39.389755,-3.004804,2.001382,-1.578178,-3.000106,2.000139,-1.570680,0.004600,0.017891,0.022437
1778249488.339693,0.646337,0.273425,0.924256,0.0000,0.0000,0.0000,0.000000,0.000000,0.000000,0.000000,0.000000,0.000000,0.646277,0.273459,0.924246,-0.000418,0.000233,-0.000064,0.000763,40.121689,39.388253,-3.004802,2.001381,-1.578195,-3.000106,2.000139,-1.570680,0.004593,0.017885,0.022492
1778249488.349802,0.646336,0.273425,0.924256,0.0000,0.0000,0.0000,0.000000,0.000000,0.000000,0.000000,0.000000,0.000000,0.646277,0.273459,0.924246,-0.000413,0.000237,-0.000068,0.000761,40.124693,39.391437,-3.004799,2.001379,-1.578212,-3.000106,2.000139,-1.570680,0.004585,0.017879,0.022559
1778249488.360122,0.646335,0.273425,0.924257,0.0000,0.0000,0.0000,0.000000,0.000000,0.000000,0.000000,0.000000,0.000000,0.646277,0.273459,0.924246,-0.000411,0.000238,-0.000072,0.000760,40.121362,39.387857,-3.004797,2.001377,-1.578234,-3.000106,2.000139,-1.570680,0.004579,0.017866,0.022610
1778249488.370362,0.646335,0.273423,0.924257,0.0000,0.0000,0.0000,0.000000,0.000000,0.000000,0.000000,0.000000,0.000000,0.646277,0.273459,0.924246,-0.000411,0.000250,-0.000074,0.000761,40.126551,39.393152,-3.004794,2.001376,-1.578250,-3.000106,2.000139,-1.570680,0.004573,0.017861,0.022663
1778249488.379735,0.646335,0.273423,0.924257,0.0000,0.0000,0.0000,0.000000,0.000000,0.000000,0.000000,0.000000,0.000000,0.646277,0.273459,0.924246,-0.000407,0.000253,-0.000078,0.000761,40.122971,39.389563,-3.004792,2.001374,-1.578267,-3.000106,2.000139,-1.570680,0.004567,0.017849,0.022709
1778249488.389608,0.646335,0.273422,0.924258,0.0000,0.0000,0.0000,0.000000,0.000000,0.000000,0.000000,0.000000,0.000000,0.646277,0.273459,0.924246,-0.000406,0.000255,-0.000081,0.000761,40.130116,39.396274,-3.004792,2.001373,-1.578284,-3.000106,2.000139,-1.570680,0.004561,0.017841,0.022760
1778249488.399728,0.646334,0.273421,0.924258,0.0000,0.0000,0.0000,0.000000,0.000000,0.000000,0.000000,0.000000,0.000000,0.646277,0.273459,0.924246,-0.000404,0.000265,-0.000084,0.000762,40.121336,39.387911,-3.004787,2.001371,-1.578303,-3.000106,2.000139,-1.570680,0.004554,0.017833,0.022823
1778249488.409778,0.646334,0.273422,0.924259,0.0000,0.0000,0.0000,0.000000,0.000000,0.000000,0.000000,0.000000,0.000000,0.646277,0.273459,0.924246,-0.000401,0.000255,-0.000087,0.000760,40.119835,39.386600,-3.004786,2.001370,-1.578320,-3.000106,2.000139,-1.570680,0.004548,0.017822,0.022869
1778249488.419790,0.646334,0.273422,0.924259,0.0000,0.0000,0.0000,0.000000,0.000000,0.000000,0.000000,0.000000,0.000000,0.646277,0.273459,0.924246,-0.000397,0.000257,-0.000091,0.000759,40.121633,39.388067,-3.004783,2.001368,-1.578335,-3.000106,2.000139,-1.570680,0.004543,0.017819,0.022919
1778249488.429742,0.646333,0.273422,0.924260,0.0000,0.0000,0.0000,0.000000,0.000000,0.000000,0.000000,0.000000,0.000000,0.646277,0.273459,0.924246,-0.000397,0.000256,-0.000095,0.000758,40.118076,39.384736,-3.004782,2.001367,-1.578350,-3.000106,2.000139,-1.570680,0.004538,0.017808,0.022964
1778249488.439700,0.646333,0.273421,0.924260,0.0000,0.0000,0.0000,0.000000,0.000000,0.000000,0.000000,0.000000,0.000000,0.646277,0.273459,0.924246,-0.000395,0.000265,-0.000096,0.000758,40.124437,39.391097,-3.004779,2.001366,-1.578364,-3.000106,2.000139,-1.570680,0.004533,0.017803,0.023010
1778249488.449700,0.646332,0.273423,0.924261,0.0000,0.0000,0.0000,0.000000,0.000000,0.000000,0.000000,0.000000,0.000000,0.646277,0.273459,0.924246,-0.000389,0.000251,-0.000100,0.000754,40.121907,39.388636,-3.004778,2.001365,-1.578380,-3.000106,2.000139,-1.570680,0.004527,0.017788,0.023063
1778249488.459799,0.646332,0.273421,0.924261,0.0000,0.0000,0.0000,0.000000,0.000000,0.000000,0.000000,0.000000,0.000000,0.646277,0.273459,0.924246,-0.000389,0.000263,-0.000100,0.000754,40.123662,39.390091,-3.004775,2.001363,-1.578397,-3.000106,2.000139,-1.570680,0.004522,0.017787,0.023113
1778249488.470151,0.646332,0.273421,0.924261,0.0000,0.0000,0.0000,0.000000,0.000000,0.000000,0.000000,0.000000,0.000000,0.646277,0.273459,0.924246,-0.000388,0.000264,-0.000104,0.000753,40.120089,39.386727,-3.004774,2.001362,-1.578412,-3.000106,2.000139,-1.570680,0.004518,0.017774,0.023152
1778249488.479698,0.646332,0.273420,0.924261,0.0000,0.0000,0.0000,0.000000,0.000000,0.000000,0.000000,0.000000,0.000000,0.646277,0.273459,0.924246,-0.000388,0.000264,-0.000104,0.000753,40.120089,39.386727,-3.004771,2.001361,-1.578426,-3.000106,2.000139,-1.570680,0.004513,0.017772,0.023197
1778249488.489635,0.646332,0.273418,0.924262,0.0000,0.0000,0.0000,0.000000,0.000000,0.000000,0.000000,0.000000,0.000000,0.646277,0.273459,0.924246,-0.000384,0.000282,-0.000106,0.000754,40.126114,39.392584,-3.004769,2.001360,-1.578440,-3.000106,2.000139,-1.570680,0.004509,0.017760,0.023237
1778249488.499949,0.646332,0.273418,0.924262,0.0000,0.0000,0.0000,0.000000,0.000000,0.000000,0.000000,0.000000,0.000000,0.646277,0.273459,0.924246,-0.000384,0.000287,-0.000107,0.000755,40.124446,39.390893,-3.004766,2.001359,-1.578457,-3.000106,2.000139,-1.570680,0.004504,0.017750,0.023289
1778249488.509676,0.646331,0.273417,0.924262,0.0000,0.0000,0.0000,0.000000,0.000000,0.000000,0.000000,0.000000,0.000000,0.646277,0.273459,0.924246,-0.000382,0.000295,-0.000107,0.000756,40.122127,39.388837,-3.004763,2.001358,-1.578470,-3.000106,2.000139,-1.570680,0.004500,0.017743,0.023330
1778249488.520030,0.646331,0.273417,0.924262,0.0000,0.0000,0.0000,0.000000,0.000000,0.000000,0.000000,0.000000,0.000000,0.646277,0.273459,0.924246,-0.000379,0.000290,-0.000110,0.000756,40.121351,39.387842,-3.004763,2.001357,-1.578484,-3.000106,2.000139,-1.570680,0.004497,0.017732,0.023369
1778249488.530623,0.646331,0.273416,0.924262,0.0000,0.0000,0.0000,0.000000,0.000000,0.000000,0.000000,0.000000,0.000000,0.646277,0.273459,0.924246,-0.000378,0.000299,-0.000110,0.000756,40.122271,39.388882,-3.004759,2.001356,-1.578496,-3.000106,2.000139,-1.570680,0.004493,0.017730,0.023411
1778249488.539680,0.646330,0.273415,0.924262,0.0000,0.0000,0.0000,0.000000,0.000000,0.000000,0.000000,0.000000,0.000000,0.646277,0.273459,0.924246,-0.000376,0.000308,-0.000112,0.000757,40.123625,39.390432,-3.004757,2.001355,-1.578508,-3.000106,2.000139,-1.570680,0.004489,0.017717,0.023447
1778249488.549676,0.646330,0.273416,0.924263,0.0000,0.0000,0.0000,0.000000,0.000000,0.000000,0.000000,0.000000,0.000000,0.646277,0.273459,0.924246,-0.000372,0.000302,-0.000114,0.000755,40.122402,39.389038,-3.004756,2.001355,-1.578521,-3.000106,2.000139,-1.570680,0.004485,0.017706,0.023492
1778249488.559707,0.646330,0.273414,0.924262,0.0000,0.0000,0.0000,0.000000,0.000000,0.000000,0.000000,0.000000,0.000000,0.646277,0.273459,0.924246,-0.000373,0.000315,-0.000112,0.000756,40.123162,39.389621,-3.004752,2.001354,-1.578535,-3.000106,2.000139,-1.570680,0.004482,0.017703,0.023534
1778249488.569701,0.646330,0.273412,0.924262,0.0000,0.0000,0.0000,0.000000,0.000000,0.000000,0.000000,0.000000,0.000000,0.646277,0.273459,0.924246,-0.000373,0.000325,-0.000111,0.000758,40.124552,39.391056,-3.004750,2.001353,-1.578547,-3.000106,2.000139,-1.570680,0.004479,0.017691,0.023566
1778249488.579884,0.646330,0.273411,0.924262,0.0000,0.0000,0.0000,0.000000,0.000000,0.000000,0.000000,0.000000,0.000000,0.646277,0.273459,0.924246,-0.000371,0.000333,-0.000113,0.000760,40.131161,39.397497,-3.004748,2.001352,-1.578559,-3.000106,2.000139,-1.570680,0.004477,0.017681,0.023601
1778249488.589696,0.646329,0.273410,0.924263,0.0000,0.0000,0.0000,0.000000,0.000000,0.000000,0.000000,0.000000,0.000000,0.646277,0.273459,0.924246,-0.000367,0.000339,-0.000115,0.000760,40.121521,39.388193,-3.004745,2.001351,-1.578574,-3.000106,2.000139,-1.570680,0.004473,0.017670,0.023645
1778249488.599860,0.646329,0.273409,0.924263,0.0000,0.0000,0.0000,0.000000,0.000000,0.000000,0.000000,0.000000,0.000000,0.646277,0.273459,0.924246,-0.000363,0.000347,-0.000116,0.000761,40.122127,39.389024,-3.004742,2.001351,-1.578585,-3.000106,2.000139,-1.570680,0.004470,0.017662,0.023682
1778249488.609773,0.646328,0.273409,0.924263,0.0000,0.0000,0.0000,0.000000,0.000000,0.000000,0.000000,0.000000,0.000000,0.646277,0.273459,0.924246,-0.000359,0.000350,-0.000116,0.000760,40.123777,39.390509,-3.004739,2.001350,-1.578597,-3.000106,2.000139,-1.570680,0.004467,0.017651,0.023714
1778249488.619592,0.646328,0.273408,0.924263,0.0000,0.0000,0.0000,0.000000,0.000000,0.000000,0.000000,0.000000,0.000000,0.646277,0.273459,0.924246,-0.000358,0.000354,-0.000117,0.000759,40.130349,39.396675,-3.004737,2.001349,-1.578610,-3.000106,2.000139,-1.570680,0.004464,0.017638,0.023758
1778249488.630280,0.646327,0.273409,0.924263,0.0000,0.0000,0.0000,0.000000,0.000000,0.000000,0.000000,0.000000,0.000000,0.646277,0.273459,0.924246,-0.000354,0.000348,-0.000118,0.000756,40.120923,39.387817,-3.004735,2.001349,-1.578622,-3.000106,2.000139,-1.570680,0.004461,0.017630,0.023791
1778249488.639608,0.646327,0.273410,0.924263,0.0000,0.0000,0.0000,0.000000,0.000000,0.000000,0.000000,0.000000,0.000000,0.646277,0.273459,0.924246,-0.000350,0.000342,-0.000119,0.000752,40.118761,39.385445,-3.004732,2.001348,-1.578633,-3.000106,2.000139,-1.570680,0.004459,0.017624,0.023827
1778249488.649776,0.646327,0.273410,0.924263,0.0000,0.0000,0.0000,0.000000,0.000000,0.000000,0.000000,0.000000,0.000000,0.646277,0.273459,0.924246,-0.000349,0.000344,-0.000119,0.000749,40.121384,39.388091,-3.004729,2.001348,-1.578643,-3.000106,2.000139,-1.570680,0.004457,0.017613,0.023859
1778249488.659646,0.646326,0.273410,0.924263,0.0000,0.0000,0.0000,0.000000,0.000000,0.000000,0.000000,0.000000,0.000000,0.646277,0.273459,0.924246,-0.000347,0.000338,-0.000119,0.000745,40.124129,39.390768,-3.004727,2.001347,-1.578655,-3.000106,2.000139,-1.570680,0.004455,0.017602,0.023890
1778249488.669594,0.646326,0.273410,0.924263,0.0000,0.0000,0.0000,0.000000,0.000000,0.000000,0.000000,0.000000,0.000000,0.646277,0.273459,0.924246,-0.000347,0.000338,-0.000118,0.000742,40.126783,39.393256,-3.004725,2.001347,-1.578665,-3.000106,2.000139,-1.570680,0.004453,0.017594,0.023924
1778249488.679699,0.646326,0.273410,0.924263,0.0000,0.0000,0.0000,0.000000,0.000000,0.000000,0.000000,0.000000,0.000000,0.646277,0.273459,0.924246,-0.000345,0.000338,-0.000117,0.000739,40.127952,39.394595,-3.004722,2.001346,-1.578675,-3.000106,2.000139,-1.570680,0.004451,0.017584,0.023963
1778249488.689698,0.646326,0.273412,0.924263,0.0000,0.0000,0.0000,0.000000,0.000000,0.000000,0.000000,0.000000,0.000000,0.646277,0.273459,0.924246,-0.000343,0.000328,-0.000117,0.000735,40.132201,39.398466,-3.004721,2.001346,-1.578687,-3.000106,2.000139,-1.570680,0.004450,0.017573,0.023994
1778249488.700196,0.646326,0.273412,0.924263,0.0000,0.0000,0.0000,0.000000,0.000000,0.000000,0.000000,0.000000,0.000000,0.646277,0.273459,0.924246,-0.000343,0.000328,-0.000117,0.000735,40.132201,39.398466,-3.004717,2.001346,-1.578699,-3.000106,2.000139,-1.570680,0.004449,0.017567,0.024027
1778249488.709730,0.646325,0.273414,0.924263,0.0000,0.0000,0.0000,0.000000,0.000000,0.000000,0.000000,0.000000,0.000000,0.646277,0.273459,0.924246,-0.000341,0.000310,-0.000115,0.000725,40.130857,39.397324,-3.004716,2.001346,-1.578710,-3.000106,2.000139,-1.570680,0.004447,0.017557,0.024056
1778249488.719938,0.646325,0.273416,0.924263,0.0000,0.0000,0.0000,0.000000,0.000000,0.000000,0.000000,0.000000,0.000000,0.646277,0.273459,0.924246,-0.000339,0.000297,-0.000116,0.000718,40.119239,39.386009,-3.004714,2.001345,-1.578720,-3.000106,2.000139,-1.570680,0.004446,0.017552,0.024090
1778249488.729731,0.646325,0.273419,0.924263,0.0000,0.0000,0.0000,0.000000,0.000000,0.000000,0.000000,0.000000,0.000000,0.646277,0.273459,0.924246,-0.000335,0.000281,-0.000116,0.000709,40.129955,39.396479,-3.004712,2.001345,-1.578730,-3.000106,2.000139,-1.570680,0.004446,0.017544,0.024120
1778249488.739683,0.646324,0.273420,0.924263,0.0000,0.0000,0.0000,0.000000,0.000000,0.000000,0.000000,0.000000,0.000000,0.646277,0.273459,0.924246,-0.000333,0.000268,-0.000116,0.000700,40.131097,39.397602,-3.004710,2.001345,-1.578741,-3.000106,2.000139,-1.570680,0.004445,0.017537,0.024151
1778249488.749701,0.646324,0.273425,0.924264,0.0000,0.0000,0.0000,0.000000,0.000000,0.000000,0.000000,0.000000,0.000000,0.646277,0.273459,0.924246,-0.000329,0.000239,-0.000120,0.000690,40.106338,39.373537,-3.004708,2.001345,-1.578751,-3.000106,2.000139,-1.570680,0.004444,0.017524,0.024188
1778249488.759588,0.646323,0.273431,0.924264,0.0000,0.0000,0.0000,0.000000,0.000000,0.000000,0.000000,0.000000,0.000000,0.646277,0.273459,0.924246,-0.000327,0.000196,-0.000122,0.000676,40.120260,39.387024,-3.004710,2.001345,-1.578763,-3.000106,2.000139,-1.570680,0.004444,0.017526,0.024224
1778249488.769858,0.646323,0.273435,0.924264,0.0000,0.0000,0.0000,0.000000,0.000000,0.000000,0.000000,0.000000,0.000000,0.646277,0.273459,0.924246,-0.000326,0.000164,-0.000120,0.000663,40.123446,39.390257,-3.004711,2.001345,-1.578775,-3.000106,2.000139,-1.570680,0.004444,0.017532,0.024256
1778249488.779839,0.646323,0.273436,0.924263,0.0000,0.0000,0.0000,0.000000,0.000000,0.000000,0.000000,0.000000,0.000000,0.646277,0.273459,0.924246,-0.000326,0.000158,-0.000119,0.000655,40.120902,39.387737,-3.004709,2.001345,-1.578785,-3.000106,2.000139,-1.570680,0.004445,0.017532,0.024286
1778249488.789570,0.646323,0.273438,0.924264,0.0000,0.0000,0.0000,0.000000,0.000000,0.000000,0.000000,0.000000,0.000000,0.646277,0.273459,0.924246,-0.000323,0.000142,-0.000123,0.000647,40.113450,39.380458,-3.004709,2.001346,-1.578796,-3.000106,2.000139,-1.570680,0.004445,0.017527,0.024314
1778249488.799970,0.646323,0.273440,0.924263,0.0000,0.0000,0.0000,0.000000,0.000000,0.000000,0.000000,0.000000,0.000000,0.646277,0.273459,0.924246,-0.000324,0.000131,-0.000120,0.000641,40.126797,39.393448,-3.004710,2.001346,-1.578806,-3.000106,2.000139,-1.570680,0.004445,0.017525,0.024347
1778249488.809643,0.646323,0.273439,0.924262,0.0000,0.0000,0.0000,0.000000,0.000000,0.000000,0.000000,0.000000,0.000000,0.646277,0.273459,0.924246,-0.000324,0.000138,-0.000112,0.000636,40.143439,39.409673,-3.004709,2.001346,-1.578817,-3.000106,2.000139,-1.570680,0.004446,0.017529,0.024379
1778249488.819650,0.646322,0.273440,0.924263,0.0000,0.0000,0.0000,0.000000,0.000000,0.000000,0.000000,0.000000,0.000000,0.646277,0.273459,0.924246,-0.000316,0.000131,-0.000113,0.000629,40.119503,39.386741,-3.004708,2.001346,-1.578826,-3.000106,2.000139,-1.570680,0.004446,0.017522,0.024415
1778249488.830003,0.646321,0.273441,0.924262,0.0000,0.0000,0.0000,0.000000,0.000000,0.000000,0.000000,0.000000,0.000000,0.646277,0.273459,0.924246,-0.000316,0.000131,-0.000113,0.000629,40.119503,39.386741,-3.004708,2.001346,-1.578840,-3.000106,2.000139,-1.570680,0.004446,0.017524,0.024449
1778249488.839767,0.646319,0.273444,0.924263,0.0000,0.0000,0.0000,0.000000,0.000000,0.000000,0.000000,0.000000,0.000000,0.646277,0.273459,0.924246,-0.000292,0.000103,-0.000116,0.000604,40.127046,39.393952,-3.004708,2.001346,-1.578850,-3.000106,2.000139,-1.570680,0.004446,0.017521,0.024479
1778249488.849742,0.646320,0.273440,0.924261,0.0000,0.0000,0.0000,0.000000,0.000000,0.000000,0.000000,0.000000,0.000000,0.646277,0.273459,0.924246,-0.000300,0.000131,-0.000102,0.000596,40.143939,39.409700,-3.004705,2.001346,-1.578858,-3.000106,2.000139,-1.570680,0.004446,0.017524,0.024511
1778249488.859671,0.646320,0.273437,0.924261,0.0000,0.0000,0.0000,0.000000,0.000000,0.000000,0.000000,0.000000,0.000000,0.646277,0.273459,0.924246,-0.000300,0.000152,-0.000101,0.000593,40.120632,39.388323,-3.004704,2.001346,-1.578869,-3.000106,2.000139,-1.570680,0.004446,0.017513,0.024535
1778249488.869869,0.646319,0.273437,0.924261,0.0000,0.0000,0.0000,0.000000,0.000000,0.000000,0.000000,0.000000,0.000000,0.646277,0.273459,0.924246,-0.000300,0.000152,-0.000101,0.000593,40.120632,39.388323,-3.004704,2.001346,-1.578879,-3.000106,2.000139,-1.570680,0.004445,0.017507,0.024566
1778249488.879837,0.646318,0.273439,0.924261,0.0000,0.0000,0.0000,0.000000,0.000000,0.000000,0.000000,0.000000,0.000000,0.646277,0.273459,0.924246,-0.000286,0.000135,-0.000105,0.000579,40.127662,39.393835,-3.004706,2.001346,-1.578889,-3.000106,2.000139,-1.570680,0.004445,0.017509,0.024597
1778249488.889647,0.646320,0.273435,0.924259,0.0000,0.0000,0.0000,0.000000,0.000000,0.000000,0.000000,0.000000,0.000000,0.646277,0.273459,0.924246,-0.000300,0.000167,-0.000087,0.000580,40.134836,39.400710,-3.004703,2.001346,-1.578897,-3.000106,2.000139,-1.570680,0.004446,0.017514,0.024628
1778249488.899853,0.646320,0.273436,0.924260,0.0000,0.0000,0.0000,0.000000,0.000000,0.000000,0.000000,0.000000,0.000000,0.646277,0.273459,0.924246,-0.000301,0.000157,-0.000092,0.000581,40.113297,39.381041,-3.004705,2.001347,-1.578908,-3.000106,2.000139,-1.570680,0.004446,0.017505,0.024652
1778249488.909648,0.646319,0.273438,0.924260,10.0000,10.0000,10.0000,0.000000,0.000000,0.000000,0.000000,0.000000,0.000000,0.646277,0.273459,0.924246,-0.000294,0.000142,-0.000094,0.000577,40.138677,39.404878,-3.004707,2.001347,-1.578918,-3.000106,2.000139,-1.570680,0.004448,0.017513,0.024692
1778249488.919833,0.646319,0.273437,0.924258,10.0000,10.0000,10.0000,0.000180,0.000180,0.000180,0.018000,0.018000,0.018000,0.646457,0.273639,0.924426,0.018962,0.019413,0.019175,0.017477,40.424250,39.689242,-3.004704,2.001347,-1.578928,-3.000106,2.000139,-1.570680,0.004449,0.017516,0.024719
1778249488.929722,0.646319,0.273436,0.924259,10.0000,10.0000,10.0000,0.000486,0.000486,0.000486,0.030600,0.030600,0.030600,0.646763,0.273945,0.924732,0.033709,0.034158,0.033913,0.042970,40.825353,40.086241,-3.004704,2.001347,-1.578937,-3.000025,2.000056,-1.570680,0.012999,0.026058,0.024743
1778249488.939696,0.646334,0.273412,0.924263,10.0000,10.0000,10.0000,0.000832,0.000832,0.000832,0.034641,0.034641,0.034641,0.647109,0.274291,0.925079,0.040067,0.040795,0.040355,0.065770,41.114984,40.345945,-3.004705,2.001349,-1.578931,-2.999883,1.999911,-1.570680,0.019627,0.032684,0.024772
1778249488.949793,0.646377,0.273363,0.924276,10.0000,10.0000,10.0000,0.001179,0.001179,0.001179,0.034641,0.034641,0.034641,0.647456,0.274638,0.925425,0.042188,0.043561,0.042684,0.082955,41.254696,40.465519,-3.004713,2.001357,-1.578885,-2.999676,1.999702,-1.570641,0.026918,0.039973,0.028751
1778249488.959682,0.646438,0.273334,0.924301,10.0000,10.0000,10.0000,0.001179,0.001179,0.001179,0.034641,0.034641,0.034641,0.647456,0.274638,0.925425,0.042188,0.043561,0.042684,0.082955,41.254696,40.465519,-3.004737,2.001370,-1.578817,-2.999405,1.999426,-1.570590,0.034492,0.047549,0.029933
1778249488.969631,0.646529,0.273362,0.924343,10.0000,10.0000,10.0000,0.001872,0.001872,0.001872,0.034641,0.034641,0.034641,0.648148,0.275330,0.926118,0.042212,0.044453,0.043210,0.102349,41.328622,40.554099,-3.004757,2.001378,-1.578771,-2.999072,1.999088,-1.570528,0.042049,0.055141,0.031123
1778249488.980554,0.646615,0.273445,0.924387,10.0000,10.0000,10.0000,0.002218,0.002218,0.002218,0.034641,0.034641,0.034641,0.648495,0.275677,0.926464,0.042159,0.044335,0.043382,0.107440,41.338070,40.571007,-3.004782,2.001389,-1.578733,-2.998682,1.998691,-1.570454,0.049412,0.062545,0.032294
1778249488.989747,0.646723,0.273574,0.924438,10.0000,10.0000,10.0000,0.002564,0.002564,0.002564,0.034641,0.034641,0.034641,0.648841,0.276023,0.926811,0.042127,0.044104,0.043648,0.110844,41.326914,40.558608,-3.004824,2.001409,-1.578681,-2.998238,1.998240,-1.570371,0.056492,0.069678,0.033424
1778249488.999644,0.646888,0.273797,0.924516,10.0000,10.0000,10.0000,0.002911,0.002911,0.002911,0.034641,0.034641,0.034641,0.649188,0.276370,0.927157,0.042101,0.043689,0.044088,0.113171,41.188114,40.423969,-3.004868,2.001434,-1.578634,-2.997747,1.997741,-1.570279,0.063260,0.076531,0.034444
1778249489.009632,0.647037,0.274036,0.924589,10.0000,10.0000,10.0000,0.003257,0.003257,0.003257,0.034641,0.034641,0.034641,0.649534,0.276716,0.927504,0.042159,0.043192,0.044520,0.114810,41.141249,40.374997,-3.004934,2.001473,-1.578614,-2.997213,1.997199,-1.570178,0.069687,0.083026,0.035404
1778249489.019749,0.647207,0.274309,0.924662,10.0000,10.0000,10.0000,0.003604,0.003604,0.003604,0.034641,0.034641,0.034641,0.649880,0.277062,0.927850,0.042187,0.042628,0.045035,0.116003,41.162271,40.391984,-3.005023,2.001522,-1.578602,-2.996642,1.996618,-1.570071,0.075844,0.089322,0.036359
1778249489.029953,0.647371,0.274595,0.924747,10.0000,10.0000,10.0000,0.003950,0.003950,0.003950,0.034641,0.034641,0.034641,0.650227,0.277409,0.928196,0.042278,0.042048,0.045493,0.116908,41.138513,40.380667,-3.005137,2.001590,-1.578553,-2.996038,1.996005,-1.569957,0.081652,0.095300,0.037284
1778249489.039686,0.647493,0.274888,0.924882,10.0000,10.0000,10.0000,0.004297,0.004297,0.004297,0.034641,0.034641,0.034641,0.650573,0.277755,0.928543,0.042614,0.041485,0.045695,0.117648,40.908542,40.174968,-3.005222,2.001672,-1.578392,-2.995405,1.995362,-1.569838,0.087148,0.100924,0.038036
1778249489.049711,0.647589,0.275331,0.925102,10.0000,10.0000,10.0000,0.004643,0.004643,0.004643,0.034641,0.034641,0.034641,0.650920,0.278102,0.928889,0.043429,0.040488,0.045822,0.118405,40.804594,40.071802,-3.005325,2.001764,-1.578213,-2.994748,1.994694,-1.569715,0.092467,0.106233,0.038386
1778249489.059657,0.647727,0.275725,0.925259,10.0000,10.0000,10.0000,0.004989,0.004989,0.004989,0.034641,0.034641,0.034641,0.651266,0.278448,0.929236,0.043869,0.039651,0.046134,0.119099,40.789421,40.030459,-3.005486,2.001878,-1.578094,-2.994069,1.994005,-1.569587,0.097556,0.111345,0.038627
1778249489.069897,0.647933,0.276122,0.925404,10.0000,10.0000,10.0000,0.005336,0.005336,0.005336,0.034641,0.034641,0.034641,0.651613,0.278794,0.929582,0.044050,0.038908,0.046591,0.119705,40.734130,39.958847,-3.005692,2.002014,-1.577988,-2.993373,1.993298,-1.569456,0.102606,0.116621,0.038921
1778249489.079955,0.648157,0.276541,0.925559,10.0000,10.0000,10.0000,0.005682,0.005682,0.005682,0.034641,0.034641,0.034641,0.651959,0.279141,0.929929,0.044209,0.038136,0.047076,0.120253,40.649571,39.873789,-3.006002,2.002209,-1.577852,-2.992661,1.992575,-1.569323,0.107423,0.121720,0.039292
1778249489.089645,0.648391,0.277116,0.925795,10.0000,10.0000,10.0000,0.006029,0.006029,0.006029,0.034641,0.034641,0.034641,0.652305,0.279487,0.930275,0.044708,0.036928,0.047566,0.120861,40.502077,39.733575,-3.006289,2.002381,-1.577739,-2.991935,1.991839,-1.569186,0.112123,0.126777,0.039616
1778249489.099510,0.648530,0.277605,0.926021,10.0000,10.0000,10.0000,0.006375,0.006375,0.006375,0.034641,0.034641,0.034641,0.652652,0.279834,0.930621,0.045355,0.035889,0.047748,0.121495,40.408878,39.645106,-3.006607,2.002563,-1.577621,-2.991199,1.991092,-1.569048,0.116713,0.131801,0.039895
1778249489.109637,0.648648,0.278094,0.926263,10.0000,10.0000,10.0000,0.006721,0.006721,0.006721,0.034641,0.034641,0.034641,0.652998,0.280180,0.930968,0.046072,0.034853,0.047829,0.122148,40.415211,39.658629,-3.007045,2.002799,-1.577474,-2.990453,1.990335,-1.568908,0.119306,0.134782,0.040045
1778249489.119869,0.648760,0.278565,0.926507,10.0000,10.0000,10.0000,0.007068,0.007068,0.007068,0.034641,0.034641,0.034641,0.653345,0.280527,0.931314,0.046759,0.033893,0.047852,0.122794,40.455928,39.710575,-3.007413,2.002989,-1.577364,-2.989699,1.989571,-1.568767,0.119283,0.134802,0.040259
1778249489.129658,0.648867,0.279007,0.926750,10.0000,10.0000,10.0000,0.007414,0.007414,0.007414,0.034641,0.034641,0.034641,0.653691,0.280873,0.931661,0.047395,0.033049,0.047817,0.123409,40.516730,39.786013,-3.007783,2.003177,-1.577267,-2.988938,1.988799,-1.568624,0.119231,0.134848,0.040477
1778249489.139801,0.649004,0.279490,0.927032,10.0000,10.0000,10.0000,0.007761,0.007761,0.007761,0.034641,0.034641,0.034641,0.654037,0.281219,0.932007,0.048056,0.032149,0.047771,0.124010,40.858213,40.142054,-3.008138,2.003356,-1.577169,-2.988172,1.988022,-1.568481,0.119167,0.134904,0.040715
1778249489.149633,0.649107,0.279807,0.927244,10.0000,10.0000,10.0000,0.008107,0.008107,0.008107,0.034641,0.034641,0.034641,0.654384,0.281566,0.932353,0.048433,0.031769,0.047644,0.124504,40.869362,40.167848,-3.008449,2.003518,-1.577054,-2.987401,1.987241,-1.568336,0.119117,0.134949,0.040933
1778249489.159695,0.649198,0.280067,0.927447,10.0000,10.0000,10.0000,0.008453,0.008453,0.008453,0.034641,0.034641,0.034641,0.654730,0.281912,0.932700,0.048743,0.031597,0.047442,0.124890,40.959572,40.266622,-3.008785,2.003695,-1.576919,-2.986625,1.986455,-1.568191,0.119057,0.135002,0.041010
1778249489.169907,0.649259,0.280303,0.927661,10.0000,10.0000,10.0000,0.008800,0.008800,0.008800,0.034641,0.034641,0.034641,0.655077,0.282259,0.933046,0.049108,0.031492,0.047135,0.125201,41.064827,40.377177,-3.009017,2.003819,-1.576845,-2.985847,1.985666,-1.568046,0.119079,0.134982,0.041170
1778249489.179716,0.649328,0.280517,0.927909,10.0000,10.0000,10.0000,0.009146,0.009146,0.009146,0.034641,0.034641,0.034641,0.655423,0.282605,0.933393,0.049473,0.031520,0.046733,0.125442,41.184270,40.487601,-3.009195,2.003925,-1.576773,-2.985066,1.984875,-1.567900,0.119115,0.134950,0.041428
1778249489.189690,0.649360,0.280644,0.928110,10.0000,10.0000,10.0000,0.009493,0.009493,0.009493,0.034641,0.034641,0.034641,0.655769,0.282951,0.933739,0.049720,0.031764,0.046303,0.125596,41.119840,40.438726,-3.009321,2.004008,-1.576712,-2.984282,1.984081,-1.567754,0.119197,0.134878,0.041684
1778249489.199995,0.649366,0.280748,0.928309,10.0000,10.0000,10.0000,0.009839,0.009839,0.009839,0.034641,0.034641,0.034641,0.656116,0.283298,0.934085,0.049984,0.032040,0.045826,0.125688,41.308277,40.626605,-3.009414,2.004076,-1.576679,-2.983496,1.983286,-1.567607,0.119302,0.134785,0.041941
1778249489.210055,0.649342,0.280801,0.928576,10.0000,10.0000,10.0000,0.010185,0.010185,0.010185,0.034641,0.034641,0.034641,0.656462,0.283644,0.934432,0.050356,0.032511,0.045082,0.125717,41.094581,40.403254,-3.009432,2.004096,-1.576653,-2.982709,1.982489,-1.567460,0.119438,0.134665,0.042329
1778249489.219603,0.649320,0.280808,0.928795,10.0000,10.0000,10.0000,0.010532,0.010532,0.010532,0.034641,0.034641,0.034641,0.656809,0.283991,0.934778,0.050566,0.033057,0.044444,0.125678,41.051777,40.359169,-3.009422,2.004097,-1.576609,-2.981920,1.981690,-1.567313,0.119590,0.134530,0.042708
1778249489.229706,0.649308,0.280822,0.929012,10.0000,10.0000,10.0000,0.010878,0.010878,0.010878,0.034641,0.034641,0.034641,0.657155,0.284337,0.935125,0.050741,0.033561,0.043864,0.125594,41.042882,40.354001,-3.009388,2.004078,-1.576545,-2.981130,1.980891,-1.567166,0.119751,0.134387,0.042993
1778249489.239675,0.649307,0.280874,0.929266,10.0000,10.0000,10.0000,0.011225,0.011225,0.011225,0.034641,0.034641,0.034641,0.657501,0.284683,0.935471,0.050981,0.033973,0.043263,0.125497,41.049710,40.362610,-3.009337,2.004047,-1.576498,-2.980339,1.980090,-1.567019,0.119903,0.134251,0.043290
1778249489.249587,0.649324,0.280938,0.929455,10.0000,10.0000,10.0000,0.011571,0.011571,0.011571,0.034641,0.034641,0.034641,0.657848,0.285030,0.935817,0.051089,0.034282,0.042891,0.125397,41.100719,40.413712,-3.009266,2.004000,-1.576453,-2.979548,1.979289,-1.566872,0.120054,0.134115,0.043595
1778249489.259634,0.649354,0.281027,0.929631,10.0000,10.0000,10.0000,0.011918,0.011918,0.011918,0.034641,0.034641,0.034641,0.658194,0.285376,0.936164,0.051173,0.034507,0.042610,0.125305,41.096530,40.408395,-3.009173,2.003937,-1.576422,-2.978755,1.978488,-1.566725,0.120207,0.133979,0.043907
1778249489.269758,0.649391,0.281145,0.929799,10.0000,10.0000,10.0000,0.012264,0.012264,0.012264,0.034641,0.034641,0.034641,0.658541,0.285723,0.936510,0.051263,0.034638,0.042394,0.125234,41.119353,40.436253,-3.009068,2.003865,-1.576409,-2.977962,1.977686,-1.566578,0.120356,0.133845,0.044260
1778249489.279772,0.649433,0.281290,0.929963,10.0000,10.0000,10.0000,0.012610,0.012610,0.012610,0.034641,0.034641,0.034641,0.658887,0.286069,0.936857,0.051363,0.034689,0.042231,0.125190,41.097591,40.416619,-3.008949,2.003782,-1.576422,-2.977169,1.976883,-1.566430,0.120510,0.133706,0.044671
1778249489.289685,0.649493,0.281467,0.930114,10.0000,10.0000,10.0000,0.012957,0.012957,0.012957,0.034641,0.034641,0.034641,0.659234,0.286415,0.937203,0.051443,0.034660,0.042158,0.125174,41.159594,40.471208,-3.008789,2.003670,-1.576458,-2.976375,1.976080,-1.566283,0.120652,0.133578,0.045166
1778249489.299964,0.649576,0.281671,0.930256,10.0000,10.0000,10.0000,0.013303,0.013303,0.013303,0.034641,0.034641,0.034641,0.659580,0.286762,0.937550,0.051497,0.034575,0.042161,0.125185,41.127410,40.432266,-3.008661,2.003581,-1.576498,-2.975581,1.975277,-1.566136,0.120789,0.133454,0.045700
1778249489.309667,0.649707,0.281951,0.930434,10.0000,10.0000,10.0000,0.013650,0.013650,0.013650,0.034641,0.034641,0.034641,0.659926,0.287108,0.937896,0.051591,0.034374,0.042211,0.125234,41.063396,40.362475,-3.008538,2.003496,-1.576543,-2.974787,1.974474,-1.565988,0.120922,0.133334,0.046261
1778249489.319869,0.649828,0.282197,0.930573,10.0000,10.0000,10.0000,0.013996,0.013996,0.013996,0.034641,0.034641,0.034641,0.660273,0.287455,0.938242,0.051614,0.034221,0.042307,0.125296,41.050372,40.346085,-3.008383,2.003395,-1.576623,-2.973993,1.973670,-1.565841,0.121052,0.133215,0.046840
1778249489.329813,0.649963,0.282458,0.930713,10.0000,10.0000,10.0000,0.014342,0.014342,0.014342,0.034641,0.034641,0.034641,0.660619,0.287801,0.938589,0.051627,0.034050,0.042429,0.125368,41.051384,40.343725,-3.008263,2.003317,-1.576700,-2.973198,1.972866,-1.565694,0.121189,0.133091,0.047520
1778249489.339676,0.650144,0.282807,0.930885,10.0000,10.0000,10.0000,0.014689,0.014689,0.014689,0.034641,0.034641,0.034641,0.660966,0.288148,0.938935,0.051692,0.033727,0.042608,0.125475,41.058801,40.347715,-3.008145,2.003242,-1.576787,-2.972403,1.972062,-1.565546,0.121314,0.132977,0.048190
1778249489.349729,0.650297,0.283091,0.931026,10.0000,10.0000,10.0000,0.015035,0.015035,0.015035,0.034641,0.034641,0.034641,0.661312,0.288494,0.939282,0.051697,0.033524,0.042761,0.125581,40.989053,40.277158,-3.008030,2.003170,-1.576877,-2.971608,1.971258,-1.565399,0.121444,0.132858,0.048965
1778249489.360385,0.650457,0.283387,0.931167,10.0000,10.0000,10.0000,0.015382,0.015382,0.015382,0.034641,0.034641,0.034641,0.661658,0.288840,0.939628,0.051703,0.033302,0.042928,0.125688,41.006289,40.292372,-3.007897,2.003086,-1.576985,-2.970814,1.970454,-1.565252,0.121561,0.132752,0.049656
1778249489.369823,0.650672,0.283748,0.931340,10.0000,10.0000,10.0000,0.015728,0.015728,0.015728,0.034641,0.034641,0.034641,0.662005,0.289187,0.939974,0.051718,0.032995,0.043146,0.125810,41.035858,40.317620,-3.007798,2.003022,-1.577069,-2.970019,1.969649,-1.565105,0.121673,0.132649,0.050361
1778249489.379567,0.650851,0.284029,0.931478,10.0000,10.0000,10.0000,0.016074,0.016074,0.016074,0.034641,0.034641,0.034641,0.662351,0.289533,0.940321,0.051671,0.032837,0.043323,0.125915,41.015348,40.297627,-3.007704,2.002961,-1.577147,-2.969224,1.968845,-1.564958,0.121778,0.132552,0.051051
1778249489.389619,0.651006,0.284282,0.931656,10.0000,10.0000,10.0000,0.016421,0.016421,0.016421,0.034641,0.034641,0.034641,0.662698,0.289880,0.940667,0.051688,0.032758,0.043362,0.126001,40.691619,39.992189,-3.007627,2.002915,-1.577209,-2.968429,1.968040,-1.564810,0.121879,0.132459,0.051723
1778249489.399884,0.651133,0.284490,0.931866,10.0000,10.0000,10.0000,0.016767,0.016767,0.016767,0.034641,0.034641,0.034641,0.663044,0.290226,0.941014,0.051747,0.032794,0.043265,0.126061,40.587446,39.899805,-3.007555,2.002873,-1.577228,-2.967634,1.967236,-1.564663,0.121984,0.132362,0.052370
1778249489.409859,0.651269,0.284751,0.932134,10.0000,10.0000,10.0000,0.017114,0.017114,0.017114,0.034641,0.034641,0.034641,0.663390,0.290572,0.941360,0.051909,0.032751,0.043102,0.126122,40.708944,40.025035,-3.007499,2.002836,-1.577232,-2.966839,1.966431,-1.564516,0.122080,0.132274,0.052839
1778249489.419575,0.651376,0.284993,0.932336,10.0000,10.0000,10.0000,0.017460,0.017460,0.017460,0.034641,0.034641,0.034641,0.663737,0.290919,0.941706,0.052015,0.032679,0.043028,0.126184,40.770307,40.083329,-3.007441,2.002799,-1.577253,-2.966044,1.965626,-1.564369,0.122169,0.132192,0.053288
1778249489.429785,0.651492,0.285250,0.932533,10.0000,10.0000,10.0000,0.017807,0.017807,0.017807,0.034641,0.034641,0.034641,0.664083,0.291265,0.942053,0.052114,0.032576,0.042988,0.126250,40.765203,40.074919,-3.007383,2.002768,-1.577304,-2.965250,1.964821,-1.564222,0.122259,0.132109,0.053817
1778249489.439770,0.651649,0.285572,0.932777,10.0000,10.0000,10.0000,0.018153,0.018153,0.018153,0.034641,0.034641,0.034641,0.664430,0.291612,0.942399,0.052260,0.032391,0.042950,0.126335,40.772790,40.079487,-3.007347,2.002753,-1.577344,-2.964455,1.964016,-1.564075,0.122342,0.132032,0.054378
1778249489.449932,0.651784,0.285831,0.932967,10.0000,10.0000,10.0000,0.018499,0.018499,0.018499,0.034641,0.034641,0.034641,0.664776,0.291958,0.942746,0.052320,0.032300,0.042946,0.126412,40.816501,40.120855,-3.007311,2.002739,-1.577388,-2.963660,1.963211,-1.563928,0.122426,0.131954,0.054962
1778249489.459698,0.651924,0.286091,0.933151,10.0000,10.0000,10.0000,0.018846,0.018846,0.018846,0.034641,0.034641,0.034641,0.665123,0.292304,0.943092,0.052363,0.032207,0.042963,0.126482,40.873516,40.175857,-3.007285,2.002731,-1.577418,-2.962865,1.962406,-1.563782,0.122503,0.131882,0.055501
1778249489.469584,0.652106,0.286414,0.933370,10.0000,10.0000,10.0000,0.019192,0.019192,0.019192,0.034641,0.034641,0.034641,0.665469,0.292651,0.943439,0.052437,0.032031,0.043004,0.126564,40.952343,40.251979,-3.007261,2.002722,-1.577441,-2.962071,1.961601,-1.563635,0.122578,0.131813,0.056026
1778249489.479673,0.652258,0.286665,0.933538,10.0000,10.0000,10.0000,0.019539,0.019539,0.019539,0.034641,0.034641,0.034641,0.665815,0.292997,0.943785,0.052436,0.031965,0.043055,0.126631,41.000826,40.299513,-3.007238,2.002710,-1.577457,-2.961276,1.960796,-1.563488,0.122649,0.131747,0.056533
1778249489.489769,0.652411,0.286905,0.933701,10.0000,10.0000,10.0000,0.019885,0.019885,0.019885,0.034641,0.034641,0.034641,0.666162,0.293344,0.944131,0.052419,0.031920,0.043110,0.126684,41.049965,40.348591,-3.007211,2.002695,-1.577464,-2.960481,1.959991,-1.563341,0.122717,0.131684,0.057015
1778249489.499679,0.652562,0.287138,0.933860,10.0000,10.0000,10.0000,0.019885,0.019885,0.019885,0.034641,0.034641,0.034641,0.666162,0.293344,0.944131,0.052419,0.031920,0.043110,0.126684,41.049965,40.348591,-3.007172,2.002668,-1.577466,-2.959686,1.959185,-1.563195,0.122784,0.131621,0.057474
1778249489.509585,0.652748,0.287419,0.934056,10.0000,10.0000,10.0000,0.020578,0.020578,0.020578,0.034641,0.034641,0.034641,0.666855,0.294037,0.944824,0.052398,0.031805,0.043219,0.126769,41.142846,40.443640,-3.007137,2.002640,-1.577464,-2.958892,1.958380,-1.563048,0.122846,0.131563,0.057913
1778249489.519678,0.652894,0.287635,0.934210,10.0000,10.0000,10.0000,0.020924,0.020924,0.020924,0.034641,0.034641,0.034641,0.667201,0.294383,0.945171,0.052363,0.031806,0.043261,0.126799,41.167131,40.468907,-3.007095,2.002607,-1.577458,-2.958097,1.957575,-1.562902,0.122906,0.131507,0.058342
1778249489.529877,0.653036,0.287846,0.934364,10.0000,10.0000,10.0000,0.021271,0.021271,0.021271,0.034641,0.034641,0.034641,0.667547,0.294729,0.945517,0.052328,0.031816,0.043297,0.126818,41.192329,40.495201,-3.007035,2.002555,-1.577447,-2.957302,1.956770,-1.562755,0.122966,0.131451,0.058752
1778249489.539708,0.653208,0.288102,0.934555,10.0000,10.0000,10.0000,0.021617,0.021617,0.021617,0.034641,0.034641,0.034641,0.667894,0.295076,0.945863,0.052326,0.031776,0.043327,0.126841,41.219014,40.523312,-3.006979,2.002507,-1.577436,-2.956508,1.955964,-1.562609,0.123022,0.131399,0.059160
1778249489.549772,0.653342,0.288302,0.934707,10.0000,10.0000,10.0000,0.021963,0.021963,0.021963,0.034641,0.034641,0.034641,0.668240,0.295422,0.946210,0.052295,0.031801,0.043347,0.126853,41.248558,40.555532,-3.006900,2.002436,-1.577423,-2.955713,1.955159,-1.562462,0.123077,0.131347,0.059562
1778249489.560027,0.653464,0.288495,0.934858,10.0000,10.0000,10.0000,0.021963,0.021963,0.021963,0.034641,0.034641,0.034641,0.668240,0.295422,0.946210,0.052295,0.031801,0.043347,0.126853,41.248558,40.555532,-3.006820,2.002367,-1.577419,-2.954918,1.954354,-1.562316,0.123131,0.131296,0.059956
1778249489.569775,0.653606,0.288725,0.935052,10.0000,10.0000,10.0000,0.022656,0.022656,0.022656,0.034641,0.034641,0.034641,0.668933,0.296115,0.946903,0.052295,0.031823,0.043330,0.126870,41.274525,40.588204,-3.006730,2.002288,-1.577416,-2.954124,1.953548,-1.562170,0.123185,0.131246,0.060380
1778249489.579726,0.653714,0.288905,0.935208,10.0000,10.0000,10.0000,0.023003,0.023003,0.023003,0.034641,0.034641,0.034641,0.669279,0.296461,0.947249,0.052286,0.031873,0.043304,0.126873,41.291757,40.606688,-3.006630,2.002200,-1.577416,-2.953329,1.952743,-1.562023,0.123238,0.131196,0.060805
1778249489.589930,0.653819,0.289082,0.935364,10.0000,10.0000,10.0000,0.023003,0.023003,0.023003,0.034641,0.034641,0.034641,0.669279,0.296461,0.947249,0.052286,0.031873,0.043304,0.126873,41.291757,40.606688,-3.006491,2.002078,-1.577419,-2.952534,1.951938,-1.561877,0.123290,0.131147,0.061243
1778249489.599665,0.653949,0.289303,0.935562,10.0000,10.0000,10.0000,0.023695,0.023695,0.023695,0.034641,0.034641,0.034641,0.669972,0.297154,0.947942,0.052316,0.031930,0.043226,0.126874,41.281791,40.598310,-3.006371,2.001972,-1.577423,-2.951740,1.951133,-1.561731,0.123341,0.131099,0.061685
1778249489.609724,0.654053,0.289481,0.935721,10.0000,10.0000,10.0000,0.024042,0.024042,0.024042,0.034641,0.034641,0.034641,0.670319,0.297501,0.948288,0.052314,0.031979,0.043192,0.126873,41.267088,40.583446,-3.006245,2.001860,-1.577428,-2.950945,1.950327,-1.561585,0.123391,0.131052,0.062132
1778249489.619704,0.654159,0.289662,0.935882,10.0000,10.0000,10.0000,0.024388,0.024388,0.024388,0.034641,0.034641,0.034641,0.670665,0.297847,0.948635,0.052313,0.032024,0.043160,0.126869,41.249998,40.565728,-3.006116,2.001745,-1.577434,-2.950150,1.949522,-1.561439,0.123440,0.131006,0.062583
1778249489.629822,0.654268,0.289846,0.936044,10.0000,10.0000,10.0000,0.024735,0.024735,0.024735,0.034641,0.034641,0.034641,0.671011,0.298193,0.948981,0.052312,0.032063,0.043132,0.126865,41.235195,40.550222,-3.005950,2.001597,-1.577440,-2.949356,1.948717,-1.561293,0.123489,0.130960,0.063038
1778249489.639978,0.654376,0.290042,0.936207,10.0000,10.0000,10.0000,0.025081,0.025081,0.025081,0.034641,0.034641,0.034641,0.671358,0.298540,0.949327,0.052322,0.032081,0.043108,0.126863,41.227451,40.544249,-3.005817,2.001477,-1.577444,-2.948561,1.947911,-1.561146,0.123536,0.130916,0.063487
1778249489.649622,0.654512,0.290302,0.936414,10.0000,10.0000,10.0000,0.025428,0.025428,0.025428,0.034641,0.034641,0.034641,0.671704,0.298886,0.949674,0.052383,0.032018,0.043079,0.126879,41.205953,40.521964,-3.005685,2.001357,-1.577446,-2.947766,1.947106,-1.561000,0.123581,0.130873,0.063934
1778249489.659669,0.654627,0.290516,0.936580,10.0000,10.0000,10.0000,0.025774,0.025774,0.025774,0.034641,0.034641,0.034641,0.672051,0.299233,0.950020,0.052398,0.032006,0.043070,0.126896,41.195387,40.509127,-3.005556,2.001238,-1.577447,-2.946972,1.946301,-1.560854,0.123625,0.130832,0.064374
1778249489.669699,0.654751,0.290733,0.936744,10.0000,10.0000,10.0000,0.026120,0.026120,0.026120,0.034641,0.034641,0.034641,0.672397,0.299579,0.950367,0.052404,0.031993,0.043072,0.126912,41.188432,40.499763,-3.005398,2.001093,-1.577447,-2.946177,1.945496,-1.560708,0.123668,0.130791,0.064812
1778249489.679802,0.654913,0.291013,0.936951,10.0000,10.0000,10.0000,0.026467,0.026467,0.026467,0.034641,0.034641,0.034641,0.672744,0.299925,0.950713,0.052447,0.031914,0.043079,0.126942,41.173489,40.484893,-3.005275,2.000980,-1.577449,-2.945382,1.944690,-1.560563,0.123709,0.130752,0.065247
1778249489.689736,0.655039,0.291239,0.937121,10.0000,10.0000,10.0000,0.026813,0.026813,0.026813,0.034641,0.034641,0.034641,0.673090,0.300272,0.951060,0.052460,0.031891,0.043080,0.126968,41.149519,40.463696,-3.005155,2.000869,-1.577456,-2.944588,1.943885,-1.560417,0.123748,0.130715,0.065687
1778249489.699788,0.655162,0.291462,0.937295,10.0000,10.0000,10.0000,0.027160,0.027160,0.027160,0.034641,0.034641,0.034641,0.673436,0.300618,0.951406,0.052479,0.031874,0.043070,0.126993,41.143493,40.459855,-3.005035,2.000759,-1.577463,-2.943793,1.943080,-1.560271,0.123788,0.130677,0.066146
1778249489.709722,0.655283,0.291683,0.937470,10.0000,10.0000,10.0000,0.027506,0.027506,0.027506,0.034641,0.034641,0.034641,0.673783,0.300965,0.951752,0.052499,0.031860,0.043056,0.127016,41.163268,40.480026,-3.004884,2.000621,-1.577471,-2.942998,1.942274,-1.560125,0.123826,0.130641,0.066601
1778249489.719757,0.655405,0.291903,0.937643,10.0000,10.0000,10.0000,0.027852,0.027852,0.027852,0.034641,0.034641,0.034641,0.674129,0.301311,0.952099,0.052514,0.031849,0.043045,0.127038,41.188182,40.504721,-3.004762,2.000507,-1.577477,-2.942204,1.941469,-1.559979,0.123864,0.130606,0.067054
1778249489.729681,0.655559,0.292176,0.937856,10.0000,10.0000,10.0000,0.028199,0.028199,0.028199,0.034641,0.034641,0.034641,0.674476,0.301658,0.952445,0.052565,0.031783,0.043032,0.127069,41.211813,40.528193,-3.004638,2.000393,-1.577482,-2.941409,1.940664,-1.559833,0.123900,0.130571,0.067505
1778249489.739757,0.655683,0.292395,0.938025,10.0000,10.0000,10.0000,0.028545,0.028545,0.028545,0.034641,0.034641,0.034641,0.674822,0.302004,0.952792,0.052573,0.031774,0.043030,0.127094,41.234223,40.550370,-3.004482,2.000247,-1.577489,-2.940614,1.939858,-1.559688,0.123936,0.130537,0.067955
1778249489.749818,0.655841,0.292670,0.938230,10.0000,10.0000,10.0000,0.028892,0.028892,0.028892,0.034641,0.034641,0.034641,0.675168,0.302350,0.953138,0.052611,0.031705,0.043033,0.127127,41.281719,40.596510,-3.004354,2.000128,-1.577494,-2.939820,1.939053,-1.559542,0.123971,0.130504,0.068408
1778249489.759663,0.655970,0.292891,0.938391,10.0000,10.0000,10.0000,0.029238,0.029238,0.029238,0.034641,0.034641,0.034641,0.675515,0.302697,0.953484,0.052609,0.031690,0.043047,0.127155,41.300134,40.614454,-3.004225,2.000007,-1.577498,-2.939025,1.938248,-1.559396,0.124005,0.130471,0.068855
1778249489.770217,0.656099,0.293112,0.938552,10.0000,10.0000,10.0000,0.029238,0.029238,0.029238,0.034641,0.034641,0.034641,0.675515,0.302697,0.953484,0.052609,0.031690,0.043047,0.127155,41.300134,40.614454,-3.004062,1.999854,-1.577504,-2.938230,1.937442,-1.559251,0.124039,0.130439,0.069305
1778249489.779690,0.656260,0.293386,0.938754,10.0000,10.0000,10.0000,0.029931,0.029931,0.029931,0.034641,0.034641,0.034641,0.676208,0.303390,0.954177,0.052637,0.031612,0.043071,0.127208,41.305397,40.621039,-3.003930,1.999730,-1.577508,-2.937436,1.936637,-1.559105,0.124072,0.130408,0.069752
1778249489.789980,0.656387,0.293604,0.938916,10.0000,10.0000,10.0000,0.030277,0.030277,0.030277,0.034641,0.034641,0.034641,0.676554,0.303736,0.954524,0.052634,0.031605,0.043079,0.127233,41.310230,40.626754,-3.003796,1.999603,-1.577512,-2.936641,1.935832,-1.558960,0.124104,0.130378,0.070197
1778249489.799657,0.656514,0.293821,0.939079,10.0000,10.0000,10.0000,0.030624,0.030624,0.030624,0.034641,0.034641,0.034641,0.676900,0.304082,0.954870,0.052633,0.031599,0.043085,0.127253,41.317548,40.634539,-3.003626,1.999443,-1.577518,-2.935847,1.935026,-1.558814,0.124135,0.130347,0.070645
1778249489.809738,0.656672,0.294088,0.939283,10.0000,10.0000,10.0000,0.030970,0.030970,0.030970,0.034641,0.034641,0.034641,0.677247,0.304429,0.955216,0.052664,0.031546,0.043086,0.127280,41.325970,40.643640,-3.003487,1.999312,-1.577521,-2.935052,1.934221,-1.558669,0.124166,0.130318,0.071091
1778249489.819744,0.656796,0.294303,0.939447,10.0000,10.0000,10.0000,0.031317,0.031317,0.031317,0.034641,0.034641,0.034641,0.677593,0.304775,0.955563,0.052663,0.031544,0.043088,0.127301,41.333979,40.652290,-3.003347,1.999178,-1.577527,-2.934257,1.933416,-1.558523,0.124196,0.130289,0.071537
1778249489.829790,0.656920,0.294515,0.939611,10.0000,10.0000,10.0000,0.031663,0.031663,0.031663,0.034641,0.034641,0.034641,0.677940,0.305122,0.955909,0.052662,0.031545,0.043089,0.127318,41.341109,40.659764,-3.003168,1.999008,-1.577533,-2.933463,1.932610,-1.558378,0.124225,0.130262,0.071986
1778249489.839719,0.657075,0.294779,0.939815,10.0000,10.0000,10.0000,0.032009,0.032009,0.032009,0.034641,0.034641,0.034641,0.678286,0.305468,0.956256,0.052694,0.031499,0.043083,0.127342,41.348728,40.668350,-3.003022,1.998869,-1.577537,-2.932668,1.931805,-1.558233,0.124254,0.130234,0.072432
1778249489.849717,0.657197,0.294990,0.939980,10.0000,10.0000,10.0000,0.032356,0.032356,0.032356,0.034641,0.034641,0.034641,0.678633,0.305814,0.956602,0.052694,0.031502,0.043081,0.127361,41.355945,40.676009,-3.002874,1.998728,-1.577543,-2.931873,1.931000,-1.558087,0.124282,0.130207,0.072877
1778249489.859715,0.657319,0.295199,0.940144,10.0000,10.0000,10.0000,0.032702,0.032702,0.032702,0.034641,0.034641,0.034641,0.678979,0.306161,0.956949,0.052693,0.031508,0.043078,0.127376,41.362257,40.682773,-3.002685,1.998547,-1.577550,-2.931079,1.930194,-1.557942,0.124310,0.130181,0.073331
1778249489.869628,0.657441,0.295408,0.940308,10.0000,10.0000,10.0000,0.033049,0.033049,0.033049,0.034641,0.034641,0.034641,0.679325,0.306507,0.957295,0.052693,0.031513,0.043074,0.127388,41.368641,40.689519,-3.002531,1.998400,-1.577556,-2.930284,1.929389,-1.557797,0.124336,0.130155,0.073778
1778249489.879751,0.657592,0.295668,0.940514,10.0000,10.0000,10.0000,0.033395,0.033395,0.033395,0.034641,0.034641,0.034641,0.679672,0.306854,0.957641,0.052725,0.031473,0.043064,0.127408,41.376018,40.697426,-3.002375,1.998250,-1.577562,-2.929490,1.928584,-1.557652,0.124363,0.130130,0.074228
1778249489.889789,0.657713,0.295877,0.940679,10.0000,10.0000,10.0000,0.033741,0.033741,0.033741,0.034641,0.034641,0.034641,0.680018,0.307200,0.957988,0.052726,0.031480,0.043058,0.127424,41.382366,40.703988,-3.002217,1.998098,-1.577570,-2.928695,1.927778,-1.557507,0.124388,0.130106,0.074678
1778249489.899592,0.657833,0.296083,0.940844,10.0000,10.0000,10.0000,0.034088,0.034088,0.034088,0.034641,0.034641,0.034641,0.680365,0.307547,0.958334,0.052725,0.031490,0.043052,0.127436,41.387394,40.709374,-3.002055,1.997943,-1.577576,-2.927901,1.926973,-1.557362,0.124413,0.130082,0.075132
1778249489.909669,0.657953,0.296290,0.941009,10.0000,10.0000,10.0000,0.034434,0.034434,0.034434,0.034641,0.034641,0.034641,0.680711,0.307893,0.958681,0.052725,0.031498,0.043046,0.127447,41.392990,40.715515,-3.001851,1.997746,-1.577586,-2.927106,1.926167,-1.557217,0.124438,0.130058,0.075588
1778249489.919752,0.658103,0.296548,0.941216,10.0000,10.0000,10.0000,0.034781,0.034781,0.034781,0.034641,0.034641,0.034641,0.681057,0.308239,0.959027,0.052757,0.031461,0.043033,0.127465,41.400393,40.723172,-3.001684,1.997586,-1.577595,-2.926311,1.925362,-1.557072,0.124462,0.130035,0.076045
1778249489.929722,0.658224,0.296752,0.941380,10.0000,10.0000,10.0000,0.035127,0.035127,0.035127,0.034641,0.034641,0.034641,0.681404,0.308586,0.959373,0.052754,0.031475,0.043027,0.127478,41.417115,40.739594,-3.001515,1.997423,-1.577602,-2.925517,1.924557,-1.556927,0.124486,0.130012,0.076502
1778249489.939526,0.658346,0.296953,0.941543,10.0000,10.0000,10.0000,0.035473,0.035473,0.035473,0.034641,0.034641,0.034641,0.681750,0.308932,0.959720,0.052748,0.031493,0.043022,0.127487,41.431069,40.753590,-3.001342,1.997256,-1.577609,-2.924722,1.923751,-1.556782,0.124509,0.129990,0.076960
1778249489.949660,0.658467,0.297149,0.941706,10.0000,10.0000,10.0000,0.035820,0.035820,0.035820,0.034641,0.034641,0.034641,0.682097,0.309279,0.960066,0.052739,0.031516,0.043015,0.127493,41.433009,40.756007,-3.001165,1.997085,-1.577615,-2.923928,1.922946,-1.556637,0.124532,0.129968,0.077411
1778249489.960050,0.658587,0.297343,0.941870,10.0000,10.0000,10.0000,0.036166,0.036166,0.036166,0.034641,0.034641,0.034641,0.682443,0.309625,0.960413,0.052732,0.031543,0.043004,0.127496,41.434093,40.758364,-3.000939,1.996866,-1.577620,-2.923133,1.922140,-1.556492,0.124555,0.129946,0.077856
1778249489.969669,0.658702,0.297535,0.942040,10.0000,10.0000,10.0000,0.036513,0.036513,0.036513,0.034641,0.034641,0.034641,0.682789,0.309971,0.960759,0.052732,0.031573,0.042983,0.127497,41.381805,40.709339,-3.000756,1.996689,-1.577624,-2.922339,1.921335,-1.556347,0.124578,0.129924,0.078300
1778249489.979718,0.658812,0.297721,0.942217,10.0000,10.0000,10.0000,0.036859,0.036859,0.036859,0.034641,0.034641,0.034641,0.683136,0.310318,0.961105,0.052738,0.031611,0.042947,0.127496,41.355336,40.684422,-3.000573,1.996513,-1.577625,-2.921544,1.920530,-1.556202,0.124601,0.129903,0.078743
1778249489.989751,0.658952,0.297958,0.942437,10.0000,10.0000,10.0000,0.037205,0.037205,0.037205,0.034641,0.034641,0.034641,0.683482,0.310664,0.961452,0.052777,0.031608,0.042902,0.127503,41.379240,40.707207,-3.000389,1.996335,-1.577626,-2.920750,1.919724,-1.556058,0.124623,0.129881,0.079177
1778249489.999734,0.659067,0.298151,0.942610,10.0000,10.0000,10.0000,0.037552,0.037552,0.037552,0.034641,0.034641,0.034641,0.683829,0.311011,0.961798,0.052779,0.031635,0.042879,0.127507,41.401840,40.728364,-3.000203,1.996155,-1.577626,-2.919955,1.918919,-1.555913,0.124645,0.129860,0.079612
1778249490.009685,0.659186,0.298349,0.942780,10.0000,10.0000,10.0000,0.037552,0.037552,0.037552,0.034641,0.034641,0.034641,0.683829,0.311011,0.961798,0.052779,0.031635,0.042879,0.127507,41.401840,40.728364,-2.999969,1.995928,-1.577626,-2.919160,1.918113,-1.555768,0.124667,0.129839,0.080042
1778249490.019683,0.659339,0.298600,0.942992,10.0000,10.0000,10.0000,0.038245,0.038245,0.038245,0.034641,0.034641,0.034641,0.684521,0.311703,0.962491,0.052806,0.031637,0.042845,0.127520,41.416617,40.741681,-2.999781,1.995747,-1.577624,-2.918366,1.917308,-1.555624,0.124689,0.129818,0.080471
1778249490.029752,0.659463,0.298803,0.943162,10.0000,10.0000,10.0000,0.038591,0.038591,0.038591,0.034641,0.034641,0.034641,0.684868,0.312050,0.962837,0.052803,0.031653,0.042836,0.127527,41.419661,40.744503,-2.999592,1.995566,-1.577622,-2.917571,1.916502,-1.555479,0.124711,0.129797,0.080897
1778249490.039508,0.659590,0.299009,0.943329,10.0000,10.0000,10.0000,0.038938,0.038938,0.038938,0.034641,0.034641,0.034641,0.685214,0.312396,0.963184,0.052798,0.031665,0.042834,0.127534,41.485174,40.807391,-2.999404,1.995385,-1.577618,-2.916777,1.915697,-1.555334,0.124733,0.129776,0.081319
1778249490.049678,0.659731,0.299235,0.943474,10.0000,10.0000,10.0000,0.039284,0.039284,0.039284,0.034641,0.034641,0.034641,0.685561,0.312743,0.963530,0.052775,0.031646,0.042875,0.127543,41.618050,40.931311,-2.999168,1.995157,-1.577616,-2.915982,1.914892,-1.555190,0.124755,0.129754,0.081736
1778249490.059760,0.659932,0.299534,0.943643,10.0000,10.0000,10.0000,0.039630,0.039630,0.039630,0.034641,0.034641,0.034641,0.685907,0.313089,0.963877,0.052754,0.031567,0.042959,0.127562,41.610538,40.915657,-2.998987,1.994983,-1.577614,-2.915188,1.914086,-1.555045,0.124777,0.129734,0.082164
1778249490.069677,0.660107,0.299780,0.943780,10.0000,10.0000,10.0000,0.039977,0.039977,0.039977,0.034641,0.034641,0.034641,0.686254,0.313435,0.964223,0.052707,0.031535,0.043041,0.127579,41.572064,40.874452,-2.998818,1.994821,-1.577610,-2.914393,1.913281,-1.554901,0.124798,0.129713,0.082587
1778249490.079624,0.660285,0.300040,0.943920,10.0000,10.0000,10.0000,0.040323,0.040323,0.040323,0.034641,0.034641,0.034641,0.686600,0.313782,0.964570,0.052668,0.031488,0.043123,0.127597,41.547581,40.851039,-2.998660,1.994672,-1.577607,-2.913599,1.912475,-1.554756,0.124820,0.129692,0.083002
1778249490.090174,0.660452,0.300318,0.944068,10.0000,10.0000,10.0000,0.040670,0.040670,0.040670,0.034641,0.034641,0.034641,0.686946,0.314128,0.964916,0.052652,0.031413,0.043197,0.127621,41.523480,40.829863,-2.998478,1.994502,-1.577605,-2.912804,1.911670,-1.554612,0.124842,0.129670,0.083422
1778249490.099752,0.660640,0.300701,0.944264,10.0000,10.0000,10.0000,0.041016,0.041016,0.041016,0.034641,0.034641,0.034641,0.687293,0.314475,0.965262,0.052703,0.031224,0.043272,0.127670,41.510626,40.818091,-2.998345,1.994380,-1.577606,-2.912010,1.910864,-1.554468,0.124865,0.129648,0.083848
1778249490.109770,0.660772,0.301043,0.944429,10.0000,10.0000,10.0000,0.041362,0.041362,0.041362,0.034641,0.034641,0.034641,0.687639,0.314821,0.965609,0.052759,0.031053,0.043327,0.127732,41.523991,40.828541,-2.998222,1.994268,-1.577610,-2.911215,1.910059,-1.554323,0.124889,0.129625,0.084284
1778249490.119893,0.660889,0.301417,0.944596,10.0000,10.0000,10.0000,0.041709,0.041709,0.041709,0.034641,0.034641,0.034641,0.687986,0.315168,0.965955,0.052842,0.030835,0.043381,0.127811,41.583083,40.882103,-2.998082,1.994137,-1.577618,-2.910421,1.909253,-1.554179,0.124911,0.129604,0.084727
1778249490.129709,0.661061,0.301864,0.944774,10.0000,10.0000,10.0000,0.042055,0.042055,0.042055,0.034641,0.034641,0.034641,0.688332,0.315514,0.966302,0.052921,0.030549,0.043487,0.127910,41.761864,41.060294,-2.997978,1.994033,-1.577615,-2.909626,1.908448,-1.554035,0.124931,0.129585,0.085176
1778249490.139595,0.661237,0.302172,0.944905,10.0000,10.0000,10.0000,0.042402,0.042402,0.042402,0.034641,0.034641,0.034641,0.688678,0.315860,0.966648,0.052899,0.030438,0.043592,0.127991,41.731971,41.028840,-2.997880,1.993931,-1.577601,-2.908832,1.907643,-1.553891,0.124947,0.129570,0.085594
1778249490.149597,0.661433,0.302452,0.945033,10.0000,10.0000,10.0000,0.042748,0.042748,0.042748,0.034641,0.034641,0.034641,0.689025,0.316207,0.966994,0.052846,0.030374,0.043701,0.128052,41.743798,41.038718,-2.997786,1.993834,-1.577585,-2.908037,1.906837,-1.553746,0.124961,0.129556,0.085967
1778249490.159723,0.661632,0.302720,0.945162,10.0000,10.0000,10.0000,0.043094,0.043094,0.043094,0.034641,0.034641,0.034641,0.689371,0.316553,0.967341,0.052785,0.030329,0.043806,0.128097,41.740841,41.037983,-2.997669,1.993717,-1.577568,-2.907243,1.906032,-1.553602,0.124978,0.129540,0.086349
1778249490.170066,0.661822,0.302982,0.945297,10.0000,10.0000,10.0000,0.043441,0.043441,0.043441,0.034641,0.034641,0.034641,0.689718,0.316900,0.967687,0.052733,0.030291,0.043894,0.128131,41.729181,41.031741,-2.997576,1.993626,-1.577555,-2.906448,1.905226,-1.553458,0.124995,0.129524,0.086736
1778249490.179628,0.662038,0.303305,0.945474,10.0000,10.0000,10.0000,0.043787,0.043787,0.043787,0.034641,0.034641,0.034641,0.690064,0.317246,0.968034,0.052716,0.030199,0.043977,0.128167,41.726110,41.036107,-2.997484,1.993536,-1.577542,-2.905653,1.904421,-1.553314,0.125013,0.129506,0.087124
1778249490.189634,0.662197,0.303561,0.945621,10.0000,10.0000,10.0000,0.044134,0.044134,0.044134,0.034641,0.034641,0.034641,0.690410,0.317592,0.968380,0.052696,0.030160,0.044029,0.128198,41.735337,41.048585,-2.997391,1.993446,-1.577528,-2.904859,1.903615,-1.553170,0.125031,0.129488,0.087511
1778249490.199595,0.662351,0.303810,0.945769,10.0000,10.0000,10.0000,0.044480,0.044480,0.044480,0.034641,0.034641,0.034641,0.690757,0.317939,0.968726,0.052677,0.030129,0.044072,0.128224,41.756433,41.070189,-2.997298,1.993355,-1.577514,-2.904064,1.902810,-1.553026,0.125050,0.129471,0.087886
1778249490.209926,0.662516,0.304033,0.945913,10.0000,10.0000,10.0000,0.044827,0.044827,0.044827,0.034641,0.034641,0.034641,0.691103,0.318285,0.969073,0.052636,0.030136,0.044117,0.128240,41.766803,41.075586,-2.997184,1.993240,-1.577490,-2.903270,1.902005,-1.552883,0.125067,0.129454,0.088266
1778249490.219712,0.662749,0.304270,0.946086,10.0000,10.0000,10.0000,0.045173,0.045173,0.045173,0.034641,0.034641,0.034641,0.691450,0.318632,0.969419,0.052566,0.030166,0.044180,0.128245,41.782328,41.080007,-2.997092,1.993147,-1.577471,-2.902475,1.901199,-1.552739,0.125083,0.129439,0.088635
1778249490.229573,0.662950,0.304434,0.946221,10.0000,10.0000,10.0000,0.045519,0.045519,0.045519,0.034641,0.034641,0.034641,0.691796,0.318978,0.969766,0.052465,0.030262,0.044234,0.128232,41.793223,41.086675,-2.996997,1.993053,-1.577450,-2.901681,1.900394,-1.552595,0.125099,0.129423,0.089002
1778249490.239866,0.663145,0.304596,0.946357,10.0000,10.0000,10.0000,0.045866,0.045866,0.045866,0.034641,0.034641,0.034641,0.692143,0.319324,0.970112,0.052369,0.030357,0.044282,0.128206,41.815881,41.118115,-2.996872,1.992935,-1.577430,-2.900886,1.899589,-1.552451,0.125116,0.129406,0.089352
1778249490.249778,0.663308,0.304784,0.946499,10.0000,10.0000,10.0000,0.046212,0.046212,0.046212,0.034641,0.034641,0.034641,0.692489,0.319671,0.970459,0.052316,0.030406,0.044312,0.128183,41.830888,41.147540,-2.996769,1.992839,-1.577421,-2.900091,1.898783,-1.552308,0.125135,0.129388,0.089732
1778249490.259671,0.663468,0.305050,0.946690,10.0000,10.0000,10.0000,0.046559,0.046559,0.046559,0.034641,0.034641,0.034641,0.692835,0.320017,0.970805,0.052329,0.030371,0.044320,0.128176,41.829891,41.158003,-2.996662,1.992740,-1.577416,-2.899297,1.897978,-1.552164,0.125154,0.129370,0.090135
1778249490.269658,0.663581,0.305270,0.946846,10.0000,10.0000,10.0000,0.046905,0.046905,0.046905,0.034641,0.034641,0.034641,0.693182,0.320364,0.971151,0.052338,0.030362,0.044315,0.128177,41.853528,41.182087,-2.996552,1.992634,-1.577410,-2.898502,1.897173,-1.552020,0.125172,0.129352,0.090545
1778249490.279697,0.663697,0.305479,0.947002,10.0000,10.0000,10.0000,0.046905,0.046905,0.046905,0.034641,0.034641,0.034641,0.693182,0.320364,0.971151,0.052338,0.030362,0.044315,0.128177,41.853528,41.182087,-2.996411,1.992496,-1.577399,-2.897707,1.896367,-1.551877,0.125188,0.129336,0.090951
1778249490.290010,0.663820,0.305681,0.947157,10.0000,10.0000,10.0000,0.047598,0.047598,0.047598,0.034641,0.034641,0.034641,0.693875,0.321057,0.971844,0.052331,0.030385,0.044308,0.128182,41.848468,41.173003,-2.996296,1.992385,-1.577388,-2.896913,1.895562,-1.551733,0.125204,0.129321,0.091350
1778249490.299839,0.663978,0.305937,0.947350,10.0000,10.0000,10.0000,0.047944,0.047944,0.047944,0.034641,0.034641,0.034641,0.694221,0.321403,0.972191,0.052343,0.030364,0.044308,0.128190,41.851120,41.174870,-2.996181,1.992273,-1.577379,-2.896118,1.894757,-1.551590,0.125219,0.129306,0.091747
1778249490.309787,0.664104,0.306145,0.947506,10.0000,10.0000,10.0000,0.048291,0.048291,0.048291,0.034641,0.034641,0.034641,0.694567,0.321749,0.972537,0.052337,0.030375,0.044308,0.128197,41.841939,41.166164,-2.996065,1.992160,-1.577369,-2.895323,1.893951,-1.551446,0.125235,0.129291,0.092139
1778249490.320001,0.664229,0.306356,0.947664,10.0000,10.0000,10.0000,0.048637,0.048637,0.048637,0.034641,0.034641,0.034641,0.694914,0.322096,0.972883,0.052333,0.030385,0.044307,0.128203,41.830328,41.154879,-2.995920,1.992020,-1.577360,-2.894529,1.893146,-1.551303,0.125250,0.129276,0.092540
1778249490.329750,0.664355,0.306567,0.947824,10.0000,10.0000,10.0000,0.048983,0.048983,0.048983,0.034641,0.034641,0.034641,0.695260,0.322442,0.973230,0.052330,0.030394,0.044303,0.128209,41.821252,41.146365,-2.995805,1.991908,-1.577353,-2.893734,1.892341,-1.551159,0.125265,0.129262,0.092943
1778249490.340050,0.664477,0.306773,0.947992,10.0000,10.0000,10.0000,0.049330,0.049330,0.049330,0.034641,0.034641,0.034641,0.695607,0.322789,0.973576,0.052333,0.030409,0.044289,0.128214,41.754895,41.083563,-2.995693,1.991799,-1.577347,-2.892939,1.891536,-1.551016,0.125280,0.129248,0.093350
1778249490.349640,0.664624,0.307024,0.948210,10.0000,10.0000,10.0000,0.049676,0.049676,0.049676,0.034641,0.034641,0.034641,0.695953,0.323135,0.973923,0.052365,0.030399,0.044258,0.128225,41.738768,41.069316,-2.995582,1.991691,-1.577341,-2.892145,1.890730,-1.550873,0.125294,0.129234,0.093760
1778249490.359686,0.664742,0.307227,0.948384,10.0000,10.0000,10.0000,0.050023,0.050023,0.050023,0.034641,0.034641,0.034641,0.696299,0.323481,0.974269,0.052373,0.030418,0.044235,0.128233,41.762986,41.092483,-2.995471,1.991583,-1.577337,-2.891350,1.890139,-1.550729,0.112502,0.140511,0.094170
1778249490.369720,0.664853,0.307440,0.948558,10.0000,10.0000,10.0000,0.050369,0.050369,0.050369,0.034641,0.034641,0.034641,0.696646,0.323828,0.974615,0.052390,0.030424,0.044211,0.128242,41.758974,41.094178,-2.995363,1.991473,-1.577342,-2.890555,1.890139,-1.550586,0.112052,0.140870,0.094582
1778249490.379578,0.664947,0.307652,0.948739,10.0000,10.0000,10.0000,0.050715,0.050715,0.050715,0.034641,0.034641,0.034641,0.696992,0.324174,0.974962,0.052423,0.030425,0.044172,0.128254,41.739933,41.081911,-2.995227,1.991326,-1.577373,-2.890106,1.890139,-1.550443,0.123986,0.130489,0.095041
1778249490.389722,0.665036,0.307847,0.948926,10.0000,10.0000,10.0000,0.051062,0.051062,0.051062,0.034641,0.034641,0.034641,0.697339,0.324521,0.975308,0.052455,0.030448,0.044118,0.128265,41.740731,41.080890,-2.995110,1.991203,-1.577386,-2.890106,1.890139,-1.550299,0.123974,0.130501,0.095543
1778249490.399711,0.665169,0.308076,0.949154,10.0000,10.0000,10.0000,0.051408,0.051408,0.051408,0.034641,0.034641,0.034641,0.697685,0.324867,0.975655,0.052493,0.030460,0.044064,0.128277,41.752968,41.085272,-2.994990,1.991088,-1.577381,-2.890106,1.890139,-1.550156,0.123966,0.130508,0.096010
1778249490.409710,0.665291,0.308268,0.949327,10.0000,10.0000,10.0000,0.051755,0.051755,0.051755,0.034641,0.034641,0.034641,0.698031,0.325213,0.976001,0.052492,0.030493,0.044043,0.128284,41.796564,41.123662,-2.994876,1.990979,-1.577373,-2.890106,1.890139,-1.550013,0.123967,0.130507,0.096415
1778249490.419679,0.665423,0.308471,0.949493,10.0000,10.0000,10.0000,0.052101,0.052101,0.052101,0.034641,0.034641,0.034641,0.698378,0.325560,0.976347,0.052484,0.030515,0.044036,0.128288,41.824803,41.149359,-2.994737,1.990847,-1.577364,-2.890106,1.890139,-1.549870,0.123969,0.130506,0.096818
1778249490.429582,0.665592,0.308734,0.949698,10.0000,10.0000,10.0000,0.052448,0.052448,0.052448,0.034641,0.034641,0.034641,0.698724,0.325906,0.976694,0.052496,0.030494,0.044037,0.128297,41.835897,41.160428,-2.994630,1.990744,-1.577357,-2.890106,1.890139,-1.549727,0.123970,0.130504,0.097221
1778249490.439663,0.665693,0.308895,0.949821,10.0000,10.0000,10.0000,0.052794,0.052794,0.052794,0.034641,0.034641,0.034641,0.699071,0.326253,0.977040,0.052470,0.030537,0.044038,0.128299,41.839758,41.164839,-2.994525,1.990644,-1.577352,-2.890106,1.890139,-1.549584,0.123972,0.130503,0.097625
1778249490.449641,0.665860,0.309162,0.950026,10.0000,10.0000,10.0000,0.053140,0.053140,0.053140,0.034641,0.034641,0.034641,0.699417,0.326599,0.977387,0.052485,0.030512,0.044038,0.128307,41.852246,41.178543,-2.994421,1.990544,-1.577346,-2.890106,1.890139,-1.549441,0.123973,0.130502,0.098035
1778249490.459771,0.665992,0.309374,0.950191,10.0000,10.0000,10.0000,0.053487,0.053487,0.053487,0.034641,0.034641,0.034641,0.699764,0.326945,0.977733,0.052480,0.030523,0.044037,0.128314,41.865376,41.192896,-2.994316,1.990445,-1.577340,-2.890106,1.890139,-1.549298,0.123974,0.130501,0.098444
1778249490.469654,0.666121,0.309585,0.950353,10.0000,10.0000,10.0000,0.053833,0.053833,0.053833,0.034641,0.034641,0.034641,0.700110,0.327292,0.978080,0.052475,0.030532,0.044036,0.128320,41.912188,41.240389,-2.994211,1.990343,-1.577336,-2.890106,1.890139,-1.549155,0.123975,0.130500,0.098851
1778249490.479599,0.666247,0.309792,0.950514,10.0000,10.0000,10.0000,0.054180,0.054180,0.054180,0.034641,0.034641,0.034641,0.700456,0.327638,0.978426,0.052471,0.030545,0.044032,0.128325,41.904959,41.235702,-2.994101,1.990238,-1.577330,-2.890106,1.890139,-1.549012,0.123976,0.130498,0.099260
1778249490.489748,0.666367,0.309996,0.950679,10.0000,10.0000,10.0000,0.054526,0.054526,0.054526,0.034641,0.034641,0.034641,0.700803,0.327985,0.978772,0.052472,0.030558,0.044022,0.128330,41.917735,41.250141,-2.993962,1.990105,-1.577325,-2.890106,1.890139,-1.548869,0.123977,0.130497,0.099670
1778249490.499515,0.666514,0.310248,0.950884,10.0000,10.0000,10.0000,0.054872,0.054872,0.054872,0.034641,0.034641,0.034641,0.701149,0.328331,0.979119,0.052494,0.030544,0.044005,0.128341,41.931724,41.265209,-2.993848,1.989996,-1.577318,-2.890106,1.890139,-1.548726,0.123978,0.130497,0.100083
1778249490.509504,0.666629,0.310450,0.951048,10.0000,10.0000,10.0000,0.055219,0.055219,0.055219,0.034641,0.034641,0.034641,0.701496,0.328678,0.979465,0.052496,0.030558,0.043992,0.128349,41.945175,41.279061,-2.993733,1.989885,-1.577311,-2.890106,1.890139,-1.548583,0.123980,0.130495,0.100485
1778249490.519660,0.666744,0.310650,0.951212,10.0000,10.0000,10.0000,0.055565,0.055565,0.055565,0.034641,0.034641,0.034641,0.701842,0.329024,0.979812,0.052498,0.030575,0.043979,0.128355,41.954172,41.288239,-2.993615,1.989771,-1.577304,-2.890106,1.890139,-1.548441,0.123981,0.130495,0.100890
1778249490.529690,0.666859,0.310848,0.951376,10.0000,10.0000,10.0000,0.055912,0.055912,0.055912,0.034641,0.034641,0.034641,0.702188,0.329370,0.980158,0.052499,0.030592,0.043965,0.128360,41.960866,41.295484,-2.993464,1.989626,-1.577296,-2.890106,1.890139,-1.548298,0.123982,0.130494,0.101289
1778249490.539647,0.666972,0.311046,0.951539,10.0000,10.0000,10.0000,0.055912,0.055912,0.055912,0.034641,0.034641,0.034641,0.702188,0.329370,0.980158,0.052499,0.030592,0.043965,0.128360,41.960866,41.295484,-2.993372,1.989537,-1.577293,-2.890106,1.890139,-1.548155,0.123982,0.130493,0.101696
1778249490.549695,0.667085,0.311242,0.951703,10.0000,10.0000,10.0000,0.056604,0.056604,0.056604,0.034641,0.034641,0.034641,0.702881,0.330063,0.980851,0.052503,0.030629,0.043936,0.128369,41.974768,41.310475,-2.993214,1.989385,-1.577288,-2.890106,1.890139,-1.548012,0.123983,0.130492,0.102108
1778249490.559511,0.667196,0.311438,0.951867,10.0000,10.0000,10.0000,0.056951,0.056951,0.056951,0.034641,0.034641,0.034641,0.703228,0.330410,0.981197,0.052505,0.030648,0.043920,0.128372,41.982882,41.319325,-2.993085,1.989261,-1.577285,-2.890106,1.890139,-1.547870,0.123983,0.130492,0.102519
1778249490.569685,0.667335,0.311681,0.952072,10.0000,10.0000,10.0000,0.057297,0.057297,0.057297,0.034641,0.034641,0.034641,0.703574,0.330756,0.981544,0.052529,0.030639,0.043897,0.128381,41.990104,41.327295,-2.992953,1.989134,-1.577283,-2.890106,1.890139,-1.547727,0.123984,0.130492,0.102936
1778249490.579752,0.667444,0.311874,0.952237,10.0000,10.0000,10.0000,0.057644,0.057644,0.057644,0.034641,0.034641,0.034641,0.703920,0.331102,0.981890,0.052532,0.030659,0.043879,0.128387,41.997511,41.335251,-2.992818,1.989004,-1.577282,-2.890106,1.890139,-1.547585,0.123984,0.130491,0.103353
1778249490.589701,0.667553,0.312066,0.952401,10.0000,10.0000,10.0000,0.057990,0.057990,0.057990,0.034641,0.034641,0.034641,0.704267,0.331449,0.982236,0.052535,0.030681,0.043861,0.128392,42.003240,41.341556,-2.992679,1.988870,-1.577281,-2.890106,1.890139,-1.547442,0.123984,0.130491,0.103774
1778249490.599685,0.667661,0.312257,0.952566,10.0000,10.0000,10.0000,0.058336,0.058336,0.058336,0.034641,0.034641,0.034641,0.704613,0.331795,0.982583,0.052538,0.030703,0.043842,0.128396,42.009811,41.348590,-2.992537,1.988734,-1.577282,-2.890106,1.890139,-1.547299,0.123984,0.130491,0.104197
1778249490.609795,0.667768,0.312447,0.952730,10.0000,10.0000,10.0000,0.058683,0.058683,0.058683,0.034641,0.034641,0.034641,0.704960,0.332142,0.982929,0.052541,0.030726,0.043822,0.128398,42.015163,41.354387,-2.992355,1.988559,-1.577283,-2.890106,1.890139,-1.547157,0.123984,0.130491,0.104624
1778249490.619559,0.667902,0.312684,0.952936,10.0000,10.0000,10.0000,0.059029,0.059029,0.059029,0.034641,0.034641,0.034641,0.705306,0.332488,0.983276,0.052565,0.030721,0.043796,0.128406,42.022623,41.362281,-2.992206,1.988415,-1.577286,-2.890106,1.890139,-1.547015,0.123984,0.130491,0.105051
1778249490.629799,0.668009,0.312872,0.953101,10.0000,10.0000,10.0000,0.059376,0.059376,0.059376,0.034641,0.034641,0.034641,0.705653,0.332834,0.983622,0.052567,0.030745,0.043777,0.128412,42.027765,41.367466,-2.992054,1.988268,-1.577290,-2.890106,1.890139,-1.546872,0.123984,0.130492,0.105483
1778249490.639746,0.668116,0.313060,0.953266,10.0000,10.0000,10.0000,0.059722,0.059722,0.059722,0.034641,0.034641,0.034641,0.705999,0.333181,0.983968,0.052569,0.030769,0.043757,0.128415,42.035295,41.375062,-2.991859,1.988081,-1.577295,-2.890106,1.890139,-1.546730,0.123983,0.130492,0.105920
1778249490.649675,0.668251,0.313294,0.953471,10.0000,10.0000,10.0000,0.060069,0.060069,0.060069,0.034641,0.034641,0.034641,0.706345,0.333527,0.984315,0.052591,0.030768,0.043732,0.128423,42.042572,41.383037,-2.991699,1.987927,-1.577301,-2.890106,1.890139,-1.546587,0.123982,0.130493,0.106358
1778249490.659611,0.668357,0.313479,0.953636,10.0000,10.0000,10.0000,0.060415,0.060415,0.060415,0.034641,0.034641,0.034641,0.706692,0.333874,0.984661,0.052593,0.030794,0.043712,0.128428,42.046895,41.388144,-2.991535,1.987769,-1.577306,-2.890106,1.890139,-1.546445,0.123982,0.130493,0.106797
1778249490.669629,0.668462,0.313664,0.953801,10.0000,10.0000,10.0000,0.060761,0.060761,0.060761,0.034641,0.034641,0.034641,0.707038,0.334220,0.985008,0.052595,0.030820,0.043691,0.128431,42.050226,41.391993,-2.991367,1.987607,-1.577311,-2.890106,1.890139,-1.546303,0.123981,0.130494,0.107235
1778249490.680044,0.668566,0.313847,0.953966,10.0000,10.0000,10.0000,0.060761,0.060761,0.060761,0.034641,0.034641,0.034641,0.707038,0.334220,0.985008,0.052595,0.030820,0.043691,0.128431,42.050226,41.391993,-2.991151,1.987399,-1.577318,-2.890106,1.890139,-1.546161,0.123980,0.130495,0.107679
1778249490.689644,0.668670,0.314028,0.954132,10.0000,10.0000,10.0000,0.061454,0.061454,0.061454,0.034641,0.034641,0.034641,0.707731,0.334913,0.985701,0.052600,0.030876,0.043645,0.128434,42.059370,41.402633,-2.990974,1.987228,-1.577323,-2.890106,1.890139,-1.546018,0.123979,0.130496,0.108119
1778249490.699654,0.668797,0.314251,0.954341,10.0000,10.0000,10.0000,0.061801,0.061801,0.061801,0.034641,0.034641,0.034641,0.708077,0.335259,0.986047,0.052624,0.030883,0.043612,0.128439,42.046688,41.391622,-2.990791,1.987052,-1.577328,-2.890106,1.890139,-1.545876,0.123978,0.130497,0.108557
1778249490.709663,0.668889,0.314429,0.954515,10.0000,10.0000,10.0000,0.061801,0.061801,0.061801,0.034641,0.034641,0.034641,0.708077,0.335259,0.986047,0.052624,0.030883,0.043612,0.128439,42.046688,41.391622,-2.990608,1.986875,-1.577332,-2.890106,1.890139,-1.545734,0.123977,0.130498,0.108998
1778249490.719780,0.668973,0.314616,0.954693,10.0000,10.0000,10.0000,0.062493,0.062493,0.062493,0.034641,0.034641,0.034641,0.708770,0.335952,0.986740,0.052657,0.030932,0.043537,0.128447,42.010695,41.361270,-2.990381,1.986655,-1.577332,-2.890106,1.890139,-1.545592,0.123976,0.130499,0.109430
1778249490.729703,0.669071,0.314819,0.954855,10.0000,10.0000,10.0000,0.062840,0.062840,0.062840,0.034641,0.034641,0.034641,0.709117,0.336299,0.987086,0.052668,0.030936,0.043521,0.128454,42.207400,41.544076,-2.990199,1.986478,-1.577331,-2.890106,1.890139,-1.545450,0.123976,0.130499,0.109852
1778249490.739644,0.669244,0.315095,0.955012,10.0000,10.0000,10.0000,0.063186,0.063186,0.063186,0.034641,0.034641,0.034641,0.709463,0.336645,0.987433,0.052657,0.030892,0.043565,0.128466,42.357180,41.676810,-2.990018,1.986302,-1.577326,-2.890106,1.890139,-1.545308,0.123974,0.130500,0.110271
1778249490.749645,0.669401,0.315322,0.955134,10.0000,10.0000,10.0000,0.063533,0.063533,0.063533,0.034641,0.034641,0.034641,0.709809,0.336991,0.987779,0.052622,0.030881,0.043615,0.128475,42.278610,41.597458,-2.989844,1.986134,-1.577316,-2.890106,1.890139,-1.545166,0.123974,0.130501,0.110679
1778249490.759773,0.669560,0.315551,0.955267,10.0000,10.0000,10.0000,0.063533,0.063533,0.063533,0.034641,0.034641,0.034641,0.709809,0.336991,0.987779,0.052622,0.030881,0.043615,0.128475,42.278610,41.597458,-2.989641,1.985938,-1.577297,-2.890106,1.890139,-1.545024,0.123975,0.130500,0.111062
1778249490.769742,0.669716,0.315784,0.955409,10.0000,10.0000,10.0000,0.064225,0.064225,0.064225,0.034641,0.034641,0.034641,0.710502,0.337684,0.988472,0.052570,0.030862,0.043692,0.128489,42.155435,41.478838,-2.989490,1.985791,-1.577280,-2.890106,1.890139,-1.544882,0.123976,0.130499,0.111437
1778249490.779781,0.669896,0.316102,0.955592,10.0000,10.0000,10.0000,0.064572,0.064572,0.064572,0.034641,0.034641,0.034641,0.710849,0.338031,0.988818,0.052581,0.030788,0.043730,0.128507,42.177985,41.503528,-2.989345,1.985651,-1.577266,-2.890106,1.890139,-1.544740,0.123978,0.130497,0.111807
1778249490.789656,0.670031,0.316377,0.955740,10.0000,10.0000,10.0000,0.064918,0.064918,0.064918,0.034641,0.034641,0.034641,0.711195,0.338377,0.989165,0.052587,0.030733,0.043762,0.128529,42.195654,41.521387,-2.989205,1.985516,-1.577256,-2.890106,1.890139,-1.544598,0.123979,0.130496,0.112189
1778249490.799753,0.670165,0.316656,0.955888,10.0000,10.0000,10.0000,0.065265,0.065265,0.065265,0.034641,0.034641,0.034641,0.711541,0.338723,0.989511,0.052596,0.030673,0.043793,0.128554,42.195065,41.520879,-2.989071,1.985384,-1.577245,-2.890106,1.890139,-1.544457,0.123980,0.130495,0.112571
1778249490.809789,0.670303,0.316931,0.956038,10.0000,10.0000,10.0000,0.065611,0.065611,0.065611,0.034641,0.034641,0.034641,0.711888,0.339070,0.989857,0.052601,0.030620,0.043823,0.128580,42.190151,41.515998,-2.988911,1.985225,-1.577233,-2.890106,1.890139,-1.544315,0.123979,0.130496,0.112961
1778249490.820195,0.670451,0.317193,0.956185,10.0000,10.0000,10.0000,0.065958,0.065958,0.065958,0.034641,0.034641,0.034641,0.712234,0.339416,0.990204,0.052596,0.030582,0.043857,0.128604,42.211198,41.534453,-2.988790,1.985103,-1.577227,-2.890106,1.890139,-1.544173,0.123978,0.130497,0.113355
1778249490.829601,0.670616,0.317433,0.956328,10.0000,10.0000,10.0000,0.066304,0.066304,0.066304,0.034641,0.034641,0.034641,0.712581,0.339763,0.990550,0.052572,0.030568,0.043895,0.128623,42.211764,41.532294,-2.988673,1.984986,-1.577221,-2.890106,1.890139,-1.544031,0.123975,0.130500,0.113756
1778249490.839671,0.670831,0.317722,0.956505,10.0000,10.0000,10.0000,0.066650,0.066650,0.066650,0.034641,0.034641,0.034641,0.712927,0.340109,0.990897,0.052551,0.030534,0.043944,0.128640,42.220194,41.540148,-2.988560,1.984875,-1.577221,-2.890106,1.890139,-1.543890,0.123973,0.130502,0.114160
1778249490.849664,0.671002,0.317953,0.956646,10.0000,10.0000,10.0000,0.066997,0.066997,0.066997,0.034641,0.034641,0.034641,0.713274,0.340455,0.991243,0.052519,0.030532,0.043984,0.128652,42.238065,41.558709,-2.988453,1.984769,-1.577226,-2.890106,1.890139,-1.543748,0.123971,0.130504,0.114581
1778249490.859764,0.671170,0.318186,0.956787,10.0000,10.0000,10.0000,0.067343,0.067343,0.067343,0.034641,0.034641,0.034641,0.713620,0.340802,0.991590,0.052491,0.030526,0.044021,0.128661,42.254162,41.576745,-2.988348,1.984667,-1.577233,-2.890106,1.890139,-1.543606,0.123969,0.130506,0.115016
1778249490.869700,0.671331,0.318423,0.956926,10.0000,10.0000,10.0000,0.067690,0.067690,0.067690,0.034641,0.034641,0.034641,0.713966,0.341148,0.991936,0.052466,0.030513,0.044059,0.128669,42.322438,41.645839,-2.988243,1.984566,-1.577241,-2.890106,1.890139,-1.543465,0.123966,0.130508,0.115464
1778249490.879776,0.671485,0.318661,0.957063,10.0000,10.0000,10.0000,0.068036,0.068036,0.068036,0.034641,0.034641,0.034641,0.714313,0.341495,0.992282,0.052446,0.030498,0.044094,0.128678,42.333806,41.660129,-2.988110,1.984438,-1.577249,-2.890106,1.890139,-1.543323,0.123965,0.130509,0.115907
1778249490.889561,0.671667,0.318950,0.957243,10.0000,10.0000,10.0000,0.068382,0.068382,0.068382,0.034641,0.034641,0.034641,0.714659,0.341841,0.992629,0.052445,0.030455,0.044125,0.128691,42.314621,41.645110,-2.988004,1.984335,-1.577255,-2.890106,1.890139,-1.543182,0.123964,0.130510,0.116347
1778249490.899635,0.671807,0.319173,0.957390,10.0000,10.0000,10.0000,0.068729,0.068729,0.068729,0.034641,0.034641,0.034641,0.715006,0.342188,0.992975,0.052433,0.030452,0.044141,0.128702,42.313779,41.646113,-2.987897,1.984231,-1.577261,-2.890106,1.890139,-1.543041,0.123963,0.130511,0.116785
1778249490.909642,0.671942,0.319391,0.957540,10.0000,10.0000,10.0000,0.069075,0.069075,0.069075,0.034641,0.034641,0.034641,0.715352,0.342534,0.993322,0.052423,0.030452,0.044154,0.128712,42.321784,41.655618,-2.987788,1.984125,-1.577267,-2.890106,1.890139,-1.542899,0.123961,0.130513,0.117228
1778249490.919743,0.672074,0.319604,0.957690,10.0000,10.0000,10.0000,0.069422,0.069422,0.069422,0.034641,0.034641,0.034641,0.715698,0.342880,0.993668,0.052413,0.030456,0.044162,0.128719,42.329812,41.665122,-2.987648,1.983989,-1.577275,-2.890106,1.890139,-1.542758,0.123959,0.130515,0.117668
1778249490.929736,0.672201,0.319814,0.957842,10.0000,10.0000,10.0000,0.069768,0.069768,0.069768,0.034641,0.034641,0.034641,0.716045,0.343227,0.994014,0.052406,0.030462,0.044167,0.128726,42.336494,41.673503,-2.987534,1.983878,-1.577282,-2.890106,1.890139,-1.542616,0.123958,0.130516,0.118108
1778249490.939715,0.672354,0.320069,0.958033,10.0000,10.0000,10.0000,0.070114,0.070114,0.070114,0.034641,0.034641,0.034641,0.716391,0.343573,0.994361,0.052416,0.030445,0.044167,0.128736,42.343436,41.682417,-2.987416,1.983764,-1.577289,-2.890106,1.890139,-1.542475,0.123957,0.130517,0.118549
1778249490.949667,0.672473,0.320271,0.958188,10.0000,10.0000,10.0000,0.070461,0.070461,0.070461,0.034641,0.034641,0.034641,0.716738,0.343920,0.994707,0.052412,0.030456,0.044163,0.128744,42.348847,41.688992,-2.987295,1.983647,-1.577296,-2.890106,1.890139,-1.542334,0.123955,0.130519,0.118993
1778249490.959701,0.672589,0.320467,0.958344,10.0000,10.0000,10.0000,0.070807,0.070807,0.070807,0.034641,0.034641,0.034641,0.717084,0.344266,0.995054,0.052409,0.030471,0.044157,0.128750,42.353941,41.695017,-2.987140,1.983497,-1.577303,-2.890106,1.890139,-1.542193,0.123953,0.130520,0.119433
1778249490.969681,0.672697,0.320667,0.958501,10.0000,10.0000,10.0000,0.071154,0.071154,0.071154,0.034641,0.034641,0.034641,0.717430,0.344612,0.995400,0.052412,0.030481,0.044147,0.128756,42.367061,41.711728,-2.987012,1.983374,-1.577310,-2.890106,1.890139,-1.542052,0.123952,0.130522,0.119870
1778249490.979615,0.672823,0.320919,0.958701,10.0000,10.0000,10.0000,0.071500,0.071500,0.071500,0.034641,0.034641,0.034641,0.717777,0.344959,0.995746,0.052439,0.030461,0.044128,0.128768,42.365283,41.711549,-2.986882,1.983247,-1.577315,-2.890106,1.890139,-1.541910,0.123951,0.130523,0.120310
1778249490.989851,0.672924,0.321118,0.958862,10.0000,10.0000,10.0000,0.071846,0.071846,0.071846,0.034641,0.034641,0.034641,0.718123,0.345305,0.996093,0.052446,0.030471,0.044112,0.128778,42.364789,41.710195,-2.986748,1.983117,-1.577319,-2.890106,1.890139,-1.541769,0.123949,0.130524,0.120750
1778249490.999693,0.673029,0.321311,0.959022,10.0000,10.0000,10.0000,0.072193,0.072193,0.072193,0.034641,0.034641,0.034641,0.718470,0.345652,0.996439,0.052449,0.030487,0.044098,0.128786,42.367808,41.711932,-2.986613,1.982985,-1.577321,-2.890106,1.890139,-1.541628,0.123948,0.130526,0.121181
1778249491.009664,0.673165,0.321548,0.959221,10.0000,10.0000,10.0000,0.072539,0.072539,0.072539,0.034641,0.034641,0.034641,0.718816,0.345998,0.996786,0.052466,0.030483,0.044081,0.128796,42.370173,41.713622,-2.986440,1.982818,-1.577319,-2.890106,1.890139,-1.541487,0.123946,0.130527,0.121603
1778249491.019749,0.673275,0.321739,0.959381,10.0000,10.0000,10.0000,0.072886,0.072886,0.072886,0.034641,0.034641,0.034641,0.719163,0.346344,0.997132,0.052465,0.030501,0.044069,0.128803,42.375943,41.719469,-2.986302,1.982683,-1.577317,-2.890106,1.890139,-1.541346,0.123946,0.130528,0.122017
1778249491.029652,0.673384,0.321932,0.959540,10.0000,10.0000,10.0000,0.073232,0.073232,0.073232,0.034641,0.034641,0.034641,0.719509,0.346691,0.997478,0.052467,0.030517,0.044056,0.128809,42.367955,41.712779,-2.986162,1.982546,-1.577312,-2.890106,1.890139,-1.541205,0.123945,0.130529,0.122430
1778249491.039672,0.673489,0.322121,0.959705,10.0000,10.0000,10.0000,0.073579,0.073579,0.073579,0.034641,0.034641,0.034641,0.719855,0.347037,0.997825,0.052470,0.030537,0.044038,0.128813,42.345945,41.692110,-2.986024,1.982412,-1.577308,-2.890106,1.890139,-1.541064,0.123944,0.130529,0.122835
1778249491.049872,0.673596,0.322305,0.959869,10.0000,10.0000,10.0000,0.073925,0.073925,0.073925,0.034641,0.034641,0.034641,0.720202,0.347384,0.998171,0.052471,0.030561,0.044020,0.128816,42.355936,41.700827,-2.985851,1.982244,-1.577302,-2.890106,1.890139,-1.540924,0.123943,0.130530,0.123236
1778249491.059705,0.673708,0.322490,0.960031,10.0000,10.0000,10.0000,0.074271,0.074271,0.074271,0.034641,0.034641,0.034641,0.720548,0.347730,0.998518,0.052469,0.030585,0.044006,0.128818,42.369574,41.712873,-2.985713,1.982109,-1.577297,-2.890106,1.890139,-1.540783,0.123943,0.130530,0.123641
1778249491.069698,0.673854,0.322727,0.960231,10.0000,10.0000,10.0000,0.074618,0.074618,0.074618,0.034641,0.034641,0.034641,0.720895,0.348077,0.998864,0.052480,0.030584,0.043994,0.128823,42.396173,41.737779,-2.985574,1.981975,-1.577292,-2.890106,1.890139,-1.540642,0.123943,0.130530,0.124046
1778249491.079724,0.673974,0.322924,0.960384,10.0000,10.0000,10.0000,0.074964,0.074964,0.074964,0.034641,0.034641,0.034641,0.721241,0.348423,0.999211,0.052474,0.030598,0.043992,0.128827,42.442879,41.782539,-2.985435,1.981841,-1.577286,-2.890106,1.890139,-1.540501,0.123943,0.130530,0.124448
1778249491.089701,0.674098,0.323129,0.960534,10.0000,10.0000,10.0000,0.075311,0.075311,0.075311,0.034641,0.034641,0.034641,0.721587,0.348769,0.999557,0.052466,0.030606,0.043996,0.128830,42.460598,41.798831,-2.985298,1.981708,-1.577281,-2.890106,1.890139,-1.540360,0.123943,0.130530,0.124846
1778249491.099771,0.674257,0.323388,0.960721,10.0000,10.0000,10.0000,0.075657,0.075657,0.075657,0.034641,0.034641,0.034641,0.721934,0.349116,0.999903,0.052472,0.030587,0.044002,0.128838,42.449116,41.786956,-2.985129,1.981545,-1.577274,-2.890106,1.890139,-1.540220,0.123943,0.130530,0.125251
1778249491.109627,0.674386,0.323598,0.960873,10.0000,10.0000,10.0000,0.076003,0.076003,0.076003,0.034641,0.034641,0.034641,0.722280,0.349462,1.000250,0.052464,0.030591,0.044008,0.128845,42.439512,41.777519,-2.984996,1.981417,-1.577267,-2.890106,1.890139,-1.540079,0.123944,0.130529,0.125650
1778249491.119771,0.674515,0.323810,0.961026,10.0000,10.0000,10.0000,0.076350,0.076350,0.076350,0.034641,0.034641,0.034641,0.722627,0.349809,1.000596,0.052457,0.030596,0.044013,0.128851,42.431596,41.770102,-2.984867,1.981292,-1.577262,-2.890106,1.890139,-1.539938,0.123944,0.130529,0.126050
1778249491.129671,0.674641,0.324019,0.961183,10.0000,10.0000,10.0000,0.076696,0.076696,0.076696,0.034641,0.034641,0.034641,0.722973,0.350155,1.000943,0.052453,0.030602,0.044014,0.128856,42.397765,41.738460,-2.984741,1.981171,-1.577254,-2.890106,1.890139,-1.539798,0.123945,0.130528,0.126451
1778249491.139742,0.674764,0.324229,0.961346,10.0000,10.0000,10.0000,0.076696,0.076696,0.076696,0.034641,0.034641,0.034641,0.722973,0.350155,1.000943,0.052453,0.030602,0.044014,0.128856,42.397765,41.738460,-2.984589,1.981025,-1.577245,-2.890106,1.890139,-1.539657,0.123946,0.130527,0.126842
1778249491.149729,0.674886,0.324439,0.961508,10.0000,10.0000,10.0000,0.077389,0.077389,0.077389,0.034641,0.034641,0.034641,0.723666,0.350848,1.001635,0.052453,0.030613,0.044006,0.128867,42.408622,41.750648,-2.984470,1.980911,-1.577237,-2.890106,1.890139,-1.539517,0.123947,0.130526,0.127236
1778249491.159643,0.675041,0.324702,0.961706,10.0000,10.0000,10.0000,0.077735,0.077735,0.077735,0.034641,0.034641,0.034641,0.724012,0.351194,1.001982,0.052466,0.030593,0.044004,0.128877,42.448898,41.789446,-2.984352,1.980796,-1.577230,-2.890106,1.890139,-1.539376,0.123948,0.130525,0.127630
1778249491.169714,0.675169,0.324911,0.961861,10.0000,10.0000,10.0000,0.078082,0.078082,0.078082,0.034641,0.034641,0.034641,0.724359,0.351541,1.002328,0.052459,0.030599,0.044008,0.128885,42.476114,41.815497,-2.984235,1.980683,-1.577227,-2.890106,1.890139,-1.539236,0.123948,0.130525,0.128027
1778249491.180069,0.675298,0.325120,0.962013,10.0000,10.0000,10.0000,0.078428,0.078428,0.078428,0.034641,0.034641,0.034641,0.724705,0.351887,1.002675,0.052452,0.030605,0.044013,0.128891,42.496031,41.835543,-2.984089,1.980542,-1.577225,-2.890106,1.890139,-1.539095,0.123948,0.130525,0.128435
1778249491.189762,0.675457,0.325379,0.962204,10.0000,10.0000,10.0000,0.078775,0.078775,0.078775,0.034641,0.034641,0.034641,0.725051,0.352233,1.003021,0.052458,0.030588,0.044017,0.128901,42.507610,41.848997,-2.983971,1.980428,-1.577224,-2.890106,1.890139,-1.538955,0.123948,0.130525,0.128849
1778249491.199653,0.675580,0.325585,0.962358,10.0000,10.0000,10.0000,0.079121,0.079121,0.079121,0.034641,0.034641,0.034641,0.725398,0.352580,1.003367,0.052454,0.030595,0.044018,0.128909,42.513881,41.857067,-2.983852,1.980314,-1.577224,-2.890106,1.890139,-1.538815,0.123948,0.130525,0.129263
1778249491.209709,0.675697,0.325790,0.962513,10.0000,10.0000,10.0000,0.079468,0.079468,0.079468,0.034641,0.034641,0.034641,0.725744,0.352926,1.003714,0.052452,0.030601,0.044015,0.128915,42.526145,41.871284,-2.983731,1.980197,-1.577225,-2.890106,1.890139,-1.538674,0.123948,0.130525,0.129681
1778249491.219810,0.675807,0.325996,0.962669,10.0000,10.0000,10.0000,0.079814,0.079814,0.079814,0.034641,0.034641,0.034641,0.726091,0.353273,1.004060,0.052454,0.030605,0.044010,0.128922,42.545751,41.893765,-2.983575,1.980048,-1.577228,-2.890106,1.890139,-1.538534,0.123948,0.130525,0.130102
1778249491.230031,0.675910,0.326199,0.962826,10.0000,10.0000,10.0000,0.080160,0.080160,0.080160,0.034641,0.034641,0.034641,0.726437,0.353619,1.004407,0.052460,0.030609,0.044000,0.128930,42.544211,41.894502,-2.983446,1.979924,-1.577232,-2.890106,1.890139,-1.538394,0.123948,0.130525,0.130528
1778249491.239674,0.676034,0.326447,0.963027,10.0000,10.0000,10.0000,0.080507,0.080507,0.080507,0.034641,0.034641,0.034641,0.726784,0.353965,1.004753,0.052484,0.030594,0.043982,0.128941,42.543945,41.895525,-2.983315,1.979797,-1.577235,-2.890106,1.890139,-1.538254,0.123948,0.130526,0.130955
1778249491.249632,0.676133,0.326639,0.963187,10.0000,10.0000,10.0000,0.080853,0.080853,0.080853,0.034641,0.034641,0.034641,0.727130,0.354312,1.005100,0.052490,0.030607,0.043966,0.128951,42.551802,41.903526,-2.983179,1.979666,-1.577237,-2.890106,1.890139,-1.538113,0.123947,0.130527,0.131384
1778249491.259817,0.676233,0.326827,0.963348,10.0000,10.0000,10.0000,0.080853,0.080853,0.080853,0.034641,0.034641,0.034641,0.727130,0.354312,1.005100,0.052490,0.030607,0.043966,0.128951,42.551802,41.903526,-2.983005,1.979498,-1.577238,-2.890106,1.890139,-1.537973,0.123946,0.130527,0.131806
1778249491.269694,0.676357,0.327059,0.963548,10.0000,10.0000,10.0000,0.081546,0.081546,0.081546,0.034641,0.034641,0.034641,0.727823,0.355005,1.005792,0.052513,0.030620,0.043929,0.128968,42.565218,41.917220,-2.982862,1.979360,-1.577239,-2.890106,1.890139,-1.537833,0.123945,0.130528,0.132226
1778249491.279569,0.676456,0.327243,0.963709,10.0000,10.0000,10.0000,0.081892,0.081892,0.081892,0.034641,0.034641,0.034641,0.728169,0.355351,1.006139,0.052516,0.030639,0.043912,0.128976,42.567941,41.920211,-2.982716,1.979218,-1.577238,-2.890106,1.890139,-1.537693,0.123945,0.130528,0.132643
1778249491.289838,0.676555,0.327425,0.963869,10.0000,10.0000,10.0000,0.081892,0.081892,0.081892,0.034641,0.034641,0.034641,0.728169,0.355351,1.006139,0.052516,0.030639,0.043912,0.128976,42.567941,41.920211,-2.982529,1.979038,-1.577236,-2.890106,1.890139,-1.537553,0.123944,0.130529,0.133057
1778249491.299730,0.676679,0.327653,0.964071,10.0000,10.0000,10.0000,0.082585,0.082585,0.082585,0.034641,0.034641,0.034641,0.728862,0.356044,1.006832,0.052538,0.030659,0.043873,0.128989,42.576189,41.928654,-2.982377,1.978891,-1.577234,-2.890106,1.890139,-1.537413,0.123944,0.130529,0.133468
1778249491.309695,0.676772,0.327832,0.964238,10.0000,10.0000,10.0000,0.082932,0.082932,0.082932,0.034641,0.034641,0.034641,0.729208,0.356390,1.007178,0.052545,0.030681,0.043849,0.128995,42.523054,41.880477,-2.982224,1.978743,-1.577229,-2.890106,1.890139,-1.537273,0.123944,0.130529,0.133877
1778249491.319603,0.676854,0.328016,0.964412,10.0000,10.0000,10.0000,0.083278,0.083278,0.083278,0.034641,0.034641,0.034641,0.729555,0.356737,1.007524,0.052560,0.030697,0.043819,0.129002,42.511886,41.872791,-2.982071,1.978595,-1.577226,-2.890106,1.890139,-1.537133,0.123944,0.130529,0.134280
1778249491.329696,0.676932,0.328206,0.964583,10.0000,10.0000,10.0000,0.083624,0.083624,0.083624,0.034641,0.034641,0.034641,0.729901,0.357083,1.007871,0.052578,0.030708,0.043790,0.129009,42.585403,41.944063,-2.981914,1.978444,-1.577223,-2.890106,1.890139,-1.536993,0.123944,0.130529,0.134684
1778249491.340621,0.677022,0.328402,0.964740,10.0000,10.0000,10.0000,0.083971,0.083971,0.083971,0.034641,0.034641,0.034641,0.730248,0.357430,1.008217,0.052587,0.030714,0.043775,0.129016,42.673505,42.025153,-2.981714,1.978248,-1.577221,-2.890106,1.890139,-1.536853,0.123944,0.130530,0.135090
1778249491.349745,0.677166,0.328635,0.964922,10.0000,10.0000,10.0000,0.084317,0.084317,0.084317,0.034641,0.034641,0.034641,0.730594,0.357776,1.008564,0.052590,0.030710,0.043774,0.129024,42.677501,42.020732,-2.981555,1.978093,-1.577222,-2.890106,1.890139,-1.536714,0.123942,0.130531,0.135503
1778249491.359680,0.677296,0.328821,0.965067,10.0000,10.0000,10.0000,0.084664,0.084664,0.084664,0.034641,0.034641,0.034641,0.730940,0.358122,1.008910,0.052574,0.030731,0.043779,0.129028,42.651164,41.992468,-2.981399,1.977942,-1.577226,-2.890106,1.890139,-1.536574,0.123940,0.130533,0.135922
1778249491.369595,0.677427,0.329015,0.965213,10.0000,10.0000,10.0000,0.085010,0.085010,0.085010,0.034641,0.034641,0.034641,0.731287,0.358469,1.009256,0.052559,0.030747,0.043786,0.129030,42.637948,41.979845,-2.981247,1.977796,-1.577231,-2.890106,1.890139,-1.536434,0.123939,0.130534,0.136351
1778249491.379845,0.677558,0.329221,0.965362,10.0000,10.0000,10.0000,0.085356,0.085356,0.085356,0.034641,0.034641,0.034641,0.731633,0.358815,1.009603,0.052549,0.030753,0.043794,0.129032,42.638406,41.980394,-2.981063,1.977619,-1.577241,-2.890106,1.890139,-1.536295,0.123938,0.130535,0.136784
1778249491.389787,0.677690,0.329430,0.965510,10.0000,10.0000,10.0000,0.085356,0.085356,0.085356,0.034641,0.034641,0.034641,0.731633,0.358815,1.009603,0.052549,0.030753,0.043794,0.129032,42.638406,41.980394,-2.980922,1.977483,-1.577248,-2.890106,1.890139,-1.536155,0.123937,0.130536,0.137223
1778249491.399671,0.677859,0.329684,0.965698,10.0000,10.0000,10.0000,0.086049,0.086049,0.086049,0.034641,0.034641,0.034641,0.732326,0.359508,1.010296,0.052538,0.030747,0.043811,0.129040,42.618951,41.960427,-2.980786,1.977353,-1.577255,-2.890106,1.890139,-1.536015,0.123936,0.130537,0.137661
1778249491.409648,0.677996,0.329883,0.965849,10.0000,10.0000,10.0000,0.086396,0.086396,0.086396,0.034641,0.034641,0.034641,0.732672,0.359854,1.010642,0.052524,0.030761,0.043817,0.129043,42.628529,41.970197,-2.980653,1.977226,-1.577262,-2.890106,1.890139,-1.535876,0.123935,0.130538,0.138101
1778249491.419743,0.678132,0.330082,0.965999,10.0000,10.0000,10.0000,0.086396,0.086396,0.086396,0.034641,0.034641,0.034641,0.732672,0.359854,1.010642,0.052524,0.030761,0.043817,0.129043,42.628529,41.970197,-2.980488,1.977069,-1.577272,-2.890106,1.890139,-1.535736,0.123935,0.130538,0.138538
1778249491.429653,0.678298,0.330340,0.966183,10.0000,10.0000,10.0000,0.087089,0.087089,0.087089,0.034641,0.034641,0.034641,0.733365,0.360547,1.011335,0.052510,0.030759,0.043835,0.129050,42.703727,42.046529,-2.980356,1.976943,-1.577282,-2.890106,1.890139,-1.535597,0.123935,0.130538,0.138977
1778249491.439826,0.678429,0.330552,0.966327,10.0000,10.0000,10.0000,0.087435,0.087435,0.087435,0.034641,0.034641,0.034641,0.733712,0.360894,1.011681,0.052500,0.030761,0.043846,0.129054,42.726678,42.069830,-2.980224,1.976818,-1.577293,-2.890106,1.890139,-1.535457,0.123935,0.130538,0.139422
1778249491.449755,0.678554,0.330768,0.966471,10.0000,10.0000,10.0000,0.087781,0.087781,0.087781,0.034641,0.034641,0.034641,0.734058,0.361240,1.012028,0.052494,0.030757,0.043856,0.129060,42.758954,42.104112,-2.980059,1.976661,-1.577308,-2.890106,1.890139,-1.535318,0.123935,0.130538,0.139880
1778249491.459667,0.678698,0.331047,0.966652,10.0000,10.0000,10.0000,0.088128,0.088128,0.088128,0.034641,0.034641,0.034641,0.734405,0.361587,1.012374,0.052508,0.030721,0.043864,0.129072,42.760268,42.108283,-2.979926,1.976534,-1.577321,-2.890106,1.890139,-1.535178,0.123934,0.130539,0.140331
1778249491.469707,0.678810,0.331265,0.966801,10.0000,10.0000,10.0000,0.088474,0.088474,0.088474,0.034641,0.034641,0.034641,0.734751,0.361933,1.012721,0.052510,0.030715,0.043867,0.129083,42.744402,42.093598,-2.979792,1.976406,-1.577333,-2.890106,1.890139,-1.535039,0.123933,0.130539,0.140785
1778249491.479553,0.678923,0.331475,0.966953,10.0000,10.0000,10.0000,0.088821,0.088821,0.088821,0.034641,0.034641,0.034641,0.735097,0.362279,1.013067,0.052510,0.030714,0.043867,0.129093,42.738327,42.087721,-2.979658,1.976278,-1.577342,-2.890106,1.890139,-1.534900,0.123932,0.130541,0.141242
1778249491.490200,0.679036,0.331679,0.967105,10.0000,10.0000,10.0000,0.089167,0.089167,0.089167,0.034641,0.034641,0.034641,0.735444,0.362626,1.013413,0.052508,0.030719,0.043866,0.129101,42.739953,42.089630,-2.979490,1.976116,-1.577351,-2.890106,1.890139,-1.534760,0.123931,0.130542,0.141683
1778249491.499775,0.679151,0.331879,0.967258,10.0000,10.0000,10.0000,0.089513,0.089513,0.089513,0.034641,0.034641,0.034641,0.735790,0.362972,1.013760,0.052506,0.030727,0.043863,0.129108,42.743044,42.092976,-2.979354,1.975986,-1.577355,-2.890106,1.890139,-1.534621,0.123931,0.130542,0.142117
1778249491.509671,0.679292,0.332126,0.967449,10.0000,10.0000,10.0000,0.089860,0.089860,0.089860,0.034641,0.034641,0.034641,0.736137,0.363319,1.014106,0.052516,0.030716,0.043858,0.129117,42.747547,42.098069,-2.979216,1.975855,-1.577357,-2.890106,1.890139,-1.534482,0.123931,0.130542,0.142543
1778249491.519705,0.679406,0.332320,0.967603,10.0000,10.0000,10.0000,0.089860,0.089860,0.089860,0.034641,0.034641,0.034641,0.736137,0.363319,1.014106,0.052516,0.030716,0.043858,0.129117,42.747547,42.098069,-2.979078,1.975724,-1.577356,-2.890106,1.890139,-1.534343,0.123931,0.130541,0.142965
1778249491.529878,0.679518,0.332512,0.967758,10.0000,10.0000,10.0000,0.090206,0.090206,0.090206,0.034641,0.034641,0.034641,0.736483,0.363665,1.014453,0.052513,0.030728,0.043854,0.129124,42.750931,42.101649,-2.978905,1.975558,-1.577352,-2.890106,1.890139,-1.534203,0.123933,0.130540,0.143373
1778249491.539632,0.679629,0.332702,0.967914,10.0000,10.0000,10.0000,0.090899,0.090899,0.090899,0.034641,0.034641,0.034641,0.737176,0.364358,1.015145,0.052508,0.030755,0.043841,0.129134,42.747759,42.100580,-2.978766,1.975426,-1.577347,-2.890106,1.890139,-1.534064,0.123934,0.130539,0.143776
1778249491.549728,0.679762,0.332939,0.968110,10.0000,10.0000,10.0000,0.091245,0.091245,0.091245,0.034641,0.034641,0.034641,0.737522,0.364704,1.015492,0.052522,0.030749,0.043829,0.129141,42.773154,42.127266,-2.978624,1.975292,-1.577340,-2.890106,1.890139,-1.533925,0.123936,0.130537,0.144176
1778249491.559566,0.679865,0.333132,0.968265,10.0000,10.0000,10.0000,0.091592,0.091592,0.091592,0.034641,0.034641,0.034641,0.737869,0.365051,1.015838,0.052522,0.030760,0.043821,0.129147,42.802931,42.156799,-2.978481,1.975156,-1.577333,-2.890106,1.890139,-1.533786,0.123939,0.130534,0.144568
1778249491.569728,0.679971,0.333321,0.968416,10.0000,10.0000,10.0000,0.091592,0.091592,0.091592,0.034641,0.034641,0.034641,0.737869,0.365051,1.015838,0.052522,0.030760,0.043821,0.129147,42.802931,42.156799,-2.978298,1.974982,-1.577323,-2.890106,1.890139,-1.533647,0.123941,0.130532,0.144955
1778249491.579665,0.680105,0.333554,0.968607,10.0000,10.0000,10.0000,0.092285,0.092285,0.092285,0.034641,0.034641,0.034641,0.738561,0.365743,1.016531,0.052531,0.030769,0.043804,0.129159,42.808563,42.162277,-2.978151,1.974841,-1.577315,-2.890106,1.890139,-1.533508,0.123943,0.130530,0.145343
1778249491.589664,0.680211,0.333740,0.968762,10.0000,10.0000,10.0000,0.092631,0.092631,0.092631,0.034641,0.034641,0.034641,0.738908,0.366090,1.016877,0.052529,0.030784,0.043796,0.129164,42.805626,42.160161,-2.978001,1.974699,-1.577307,-2.890106,1.890139,-1.533369,0.123945,0.130528,0.145733
1778249491.600064,0.680316,0.333926,0.968917,10.0000,10.0000,10.0000,0.092978,0.092978,0.092978,0.034641,0.034641,0.034641,0.739254,0.366436,1.017224,0.052528,0.030798,0.043787,0.129169,42.809527,42.164686,-2.977850,1.974555,-1.577299,-2.890106,1.890139,-1.533230,0.123948,0.130525,0.146115
1778249491.609763,0.680420,0.334114,0.969072,10.0000,10.0000,10.0000,0.093324,0.093324,0.093324,0.034641,0.034641,0.034641,0.739601,0.366783,1.017570,0.052527,0.030812,0.043778,0.129172,42.814351,42.169728,-2.977697,1.974410,-1.577291,-2.890106,1.890139,-1.533091,0.123950,0.130523,0.146504
1778249491.619990,0.680526,0.334311,0.969218,10.0000,10.0000,10.0000,0.093670,0.093670,0.093670,0.034641,0.034641,0.034641,0.739947,0.367129,1.017917,0.052525,0.030818,0.043776,0.129176,42.916255,42.268300,-2.977503,1.974224,-1.577284,-2.890106,1.890139,-1.532952,0.123952,0.130521,0.146894
1778249491.629763,0.680636,0.334517,0.969358,10.0000,10.0000,10.0000,0.094017,0.094017,0.094017,0.034641,0.034641,0.034641,0.740294,0.367475,1.018263,0.052522,0.030817,0.043781,0.129181,42.929388,42.279654,-2.977348,1.974075,-1.577280,-2.890106,1.890139,-1.532814,0.123954,0.130520,0.147291
1778249491.639763,0.680778,0.334781,0.969536,10.0000,10.0000,10.0000,0.094363,0.094363,0.094363,0.034641,0.034641,0.034641,0.740640,0.367822,1.018610,0.052531,0.030792,0.043787,0.129190,42.896993,42.246242,-2.977195,1.973929,-1.577276,-2.890106,1.890139,-1.532675,0.123955,0.130519,0.147692
1778249491.649766,0.680898,0.334993,0.969677,10.0000,10.0000,10.0000,0.094710,0.094710,0.094710,0.034641,0.034641,0.034641,0.740986,0.368168,1.018956,0.052525,0.030790,0.043796,0.129198,42.937761,42.284339,-2.977045,1.973785,-1.577272,-2.890106,1.890139,-1.532536,0.123956,0.130518,0.148091
1778249491.660248,0.681023,0.335211,0.969810,10.0000,10.0000,10.0000,0.095056,0.095056,0.095056,0.034641,0.034641,0.034641,0.741333,0.368515,1.019302,0.052516,0.030784,0.043811,0.129206,42.984007,42.328208,-2.976857,1.973604,-1.577269,-2.890106,1.890139,-1.532397,0.123957,0.130517,0.148491
1778249491.669792,0.681184,0.335485,0.969975,10.0000,10.0000,10.0000,0.095402,0.095402,0.095402,0.034641,0.034641,0.034641,0.741679,0.368861,1.019649,0.052516,0.030754,0.043832,0.129216,42.976940,42.321415,-2.976708,1.973461,-1.577267,-2.890106,1.890139,-1.532259,0.123957,0.130517,0.148897
1778249491.679630,0.681310,0.335703,0.970112,10.0000,10.0000,10.0000,0.095749,0.095749,0.095749,0.034641,0.034641,0.034641,0.742026,0.369208,1.019995,0.052507,0.030749,0.043846,0.129225,42.945861,42.292143,-2.976560,1.973318,-1.577266,-2.890106,1.890139,-1.532120,0.123957,0.130517,0.149303
1778249491.689691,0.681434,0.335917,0.970253,10.0000,10.0000,10.0000,0.096095,0.096095,0.096095,0.034641,0.034641,0.034641,0.742372,0.369554,1.020342,0.052501,0.030747,0.043856,0.129233,42.924810,42.272937,-2.976414,1.973178,-1.577264,-2.890106,1.890139,-1.531982,0.123958,0.130516,0.149711
1778249491.699769,0.681557,0.336128,0.970396,10.0000,10.0000,10.0000,0.096442,0.096442,0.096442,0.034641,0.034641,0.034641,0.742718,0.369900,1.020688,0.052494,0.030746,0.043863,0.129240,42.933490,42.281630,-2.976232,1.973003,-1.577263,-2.890106,1.890139,-1.531843,0.123958,0.130516,0.150117
1778249491.709809,0.681683,0.336333,0.970537,10.0000,10.0000,10.0000,0.096788,0.096788,0.096788,0.034641,0.034641,0.034641,0.743065,0.370247,1.021034,0.052485,0.030750,0.043872,0.129245,42.954863,42.302207,-2.976087,1.972863,-1.577263,-2.890106,1.890139,-1.531705,0.123958,0.130516,0.150528
1778249491.719693,0.681841,0.336586,0.970712,10.0000,10.0000,10.0000,0.097134,0.097134,0.097134,0.034641,0.034641,0.034641,0.743411,0.370593,1.021381,0.052484,0.030737,0.043883,0.129253,42.978650,42.326281,-2.975940,1.972722,-1.577266,-2.890106,1.890139,-1.531566,0.123957,0.130516,0.150940
1778249491.729658,0.681961,0.336791,0.970852,10.0000,10.0000,10.0000,0.097481,0.097481,0.097481,0.034641,0.034641,0.034641,0.743758,0.370940,1.021727,0.052477,0.030739,0.043890,0.129259,42.981293,42.332058,-2.975792,1.972581,-1.577266,-2.890106,1.890139,-1.531428,0.123957,0.130517,0.151359
1778249491.739882,0.682073,0.336999,0.970998,10.0000,10.0000,10.0000,0.097827,0.097827,0.097827,0.034641,0.034641,0.034641,0.744104,0.371286,1.022074,0.052475,0.030739,0.043892,0.129265,42.956793,42.309758,-2.975608,1.972405,-1.577265,-2.890106,1.890139,-1.531289,0.123959,0.130515,0.151772
1778249491.749648,0.682183,0.337205,0.971147,10.0000,10.0000,10.0000,0.098174,0.098174,0.098174,0.034641,0.034641,0.034641,0.744450,0.371632,1.022420,0.052475,0.030740,0.043891,0.129272,42.942220,42.295350,-2.975461,1.972265,-1.577260,-2.890106,1.890139,-1.531151,0.123960,0.130514,0.152179
1778249491.759677,0.682325,0.337459,0.971334,10.0000,10.0000,10.0000,0.098520,0.098520,0.098520,0.034641,0.034641,0.034641,0.744797,0.371979,1.022766,0.052484,0.030725,0.043891,0.129281,42.948874,42.300556,-2.975316,1.972125,-1.577253,-2.890106,1.890139,-1.531013,0.123961,0.130513,0.152576
1778249491.769748,0.682442,0.337658,0.971484,10.0000,10.0000,10.0000,0.098866,0.098866,0.098866,0.034641,0.034641,0.034641,0.745143,0.372325,1.023113,0.052480,0.030732,0.043890,0.129288,42.919618,42.272135,-2.975172,1.971987,-1.577241,-2.890106,1.890139,-1.530874,0.123962,0.130512,0.152964
1778249491.779747,0.682555,0.337853,0.971642,10.0000,10.0000,10.0000,0.099213,0.099213,0.099213,0.034641,0.034641,0.034641,0.745490,0.372672,1.023459,0.052479,0.030743,0.043884,0.129293,42.880675,42.235722,-2.974999,1.971822,-1.577225,-2.890106,1.890139,-1.530736,0.123965,0.130510,0.153332
1778249491.789652,0.682684,0.338109,0.971843,10.0000,10.0000,10.0000,0.099559,0.099559,0.099559,0.034641,0.034641,0.034641,0.745836,0.373018,1.023806,0.052498,0.030727,0.043873,0.129303,42.906731,42.264693,-2.974863,1.971693,-1.577212,-2.890106,1.890139,-1.530598,0.123967,0.130507,0.153705
1778249491.799767,0.682778,0.338325,0.972004,10.0000,10.0000,10.0000,0.099906,0.099906,0.099906,0.034641,0.034641,0.034641,0.746182,0.373364,1.024152,0.052510,0.030720,0.043863,0.129313,42.922886,42.281950,-2.974726,1.971563,-1.577200,-2.890106,1.890139,-1.530460,0.123970,0.130504,0.154076
1778249491.809894,0.682867,0.338548,0.972167,10.0000,10.0000,10.0000,0.100252,0.100252,0.100252,0.034641,0.034641,0.034641,0.746529,0.373711,1.024498,0.052526,0.030708,0.043852,0.129325,42.930015,42.289528,-2.974591,1.971434,-1.577188,-2.890106,1.890139,-1.530321,0.123974,0.130501,0.154448
1778249491.819711,0.682958,0.338769,0.972328,10.0000,10.0000,10.0000,0.100252,0.100252,0.100252,0.034641,0.034641,0.034641,0.746529,0.373711,1.024498,0.052526,0.030708,0.043852,0.129325,42.930015,42.289528,-2.974457,1.971304,-1.577176,-2.890106,1.890139,-1.530183,0.123976,0.130499,0.154816
1778249491.829689,0.683077,0.339042,0.972528,10.0000,10.0000,10.0000,0.100945,0.100945,0.100945,0.034641,0.034641,0.034641,0.747222,0.374404,1.025191,0.052567,0.030669,0.043831,0.129354,42.978761,42.335835,-2.974291,1.971142,-1.577163,-2.890106,1.890139,-1.530045,0.123976,0.130499,0.155191
1778249491.839626,0.683183,0.339258,0.972674,10.0000,10.0000,10.0000,0.101291,0.101291,0.101291,0.034641,0.034641,0.034641,0.747568,0.374750,1.025538,0.052569,0.030662,0.043833,0.129367,43.066579,42.419266,-2.974157,1.971011,-1.577154,-2.890106,1.890139,-1.529907,0.123976,0.130499,0.155571
1778249491.849699,0.683303,0.339466,0.972813,10.0000,10.0000,10.0000,0.101291,0.101291,0.101291,0.034641,0.034641,0.034641,0.747568,0.374750,1.025538,0.052569,0.030662,0.043833,0.129367,43.066579,42.419266,-2.974023,1.970880,-1.577145,-2.890106,1.890139,-1.529769,0.123976,0.130499,0.155945
1778249491.859980,0.683442,0.339658,0.972948,10.0000,10.0000,10.0000,0.101984,0.101984,0.101984,0.034641,0.034641,0.034641,0.748261,0.375443,1.026231,0.052543,0.030677,0.043854,0.129383,43.062909,42.405773,-2.973862,1.970724,-1.577137,-2.890106,1.890139,-1.529631,0.123975,0.130500,0.156330
1778249491.869703,0.683622,0.339897,0.973124,10.0000,10.0000,10.0000,0.102331,0.102331,0.102331,0.034641,0.034641,0.034641,0.748607,0.375789,1.026577,0.052531,0.030677,0.043868,0.129388,42.993905,42.339071,-2.973741,1.970607,-1.577133,-2.890106,1.890139,-1.529493,0.123975,0.130500,0.156721
1778249491.879684,0.683758,0.340094,0.973272,10.0000,10.0000,10.0000,0.102677,0.102677,0.102677,0.034641,0.034641,0.034641,0.748954,0.376136,1.026923,0.052518,0.030690,0.043874,0.129390,42.977195,42.325184,-2.973628,1.970499,-1.577131,-2.890106,1.890139,-1.529356,0.123975,0.130499,0.157117
1778249491.889728,0.683892,0.340295,0.973420,10.0000,10.0000,10.0000,0.103023,0.103023,0.103023,0.034641,0.034641,0.034641,0.749300,0.376482,1.027270,0.052507,0.030700,0.043881,0.129391,43.009141,42.356447,-2.973519,1.970395,-1.577132,-2.890106,1.890139,-1.529218,0.123976,0.130498,0.157521
1778249491.899781,0.684030,0.340497,0.973563,0.0000,0.0000,0.0000,0.103023,0.103023,0.103023,0.034641,0.034641,0.034641,0.749300,0.376482,1.027270,0.052507,0.030700,0.043881,0.129391,43.009141,42.356447,-2.973387,1.970269,-1.577135,-2.890106,1.890139,-1.529080,0.123977,0.130498,0.157934
1778249491.909666,0.684204,0.340744,0.973739,0.0000,0.0000,0.0000,0.103716,0.103716,0.103716,0.034641,0.034641,0.034641,0.749993,0.377175,1.027963,0.052486,0.030703,0.043905,0.129394,43.071897,42.418440,-2.973282,1.970169,-1.577136,-2.890106,1.890139,-1.528948,0.123977,0.130498,0.157791
1778249491.919612,0.684338,0.340941,0.973880,0.0000,0.0000,0.0000,0.104010,0.104010,0.104010,0.029400,0.029400,0.029400,0.750287,0.377469,1.028257,0.052583,0.030529,0.043909,0.129422,43.078252,42.427198,-2.973177,1.970069,-1.577137,-2.890106,1.890139,-1.528824,0.123978,0.130497,0.157290
1778249491.929602,0.684466,0.341139,0.974024,0.0000,0.0000,0.0000,0.104216,0.104216,0.104216,0.020580,0.020580,0.020580,0.750493,0.377675,1.028462,0.052772,0.030206,0.043905,0.129489,43.085268,42.436077,-2.973072,1.969970,-1.577140,-2.890106,1.890139,-1.528711,0.123979,0.130496,0.156585
1778249491.939660,0.684591,0.341337,0.974168,0.0000,0.0000,0.0000,0.104216,0.104216,0.104216,0.020580,0.020580,0.020580,0.750493,0.377675,1.028462,0.052772,0.030206,0.043905,0.129489,43.085268,42.436077,-2.972941,1.969846,-1.577142,-2.890106,1.890139,-1.528609,0.123981,0.130495,0.155780
1778249491.949701,0.684712,0.341535,0.974312,0.0000,0.0000,0.0000,0.104461,0.104461,0.104461,0.010084,0.010084,0.010084,0.750738,0.377920,1.028707,0.053043,0.029739,0.043899,0.129657,43.120327,42.472848,-2.972835,1.969745,-1.577145,-2.890106,1.890139,-1.528519,0.123981,0.130494,0.154940
1778249491.959714,0.684862,0.341786,0.974487,0.0000,0.0000,0.0000,0.104532,0.104532,0.104532,0.007059,0.007059,0.007059,0.750808,0.377990,1.028778,0.053152,0.029541,0.043899,0.129742,43.165499,42.517345,-2.972730,1.969645,-1.577149,-2.890106,1.890139,-1.528439,0.123982,0.130493,0.154113
1778249491.969665,0.684982,0.341991,0.974625,0.0000,0.0000,0.0000,0.104581,0.104581,0.104581,0.004941,0.004941,0.004941,0.750858,0.378040,1.028827,0.053235,0.029387,0.043902,0.129821,43.188883,42.540583,-2.972624,1.969544,-1.577154,-2.890106,1.890139,-1.528369,0.123982,0.130493,0.153331
1778249491.979597,0.686211,0.344327,0.976424,0.0000,0.0000,0.0000,0.104616,0.104616,0.104616,0.003459,0.003459,0.003459,0.750892,0.378074,1.028862,0.053908,0.028322,0.043781,0.130040,43.220555,42.590963,-2.971208,1.968177,-1.577256,-2.890106,1.890139,-1.528308,0.123982,0.130493,0.152612
1778249491.989666,0.686293,0.344501,0.976580,0.0000,0.0000,0.0000,0.104640,0.104640,0.104640,0.002421,0.002421,0.002421,0.750917,0.378098,1.028886,0.053990,0.028207,0.043754,0.130205,43.214372,42.583971,-2.971077,1.968050,-1.577266,-2.890106,1.890139,-1.528256,0.123965,0.130509,0.152243
1778249491.999763,0.686378,0.344673,0.976736,0.0000,0.0000,0.0000,0.104657,0.104657,0.104640,0.001695,0.001695,0.000000,0.750933,0.378115,1.028886,0.054155,0.028152,0.043585,0.130333,43.207878,42.576684,-2.970910,1.967888,-1.577279,-2.890106,1.890139,-1.528210,0.123963,0.130511,0.151680
1778249492.009835,0.686488,0.344885,0.976931,0.0000,0.0000,0.0000,0.104671,0.104671,0.104640,0.001424,0.001424,0.000000,0.750948,0.378130,1.028886,0.054223,0.028048,0.043568,0.130434,43.205568,42.573493,-2.970773,1.967756,-1.577289,-2.890106,1.890139,-1.528172,0.123961,0.130513,0.151177
1778249492.019637,0.686579,0.345053,0.977086,0.0000,0.0000,0.0000,0.104683,0.104683,0.104640,0.001196,0.001196,0.000000,0.750960,0.378142,1.028886,0.054276,0.027965,0.043555,0.130514,43.206033,42.573547,-2.970635,1.967622,-1.577300,-2.890106,1.890139,-1.528139,0.123959,0.130515,0.150739
1778249492.029799,0.686671,0.345218,0.977240,0.0000,0.0000,0.0000,0.104693,0.104693,0.104640,0.001005,0.001005,0.000000,0.750970,0.378152,1.028886,0.054328,0.027886,0.043541,0.130579,43.208625,42.575835,-2.970494,1.967486,-1.577310,-2.890106,1.890139,-1.528139,0.123956,0.130518,0.147490
1778249492.039754,0.686765,0.345382,0.977394,0.0000,0.0000,0.0000,0.104701,0.104701,0.104640,0.000844,0.000844,0.000000,0.750978,0.378160,1.028886,0.054381,0.027808,0.043525,0.130634,43.205433,42.573038,-2.970315,1.967313,-1.577325,-2.890106,1.890139,-1.528139,0.123954,0.130519,0.147521
1778249492.049630,0.686880,0.345586,0.977590,0.0000,0.0000,0.0000,0.104708,0.104708,0.104640,0.000709,0.000709,0.000000,0.750985,0.378167,1.028886,0.054448,0.027715,0.043500,0.130684,43.187821,42.556620,-2.970170,1.967174,-1.577340,-2.890106,1.890139,-1.528139,0.123953,0.130521,0.147557
1778249492.059727,0.686973,0.345745,0.977746,0.0000,0.0000,0.0000,0.104714,0.104714,0.104640,0.000595,0.000595,0.000000,0.750991,0.378173,1.028886,0.054502,0.027643,0.043479,0.130729,43.194793,42.563585,-2.970024,1.967034,-1.577356,-2.890106,1.890139,-1.528139,0.123951,0.130523,0.147604
1778249492.070549,0.687066,0.345904,0.977902,0.0000,0.0000,0.0000,0.104719,0.104719,0.104640,0.000500,0.000500,0.000000,0.750996,0.378178,1.028886,0.054554,0.027571,0.043459,0.130770,43.209939,42.578476,-2.969837,1.966855,-1.577378,-2.890106,1.890139,-1.528139,0.123949,0.130525,0.147665
1778249492.079800,0.687185,0.346098,0.978094,0.0000,0.0000,0.0000,0.104724,0.104724,0.104640,0.000420,0.000420,0.000000,0.751000,0.378182,1.028886,0.054619,0.027486,0.043432,0.130810,43.226885,42.595363,-2.969684,1.966709,-1.577394,-2.890106,1.890139,-1.528139,0.123947,0.130526,0.147716
1778249492.089611,0.687281,0.346250,0.978247,0.0000,0.0000,0.0000,0.104727,0.104727,0.104640,0.000353,0.000353,0.000000,0.751004,0.378186,1.028886,0.054669,0.027420,0.043410,0.130847,43.235001,42.603686,-2.969527,1.966559,-1.577410,-2.890106,1.890139,-1.528139,0.123946,0.130527,0.147764
1778249492.099726,0.687400,0.346437,0.978437,0.0000,0.0000,0.0000,0.104730,0.104730,0.104640,0.000296,0.000296,0.000000,0.751007,0.378189,1.028886,0.054732,0.027340,0.043381,0.130884,43.242326,42.611626,-2.969326,1.966367,-1.577430,-2.890106,1.890139,-1.528139,0.123945,0.130529,0.147824
1778249492.109640,0.687495,0.346584,0.978589,0.0000,0.0000,0.0000,0.104733,0.104733,0.104640,0.000249,0.000249,0.000000,0.751009,0.378191,1.028886,0.054782,0.027277,0.043358,0.130919,43.247999,42.617884,-2.969161,1.966209,-1.577444,-2.890106,1.890139,-1.528139,0.123944,0.130530,0.147871
1778249492.119752,0.687591,0.346728,0.978742,0.0000,0.0000,0.0000,0.104735,0.104735,0.104640,0.000209,0.000209,0.000000,0.751011,0.378193,1.028886,0.054832,0.027217,0.043333,0.130951,43.252629,42.622841,-2.968992,1.966048,-1.577459,-2.890106,1.890139,-1.528139,0.123943,0.130531,0.147916
1778249492.129584,0.687709,0.346905,0.978932,0.0000,0.0000,0.0000,0.104736,0.104736,0.104640,0.000176,0.000176,0.000000,0.751013,0.378195,1.028886,0.054893,0.027144,0.043300,0.130984,43.260224,42.630843,-2.968775,1.965840,-1.577477,-2.890106,1.890139,-1.528139,0.123942,0.130532,0.147970
1778249492.139597,0.687803,0.347044,0.979084,0.0000,0.0000,0.0000,0.104738,0.104738,0.104640,0.000148,0.000148,0.000000,0.751015,0.378197,1.028886,0.054943,0.027087,0.043273,0.131015,43.264131,42.635283,-2.968596,1.965670,-1.577491,-2.890106,1.890139,-1.528139,0.123941,0.130532,0.148013
1778249492.149704,0.687900,0.347183,0.979230,0.0000,0.0000,0.0000,0.104739,0.104739,0.104640,0.000124,0.000124,0.000000,0.751016,0.378198,1.028886,0.054989,0.027030,0.043250,0.131045,43.342528,42.710555,-2.968412,1.965494,-1.577503,-2.890106,1.890139,-1.528139,0.123940,0.130533,0.148065
1778249492.159745,0.688004,0.347324,0.979368,0.0000,0.0000,0.0000,0.104739,0.104739,0.104640,0.000124,0.000124,0.000000,0.751016,0.378198,1.028886,0.054989,0.027030,0.043250,0.131045,43.342528,42.710555,-2.968175,1.965268,-1.577515,-2.890106,1.890139,-1.528139,0.123939,0.130534,0.148100
1778249492.169654,0.688138,0.347504,0.979541,0.0000,0.0000,0.0000,0.104741,0.104741,0.104640,0.000087,0.000087,0.000000,0.751018,0.378200,1.028886,0.055082,0.026894,0.043217,0.131102,43.348943,42.714801,-2.967984,1.965085,-1.577523,-2.890106,1.890139,-1.528139,0.123939,0.130534,0.148128
1778249492.179805,0.688242,0.347643,0.979687,0.0000,0.0000,0.0000,0.104741,0.104741,0.104640,0.000087,0.000087,0.000000,0.751018,0.378200,1.028886,0.055082,0.026894,0.043217,0.131102,43.348943,42.714801,-2.967794,1.964904,-1.577530,-2.890106,1.890139,-1.528139,0.123940,0.130533,0.148152
1778249492.189703,0.688342,0.347780,0.979844,0.0000,0.0000,0.0000,0.104742,0.104742,0.104640,0.000062,0.000062,0.000000,0.751019,0.378201,1.028886,0.055175,0.026784,0.043166,0.131157,43.218149,42.588934,-2.967565,1.964684,-1.577534,-2.890106,1.890139,-1.528139,0.123940,0.130533,0.148175
1778249492.199613,0.688473,0.347960,0.980037,0.0000,0.0000,0.0000,0.104743,0.104743,0.104640,0.000052,0.000052,0.000000,0.751020,0.378202,1.028886,0.055236,0.026710,0.043134,0.131185,43.253674,42.620765,-2.967383,1.964510,-1.577536,-2.890106,1.890139,-1.528139,0.123940,0.130533,0.148185
1778249492.209665,0.688586,0.348115,0.980186,0.0000,0.0000,0.0000,0.104743,0.104743,0.104640,0.000044,0.000044,0.000000,0.751020,0.378202,1.028886,0.055282,0.026643,0.043117,0.131213,43.279845,42.644087,-2.967205,1.964338,-1.577539,-2.890106,1.890139,-1.528139,0.123940,0.130533,0.148192
1778249492.219713,0.688704,0.348277,0.980330,0.0000,0.0000,0.0000,0.104744,0.104744,0.104640,0.000037,0.000037,0.000000,0.751021,0.378202,1.028886,0.055326,0.026571,0.043105,0.131241,43.299546,42.661665,-2.966987,1.964129,-1.577542,-2.890106,1.890139,-1.528139,0.123940,0.130533,0.148202
1778249492.229634,0.688825,0.348449,0.980472,0.0000,0.0000,0.0000,0.104744,0.104744,0.104640,0.000031,0.000031,0.000000,0.751021,0.378203,1.028886,0.055370,0.026491,0.043097,0.131269,43.313976,42.674818,-2.966818,1.963967,-1.577545,-2.890106,1.890139,-1.528139,0.123940,0.130533,0.148209
1778249492.239633,0.688979,0.348674,0.980649,0.0000,0.0000,0.0000,0.104744,0.104744,0.104640,0.000026,0.000026,0.000000,0.751021,0.378203,1.028886,0.055427,0.026382,0.043091,0.131300,43.325803,42.685315,-2.966654,1.963810,-1.577550,-2.890106,1.890139,-1.528139,0.123940,0.130533,0.148218
1778249492.249729,0.689094,0.348869,0.980790,0.0000,0.0000,0.0000,0.104744,0.104744,0.104640,0.000026,0.000026,0.000000,0.751021,0.378203,1.028886,0.055427,0.026382,0.043091,0.131300,43.325803,42.685315,-2.966457,1.963622,-1.577554,-2.890106,1.890139,-1.528139,0.123941,0.130532,0.148235
1778249492.259572,0.689207,0.349142,0.980973,0.0000,0.0000,0.0000,0.104745,0.104745,0.104640,0.000018,0.000018,0.000000,0.751021,0.378203,1.028886,0.055567,0.026125,0.043068,0.131373,43.344842,42.709596,-2.966307,1.963477,-1.577554,-2.890106,1.890139,-1.528139,0.123941,0.130532,0.148245
1778249492.269745,0.689294,0.349357,0.981125,0.0000,0.0000,0.0000,0.104745,0.104745,0.104640,0.000018,0.000018,0.000000,0.751021,0.378203,1.028886,0.055567,0.026125,0.043068,0.131373,43.344842,42.709596,-2.966125,1.963296,-1.577550,-2.890106,1.890139,-1.528139,0.123940,0.130533,0.148246
1778249492.279696,0.689419,0.349601,0.981311,0.0000,0.0000,0.0000,0.104745,0.104745,0.104640,0.000013,0.000013,0.000000,0.751022,0.378204,1.028886,0.055716,0.025871,0.043028,0.131458,43.349996,42.715528,-2.965981,1.963151,-1.577544,-2.890106,1.890139,-1.528139,0.123936,0.130537,0.148234
1778249492.289690,0.689529,0.349781,0.981458,0.0000,0.0000,0.0000,0.104745,0.104745,0.104640,0.000011,0.000011,0.000000,0.751022,0.378204,1.028886,0.055770,0.025779,0.043013,0.131498,43.347435,42.712525,-2.965836,1.963007,-1.577537,-2.890106,1.890139,-1.528139,0.123931,0.130541,0.148214
1778249492.300002,0.689644,0.349954,0.981602,0.0000,0.0000,0.0000,0.104745,0.104745,0.104640,0.000011,0.000011,0.000000,0.751022,0.378204,1.028886,0.055770,0.025779,0.043013,0.131498,43.347435,42.712525,-2.965692,1.962865,-1.577530,-2.890106,1.890139,-1.528139,0.123927,0.130545,0.148190
1778249492.309604,0.689788,0.350168,0.981781,0.0000,0.0000,0.0000,0.104745,0.104745,0.104640,0.000000,0.000000,0.000000,0.751022,0.378204,1.028886,0.055880,0.025585,0.042987,0.131571,43.383886,42.749350,-2.965511,1.962687,-1.577523,-2.890106,1.890139,-1.528139,0.123925,0.130548,0.148169
1778249492.319629,0.689902,0.350336,0.981925,0.0000,0.0000,0.0000,0.104745,0.104745,0.104640,0.000000,0.000000,0.000000,0.751022,0.378204,1.028886,0.055929,0.025501,0.042973,0.131604,43.384695,42.751285,-2.965366,1.962544,-1.577517,-2.890106,1.890139,-1.528139,0.123923,0.130549,0.148152
1778249492.329777,0.690013,0.350501,0.982069,0.0000,0.0000,0.0000,0.104745,0.104745,0.104640,0.000000,0.000000,0.000000,0.751022,0.378204,1.028886,0.055979,0.025419,0.042957,0.131637,43.386989,42.754796,-2.965183,1.962364,-1.577510,-2.890106,1.890139,-1.528139,0.123921,0.130552,0.148130
1778249492.339622,0.690151,0.350699,0.982251,0.0000,0.0000,0.0000,0.104745,0.104745,0.104640,0.000000,0.000000,0.000000,0.751022,0.378204,1.028886,0.056040,0.025322,0.042934,0.131669,43.391433,42.760939,-2.965034,1.962218,-1.577503,-2.890106,1.890139,-1.528139,0.123919,0.130553,0.148114
1778249492.349707,0.690258,0.350852,0.982397,0.0000,0.0000,0.0000,0.104745,0.104745,0.104640,0.000000,0.000000,0.000000,0.751022,0.378204,1.028886,0.056090,0.025247,0.042913,0.131700,43.397291,42.767977,-2.964882,1.962069,-1.577496,-2.890106,1.890139,-1.528139,0.123917,0.130555,0.148092
1778249492.359668,0.690363,0.351000,0.982544,0.0000,0.0000,0.0000,0.104745,0.104745,0.104640,0.000000,0.000000,0.000000,0.751022,0.378204,1.028886,0.056139,0.025177,0.042890,0.131729,43.402992,42.774970,-2.964688,1.961879,-1.577485,-2.890106,1.890139,-1.528139,0.123915,0.130557,0.148064
1778249492.369685,0.690507,0.351205,0.982700,0.0000,0.0000,0.0000,0.104745,0.104745,0.104640,0.000000,0.000000,0.000000,0.751022,0.378204,1.028886,0.056190,0.025069,0.042886,0.131760,43.699169,43.054794,-2.964534,1.961726,-1.577489,-2.890106,1.890139,-1.528139,0.123913,0.130558,0.148037
1778249492.379758,0.690654,0.351399,0.982788,0.0000,0.0000,0.0000,0.104745,0.104745,0.104640,0.000000,0.000000,0.000000,0.751022,0.378204,1.028886,0.056210,0.024959,0.042924,0.131789,43.803819,43.147269,-2.964386,1.961576,-1.577511,-2.890106,1.890139,-1.528139,0.123908,0.130564,0.148050
1778249492.389632,0.690818,0.351606,0.982875,0.0000,0.0000,0.0000,0.104745,0.104745,0.104640,0.000000,0.000000,0.000000,0.751022,0.378204,1.028886,0.056226,0.024840,0.042972,0.131818,43.764662,43.102673,-2.964248,1.961438,-1.577537,-2.890106,1.890139,-1.528139,0.123899,0.130572,0.148115
1778249492.399767,0.691004,0.351813,0.982955,0.0000,0.0000,0.0000,0.104745,0.104745,0.104640,0.000000,0.000000,0.000000,0.751022,0.378204,1.028886,0.056230,0.024725,0.043033,0.131844,43.778223,43.110342,-2.964093,1.961283,-1.577566,-2.890106,1.890139,-1.528139,0.123888,0.130582,0.148215
1778249492.409798,0.691202,0.352008,0.983036,0.0000,0.0000,0.0000,0.104745,0.104745,0.104640,0.000000,0.000000,0.000000,0.751022,0.378204,1.028886,0.056230,0.024725,0.043033,0.131844,43.778223,43.110342,-2.963980,1.961172,-1.577585,-2.890106,1.890139,-1.528139,0.123881,0.130589,0.148281
1778249492.419627,0.691453,0.352236,0.983148,0.0000,0.0000,0.0000,0.104745,0.104745,0.104640,0.000000,0.000000,0.000000,0.751022,0.378204,1.028886,0.056222,0.024509,0.043168,0.131888,43.668941,43.004620,-2.963874,1.961069,-1.577600,-2.890106,1.890139,-1.528139,0.123877,0.130593,0.148337
1778249492.429676,0.691644,0.352414,0.983246,0.0000,0.0000,0.0000,0.104745,0.104745,0.104640,0.000000,0.000000,0.000000,0.751022,0.378204,1.028886,0.056223,0.024420,0.043216,0.131908,43.649544,42.989333,-2.963745,1.960947,-1.577617,-2.890106,1.890139,-1.528139,0.123874,0.130596,0.148394
1778249492.439728,0.691868,0.352634,0.983377,0.0000,0.0000,0.0000,0.104745,0.104745,0.104640,0.000000,0.000000,0.000000,0.751022,0.378204,1.028886,0.056235,0.024308,0.043264,0.131928,43.634160,42.979049,-2.963645,1.960852,-1.577629,-2.890106,1.890139,-1.528139,0.123873,0.130597,0.148434
1778249492.449667,0.692036,0.352807,0.983487,0.0000,0.0000,0.0000,0.104745,0.104745,0.104640,0.000000,0.000000,0.000000,0.751022,0.378204,1.028886,0.056250,0.024219,0.043294,0.131948,43.626694,42.975043,-2.963522,1.960735,-1.577642,-2.890106,1.890139,-1.528139,0.123873,0.130597,0.148478
1778249492.459734,0.692236,0.353015,0.983630,0.0000,0.0000,0.0000,0.104745,0.104745,0.104640,0.000000,0.000000,0.000000,0.751022,0.378204,1.028886,0.056274,0.024112,0.043322,0.131969,43.621430,42.973146,-2.963424,1.960643,-1.577651,-2.890106,1.890139,-1.528139,0.123873,0.130597,0.148508
1778249492.469642,0.692390,0.353174,0.983748,0.0000,0.0000,0.0000,0.104745,0.104745,0.104640,0.000000,0.000000,0.000000,0.751022,0.378204,1.028886,0.056295,0.024032,0.043340,0.131989,43.633649,42.986797,-2.963327,1.960551,-1.577659,-2.890106,1.890139,-1.528139,0.123873,0.130597,0.148536
1778249492.479663,0.692543,0.353325,0.983865,0.0000,0.0000,0.0000,0.104745,0.104745,0.104640,0.000000,0.000000,0.000000,0.751022,0.378204,1.028886,0.056315,0.023958,0.043355,0.132008,43.638205,42.992693,-2.963229,1.960458,-1.577665,-2.890106,1.890139,-1.528139,0.123873,0.130596,0.148560
1778249492.489755,0.692690,0.353469,0.983986,0.0000,0.0000,0.0000,0.104745,0.104745,0.104640,0.000000,0.000000,0.000000,0.751022,0.378204,1.028886,0.056337,0.023888,0.043364,0.132027,43.631547,42.988412,-2.963105,1.960341,-1.577669,-2.890106,1.890139,-1.528139,0.123874,0.130596,0.148580
1778249492.499617,0.692865,0.353647,0.984142,0.0000,0.0000,0.0000,0.104745,0.104745,0.104640,0.000000,0.000000,0.000000,0.751022,0.378204,1.028886,0.056370,0.023802,0.043369,0.132046,43.627972,42.987233,-2.963005,1.960247,-1.577672,-2.890106,1.890139,-1.528139,0.123875,0.130594,0.148590
1778249492.509623,0.693000,0.353788,0.984269,0.0000,0.0000,0.0000,0.104745,0.104745,0.104640,0.000000,0.000000,0.000000,0.751022,0.378204,1.028886,0.056399,0.023733,0.043369,0.132065,43.629141,42.989391,-2.962880,1.960129,-1.577675,-2.890106,1.890139,-1.528139,0.123877,0.130593,0.148601
1778249492.520006,0.693166,0.353961,0.984430,0.0000,0.0000,0.0000,0.104745,0.104745,0.104640,0.000000,0.000000,0.000000,0.751022,0.378204,1.028886,0.056437,0.023648,0.043366,0.132085,43.630760,42.991754,-2.962779,1.960034,-1.577677,-2.890106,1.890139,-1.528139,0.123879,0.130591,0.148609
1778249492.529689,0.693296,0.354099,0.984559,0.0000,0.0000,0.0000,0.104745,0.104745,0.104640,0.000000,0.000000,0.000000,0.751022,0.378204,1.028886,0.056469,0.023580,0.043362,0.132105,43.632367,42.993889,-2.962679,1.959940,-1.577679,-2.890106,1.890139,-1.528139,0.123880,0.130590,0.148615
1778249492.539684,0.693425,0.354236,0.984691,0.0000,0.0000,0.0000,0.104745,0.104745,0.104640,0.000000,0.000000,0.000000,0.751022,0.378204,1.028886,0.056502,0.023512,0.043355,0.132124,43.621674,42.984553,-2.962554,1.959822,-1.577682,-2.890106,1.890139,-1.528139,0.123882,0.130588,0.148622
1778249492.549715,0.693580,0.354405,0.984861,0.0000,0.0000,0.0000,0.104745,0.104745,0.104640,0.000000,0.000000,0.000000,0.751022,0.378204,1.028886,0.056549,0.023429,0.043340,0.132144,43.593156,42.958071,-2.962457,1.959731,-1.577685,-2.890106,1.890139,-1.528139,0.123884,0.130587,0.148629
1778249492.559627,0.693700,0.354538,0.985001,0.0000,0.0000,0.0000,0.104745,0.104745,0.104640,0.000000,0.000000,0.000000,0.751022,0.378204,1.028886,0.056588,0.023363,0.043324,0.132164,43.595959,42.961689,-2.962360,1.959640,-1.577688,-2.890106,1.890139,-1.528139,0.123885,0.130585,0.148638
1778249492.569716,0.693820,0.354670,0.985140,0.0000,0.0000,0.0000,0.104745,0.104745,0.104640,0.000000,0.000000,0.000000,0.751022,0.378204,1.028886,0.056628,0.023298,0.043307,0.132184,43.611596,42.977385,-2.962263,1.959549,-1.577691,-2.890106,1.890139,-1.528139,0.123887,0.130583,0.148647
1778249492.579947,0.693939,0.354800,0.985278,0.0000,0.0000,0.0000,0.104745,0.104745,0.104640,0.000000,0.000000,0.000000,0.751022,0.378204,1.028886,0.056628,0.023298,0.043307,0.132184,43.611596,42.977385,-2.962141,1.959434,-1.577694,-2.890106,1.890139,-1.528139,0.123889,0.130581,0.148657
1778249492.589681,0.694087,0.354961,0.985450,0.0000,0.0000,0.0000,0.104745,0.104745,0.104640,0.000000,0.000000,0.000000,0.751022,0.378204,1.028886,0.056716,0.023154,0.043269,0.132223,43.642804,43.009319,-2.962041,1.959340,-1.577697,-2.890106,1.890139,-1.528139,0.123891,0.130580,0.148665
1778249492.599655,0.694204,0.355088,0.985587,0.0000,0.0000,0.0000,0.104745,0.104745,0.104640,0.000000,0.000000,0.000000,0.751022,0.378204,1.028886,0.056755,0.023091,0.043252,0.132243,43.652591,43.019635,-2.961940,1.959245,-1.577700,-2.890106,1.890139,-1.528139,0.123892,0.130578,0.148674
1778249492.609671,0.694320,0.355212,0.985723,0.0000,0.0000,0.0000,0.104745,0.104745,0.104640,0.000000,0.000000,0.000000,0.751022,0.378204,1.028886,0.056794,0.023029,0.043233,0.132262,43.660782,43.028346,-2.961812,1.959124,-1.577703,-2.890106,1.890139,-1.528139,0.123894,0.130576,0.148685
1778249492.619658,0.694464,0.355366,0.985894,0.0000,0.0000,0.0000,0.104745,0.104745,0.104640,0.000000,0.000000,0.000000,0.751022,0.378204,1.028886,0.056843,0.022953,0.043209,0.132282,43.672552,43.040521,-2.961707,1.959025,-1.577707,-2.890106,1.890139,-1.528139,0.123896,0.130575,0.148693
1778249492.629686,0.694578,0.355487,0.986031,0.0000,0.0000,0.0000,0.104745,0.104745,0.104640,0.000000,0.000000,0.000000,0.751022,0.378204,1.028886,0.056883,0.022893,0.043189,0.132301,43.678177,43.046549,-2.961600,1.958925,-1.577710,-2.890106,1.890139,-1.528139,0.123898,0.130573,0.148704
1778249492.639676,0.694692,0.355607,0.986167,0.0000,0.0000,0.0000,0.104745,0.104745,0.104640,0.000000,0.000000,0.000000,0.751022,0.378204,1.028886,0.056922,0.022834,0.043168,0.132319,43.685547,43.054248,-2.961492,1.958823,-1.577714,-2.890106,1.890139,-1.528139,0.123899,0.130572,0.148712
1778249492.649758,0.694805,0.355725,0.986304,0.0000,0.0000,0.0000,0.104745,0.104745,0.104640,0.000000,0.000000,0.000000,0.751022,0.378204,1.028886,0.056962,0.022776,0.043146,0.132337,43.691894,43.060971,-2.961353,1.958692,-1.577718,-2.890106,1.890139,-1.528139,0.123901,0.130570,0.148727
1778249492.659674,0.694945,0.355872,0.986474,0.0000,0.0000,0.0000,0.104745,0.104745,0.104640,0.000000,0.000000,0.000000,0.751022,0.378204,1.028886,0.057011,0.022704,0.043119,0.132355,43.700427,43.069993,-2.961240,1.958585,-1.577723,-2.890106,1.890139,-1.528139,0.123902,0.130569,0.148737
1778249492.669565,0.695057,0.355988,0.986610,0.0000,0.0000,0.0000,0.104745,0.104745,0.104640,0.000000,0.000000,0.000000,0.751022,0.378204,1.028886,0.057051,0.022647,0.043096,0.132373,43.706132,43.075966,-2.961125,1.958476,-1.577727,-2.890106,1.890139,-1.528139,0.123904,0.130567,0.148751
1778249492.679627,0.695169,0.356102,0.986747,0.0000,0.0000,0.0000,0.104745,0.104745,0.104640,0.000000,0.000000,0.000000,0.751022,0.378204,1.028886,0.057091,0.022592,0.043073,0.132391,43.710516,43.080678,-2.961008,1.958365,-1.577731,-2.890106,1.890139,-1.528139,0.123905,0.130566,0.148764
1778249492.690008,0.695280,0.356216,0.986883,0.0000,0.0000,0.0000,0.104745,0.104745,0.104640,0.000000,0.000000,0.000000,0.751022,0.378204,1.028886,0.057130,0.022536,0.043050,0.132407,43.716039,43.086348,-2.960858,1.958223,-1.577738,-2.890106,1.890139,-1.528139,0.123907,0.130565,0.148780
1778249492.699668,0.695391,0.356328,0.987019,0.0000,0.0000,0.0000,0.104745,0.104745,0.104640,0.000000,0.000000,0.000000,0.751022,0.378204,1.028886,0.057170,0.022481,0.043026,0.132424,43.721525,43.092118,-2.960735,1.958107,-1.577743,-2.890106,1.890139,-1.528139,0.123908,0.130564,0.148796
1778249492.709671,0.695530,0.356467,0.987189,0.0000,0.0000,0.0000,0.104745,0.104745,0.104640,0.000000,0.000000,0.000000,0.751022,0.378204,1.028886,0.057219,0.022413,0.042995,0.132441,43.733667,43.104288,-2.960611,1.957989,-1.577749,-2.890106,1.890139,-1.528139,0.123909,0.130563,0.148812
1778249492.719705,0.695641,0.356579,0.987323,0.0000,0.0000,0.0000,0.104745,0.104745,0.104640,0.000000,0.000000,0.000000,0.751022,0.378204,1.028886,0.057259,0.022358,0.042972,0.132458,43.742256,43.112914,-2.960484,1.957869,-1.577755,-2.890106,1.890139,-1.528139,0.123910,0.130562,0.148830
1778249492.729542,0.695753,0.356692,0.987457,0.0000,0.0000,0.0000,0.104745,0.104745,0.104640,0.000000,0.000000,0.000000,0.751022,0.378204,1.028886,0.057298,0.022301,0.042949,0.132474,43.757495,43.127657,-2.960356,1.957746,-1.577763,-2.890106,1.890139,-1.528139,0.123910,0.130561,0.148848
1778249492.739893,0.695866,0.356806,0.987589,0.0000,0.0000,0.0000,0.104745,0.104745,0.104640,0.000000,0.000000,0.000000,0.751022,0.378204,1.028886,0.057336,0.022243,0.042928,0.132490,43.766460,43.136397,-2.960192,1.957591,-1.577774,-2.890106,1.890139,-1.528139,0.123911,0.130561,0.148879
1778249492.749547,0.696007,0.356947,0.987755,0.0000,0.0000,0.0000,0.104745,0.104745,0.104640,0.000000,0.000000,0.000000,0.751022,0.378204,1.028886,0.057383,0.022172,0.042902,0.132507,43.768993,43.139347,-2.960059,1.957464,-1.577782,-2.890106,1.890139,-1.528139,0.123911,0.130561,0.148904
1778249492.759668,0.696120,0.357057,0.987888,0.0000,0.0000,0.0000,0.104745,0.104745,0.104640,0.000000,0.000000,0.000000,0.751022,0.378204,1.028886,0.057421,0.022117,0.042879,0.132523,43.768655,43.139440,-2.959923,1.957335,-1.577791,-2.890106,1.890139,-1.528139,0.123911,0.130561,0.148929
1778249492.769628,0.696232,0.357166,0.988021,0.0000,0.0000,0.0000,0.104745,0.104745,0.104640,0.000000,0.000000,0.000000,0.751022,0.378204,1.028886,0.057460,0.022063,0.042856,0.132539,43.770732,43.142009,-2.959785,1.957203,-1.577799,-2.890106,1.890139,-1.528139,0.123911,0.130560,0.148961
1778249492.779759,0.696344,0.357273,0.988155,0.0000,0.0000,0.0000,0.104745,0.104745,0.104640,0.000000,0.000000,0.000000,0.751022,0.378204,1.028886,0.057498,0.022010,0.042831,0.132554,43.773743,43.145509,-2.959609,1.957035,-1.577810,-2.890106,1.890139,-1.528139,0.123911,0.130560,0.148988
1778249492.789616,0.696482,0.357405,0.988323,0.0000,0.0000,0.0000,0.104745,0.104745,0.104640,0.000000,0.000000,0.000000,0.751022,0.378204,1.028886,0.057546,0.021945,0.042800,0.132570,43.780547,43.152760,-2.959465,1.956897,-1.577820,-2.890106,1.890139,-1.528139,0.123911,0.130560,0.149013
1778249492.799721,0.696593,0.357508,0.988457,0.0000,0.0000,0.0000,0.104745,0.104745,0.104640,0.000000,0.000000,0.000000,0.751022,0.378204,1.028886,0.057585,0.021895,0.042773,0.132585,43.783237,43.155965,-2.959317,1.956756,-1.577829,-2.890106,1.890139,-1.528139,0.123911,0.130561,0.149042
1778249492.809622,0.696702,0.357612,0.988592,0.0000,0.0000,0.0000,0.104745,0.104745,0.104640,0.000000,0.000000,0.000000,0.751022,0.378204,1.028886,0.057624,0.021845,0.042746,0.132599,43.787990,43.161176,-2.959167,1.956613,-1.577839,-2.890106,1.890139,-1.528139,0.123911,0.130561,0.149069
1778249492.819659,0.696812,0.357712,0.988726,0.0000,0.0000,0.0000,0.104745,0.104745,0.104640,0.000000,0.000000,0.000000,0.751022,0.378204,1.028886,0.057663,0.021797,0.042718,0.132613,43.790990,43.164460,-2.958974,1.956429,-1.577852,-2.890106,1.890139,-1.528139,0.123911,0.130561,0.149100
1778249492.829667,0.696947,0.357836,0.988895,0.0000,0.0000,0.0000,0.104745,0.104745,0.104640,0.000000,0.000000,0.000000,0.751022,0.378204,1.028886,0.057713,0.021738,0.042682,0.132628,43.795173,43.169320,-2.958816,1.956278,-1.577862,-2.890106,1.890139,-1.528139,0.123911,0.130561,0.149138
1778249492.839658,0.697056,0.357934,0.989030,0.0000,0.0000,0.0000,0.104745,0.104745,0.104640,0.000000,0.000000,0.000000,0.751022,0.378204,1.028886,0.057752,0.021692,0.042652,0.132643,43.798754,43.173271,-2.958654,1.956124,-1.577874,-2.890106,1.890139,-1.528139,0.123911,0.130561,0.149170
1778249492.849573,0.697163,0.358031,0.989165,0.0000,0.0000,0.0000,0.104745,0.104745,0.104640,0.000000,0.000000,0.000000,0.751022,0.378204,1.028886,0.057792,0.021646,0.042622,0.132656,43.802802,43.177748,-2.958489,1.955966,-1.577886,-2.890106,1.890139,-1.528139,0.123910,0.130561,0.149204
1778249492.859863,0.697269,0.358124,0.989304,0.0000,0.0000,0.0000,0.104745,0.104745,0.104640,0.000000,0.000000,0.000000,0.751022,0.378204,1.028886,0.057833,0.021604,0.042587,0.132670,43.745607,43.123544,-2.958279,1.955766,-1.577900,-2.890106,1.890139,-1.528139,0.123910,0.130561,0.149249
1778249492.869735,0.697392,0.358230,0.989492,0.0000,0.0000,0.0000,0.104745,0.104745,0.104640,0.000000,0.000000,0.000000,0.751022,0.378204,1.028886,0.057833,0.021604,0.042587,0.132670,43.745607,43.123544,-2.958113,1.955607,-1.577908,-2.890106,1.890139,-1.528139,0.123910,0.130561,0.149282
1778249492.879616,0.697491,0.358316,0.989642,0.0000,0.0000,0.0000,0.104745,0.104745,0.104640,0.000000,0.000000,0.000000,0.751022,0.378204,1.028886,0.057942,0.021527,0.042478,0.132697,43.715421,43.094828,-2.957945,1.955447,-1.577915,-2.890106,1.890139,-1.528139,0.123910,0.130561,0.149306
1778249492.889637,0.697595,0.358405,0.989788,0.0000,0.0000,0.0000,0.104745,0.104745,0.104640,0.000000,0.000000,0.000000,0.751022,0.378204,1.028886,0.057987,0.021489,0.042435,0.132710,43.748235,43.125458,-2.957775,1.955284,-1.577922,-2.890106,1.890139,-1.528139,0.123910,0.130561,0.149328
1778249492.899685,0.697704,0.358497,0.989930,0.0000,0.0000,0.0000,0.104745,0.104745,0.104640,0.000000,0.000000,0.000000,0.751022,0.378204,1.028886,0.058029,0.021448,0.042398,0.132723,43.764191,43.139877,-2.957605,1.955121,-1.577930,-2.890106,1.890139,-1.528139,0.123911,0.130561,0.149356
1778249492.909631,0.697844,0.358618,0.990105,0.0000,0.0000,0.0000,0.104745,0.104745,0.104640,0.000000,0.000000,0.000000,0.751022,0.378204,1.028886,0.058080,0.021392,0.042356,0.132736,43.773754,43.148005,-2.957392,1.954919,-1.577938,-2.890106,1.890139,-1.528139,0.123911,0.130560,0.149378
1778249492.919662,0.697959,0.358717,0.990243,0.0000,0.0000,0.0000,0.104745,0.104745,0.104640,0.000000,0.000000,0.000000,0.751022,0.378204,1.028886,0.058120,0.021344,0.042326,0.132748,43.778605,43.152039,-2.957223,1.954758,-1.577945,-2.890106,1.890139,-1.528139,0.123913,0.130559,0.149398
1778249492.929689,0.698077,0.358817,0.990382,0.0000,0.0000,0.0000,0.104745,0.104745,0.104640,0.000000,0.000000,0.000000,0.751022,0.378204,1.028886,0.058120,0.021344,0.042326,0.132748,43.778605,43.152039,-2.957055,1.954599,-1.577950,-2.890106,1.890139,-1.528139,0.123915,0.130557,0.149422
1778249492.939806,0.698194,0.358912,0.990522,0.0000,0.0000,0.0000,0.104745,0.104745,0.104640,0.000000,0.000000,0.000000,0.751022,0.378204,1.028886,0.058198,0.021254,0.042264,0.132772,43.762123,43.136454,-2.956846,1.954403,-1.577954,-2.890106,1.890139,-1.528139,0.123917,0.130555,0.149438
1778249492.949585,0.698312,0.358999,0.990664,0.0000,0.0000,0.0000,0.104745,0.104745,0.104640,0.000000,0.000000,0.000000,0.751022,0.378204,1.028886,0.058236,0.021219,0.042230,0.132782,43.758975,43.134115,-2.956679,1.954245,-1.577953,-2.890106,1.890139,-1.528139,0.123920,0.130552,0.149445
1778249492.959698,0.698459,0.359099,0.990842,0.0000,0.0000,0.0000,0.104745,0.104745,0.104640,0.000000,0.000000,0.000000,0.751022,0.378204,1.028886,0.058282,0.021183,0.042184,0.132793,43.765665,43.141656,-2.956509,1.954086,-1.577950,-2.890106,1.890139,-1.528139,0.123923,0.130549,0.149442
1778249492.969692,0.698575,0.359178,0.990984,0.0000,0.0000,0.0000,0.104745,0.104745,0.104640,0.000000,0.000000,0.000000,0.751022,0.378204,1.028886,0.058319,0.021156,0.042146,0.132802,43.778028,43.154885,-2.956337,1.953924,-1.577945,-2.890106,1.890139,-1.528139,0.123928,0.130544,0.149432
1778249492.979885,0.698688,0.359257,0.991125,0.0000,0.0000,0.0000,0.104745,0.104745,0.104640,0.000000,0.000000,0.000000,0.751022,0.378204,1.028886,0.058319,0.021156,0.042146,0.132802,43.778028,43.154885,-2.956161,1.953761,-1.577939,-2.890106,1.890139,-1.528139,0.123935,0.130538,0.149412
1778249492.989639,0.698825,0.359356,0.991301,0.0000,0.0000,0.0000,0.104745,0.104745,0.104640,0.000000,0.000000,0.000000,0.751022,0.378204,1.028886,0.058407,0.021090,0.042057,0.132821,43.803880,43.183034,-2.955937,1.953552,-1.577929,-2.890106,1.890139,-1.528139,0.123941,0.130532,0.149394
1778249492.999682,0.698936,0.359430,0.991441,0.0000,0.0000,0.0000,0.104745,0.104745,0.104640,0.000000,0.000000,0.000000,0.751022,0.378204,1.028886,0.058445,0.021066,0.042016,0.132830,43.816598,43.195014,-2.955754,1.953381,-1.577919,-2.890106,1.890139,-1.528139,0.123950,0.130524,0.149364
1778249493.009858,0.699051,0.359493,0.991576,0.0000,0.0000,0.0000,0.104745,0.104745,0.104640,0.000000,0.000000,0.000000,0.751022,0.378204,1.028886,0.058445,0.021066,0.042016,0.132830,43.816598,43.195014,-2.955518,1.953161,-1.577901,-2.890106,1.890139,-1.528139,0.123957,0.130517,0.149331
1778249493.019637,0.699217,0.359594,0.991703,0.0000,0.0000,0.0000,0.104745,0.104745,0.104640,0.000000,0.000000,0.000000,0.751022,0.378204,1.028886,0.058490,0.021012,0.041982,0.132845,44.153708,43.516700,-2.955324,1.952978,-1.577895,-2.890106,1.890139,-1.528139,0.123966,0.130509,0.149287
1778249493.029760,0.699363,0.359686,0.991797,0.0000,0.0000,0.0000,0.104745,0.104745,0.104640,0.000000,0.000000,0.000000,0.751022,0.378204,1.028886,0.058494,0.020968,0.041997,0.132851,44.084126,43.445229,-2.955134,1.952798,-1.577890,-2.890106,1.890139,-1.528139,0.123970,0.130505,0.149268
1778249493.039657,0.699486,0.359823,0.991906,0.0000,0.0000,0.0000,0.104745,0.104745,0.104640,0.000000,0.000000,0.000000,0.751022,0.378204,1.028886,0.058528,0.020875,0.041997,0.132860,44.003897,43.369254,-2.954954,1.952631,-1.577888,-2.890106,1.890139,-1.528139,0.123974,0.130501,0.149254
1778249493.049832,0.699571,0.360030,0.992035,0.0000,0.0000,0.0000,0.104745,0.104745,0.104640,0.000000,0.000000,0.000000,0.751022,0.378204,1.028886,0.058528,0.020875,0.041997,0.132860,44.003897,43.369254,-2.954786,1.952479,-1.577889,-2.890106,1.890139,-1.528139,0.123984,0.130491,0.149246
1778249493.059881,0.699635,0.360294,0.992176,0.0000,0.0000,0.0000,0.104745,0.104745,0.104640,0.000000,0.000000,0.000000,0.751022,0.378204,1.028886,0.058712,0.020462,0.041943,0.132904,43.920578,43.259376,-2.954594,1.952299,-1.577893,-2.890106,1.890139,-1.528139,0.123992,0.130483,0.149253
1778249493.069677,0.699737,0.360629,0.992342,0.0000,0.0000,0.0000,0.104745,0.104745,0.104640,0.000000,0.000000,0.000000,0.751022,0.378204,1.028886,0.058832,0.020161,0.041921,0.132938,44.012969,43.357404,-2.954454,1.952163,-1.577888,-2.890106,1.890139,-1.528139,0.123997,0.130479,0.149261
1778249493.079798,0.699883,0.360836,0.992442,0.0000,0.0000,0.0000,0.104745,0.104745,0.104640,0.000000,0.000000,0.000000,0.751022,0.378204,1.028886,0.058867,0.019992,0.041952,0.132968,44.129496,43.472998,-2.954329,1.952032,-1.577875,-2.890106,1.890139,-1.528139,0.123996,0.130480,0.149247
1778249493.089648,0.700073,0.361006,0.992523,0.0000,0.0000,0.0000,0.104745,0.104745,0.104640,0.000000,0.000000,0.000000,0.751022,0.378204,1.028886,0.058865,0.019870,0.042013,0.132990,44.169490,43.507790,-2.954210,1.951905,-1.577864,-2.890106,1.890139,-1.528139,0.123986,0.130490,0.149207
1778249493.100466,0.700272,0.361171,0.992600,0.0000,0.0000,0.0000,0.104745,0.104745,0.104640,0.000000,0.000000,0.000000,0.751022,0.378204,1.028886,0.058856,0.019753,0.042081,0.133006,44.191780,43.532032,-2.954063,1.951758,-1.577852,-2.890106,1.890139,-1.528139,0.123973,0.130501,0.149167
1778249493.109703,0.700496,0.361391,0.992705,0.0000,0.0000,0.0000,0.104745,0.104745,0.104640,0.000000,0.000000,0.000000,0.751022,0.378204,1.028886,0.058862,0.019587,0.042150,0.133022,44.161557,43.506937,-2.953948,1.951648,-1.577842,-2.890106,1.890139,-1.528139,0.123971,0.130503,0.149139
1778249493.119755,0.700666,0.361571,0.992790,0.0000,0.0000,0.0000,0.104745,0.104745,0.104640,0.000000,0.000000,0.000000,0.751022,0.378204,1.028886,0.058872,0.019446,0.042201,0.133036,44.218495,43.563991,-2.953837,1.951540,-1.577831,-2.890106,1.890139,-1.528139,0.123973,0.130502,0.149108
1778249493.129699,0.700836,0.361742,0.992874,0.0000,0.0000,0.0000,0.104745,0.104745,0.104640,0.000000,0.000000,0.000000,0.751022,0.378204,1.028886,0.058880,0.019314,0.042251,0.133049,44.216644,43.564291,-2.953727,1.951432,-1.577818,-2.890106,1.890139,-1.528139,0.123973,0.130502,0.149076
1778249493.139734,0.701004,0.361898,0.992962,0.0000,0.0000,0.0000,0.104745,0.104745,0.104640,0.000000,0.000000,0.000000,0.751022,0.378204,1.028886,0.058887,0.019197,0.042294,0.133061,44.195120,43.546782,-2.953590,1.951298,-1.577797,-2.890106,1.890139,-1.528139,0.123973,0.130502,0.149024
1778249493.149800,0.701164,0.362038,0.993056,0.0000,0.0000,0.0000,0.104745,0.104745,0.104640,0.000000,0.000000,0.000000,0.751022,0.378204,1.028886,0.058887,0.019197,0.042294,0.133061,44.195120,43.546782,-2.953479,1.951188,-1.577778,-2.890106,1.890139,-1.528139,0.123973,0.130502,0.148973
1778249493.159576,0.701353,0.362195,0.993182,0.0000,0.0000,0.0000,0.104745,0.104745,0.104640,0.000000,0.000000,0.000000,0.751022,0.378204,1.028886,0.058914,0.018988,0.042350,0.133081,44.148417,43.509878,-2.953364,1.951076,-1.577758,-2.890106,1.890139,-1.528139,0.123973,0.130502,0.148917
1778249493.169704,0.701497,0.362312,0.993287,0.0000,0.0000,0.0000,0.104745,0.104745,0.104640,0.000000,0.000000,0.000000,0.751022,0.378204,1.028886,0.058932,0.018910,0.042361,0.133091,44.148471,43.511968,-2.953246,1.950960,-1.577735,-2.890106,1.890139,-1.528139,0.123974,0.130501,0.148855
1778249493.179713,0.701635,0.362424,0.993394,0.0000,0.0000,0.0000,0.104745,0.104745,0.104640,0.000000,0.000000,0.000000,0.751022,0.378204,1.028886,0.058952,0.018836,0.042366,0.133099,44.149855,43.515281,-2.953125,1.950842,-1.577713,-2.890106,1.890139,-1.528139,0.123975,0.130500,0.148789
1778249493.189852,0.701767,0.362527,0.993507,0.0000,0.0000,0.0000,0.104745,0.104745,0.104640,0.000000,0.000000,0.000000,0.751022,0.378204,1.028886,0.058976,0.018771,0.042362,0.133108,44.085332,43.455187,-2.952971,1.950691,-1.577683,-2.890106,1.890139,-1.528139,0.123976,0.130499,0.148704
1778249493.199713,0.701899,0.362610,0.993626,0.0000,0.0000,0.0000,0.104745,0.104745,0.104640,0.000000,0.000000,0.000000,0.751022,0.378204,1.028886,0.058998,0.018729,0.042348,0.133115,44.074977,43.442864,-2.952853,1.950575,-1.577667,-2.890106,1.890139,-1.528139,0.123976,0.130499,0.148633
1778249493.209531,0.702091,0.362683,0.993766,0.0000,0.0000,0.0000,0.104745,0.104745,0.104640,0.000000,0.000000,0.000000,0.751022,0.378204,1.028886,0.059002,0.018716,0.042349,0.133119,44.128410,43.488082,-2.952735,1.950462,-1.577654,-2.890106,1.890139,-1.528139,0.123977,0.130498,0.148583
1778249493.219609,0.702250,0.362744,0.993873,0.0000,0.0000,0.0000,0.104745,0.104745,0.104640,0.000000,0.000000,0.000000,0.751022,0.378204,1.028886,0.059001,0.018702,0.042356,0.133121,44.138978,43.499722,-2.952617,1.950350,-1.577643,-2.890106,1.890139,-1.528139,0.123978,0.130497,0.148543
1778249493.229550,0.702402,0.362816,0.993984,0.0000,0.0000,0.0000,0.104745,0.104745,0.104640,0.000000,0.000000,0.000000,0.751022,0.378204,1.028886,0.059008,0.018676,0.042359,0.133122,44.116336,43.479475,-2.952500,1.950240,-1.577634,-2.890106,1.890139,-1.528139,0.123981,0.130494,0.148512
1778249493.239717,0.702548,0.362896,0.994099,0.0000,0.0000,0.0000,0.104745,0.104745,0.104640,0.000000,0.000000,0.000000,0.751022,0.378204,1.028886,0.059021,0.018638,0.042357,0.133123,44.097051,43.461495,-2.952359,1.950107,-1.577621,-2.890106,1.890139,-1.528139,0.123987,0.130489,0.148477
1778249493.249698,0.702692,0.362983,0.994216,0.0000,0.0000,0.0000,0.104745,0.104745,0.104640,0.000000,0.000000,0.000000,0.751022,0.378204,1.028886,0.059039,0.018593,0.042352,0.133125,44.088271,43.452753,-2.952251,1.950004,-1.577612,-2.890106,1.890139,-1.528139,0.123990,0.130485,0.148447
1778249493.259738,0.702835,0.363076,0.994335,0.0000,0.0000,0.0000,0.104745,0.104745,0.104640,0.000000,0.000000,0.000000,0.751022,0.378204,1.028886,0.059059,0.018541,0.042347,0.133127,44.087647,43.451385,-2.952147,1.949906,-1.577604,-2.890106,1.890139,-1.528139,0.123993,0.130482,0.148419
1778249493.269748,0.702981,0.363174,0.994453,0.0000,0.0000,0.0000,0.104745,0.104745,0.104640,0.000000,0.000000,0.000000,0.751022,0.378204,1.028886,0.059079,0.018483,0.042345,0.133130,44.101927,43.464246,-2.952048,1.949812,-1.577597,-2.890106,1.890139,-1.528139,0.123996,0.130480,0.148393
1778249493.279606,0.703168,0.363293,0.994598,0.0000,0.0000,0.0000,0.104745,0.104745,0.104640,0.000000,0.000000,0.000000,0.751022,0.378204,1.028886,0.059100,0.018414,0.042346,0.133133,44.078839,43.441343,-2.951954,1.949721,-1.577588,-2.890106,1.890139,-1.528139,0.123998,0.130478,0.148373
1778249493.289694,0.703315,0.363385,0.994720,0.0000,0.0000,0.0000,0.104745,0.104745,0.104640,0.000000,0.000000,0.000000,0.751022,0.378204,1.028886,0.059120,0.018364,0.042339,0.133136,44.051399,43.415659,-2.951866,1.949638,-1.577576,-2.890106,1.890139,-1.528139,0.124000,0.130476,0.148348
1778249493.299754,0.703457,0.363480,0.994846,0.0000,0.0000,0.0000,0.104745,0.104745,0.104640,0.000000,0.000000,0.000000,0.751022,0.378204,1.028886,0.059145,0.018309,0.042328,0.133139,44.072544,43.437580,-2.951785,1.949560,-1.577564,-2.890106,1.890139,-1.528139,0.124003,0.130474,0.148311
1778249493.309665,0.703597,0.363575,0.994968,0.0000,0.0000,0.0000,0.104745,0.104745,0.104640,0.000000,0.000000,0.000000,0.751022,0.378204,1.028886,0.059170,0.018252,0.042318,0.133143,44.106474,43.472416,-2.951703,1.949482,-1.577551,-2.890106,1.890139,-1.528139,0.124005,0.130471,0.148274
1778249493.319919,0.703732,0.363669,0.995092,0.0000,0.0000,0.0000,0.104745,0.104745,0.104640,0.000000,0.000000,0.000000,0.751022,0.378204,1.028886,0.059198,0.018195,0.042303,0.133147,44.090689,43.458912,-2.951599,1.949383,-1.577536,-2.890106,1.890139,-1.528139,0.124008,0.130468,0.148226
1778249493.329952,0.703896,0.363781,0.995249,0.0000,0.0000,0.0000,0.104745,0.104745,0.104640,0.000000,0.000000,0.000000,0.751022,0.378204,1.028886,0.059198,0.018195,0.042303,0.133147,44.090689,43.458912,-2.951518,1.949305,-1.577523,-2.890106,1.890139,-1.528139,0.124010,0.130466,0.148191
1778249493.339744,0.704025,0.363869,0.995371,0.0000,0.0000,0.0000,0.104745,0.104745,0.104640,0.000000,0.000000,0.000000,0.751022,0.378204,1.028886,0.059263,0.018076,0.042262,0.133157,44.155029,43.524646,-2.951433,1.949224,-1.577512,-2.890106,1.890139,-1.528139,0.124013,0.130464,0.148152
1778249493.349766,0.704150,0.363954,0.995494,0.0000,0.0000,0.0000,0.104745,0.104745,0.104640,0.000000,0.000000,0.000000,0.751022,0.378204,1.028886,0.059293,0.018026,0.042242,0.133162,44.155878,43.527140,-2.951346,1.949141,-1.577502,-2.890106,1.890139,-1.528139,0.124015,0.130462,0.148120
1778249493.359756,0.704272,0.364035,0.995618,0.0000,0.0000,0.0000,0.104745,0.104745,0.104640,0.000000,0.000000,0.000000,0.751022,0.378204,1.028886,0.059325,0.017981,0.042217,0.133167,44.156594,43.529258,-2.951258,1.949056,-1.577492,-2.890106,1.890139,-1.528139,0.124017,0.130460,0.148081
1778249493.370496,0.704392,0.364112,0.995743,0.0000,0.0000,0.0000,0.104745,0.104745,0.104640,0.000000,0.000000,0.000000,0.751022,0.378204,1.028886,0.059357,0.017938,0.042189,0.133172,44.165181,43.538693,-2.951143,1.948947,-1.577480,-2.890106,1.890139,-1.528139,0.124019,0.130458,0.148053
1778249493.380286,0.704510,0.364187,0.995868,0.0000,0.0000,0.0000,0.104745,0.104745,0.104640,0.000000,0.000000,0.000000,0.751022,0.378204,1.028886,0.059390,0.017898,0.042160,0.133178,44.177622,43.551420,-2.951049,1.948857,-1.577472,-2.890106,1.890139,-1.528139,0.124021,0.130456,0.148024
1778249493.389726,0.704627,0.364260,0.995992,0.0000,0.0000,0.0000,0.104745,0.104745,0.104640,0.000000,0.000000,0.000000,0.751022,0.378204,1.028886,0.059423,0.017859,0.042131,0.133183,44.186781,43.560852,-2.950952,1.948764,-1.577463,-2.890106,1.890139,-1.528139,0.124023,0.130454,0.147998
1778249493.399726,0.704773,0.364349,0.996147,0.0000,0.0000,0.0000,0.104745,0.104745,0.104640,0.000000,0.000000,0.000000,0.751022,0.378204,1.028886,0.059463,0.017813,0.042094,0.133188,44.194501,43.568901,-2.950852,1.948670,-1.577455,-2.890106,1.890139,-1.528139,0.124026,0.130452,0.147973
1778249493.409770,0.704889,0.364420,0.996271,0.0000,0.0000,0.0000,0.104745,0.104745,0.104640,0.000000,0.000000,0.000000,0.751022,0.378204,1.028886,0.059495,0.017776,0.042063,0.133193,44.200062,43.574677,-2.950751,1.948573,-1.577448,-2.890106,1.890139,-1.528139,0.124028,0.130450,0.147949
1778249493.419945,0.705006,0.364489,0.996394,0.0000,0.0000,0.0000,0.104745,0.104745,0.104640,0.000000,0.000000,0.000000,0.751022,0.378204,1.028886,0.059495,0.017776,0.042063,0.133193,44.200062,43.574677,-2.950621,1.948449,-1.577439,-2.890106,1.890139,-1.528139,0.124030,0.130447,0.147922
1778249493.429844,0.705121,0.364557,0.996518,0.0000,0.0000,0.0000,0.104745,0.104745,0.104640,0.000000,0.000000,0.000000,0.751022,0.378204,1.028886,0.059560,0.017708,0.042001,0.133203,44.209465,43.584453,-2.950514,1.948347,-1.577433,-2.890106,1.890139,-1.528139,0.124032,0.130445,0.147900
1778249493.439753,0.705237,0.364625,0.996641,0.0000,0.0000,0.0000,0.104745,0.104745,0.104640,0.000000,0.000000,0.000000,0.751022,0.378204,1.028886,0.059592,0.017674,0.041969,0.133208,44.214232,43.589327,-2.950405,1.948243,-1.577427,-2.890106,1.890139,-1.528139,0.124035,0.130443,0.147882
1778249493.449756,0.705353,0.364692,0.996765,0.0000,0.0000,0.0000,0.104745,0.104745,0.104640,0.000000,0.000000,0.000000,0.751022,0.378204,1.028886,0.059625,0.017641,0.041937,0.133212,44.218884,43.594157,-2.950294,1.948137,-1.577422,-2.890106,1.890139,-1.528139,0.124037,0.130441,0.147864
1778249493.459563,0.705497,0.364774,0.996918,0.0000,0.0000,0.0000,0.104745,0.104745,0.104640,0.000000,0.000000,0.000000,0.751022,0.378204,1.028886,0.059665,0.017601,0.041897,0.133217,44.224993,43.600392,-2.950180,1.948029,-1.577417,-2.890106,1.890139,-1.528139,0.124039,0.130439,0.147849
1778249493.469755,0.705584,0.364824,0.997011,0.0000,0.0000,0.0000,0.104745,0.104745,0.104640,0.000000,0.000000,0.000000,0.751022,0.378204,1.028886,0.059689,0.017576,0.041872,0.133221,44.227106,43.602674,-2.950064,1.947918,-1.577413,-2.890106,1.890139,-1.528139,0.124041,0.130438,0.147834
1778249493.479738,0.705728,0.364904,0.997165,0.0000,0.0000,0.0000,0.104745,0.104745,0.104640,0.000000,0.000000,0.000000,0.751022,0.378204,1.028886,0.059729,0.017538,0.041831,0.133225,44.232559,43.608234,-2.949946,1.947805,-1.577410,-2.890106,1.890139,-1.528139,0.124042,0.130436,0.147823
1778249493.489708,0.705843,0.364969,0.997288,0.0000,0.0000,0.0000,0.104745,0.104745,0.104640,0.000000,0.000000,0.000000,0.751022,0.378204,1.028886,0.059762,0.017507,0.041798,0.133229,44.237506,43.613348,-2.949825,1.947690,-1.577407,-2.890106,1.890139,-1.528139,0.124045,0.130434,0.147809
1778249493.499625,0.705958,0.365033,0.997410,0.0000,0.0000,0.0000,0.104745,0.104745,0.104640,0.000000,0.000000,0.000000,0.751022,0.378204,1.028886,0.059794,0.017476,0.041765,0.133233,44.241561,43.617552,-2.949670,1.947543,-1.577404,-2.890106,1.890139,-1.528139,0.124046,0.130432,0.147802
1778249493.509707,0.706102,0.365112,0.997564,0.0000,0.0000,0.0000,0.104745,0.104745,0.104640,0.000000,0.000000,0.000000,0.751022,0.378204,1.028886,0.059834,0.017438,0.041722,0.133237,44.246406,43.622630,-2.949544,1.947422,-1.577404,-2.890106,1.890139,-1.528139,0.124048,0.130430,0.147796
1778249493.519962,0.706188,0.365159,0.997655,0.0000,0.0000,0.0000,0.104745,0.104745,0.104640,0.000000,0.000000,0.000000,0.751022,0.378204,1.028886,0.059859,0.017416,0.041697,0.133240,44.249458,43.625793,-2.949415,1.947299,-1.577403,-2.890106,1.890139,-1.528139,0.124050,0.130429,0.147793
1778249493.529706,0.706332,0.365239,0.997808,0.0000,0.0000,0.0000,0.104745,0.104745,0.104640,0.000000,0.000000,0.000000,0.751022,0.378204,1.028886,0.059899,0.017378,0.041654,0.133244,44.255259,43.631764,-2.949284,1.947174,-1.577404,-2.890106,1.890139,-1.528139,0.124051,0.130427,0.147791
1778249493.539666,0.706447,0.365301,0.997931,0.0000,0.0000,0.0000,0.104745,0.104745,0.104640,0.000000,0.000000,0.000000,0.751022,0.378204,1.028886,0.059931,0.017349,0.041620,0.133248,44.259074,43.635787,-2.949150,1.947046,-1.577404,-2.890106,1.890139,-1.528139,0.124052,0.130426,0.147794
1778249493.549662,0.706562,0.365363,0.998053,0.0000,0.0000,0.0000,0.104745,0.104745,0.104640,0.000000,0.000000,0.000000,0.751022,0.378204,1.028886,0.059964,0.017318,0.041586,0.133251,44.263930,43.640721,-2.949014,1.946916,-1.577407,-2.890106,1.890139,-1.528139,0.124054,0.130425,0.147796
1778249493.559682,0.706677,0.365425,0.998174,0.0000,0.0000,0.0000,0.104745,0.104745,0.104640,0.000000,0.000000,0.000000,0.751022,0.378204,1.028886,0.059996,0.017290,0.041551,0.133254,44.267195,43.644122,-2.948875,1.946783,-1.577409,-2.890106,1.890139,-1.528139,0.124055,0.130424,0.147803
1778249493.570079,0.706792,0.365486,0.998296,0.0000,0.0000,0.0000,0.104745,0.104745,0.104640,0.000000,0.000000,0.000000,0.751022,0.378204,1.028886,0.059996,0.017290,0.041551,0.133254,44.267195,43.644122,-2.948697,1.946614,-1.577414,-2.890106,1.890139,-1.528139,0.124056,0.130422,0.147813
1778249493.579929,0.706908,0.365547,0.998418,0.0000,0.0000,0.0000,0.104745,0.104745,0.104640,0.000000,0.000000,0.000000,0.751022,0.378204,1.028886,0.060061,0.017232,0.041482,0.133261,44.276399,43.653523,-2.948552,1.946476,-1.577419,-2.890106,1.890139,-1.528139,0.124057,0.130421,0.147825
1778249493.589709,0.707023,0.365607,0.998539,0.0000,0.0000,0.0000,0.104745,0.104745,0.104640,0.000000,0.000000,0.000000,0.751022,0.378204,1.028886,0.060093,0.017204,0.041447,0.133263,44.271905,43.649585,-2.948405,1.946335,-1.577424,-2.890106,1.890139,-1.528139,0.124058,0.130421,0.147839
1778249493.599844,0.707164,0.365676,0.998696,0.0000,0.0000,0.0000,0.104745,0.104745,0.104640,0.000000,0.000000,0.000000,0.751022,0.378204,1.028886,0.060136,0.017177,0.041395,0.133267,44.249167,43.628794,-2.948256,1.946193,-1.577426,-2.890106,1.890139,-1.528139,0.124059,0.130420,0.147854
1778249493.609658,0.707274,0.365731,0.998822,0.0000,0.0000,0.0000,0.104745,0.104745,0.104640,0.000000,0.000000,0.000000,0.751022,0.378204,1.028886,0.060173,0.017156,0.041351,0.133270,44.254041,43.633857,-2.948106,1.946048,-1.577430,-2.890106,1.890139,-1.528139,0.124060,0.130419,0.147862
1778249493.620094,0.707387,0.365784,0.998948,0.0000,0.0000,0.0000,0.104745,0.104745,0.104640,0.000000,0.000000,0.000000,0.751022,0.378204,1.028886,0.060208,0.017137,0.041308,0.133272,44.266297,43.645613,-2.947913,1.945863,-1.577433,-2.890106,1.890139,-1.528139,0.124060,0.130419,0.147874
1778249493.629729,0.707500,0.365839,0.999072,0.0000,0.0000,0.0000,0.104745,0.104745,0.104640,0.000000,0.000000,0.000000,0.751022,0.378204,1.028886,0.060242,0.017115,0.041268,0.133275,44.277429,43.656105,-2.947756,1.945712,-1.577437,-2.890106,1.890139,-1.528139,0.124061,0.130418,0.147882
1778249493.639830,0.707615,0.365895,0.999194,0.0000,0.0000,0.0000,0.104745,0.104745,0.104640,0.000000,0.000000,0.000000,0.751022,0.378204,1.028886,0.060274,0.017092,0.041230,0.133277,44.294592,43.672545,-2.947597,1.945560,-1.577441,-2.890106,1.890139,-1.528139,0.124061,0.130418,0.147894
1778249493.649727,0.707732,0.365955,0.999314,0.0000,0.0000,0.0000,0.104745,0.104745,0.104640,0.000000,0.000000,0.000000,0.751022,0.378204,1.028886,0.060305,0.017064,0.041196,0.133280,44.316046,43.693283,-2.947436,1.945405,-1.577447,-2.890106,1.890139,-1.528139,0.124061,0.130418,0.147905
1778249493.659686,0.707879,0.366030,0.999461,0.0000,0.0000,0.0000,0.104745,0.104745,0.104640,0.000000,0.000000,0.000000,0.751022,0.378204,1.028886,0.060343,0.017027,0.041156,0.133282,44.321661,43.698600,-2.947273,1.945248,-1.577452,-2.890106,1.890139,-1.528139,0.124061,0.130418,0.147923
1778249493.670240,0.707968,0.366077,0.999549,0.0000,0.0000,0.0000,0.104745,0.104745,0.104640,0.000000,0.000000,0.000000,0.751022,0.378204,1.028886,0.060365,0.017003,0.041133,0.133284,44.319804,43.696717,-2.947108,1.945089,-1.577459,-2.890106,1.890139,-1.528139,0.124060,0.130419,0.147940
1778249493.679602,0.708117,0.366153,0.999698,0.0000,0.0000,0.0000,0.104745,0.104745,0.104640,0.000000,0.000000,0.000000,0.751022,0.378204,1.028886,0.060403,0.016965,0.041093,0.133286,44.316074,43.693054,-2.946942,1.944930,-1.577466,-2.890106,1.890139,-1.528139,0.124060,0.130419,0.147960
1778249493.689867,0.708237,0.366214,0.999816,0.0000,0.0000,0.0000,0.104745,0.104745,0.104640,0.000000,0.000000,0.000000,0.751022,0.378204,1.028886,0.060434,0.016935,0.041061,0.133288,44.316268,43.693280,-2.946733,1.944728,-1.577474,-2.890106,1.890139,-1.528139,0.124060,0.130419,0.147984
1778249493.699892,0.708357,0.366274,0.999936,0.0000,0.0000,0.0000,0.104745,0.104745,0.104640,0.000000,0.000000,0.000000,0.751022,0.378204,1.028886,0.060464,0.016907,0.041027,0.133290,44.306864,43.684417,-2.946564,1.944566,-1.577480,-2.890106,1.890139,-1.528139,0.124059,0.130420,0.148004
1778249493.709718,0.708475,0.366331,1.000058,0.0000,0.0000,0.0000,0.104745,0.104745,0.104640,0.000000,0.000000,0.000000,0.751022,0.378204,1.028886,0.060464,0.016907,0.041027,0.133290,44.306864,43.684417,-2.946393,1.944402,-1.577486,-2.890106,1.890139,-1.528139,0.124059,0.130420,0.148023
1778249493.720697,0.708591,0.366381,1.000183,0.0000,0.0000,0.0000,0.104745,0.104745,0.104640,0.000000,0.000000,0.000000,0.751022,0.378204,1.028886,0.060530,0.016866,0.040947,0.133293,44.274032,43.654778,-2.946220,1.944236,-1.577491,-2.890106,1.890139,-1.528139,0.124059,0.130420,0.148041
1778249493.729700,0.708734,0.366440,1.000343,0.0000,0.0000,0.0000,0.104745,0.104745,0.104640,0.000000,0.000000,0.000000,0.751022,0.378204,1.028886,0.060575,0.016851,0.040886,0.133294,44.270748,43.652467,-2.946044,1.944068,-1.577496,-2.890106,1.890139,-1.528139,0.124060,0.130419,0.148056
1778249493.739624,0.708847,0.366484,1.000471,0.0000,0.0000,0.0000,0.104745,0.104745,0.104640,0.000000,0.000000,0.000000,0.751022,0.378204,1.028886,0.060611,0.016843,0.040837,0.133296,44.279780,43.661763,-2.945865,1.943897,-1.577500,-2.890106,1.890139,-1.528139,0.124061,0.130418,0.148074
1778249493.749751,0.708961,0.366528,1.000598,0.0000,0.0000,0.0000,0.104745,0.104745,0.104640,0.000000,0.000000,0.000000,0.751022,0.378204,1.028886,0.060646,0.016835,0.040787,0.133297,44.287423,43.669443,-2.945636,1.943679,-1.577504,-2.890106,1.890139,-1.528139,0.124062,0.130417,0.148086
1778249493.759755,0.709103,0.366581,1.000756,0.0000,0.0000,0.0000,0.104745,0.104745,0.104640,0.000000,0.000000,0.000000,0.751022,0.378204,1.028886,0.060689,0.016828,0.040726,0.133298,44.292425,43.674491,-2.945450,1.943501,-1.577506,-2.890106,1.890139,-1.528139,0.124064,0.130415,0.148095
1778249493.769846,0.709188,0.366612,1.000851,0.0000,0.0000,0.0000,0.104745,0.104745,0.104640,0.000000,0.000000,0.000000,0.751022,0.378204,1.028886,0.060715,0.016824,0.040689,0.133298,44.294531,43.676663,-2.945261,1.943321,-1.577507,-2.890106,1.890139,-1.528139,0.124066,0.130413,0.148102
1778249493.779703,0.709331,0.366661,1.001008,0.0000,0.0000,0.0000,0.104745,0.104745,0.104640,0.000000,0.000000,0.000000,0.751022,0.378204,1.028886,0.060757,0.016821,0.040627,0.133299,44.295301,43.677616,-2.945069,1.943139,-1.577506,-2.890106,1.890139,-1.528139,0.124068,0.130411,0.148105
1778249493.789682,0.709449,0.366699,1.001132,0.0000,0.0000,0.0000,0.104745,0.104745,0.104640,0.000000,0.000000,0.000000,0.751022,0.378204,1.028886,0.060787,0.016822,0.040582,0.133299,44.339833,43.720240,-2.944874,1.942953,-1.577502,-2.890106,1.890139,-1.528139,0.124073,0.130407,0.148098
1778249493.799635,0.709600,0.366736,1.001279,0.0000,0.0000,0.0000,0.104745,0.104745,0.104640,0.000000,0.000000,0.000000,0.751022,0.378204,1.028886,0.060816,0.016837,0.040533,0.133298,44.365322,43.745113,-2.944621,1.942714,-1.577485,-2.890106,1.890139,-1.528139,0.124077,0.130402,0.148082
1778249493.809833,0.709721,0.366760,1.001398,0.0000,0.0000,0.0000,0.104745,0.104745,0.104640,0.000000,0.000000,0.000000,0.751022,0.378204,1.028886,0.060838,0.016857,0.040491,0.133296,44.347745,43.728791,-2.944413,1.942516,-1.577467,-2.890106,1.890139,-1.528139,0.124084,0.130396,0.148038
1778249493.819747,0.709839,0.366782,1.001520,0.0000,0.0000,0.0000,0.104745,0.104745,0.104640,0.000000,0.000000,0.000000,0.751022,0.378204,1.028886,0.060863,0.016880,0.040444,0.133295,44.336541,43.719111,-2.944200,1.942314,-1.577445,-2.890106,1.890139,-1.528139,0.124092,0.130388,0.147967
1778249493.829602,0.709939,0.366830,1.001639,0.0000,0.0000,0.0000,0.104745,0.104745,0.104640,0.000000,0.000000,0.000000,0.751022,0.378204,1.028886,0.060903,0.016861,0.040392,0.133294,44.490043,43.873686,-2.943932,1.942061,-1.577417,-2.890106,1.890139,-1.528139,0.124099,0.130382,0.147901
1778249493.840026,0.710013,0.366964,1.001737,0.0000,0.0000,0.0000,0.104745,0.104745,0.104640,0.000000,0.000000,0.000000,0.751022,0.378204,1.028886,0.060903,0.016861,0.040392,0.133294,44.490043,43.873686,-2.943730,1.941866,-1.577398,-2.890106,1.890139,-1.528139,0.124107,0.130375,0.147834
1778249493.849769,0.710139,0.367170,1.001846,0.0000,0.0000,0.0000,0.104745,0.104745,0.104640,0.000000,0.000000,0.000000,0.751022,0.378204,1.028886,0.061028,0.016471,0.040365,0.133306,44.648085,44.000179,-2.943542,1.941681,-1.577372,-2.890106,1.890139,-1.528139,0.124110,0.130371,0.147776
1778249493.859797,0.710259,0.367299,1.001883,0.0000,0.0000,0.0000,0.104745,0.104745,0.104640,0.000000,0.000000,0.000000,0.751022,0.378204,1.028886,0.061026,0.016326,0.040426,0.133311,44.930237,44.263280,-2.943367,1.941506,-1.577338,-2.890106,1.890139,-1.528139,0.124108,0.130374,0.147700
1778249493.869588,0.710518,0.367520,1.001908,0.0000,0.0000,0.0000,0.104745,0.104745,0.104640,0.000000,0.000000,0.000000,0.751022,0.378204,1.028886,0.060969,0.016082,0.040610,0.133313,44.991443,44.312949,-2.943201,1.941342,-1.577301,-2.890106,1.890139,-1.528139,0.124105,0.130376,0.147597
1778249493.879689,0.710734,0.367691,1.001939,0.0000,0.0000,0.0000,0.104745,0.104745,0.104640,0.000000,0.000000,0.000000,0.751022,0.378204,1.028886,0.060924,0.015898,0.040750,0.133312,44.828949,44.157576,-2.943049,1.941192,-1.577264,-2.890106,1.890139,-1.528139,0.124105,0.130377,0.147487
1778249493.889606,0.710938,0.367849,1.001991,0.0000,0.0000,0.0000,0.104745,0.104745,0.104640,0.000000,0.000000,0.000000,0.751022,0.378204,1.028886,0.060895,0.015730,0.040858,0.133309,44.707076,44.044231,-2.942908,1.941054,-1.577227,-2.890106,1.890139,-1.528139,0.124107,0.130375,0.147348
1778249493.899740,0.711130,0.367996,1.002056,0.0000,0.0000,0.0000,0.104745,0.104745,0.104640,0.000000,0.000000,0.000000,0.751022,0.378204,1.028886,0.060877,0.015578,0.040943,0.133305,44.668930,44.011982,-2.942773,1.940921,-1.577188,-2.890106,1.890139,-1.528139,0.124109,0.130373,0.147234
1778249493.909825,0.711314,0.368131,1.002127,0.0000,0.0000,0.0000,0.104745,0.104745,0.104640,0.000000,0.000000,0.000000,0.751022,0.378204,1.028886,0.060863,0.015440,0.041016,0.133301,44.658288,44.006355,-2.942606,1.940756,-1.577139,-2.890106,1.890139,-1.528139,0.124110,0.130372,0.147118
1778249493.919852,0.711531,0.368284,1.002222,0.0000,0.0000,0.0000,0.104745,0.104745,0.104640,0.000000,0.000000,0.000000,0.751022,0.378204,1.028886,0.060854,0.015286,0.041088,0.133297,44.649389,44.003002,-2.942471,1.940623,-1.577099,-2.890106,1.890139,-1.528139,0.124111,0.130371,0.147000
1778249493.929594,0.711694,0.368396,1.002303,0.0000,0.0000,0.0000,0.104745,0.104745,0.104640,0.000000,0.000000,0.000000,0.751022,0.378204,1.028886,0.060851,0.015176,0.041131,0.133294,44.641675,43.999226,-2.942336,1.940489,-1.577060,-2.890106,1.890139,-1.528139,0.124112,0.130370,0.146881
1778249493.939820,0.711846,0.368494,1.002399,0.0000,0.0000,0.0000,0.104745,0.104745,0.104640,0.000000,0.000000,0.000000,0.751022,0.378204,1.028886,0.060862,0.015085,0.041150,0.133291,44.500512,43.866496,-2.942202,1.940357,-1.577025,-2.890106,1.890139,-1.528139,0.124112,0.130370,0.146764
1778249493.949609,0.712000,0.368571,1.002504,0.0000,0.0000,0.0000,0.104745,0.104745,0.104640,0.000000,0.000000,0.000000,0.751022,0.378204,1.028886,0.060872,0.015027,0.041155,0.133288,44.493347,43.855759,-2.942081,1.940238,-1.577007,-2.890106,1.890139,-1.528139,0.124112,0.130369,0.146658
1778249493.959723,0.712176,0.368633,1.002598,0.0000,0.0000,0.0000,0.104745,0.104745,0.104640,0.000000,0.000000,0.000000,0.751022,0.378204,1.028886,0.060860,0.014995,0.041185,0.133283,44.567206,43.922956,-2.941938,1.940101,-1.576995,-2.890106,1.890139,-1.528139,0.124112,0.130369,0.146595
1778249493.969607,0.712360,0.368699,1.002686,0.0000,0.0000,0.0000,0.104745,0.104745,0.104640,0.000000,0.000000,0.000000,0.751022,0.378204,1.028886,0.060860,0.014995,0.041185,0.133283,44.567206,43.922956,-2.941830,1.939998,-1.576988,-2.890106,1.890139,-1.528139,0.124114,0.130368,0.146568
1778249493.979611,0.712584,0.368796,1.002797,0.0000,0.0000,0.0000,0.104745,0.104745,0.104640,0.000000,0.000000,0.000000,0.751022,0.378204,1.028886,0.060822,0.014886,0.041281,0.133269,44.572406,43.927686,-2.941729,1.939904,-1.576982,-2.890106,1.890139,-1.528139,0.124118,0.130364,0.146546
1778249493.989688,0.712753,0.368882,1.002895,0.0000,0.0000,0.0000,0.104745,0.104745,0.104640,0.000000,0.000000,0.000000,0.751022,0.378204,1.028886,0.060821,0.014816,0.041307,0.133261,44.522664,43.881124,-2.941636,1.939817,-1.576977,-2.890106,1.890139,-1.528139,0.124122,0.130360,0.146528
1778249493.999656,0.712912,0.368967,1.003003,0.0000,0.0000,0.0000,0.104745,0.104745,0.104640,0.000000,0.000000,0.000000,0.751022,0.378204,1.028886,0.060833,0.014744,0.041316,0.133255,44.479866,43.841357,-2.941554,1.939739,-1.576973,-2.890106,1.890139,-1.528139,0.124127,0.130356,0.146510
1778249494.009745,0.713067,0.369048,1.003114,0.0000,0.0000,0.0000,0.104745,0.104745,0.104640,0.000000,0.000000,0.000000,0.751022,0.378204,1.028886,0.060848,0.014679,0.041316,0.133249,44.490844,43.853653,-2.941460,1.939649,-1.576965,-2.890106,1.890139,-1.528139,0.124129,0.130354,0.146497
1778249494.019741,0.713219,0.369125,1.003224,0.0000,0.0000,0.0000,0.104745,0.104745,0.104640,0.000000,0.000000,0.000000,0.751022,0.378204,1.028886,0.060848,0.014679,0.041316,0.133249,44.490844,43.853653,-2.941387,1.939579,-1.576958,-2.890106,1.890139,-1.528139,0.124130,0.130352,0.146478
1778249494.029660,0.713367,0.369200,1.003332,0.0000,0.0000,0.0000,0.104745,0.104745,0.104640,0.000000,0.000000,0.000000,0.751022,0.378204,1.028886,0.060879,0.014556,0.041315,0.133239,44.551691,43.916103,-2.941315,1.939510,-1.576952,-2.890106,1.890139,-1.528139,0.124131,0.130351,0.146457
1778249494.039470,0.713548,0.369290,1.003466,0.0000,0.0000,0.0000,0.104745,0.104745,0.104640,0.000000,0.000000,0.000000,0.751022,0.378204,1.028886,0.060899,0.014486,0.041310,0.133235,44.577492,43.943366,-2.941244,1.939440,-1.576946,-2.890106,1.890139,-1.528139,0.124132,0.130351,0.146438
1778249494.049707,0.713689,0.369358,1.003574,0.0000,0.0000,0.0000,0.104745,0.104745,0.104640,0.000000,0.000000,0.000000,0.751022,0.378204,1.028886,0.060916,0.014434,0.041302,0.133230,44.587543,43.954501,-2.941172,1.939371,-1.576939,-2.890106,1.890139,-1.528139,0.124133,0.130350,0.146414
1778249494.059986,0.713827,0.369422,1.003681,0.0000,0.0000,0.0000,0.104745,0.104745,0.104640,0.000000,0.000000,0.000000,0.751022,0.378204,1.028886,0.060935,0.014387,0.041291,0.133227,44.598665,43.966766,-2.941081,1.939282,-1.576932,-2.890106,1.890139,-1.528139,0.124133,0.130349,0.146396
1778249494.069834,0.713961,0.369483,1.003790,0.0000,0.0000,0.0000,0.104745,0.104745,0.104640,0.000000,0.000000,0.000000,0.751022,0.378204,1.028886,0.060935,0.014387,0.041291,0.133227,44.598665,43.966766,-2.941007,1.939211,-1.576926,-2.890106,1.890139,-1.528139,0.124134,0.130349,0.146378
1778249494.079587,0.714126,0.369553,1.003925,0.0000,0.0000,0.0000,0.104745,0.104745,0.104640,0.000000,0.000000,0.000000,0.751022,0.378204,1.028886,0.060980,0.014297,0.041255,0.133220,44.620804,43.991082,-2.940932,1.939138,-1.576920,-2.890106,1.890139,-1.528139,0.124134,0.130349,0.146361
1778249494.089813,0.714256,0.369607,1.004034,0.0000,0.0000,0.0000,0.104745,0.104745,0.104640,0.000000,0.000000,0.000000,0.751022,0.378204,1.028886,0.061002,0.014264,0.041235,0.133217,44.626993,43.997815,-2.940855,1.939064,-1.576915,-2.890106,1.890139,-1.528139,0.124134,0.130348,0.146344
1778249494.099621,0.714384,0.369658,1.004143,0.0000,0.0000,0.0000,0.104745,0.104745,0.104640,0.000000,0.000000,0.000000,0.751022,0.378204,1.028886,0.061024,0.014234,0.041212,0.133214,44.633516,44.004912,-2.940777,1.938989,-1.576910,-2.890106,1.890139,-1.528139,0.124134,0.130348,0.146324
1778249494.109736,0.714510,0.369706,1.004252,0.0000,0.0000,0.0000,0.104745,0.104745,0.104640,0.000000,0.000000,0.000000,0.751022,0.378204,1.028886,0.061024,0.014234,0.041212,0.133214,44.633516,44.004912,-2.940677,1.938892,-1.576904,-2.890106,1.890139,-1.528139,0.124135,0.130348,0.146309
1778249494.119650,0.714632,0.369751,1.004363,0.0000,0.0000,0.0000,0.104745,0.104745,0.104640,0.000000,0.000000,0.000000,0.751022,0.378204,1.028886,0.061073,0.014187,0.041156,0.133209,44.640265,44.014602,-2.940593,1.938810,-1.576902,-2.890106,1.890139,-1.528139,0.124135,0.130348,0.146296
1778249494.129714,0.714781,0.369800,1.004503,0.0000,0.0000,0.0000,0.104745,0.104745,0.104640,0.000000,0.000000,0.000000,0.751022,0.378204,1.028886,0.061107,0.014170,0.041112,0.133207,44.645483,44.020710,-2.940505,1.938726,-1.576899,-2.890106,1.890139,-1.528139,0.124135,0.130347,0.146288
1778249494.139708,0.714899,0.369836,1.004616,0.0000,0.0000,0.0000,0.104745,0.104745,0.104640,0.000000,0.000000,0.000000,0.751022,0.378204,1.028886,0.061134,0.014162,0.041075,0.133205,44.651643,44.027157,-2.940413,1.938638,-1.576896,-2.890106,1.890139,-1.528139,0.124136,0.130347,0.146280
1778249494.149733,0.715017,0.369869,1.004728,0.0000,0.0000,0.0000,0.104745,0.104745,0.104640,0.000000,0.000000,0.000000,0.751022,0.378204,1.028886,0.061160,0.014158,0.041037,0.133203,44.656315,44.031923,-2.940295,1.938524,-1.576892,-2.890106,1.890139,-1.528139,0.124136,0.130346,0.146270
1778249494.159860,0.715135,0.369901,1.004840,0.0000,0.0000,0.0000,0.104745,0.104745,0.104640,0.000000,0.000000,0.000000,0.751022,0.378204,1.028886,0.061186,0.014155,0.040998,0.133201,44.659736,44.035340,-2.940198,1.938430,-1.576889,-2.890106,1.890139,-1.528139,0.124137,0.130346,0.146260
1778249494.169733,0.715283,0.369941,1.004979,0.0000,0.0000,0.0000,0.104745,0.104745,0.104640,0.000000,0.000000,0.000000,0.751022,0.378204,1.028886,0.061219,0.014154,0.040950,0.133199,44.662490,44.038119,-2.940099,1.938335,-1.576886,-2.890106,1.890139,-1.528139,0.124137,0.130346,0.146250
1778249494.179724,0.715401,0.369971,1.005091,0.0000,0.0000,0.0000,0.104745,0.104745,0.104640,0.000000,0.000000,0.000000,0.751022,0.378204,1.028886,0.061244,0.014154,0.040912,0.133197,44.664780,44.040398,-2.939998,1.938237,-1.576882,-2.890106,1.890139,-1.528139,0.124137,0.130346,0.146239
1778249494.189945,0.715520,0.370002,1.005203,0.0000,0.0000,0.0000,0.104745,0.104745,0.104640,0.000000,0.000000,0.000000,0.751022,0.378204,1.028886,0.061244,0.014154,0.040912,0.133197,44.664780,44.040398,-2.939869,1.938112,-1.576877,-2.890106,1.890139,-1.528139,0.124137,0.130346,0.146225
1778249494.199745,0.715639,0.370033,1.005314,0.0000,0.0000,0.0000,0.104745,0.104745,0.104640,0.000000,0.000000,0.000000,0.751022,0.378204,1.028886,0.061295,0.014155,0.040835,0.133193,44.670690,44.046251,-2.939764,1.938010,-1.576873,-2.890106,1.890139,-1.528139,0.124137,0.130346,0.146213
1778249494.209742,0.715789,0.370071,1.005453,0.0000,0.0000,0.0000,0.104745,0.104745,0.104640,0.000000,0.000000,0.000000,0.751022,0.378204,1.028886,0.061327,0.014156,0.040787,0.133190,44.676107,44.051597,-2.939657,1.937906,-1.576869,-2.890106,1.890139,-1.528139,0.124137,0.130346,0.146201
1778249494.219611,0.715909,0.370102,1.005565,0.0000,0.0000,0.0000,0.104745,0.104745,0.104640,0.000000,0.000000,0.000000,0.751022,0.378204,1.028886,0.061352,0.014157,0.040749,0.133187,44.678994,44.054576,-2.939548,1.937800,-1.576865,-2.890106,1.890139,-1.528139,0.124137,0.130346,0.146189
1778249494.229667,0.716028,0.370133,1.005675,0.0000,0.0000,0.0000,0.104745,0.104745,0.104640,0.000000,0.000000,0.000000,0.751022,0.378204,1.028886,0.061378,0.014157,0.040711,0.133185,44.682754,44.058358,-2.939436,1.937693,-1.576861,-2.890106,1.890139,-1.528139,0.124137,0.130346,0.146174
1778249494.239902,0.716148,0.370163,1.005786,0.0000,0.0000,0.0000,0.104745,0.104745,0.104640,0.000000,0.000000,0.000000,0.751022,0.378204,1.028886,0.061403,0.014158,0.040672,0.133182,44.685375,44.061119,-2.939294,1.937555,-1.576856,-2.890106,1.890139,-1.528139,0.124136,0.130346,0.146163
1778249494.249740,0.716298,0.370201,1.005925,0.0000,0.0000,0.0000,0.104745,0.104745,0.104640,0.000000,0.000000,0.000000,0.751022,0.378204,1.028886,0.061435,0.014159,0.040624,0.133179,44.690070,44.066007,-2.939179,1.937443,-1.576853,-2.890106,1.890139,-1.528139,0.124136,0.130346,0.146151
1778249494.259711,0.716387,0.370223,1.006008,0.0000,0.0000,0.0000,0.104745,0.104745,0.104640,0.000000,0.000000,0.000000,0.751022,0.378204,1.028886,0.061454,0.014160,0.040595,0.133176,44.692721,44.068704,-2.939061,1.937329,-1.576849,-2.890106,1.890139,-1.528139,0.124136,0.130346,0.146140
1778249494.269938,0.716537,0.370262,1.006145,0.0000,0.0000,0.0000,0.104745,0.104745,0.104640,0.000000,0.000000,0.000000,0.751022,0.378204,1.028886,0.061486,0.014161,0.040546,0.133173,44.697429,44.073590,-2.938940,1.937213,-1.576846,-2.890106,1.890139,-1.528139,0.124136,0.130347,0.146129
1778249494.279778,0.716656,0.370292,1.006256,0.0000,0.0000,0.0000,0.104745,0.104745,0.104640,0.000000,0.000000,0.000000,0.751022,0.378204,1.028886,0.061512,0.014162,0.040506,0.133170,44.700695,44.077031,-2.938818,1.937094,-1.576842,-2.890106,1.890139,-1.528139,0.124136,0.130347,0.146120
1778249494.289644,0.716775,0.370322,1.006366,0.0000,0.0000,0.0000,0.104745,0.104745,0.104640,0.000000,0.000000,0.000000,0.751022,0.378204,1.028886,0.061537,0.014163,0.040467,0.133167,44.704020,44.080475,-2.938694,1.936974,-1.576840,-2.890106,1.890139,-1.528139,0.124136,0.130347,0.146110
1778249494.299855,0.716894,0.370352,1.006476,0.0000,0.0000,0.0000,0.104745,0.104745,0.104640,0.000000,0.000000,0.000000,0.751022,0.378204,1.028886,0.061564,0.014164,0.040426,0.133164,44.707431,44.084021,-2.938535,1.936820,-1.576837,-2.890106,1.890139,-1.528139,0.124136,0.130347,0.146100
1778249494.309730,0.717043,0.370389,1.006613,0.0000,0.0000,0.0000,0.104745,0.104745,0.104640,0.000000,0.000000,0.000000,0.751022,0.378204,1.028886,0.061596,0.014166,0.040376,0.133161,44.712488,44.089149,-2.938405,1.936695,-1.576834,-2.890106,1.890139,-1.528139,0.124135,0.130347,0.146093
1778249494.319979,0.717162,0.370419,1.006723,0.0000,0.0000,0.0000,0.104745,0.104745,0.104640,0.000000,0.000000,0.000000,0.751022,0.378204,1.028886,0.061623,0.014167,0.040335,0.133158,44.716013,44.092842,-2.938273,1.936568,-1.576832,-2.890106,1.890139,-1.528139,0.124135,0.130347,0.146086
1778249494.329712,0.717281,0.370449,1.006833,0.0000,0.0000,0.0000,0.104745,0.104745,0.104640,0.000000,0.000000,0.000000,0.751022,0.378204,1.028886,0.061649,0.014169,0.040294,0.133155,44.719153,44.096107,-2.938139,1.936438,-1.576831,-2.890106,1.890139,-1.528139,0.124135,0.130348,0.146080
1778249494.339889,0.717399,0.370479,1.006942,0.0000,0.0000,0.0000,0.104745,0.104745,0.104640,0.000000,0.000000,0.000000,0.751022,0.378204,1.028886,0.061649,0.014169,0.040294,0.133155,44.719153,44.096107,-2.938002,1.936306,-1.576830,-2.890106,1.890139,-1.528139,0.124135,0.130348,0.146075
1778249494.349713,0.717518,0.370508,1.007052,0.0000,0.0000,0.0000,0.104745,0.104745,0.104640,0.000000,0.000000,0.000000,0.751022,0.378204,1.028886,0.061702,0.014173,0.040211,0.133148,44.725013,44.102315,-2.937828,1.936138,-1.576829,-2.890106,1.890139,-1.528139,0.124135,0.130348,0.146073
1778249494.359581,0.717665,0.370545,1.007188,0.0000,0.0000,0.0000,0.104745,0.104745,0.104640,0.000000,0.000000,0.000000,0.751022,0.378204,1.028886,0.061736,0.014175,0.040158,0.133145,44.729638,44.107128,-2.937686,1.936001,-1.576829,-2.890106,1.890139,-1.528139,0.124135,0.130348,0.146070
1778249494.369739,0.717784,0.370574,1.007298,0.0000,0.0000,0.0000,0.104745,0.104745,0.104640,0.000000,0.000000,0.000000,0.751022,0.378204,1.028886,0.061763,0.014178,0.040116,0.133142,44.731050,44.108707,-2.937541,1.935861,-1.576830,-2.890106,1.890139,-1.528139,0.124134,0.130348,0.146071
1778249494.379733,0.717902,0.370603,1.007407,0.0000,0.0000,0.0000,0.104745,0.104745,0.104640,0.000000,0.000000,0.000000,0.751022,0.378204,1.028886,0.061791,0.014180,0.040073,0.133138,44.734709,44.112478,-2.937394,1.935720,-1.576830,-2.890106,1.890139,-1.528139,0.124134,0.130348,0.146072
1778249494.389781,0.718020,0.370632,1.007516,0.0000,0.0000,0.0000,0.104745,0.104745,0.104640,0.000000,0.000000,0.000000,0.751022,0.378204,1.028886,0.061818,0.014184,0.040030,0.133135,44.737147,44.115062,-2.937207,1.935539,-1.576832,-2.890106,1.890139,-1.528139,0.124134,0.130349,0.146076
1778249494.399659,0.718167,0.370668,1.007652,0.0000,0.0000,0.0000,0.104745,0.104745,0.104640,0.000000,0.000000,0.000000,0.751022,0.378204,1.028886,0.061852,0.014187,0.039975,0.133132,44.742594,44.120576,-2.937054,1.935392,-1.576834,-2.890106,1.890139,-1.528139,0.124134,0.130349,0.146079
1778249494.409687,0.718285,0.370697,1.007761,0.0000,0.0000,0.0000,0.104745,0.104745,0.104640,0.000000,0.000000,0.000000,0.751022,0.378204,1.028886,0.061880,0.014190,0.039931,0.133128,44.745229,44.123314,-2.936899,1.935243,-1.576837,-2.890106,1.890139,-1.528139,0.124134,0.130349,0.146085
1778249494.420024,0.718403,0.370725,1.007870,0.0000,0.0000,0.0000,0.104745,0.104745,0.104640,0.000000,0.000000,0.000000,0.751022,0.378204,1.028886,0.061907,0.014195,0.039887,0.133125,44.746996,44.125303,-2.936702,1.935052,-1.576840,-2.890106,1.890139,-1.528139,0.124133,0.130349,0.146095
1778249494.429612,0.718551,0.370761,1.008006,0.0000,0.0000,0.0000,0.104745,0.104745,0.104640,0.000000,0.000000,0.000000,0.751022,0.378204,1.028886,0.061942,0.014199,0.039831,0.133121,44.750856,44.129330,-2.936541,1.934897,-1.576843,-2.890106,1.890139,-1.528139,0.124133,0.130349,0.146102
1778249494.439782,0.718668,0.370788,1.008114,0.0000,0.0000,0.0000,0.104745,0.104745,0.104640,0.000000,0.000000,0.000000,0.751022,0.378204,1.028886,0.061970,0.014203,0.039786,0.133117,44.752744,44.131329,-2.936377,1.934740,-1.576847,-2.890106,1.890139,-1.528139,0.124133,0.130350,0.146113
1778249494.449611,0.718786,0.370816,1.008223,0.0000,0.0000,0.0000,0.104745,0.104745,0.104640,0.000000,0.000000,0.000000,0.751022,0.378204,1.028886,0.061998,0.014209,0.039741,0.133113,44.755017,44.133739,-2.936211,1.934580,-1.576851,-2.890106,1.890139,-1.528139,0.124132,0.130350,0.146124
1778249494.459659,0.718904,0.370843,1.008331,0.0000,0.0000,0.0000,0.104745,0.104745,0.104640,0.000000,0.000000,0.000000,0.751022,0.378204,1.028886,0.062026,0.014215,0.039695,0.133110,44.756827,44.135643,-2.936042,1.934417,-1.576855,-2.890106,1.890139,-1.528139,0.124132,0.130350,0.146135
1778249494.469751,0.719022,0.370869,1.008440,0.0000,0.0000,0.0000,0.104745,0.104745,0.104640,0.000000,0.000000,0.000000,0.751022,0.378204,1.028886,0.062054,0.014223,0.039649,0.133106,44.759195,44.138143,-2.935871,1.934252,-1.576858,-2.890106,1.890139,-1.528139,0.124132,0.130351,0.146147
1778249494.479825,0.719140,0.370895,1.008548,0.0000,0.0000,0.0000,0.104745,0.104745,0.104640,0.000000,0.000000,0.000000,0.751022,0.378204,1.028886,0.062054,0.014223,0.039649,0.133106,44.759195,44.138143,-2.935697,1.934084,-1.576862,-2.890106,1.890139,-1.528139,0.124131,0.130351,0.146161
1778249494.489864,0.719288,0.370927,1.008684,0.0000,0.0000,0.0000,0.104745,0.104745,0.104640,0.000000,0.000000,0.000000,0.751022,0.378204,1.028886,0.062116,0.014243,0.039544,0.133098,44.766003,44.145172,-2.935476,1.933871,-1.576867,-2.890106,1.890139,-1.528139,0.124131,0.130351,0.146172
1778249494.499608,0.719406,0.370952,1.008792,0.0000,0.0000,0.0000,0.104745,0.104745,0.104640,0.000000,0.000000,0.000000,0.751022,0.378204,1.028886,0.062143,0.014255,0.039497,0.133094,44.767436,44.146811,-2.935295,1.933697,-1.576869,-2.890106,1.890139,-1.528139,0.124131,0.130352,0.146183
1778249494.509701,0.719525,0.370976,1.008900,0.0000,0.0000,0.0000,0.104745,0.104745,0.104640,0.000000,0.000000,0.000000,0.751022,0.378204,1.028886,0.062171,0.014267,0.039450,0.133090,44.769624,44.149102,-2.935112,1.933521,-1.576872,-2.890106,1.890139,-1.528139,0.124130,0.130352,0.146191
1778249494.519827,0.719643,0.370998,1.009008,0.0000,0.0000,0.0000,0.104745,0.104745,0.104640,0.000000,0.000000,0.000000,0.751022,0.378204,1.028886,0.062198,0.014282,0.039401,0.133085,44.770589,44.150303,-2.934926,1.933341,-1.576873,-2.890106,1.890139,-1.528139,0.124129,0.130353,0.146199
1778249494.529736,0.719761,0.371020,1.009116,0.0000,0.0000,0.0000,0.104745,0.104745,0.104640,0.000000,0.000000,0.000000,0.751022,0.378204,1.028886,0.062225,0.014299,0.039352,0.133081,44.771909,44.151845,-2.934738,1.933159,-1.576874,-2.890106,1.890139,-1.528139,0.124129,0.130354,0.146203
1778249494.539844,0.719879,0.371041,1.009225,0.0000,0.0000,0.0000,0.104745,0.104745,0.104640,0.000000,0.000000,0.000000,0.751022,0.378204,1.028886,0.062253,0.014318,0.039301,0.133077,44.771317,44.151813,-2.934546,1.932973,-1.576874,-2.890106,1.890139,-1.528139,0.124128,0.130354,0.146205
1778249494.549676,0.719995,0.371060,1.009334,0.0000,0.0000,0.0000,0.104745,0.104745,0.104640,0.000000,0.000000,0.000000,0.751022,0.378204,1.028886,0.062281,0.014341,0.039248,0.133072,44.769022,44.150474,-2.934350,1.932784,-1.576873,-2.890106,1.890139,-1.528139,0.124127,0.130355,0.146204
1778249494.559869,0.720110,0.371076,1.009445,0.0000,0.0000,0.0000,0.104745,0.104745,0.104640,0.000000,0.000000,0.000000,0.751022,0.378204,1.028886,0.062311,0.014369,0.039189,0.133068,44.762596,44.144911,-2.934099,1.932541,-1.576872,-2.890106,1.890139,-1.528139,0.124126,0.130356,0.146202
1778249494.570027,0.720224,0.371089,1.009556,0.0000,0.0000,0.0000,0.104745,0.104745,0.104640,0.000000,0.000000,0.000000,0.751022,0.378204,1.028886,0.062311,0.014369,0.039189,0.133068,44.762596,44.144911,-2.933893,1.932343,-1.576870,-2.890106,1.890139,-1.528139,0.124126,0.130356,0.146199
1778249494.579750,0.720365,0.371105,1.009696,0.0000,0.0000,0.0000,0.104745,0.104745,0.104640,0.000000,0.000000,0.000000,0.751022,0.378204,1.028886,0.062382,0.014446,0.039050,0.133059,44.766072,44.149344,-2.933683,1.932139,-1.576867,-2.890106,1.890139,-1.528139,0.124125,0.130357,0.146193
1778249494.589666,0.720479,0.371115,1.009807,0.0000,0.0000,0.0000,0.104745,0.104745,0.104640,0.000000,0.000000,0.000000,0.751022,0.378204,1.028886,0.062412,0.014485,0.038986,0.133054,44.763081,44.146319,-2.933469,1.931932,-1.576862,-2.890106,1.890139,-1.528139,0.124124,0.130358,0.146184
1778249494.599610,0.720574,0.371151,1.009923,0.0000,0.0000,0.0000,0.104745,0.104745,0.104640,0.000000,0.000000,0.000000,0.751022,0.378204,1.028886,0.062467,0.014471,0.038904,0.133050,44.769624,44.155995,-2.933259,1.931728,-1.576848,-2.890106,1.890139,-1.528139,0.124123,0.130359,0.146164
1778249494.609927,0.720650,0.371228,1.010041,0.0000,0.0000,0.0000,0.104745,0.104745,0.104640,0.000000,0.000000,0.000000,0.751022,0.378204,1.028886,0.062467,0.014471,0.038904,0.133050,44.769624,44.155995,-2.933015,1.931490,-1.576807,-2.890106,1.890139,-1.528139,0.124124,0.130358,0.146108
1778249494.619853,0.720750,0.371341,1.010126,0.0000,0.0000,0.0000,0.104745,0.104745,0.104640,0.000000,0.000000,0.000000,0.751022,0.378204,1.028886,0.062549,0.014367,0.038810,0.133048,44.802529,44.183037,-2.932829,1.931304,-1.576771,-2.890106,1.890139,-1.528139,0.124124,0.130358,0.146005
1778249494.629697,0.720911,0.371487,1.010146,0.0000,0.0000,0.0000,0.104745,0.104745,0.104640,0.000000,0.000000,0.000000,0.751022,0.378204,1.028886,0.062563,0.013957,0.038937,0.133043,45.572088,44.898921,-2.932647,1.931120,-1.576731,-2.890106,1.890139,-1.528139,0.124117,0.130365,0.145895
1778249494.639615,0.721173,0.371681,1.010133,0.0000,0.0000,0.0000,0.104745,0.104745,0.104640,0.000000,0.000000,0.000000,0.751022,0.378204,1.028886,0.062446,0.013645,0.039233,0.133034,45.541645,44.861147,-2.932475,1.930947,-1.576688,-2.890106,1.890139,-1.528139,0.124109,0.130372,0.145775
1778249494.649673,0.721385,0.371824,1.010144,0.0000,0.0000,0.0000,0.104745,0.104745,0.104640,0.000000,0.000000,0.000000,0.751022,0.378204,1.028886,0.062365,0.013426,0.039438,0.133023,45.314160,44.644651,-2.932317,1.930789,-1.576643,-2.890106,1.890139,-1.528139,0.124103,0.130378,0.145646
1778249494.659703,0.721578,0.371951,1.010184,0.0000,0.0000,0.0000,0.104745,0.104745,0.104640,0.000000,0.000000,0.000000,0.751022,0.378204,1.028886,0.062315,0.013233,0.039581,0.133011,45.165926,44.506825,-2.932170,1.930643,-1.576606,-2.890106,1.890139,-1.528139,0.124099,0.130382,0.145513
1778249494.669564,0.721758,0.372066,1.010238,0.0000,0.0000,0.0000,0.104745,0.104745,0.104640,0.000000,0.000000,0.000000,0.751022,0.378204,1.028886,0.062315,0.013233,0.039581,0.133011,45.165926,44.506825,-2.932025,1.930500,-1.576573,-2.890106,1.890139,-1.528139,0.124098,0.130383,0.145401
1778249494.679728,0.721929,0.372172,1.010298,0.0000,0.0000,0.0000,0.104745,0.104745,0.104640,0.000000,0.000000,0.000000,0.751022,0.378204,1.028886,0.062282,0.013063,0.039690,0.132998,45.126235,44.473321,-2.931842,1.930321,-1.576534,-2.890106,1.890139,-1.528139,0.124097,0.130384,0.145277
1778249494.689953,0.722092,0.372270,1.010362,0.0000,0.0000,0.0000,0.104745,0.104745,0.104640,0.000000,0.000000,0.000000,0.751022,0.378204,1.028886,0.062240,0.012767,0.039853,0.132974,45.105152,44.459753,-2.931694,1.930176,-1.576505,-2.890106,1.890139,-1.528139,0.124097,0.130384,0.145184
1778249494.699628,0.722310,0.372377,1.010443,0.0000,0.0000,0.0000,0.104745,0.104745,0.104640,0.000000,0.000000,0.000000,0.751022,0.378204,1.028886,0.062203,0.012623,0.039955,0.132960,45.064573,44.413259,-2.931559,1.930042,-1.576493,-2.890106,1.890139,-1.528139,0.124097,0.130384,0.145097
1778249494.709669,0.722510,0.372438,1.010508,0.0000,0.0000,0.0000,0.104745,0.104745,0.104640,0.000000,0.000000,0.000000,0.751022,0.378204,1.028886,0.062148,0.012569,0.040058,0.132946,45.028531,44.374086,-2.931447,1.929933,-1.576491,-2.890106,1.890139,-1.528139,0.124093,0.130388,0.145061
1778249494.720049,0.722710,0.372504,1.010579,0.0000,0.0000,0.0000,0.104745,0.104745,0.104640,0.000000,0.000000,0.000000,0.751022,0.378204,1.028886,0.062099,0.012501,0.040155,0.132930,44.991237,44.338402,-2.931348,1.929838,-1.576491,-2.890106,1.890139,-1.528139,0.124090,0.130390,0.145055
1778249494.729774,0.722895,0.372584,1.010661,0.0000,0.0000,0.0000,0.104745,0.104745,0.104640,0.000000,0.000000,0.000000,0.751022,0.378204,1.028886,0.062075,0.012403,0.040222,0.132914,44.933433,44.284776,-2.931239,1.929736,-1.576493,-2.890106,1.890139,-1.528139,0.124093,0.130388,0.145058
1778249494.739754,0.723064,0.372668,1.010752,0.0000,0.0000,0.0000,0.104745,0.104745,0.104640,0.000000,0.000000,0.000000,0.751022,0.378204,1.028886,0.062072,0.012291,0.040262,0.132899,44.921541,44.276463,-2.931162,1.929663,-1.576493,-2.890106,1.890139,-1.528139,0.124096,0.130385,0.145062
1778249494.749746,0.723262,0.372766,1.010869,0.0000,0.0000,0.0000,0.104745,0.104745,0.104640,0.000000,0.000000,0.000000,0.751022,0.378204,1.028886,0.062079,0.012160,0.040290,0.132884,44.944338,44.303485,-2.931087,1.929591,-1.576493,-2.890106,1.890139,-1.528139,0.124097,0.130384,0.145061
1778249494.759816,0.723413,0.372836,1.010964,0.0000,0.0000,0.0000,0.104745,0.104745,0.104640,0.000000,0.000000,0.000000,0.751022,0.378204,1.028886,0.062088,0.012072,0.040304,0.132870,44.973442,44.334746,-2.931013,1.929519,-1.576494,-2.890106,1.890139,-1.528139,0.124097,0.130383,0.145061
1778249494.769694,0.723560,0.372896,1.011058,0.0000,0.0000,0.0000,0.104745,0.104745,0.104640,0.000000,0.000000,0.000000,0.751022,0.378204,1.028886,0.062096,0.012002,0.040312,0.132855,44.996920,44.360006,-2.930937,1.929447,-1.576495,-2.890106,1.890139,-1.528139,0.124097,0.130384,0.145064
1778249494.779613,0.723703,0.372948,1.011152,0.0000,0.0000,0.0000,0.104745,0.104745,0.104640,0.000000,0.000000,0.000000,0.751022,0.378204,1.028886,0.062104,0.011947,0.040315,0.132836,45.010773,44.375638,-2.930860,1.929373,-1.576495,-2.890106,1.890139,-1.528139,0.124097,0.130384,0.145068
1778249494.789864,0.723841,0.372996,1.011247,0.0000,0.0000,0.0000,0.104745,0.104745,0.104640,0.000000,0.000000,0.000000,0.751022,0.378204,1.028886,0.062104,0.011947,0.040315,0.132836,45.010773,44.375638,-2.930783,1.929298,-1.576494,-2.890106,1.890139,-1.528139,0.124097,0.130384,0.145066
1778249494.799986,0.723976,0.373039,1.011343,0.0000,0.0000,0.0000,0.104745,0.104745,0.104640,0.000000,0.000000,0.000000,0.751022,0.378204,1.028886,0.062130,0.011864,0.040300,0.132793,45.028506,44.395744,-2.930684,1.929202,-1.576494,-2.890106,1.890139,-1.528139,0.124096,0.130385,0.145066
1778249494.809699,0.724108,0.373077,1.011439,0.0000,0.0000,0.0000,0.104745,0.104745,0.104640,0.000000,0.000000,0.000000,0.751022,0.378204,1.028886,0.062144,0.011839,0.040285,0.132770,45.034449,44.402704,-2.930604,1.929125,-1.576493,-2.890106,1.890139,-1.528139,0.124095,0.130385,0.145065
1778249494.819852,0.724271,0.373119,1.011561,0.0000,0.0000,0.0000,0.104745,0.104745,0.104640,0.000000,0.000000,0.000000,0.751022,0.378204,1.028886,0.062165,0.011816,0.040260,0.132745,45.041602,44.410809,-2.930523,1.929045,-1.576493,-2.890106,1.890139,-1.528139,0.124094,0.130386,0.145062
1778249494.829861,0.724398,0.373148,1.011659,0.0000,0.0000,0.0000,0.104745,0.104745,0.104640,0.000000,0.000000,0.000000,0.751022,0.378204,1.028886,0.062183,0.011808,0.040235,0.132721,45.045369,44.415237,-2.930440,1.928965,-1.576492,-2.890106,1.890139,-1.528139,0.124093,0.130387,0.145061
1778249494.839829,0.724525,0.373175,1.011758,0.0000,0.0000,0.0000,0.104745,0.104745,0.104640,0.000000,0.000000,0.000000,0.751022,0.378204,1.028886,0.062201,0.011804,0.040208,0.132698,45.049472,44.419759,-2.930334,1.928862,-1.576491,-2.890106,1.890139,-1.528139,0.124092,0.130389,0.145057
1778249494.849930,0.724650,0.373199,1.011857,0.0000,0.0000,0.0000,0.104745,0.104745,0.104640,0.000000,0.000000,0.000000,0.751022,0.378204,1.028886,0.062221,0.011807,0.040177,0.132675,45.052442,44.423172,-2.930248,1.928779,-1.576490,-2.890106,1.890139,-1.528139,0.124091,0.130390,0.145055
1778249494.859793,0.724805,0.373227,1.011982,0.0000,0.0000,0.0000,0.104745,0.104745,0.104640,0.000000,0.000000,0.000000,0.751022,0.378204,1.028886,0.062246,0.011816,0.040135,0.132652,45.057440,44.428517,-2.930161,1.928694,-1.576489,-2.890106,1.890139,-1.528139,0.124089,0.130391,0.145052
1778249494.870126,0.724928,0.373247,1.012082,0.0000,0.0000,0.0000,0.104745,0.104745,0.104640,0.000000,0.000000,0.000000,0.751022,0.378204,1.028886,0.062266,0.011829,0.040099,0.132629,45.059919,44.431317,-2.930049,1.928585,-1.576488,-2.890106,1.890139,-1.528139,0.124088,0.130392,0.145050
1778249494.879927,0.725081,0.373270,1.012207,0.0000,0.0000,0.0000,0.104745,0.104745,0.104640,0.000000,0.000000,0.000000,0.751022,0.378204,1.028886,0.062293,0.011848,0.040052,0.132605,45.063390,44.435174,-2.929958,1.928497,-1.576487,-2.890106,1.890139,-1.528139,0.124086,0.130394,0.145046
1778249494.889968,0.725203,0.373286,1.012308,0.0000,0.0000,0.0000,0.104745,0.104745,0.104640,0.000000,0.000000,0.000000,0.751022,0.378204,1.028886,0.062315,0.011869,0.040012,0.132583,45.065628,44.437681,-2.929842,1.928384,-1.576486,-2.890106,1.890139,-1.528139,0.124084,0.130396,0.145044
1778249494.899786,0.725324,0.373302,1.012409,0.0000,0.0000,0.0000,0.104745,0.104745,0.104640,0.000000,0.000000,0.000000,0.751022,0.378204,1.028886,0.062337,0.011891,0.039971,0.132561,45.068242,44.440525,-2.929747,1.928291,-1.576485,-2.890106,1.890139,-1.528139,0.124083,0.130397,0.145040
1778249494.909773,0.725475,0.373320,1.012535,0.0000,0.0000,0.0000,0.104745,0.104745,0.104640,0.000000,0.000000,0.000000,0.751022,0.378204,1.028886,0.062366,0.011922,0.039917,0.132539,45.072578,44.444998,-2.929651,1.928198,-1.576484,-2.890106,1.890139,-1.528139,0.124081,0.130399,0.145038
1778249494.919856,0.725595,0.373334,1.012636,0.0000,0.0000,0.0000,0.104745,0.104745,0.104640,0.000000,0.000000,0.000000,0.751022,0.378204,1.028886,0.062389,0.011949,0.039873,0.132518,45.075296,44.447895,-2.929553,1.928102,-1.576484,-2.890106,1.890139,-1.528139,0.124080,0.130400,0.145036
1778249494.929751,0.725745,0.373350,1.012762,0.0000,0.0000,0.0000,0.104745,0.104745,0.104640,0.000000,0.000000,0.000000,0.751022,0.378204,1.028886,0.062418,0.011986,0.039817,0.132496,45.078519,44.451383,-2.929427,1.927980,-1.576483,-2.890106,1.890139,-1.528139,0.124078,0.130402,0.145034
1778249494.939721,0.725865,0.373362,1.012863,0.0000,0.0000,0.0000,0.104745,0.104745,0.104640,0.000000,0.000000,0.000000,0.751022,0.378204,1.028886,0.062441,0.012017,0.039770,0.132475,45.080967,44.453983,-2.929299,1.927856,-1.576482,-2.890106,1.890139,-1.528139,0.124076,0.130404,0.145031
1778249494.949652,0.726014,0.373377,1.012989,0.0000,0.0000,0.0000,0.104745,0.104745,0.104640,0.000000,0.000000,0.000000,0.751022,0.378204,1.028886,0.062471,0.012057,0.039711,0.132454,45.085458,44.458586,-2.929195,1.927754,-1.576482,-2.890106,1.890139,-1.528139,0.124074,0.130406,0.145029
1778249494.959763,0.726133,0.373388,1.013090,0.0000,0.0000,0.0000,0.104745,0.104745,0.104640,0.000000,0.000000,0.000000,0.751022,0.378204,1.028886,0.062495,0.012092,0.039662,0.132433,45.087020,44.460315,-2.929088,1.927651,-1.576481,-2.890106,1.890139,-1.528139,0.124072,0.130407,0.145028
1778249494.969745,0.726252,0.373399,1.013191,0.0000,0.0000,0.0000,0.104745,0.104745,0.104640,0.000000,0.000000,0.000000,0.751022,0.378204,1.028886,0.062520,0.012127,0.039613,0.132414,45.089872,44.463283,-2.928980,1.927546,-1.576481,-2.890106,1.890139,-1.528139,0.124071,0.130409,0.145026
1778249494.979689,0.726370,0.373410,1.013293,0.0000,0.0000,0.0000,0.104745,0.104745,0.104640,0.000000,0.000000,0.000000,0.751022,0.378204,1.028886,0.062545,0.012164,0.039563,0.132395,45.092561,44.466119,-2.928869,1.927438,-1.576481,-2.890106,1.890139,-1.528139,0.124069,0.130410,0.145026
1778249494.990108,0.726488,0.373420,1.013394,0.0000,0.0000,0.0000,0.104745,0.104745,0.104640,0.000000,0.000000,0.000000,0.751022,0.378204,1.028886,0.062570,0.012201,0.039512,0.132376,45.095446,44.469145,-2.928728,1.927302,-1.576481,-2.890106,1.890139,-1.528139,0.124067,0.130412,0.145025
1778249494.999783,0.726606,0.373430,1.013494,0.0000,0.0000,0.0000,0.104745,0.104745,0.104640,0.000000,0.000000,0.000000,0.751022,0.378204,1.028886,0.062595,0.012239,0.039460,0.132358,45.098079,44.471947,-2.928613,1.927190,-1.576481,-2.890106,1.890139,-1.528139,0.124066,0.130413,0.145025
1778249495.009677,0.726753,0.373443,1.013620,0.0000,0.0000,0.0000,0.104745,0.104745,0.104640,0.000000,0.000000,0.000000,0.751022,0.378204,1.028886,0.062627,0.012287,0.039394,0.132338,45.101648,44.475729,-2.928496,1.927077,-1.576481,-2.890106,1.890139,-1.528139,0.124064,0.130415,0.145024
1778249495.019525,0.726870,0.373452,1.013721,0.0000,0.0000,0.0000,0.104745,0.104745,0.104640,0.000000,0.000000,0.000000,0.751022,0.378204,1.028886,0.062653,0.012326,0.039341,0.132320,45.104162,44.478401,-2.928377,1.926961,-1.576481,-2.890106,1.890139,-1.528139,0.124063,0.130416,0.145025
1778249495.029638,0.726988,0.373462,1.013822,0.0000,0.0000,0.0000,0.104745,0.104745,0.104640,0.000000,0.000000,0.000000,0.751022,0.378204,1.028886,0.062679,0.012367,0.039286,0.132302,45.106184,44.480525,-2.928256,1.926843,-1.576481,-2.890106,1.890139,-1.528139,0.124061,0.130418,0.145025
1778249495.039663,0.727105,0.373471,1.013922,0.0000,0.0000,0.0000,0.104745,0.104745,0.104640,0.000000,0.000000,0.000000,0.751022,0.378204,1.028886,0.062679,0.012367,0.039286,0.132302,45.106184,44.480525,-2.928101,1.926693,-1.576482,-2.890106,1.890139,-1.528139,0.124060,0.130419,0.145026
1778249495.049731,0.727222,0.373480,1.014023,0.0000,0.0000,0.0000,0.104745,0.104745,0.104640,0.000000,0.000000,0.000000,0.751022,0.378204,1.028886,0.062732,0.012450,0.039176,0.132266,45.111146,44.485735,-2.927974,1.926571,-1.576482,-2.890106,1.890139,-1.528139,0.124058,0.130420,0.145028
1778249495.059782,0.727338,0.373490,1.014123,0.0000,0.0000,0.0000,0.104745,0.104745,0.104640,0.000000,0.000000,0.000000,0.751022,0.378204,1.028886,0.062759,0.012492,0.039119,0.132249,45.114220,44.488930,-2.927845,1.926446,-1.576483,-2.890106,1.890139,-1.528139,0.124057,0.130422,0.145030
1778249495.069841,0.727484,0.373501,1.014248,0.0000,0.0000,0.0000,0.104745,0.104745,0.104640,0.000000,0.000000,0.000000,0.751022,0.378204,1.028886,0.062792,0.012545,0.039048,0.132231,45.118444,44.493272,-2.927714,1.926320,-1.576484,-2.890106,1.890139,-1.528139,0.124056,0.130423,0.145033
1778249495.079680,0.727600,0.373511,1.014349,0.0000,0.0000,0.0000,0.104745,0.104745,0.104640,0.000000,0.000000,0.000000,0.751022,0.378204,1.028886,0.062819,0.012587,0.038991,0.132213,45.121264,44.496188,-2.927580,1.926191,-1.576485,-2.890106,1.890139,-1.528139,0.124055,0.130424,0.145035
1778249495.089719,0.727716,0.373519,1.014448,0.0000,0.0000,0.0000,0.104745,0.104745,0.104640,0.000000,0.000000,0.000000,0.751022,0.378204,1.028886,0.062819,0.012587,0.038991,0.132213,45.121264,44.496188,-2.927410,1.926026,-1.576487,-2.890106,1.890139,-1.528139,0.124054,0.130425,0.145040
1778249495.099898,0.727832,0.373529,1.014548,0.0000,0.0000,0.0000,0.104745,0.104745,0.104640,0.000000,0.000000,0.000000,0.751022,0.378204,1.028886,0.062875,0.012675,0.038873,0.132178,45.125835,44.501069,-2.927306,1.925926,-1.576488,-2.890106,1.890139,-1.528139,0.124053,0.130426,0.145043
1778249495.109623,0.727947,0.373538,1.014648,0.0000,0.0000,0.0000,0.104745,0.104745,0.104640,0.000000,0.000000,0.000000,0.751022,0.378204,1.028886,0.062902,0.012720,0.038814,0.132161,45.127187,44.502606,-2.927129,1.925756,-1.576490,-2.890106,1.890139,-1.528139,0.124052,0.130427,0.145049
1778249495.120085,0.728063,0.373547,1.014748,0.0000,0.0000,0.0000,0.104745,0.104745,0.104640,0.000000,0.000000,0.000000,0.751022,0.378204,1.028886,0.062931,0.012764,0.038753,0.132145,45.130081,44.505597,-2.926985,1.925617,-1.576493,-2.890106,1.890139,-1.528139,0.124051,0.130427,0.145053
1778249495.129816,0.728207,0.373559,1.014872,0.0000,0.0000,0.0000,0.104745,0.104745,0.104640,0.000000,0.000000,0.000000,0.751022,0.378204,1.028886,0.062966,0.012820,0.038677,0.132127,45.132223,44.507951,-2.926838,1.925476,-1.576495,-2.890106,1.890139,-1.528139,0.124051,0.130428,0.145060
1778249495.139719,0.728322,0.373567,1.014971,0.0000,0.0000,0.0000,0.104745,0.104745,0.104640,0.000000,0.000000,0.000000,0.751022,0.378204,1.028886,0.062995,0.012866,0.038615,0.132109,45.133695,44.509635,-2.926689,1.925332,-1.576497,-2.890106,1.890139,-1.528139,0.124050,0.130428,0.145067
1778249495.149657,0.728436,0.373577,1.015071,0.0000,0.0000,0.0000,0.104745,0.104745,0.104640,0.000000,0.000000,0.000000,0.751022,0.378204,1.028886,0.063024,0.012911,0.038552,0.132093,45.136101,44.512129,-2.926537,1.925186,-1.576500,-2.890106,1.890139,-1.528139,0.124050,0.130429,0.145074
1778249495.159716,0.728551,0.373586,1.015170,0.0000,0.0000,0.0000,0.104745,0.104745,0.104640,0.000000,0.000000,0.000000,0.751022,0.378204,1.028886,0.063054,0.012958,0.038488,0.132076,45.137874,44.514063,-2.926343,1.924999,-1.576504,-2.890106,1.890139,-1.528139,0.124050,0.130429,0.145085
1778249495.169758,0.728666,0.373596,1.015269,0.0000,0.0000,0.0000,0.104745,0.104745,0.104640,0.000000,0.000000,0.000000,0.751022,0.378204,1.028886,0.063083,0.013003,0.038424,0.132060,45.139935,44.516229,-2.926185,1.924848,-1.576507,-2.890106,1.890139,-1.528139,0.124049,0.130429,0.145093
1778249495.182959,0.728752,0.373602,1.015343,0.0000,0.0000,0.0000,0.104745,0.104745,0.104640,0.000000,0.000000,0.000000,0.751022,0.378204,1.028886,0.063105,0.013040,0.038375,0.132045,45.140487,44.516880,-2.926065,1.924732,-1.576509,-2.890106,1.890139,-1.528139,0.124049,0.130429,0.145108
1778249495.190709,0.728866,0.373611,1.015442,0.0000,0.0000,0.0000,0.104745,0.104745,0.104640,0.000000,0.000000,0.000000,0.751022,0.378204,1.028886,0.063136,0.013087,0.038310,0.132029,45.143323,44.519822,-2.925902,1.924576,-1.576513,-2.890106,1.890139,-1.528139,0.124049,0.130429,0.145108
1778249495.199847,0.728980,0.373620,1.015541,0.0000,0.0000,0.0000,0.104745,0.104745,0.104640,0.000000,0.000000,0.000000,0.751022,0.378204,1.028886,0.063166,0.013135,0.038243,0.132014,45.144406,44.521061,-2.925778,1.924457,-1.576516,-2.890106,1.890139,-1.528139,0.124049,0.130429,0.145119
1778249495.209550,0.729122,0.373632,1.015664,0.0000,0.0000,0.0000,0.104745,0.104745,0.104640,0.000000,0.000000,0.000000,0.751022,0.378204,1.028886,0.063204,0.013196,0.038159,0.131997,45.147590,44.524466,-2.925568,1.924255,-1.576520,-2.890106,1.890139,-1.528139,0.124049,0.130429,0.145132
1778249495.219466,0.729236,0.373640,1.015763,0.0000,0.0000,0.0000,0.104745,0.104745,0.104640,0.000000,0.000000,0.000000,0.751022,0.378204,1.028886,0.063235,0.013246,0.038091,0.131980,45.147377,44.524387,-2.925397,1.924090,-1.576524,-2.890106,1.890139,-1.528139,0.124049,0.130429,0.145144
1778249495.229472,0.729350,0.373649,1.015862,0.0000,0.0000,0.0000,0.104745,0.104745,0.104640,0.000000,0.000000,0.000000,0.751022,0.378204,1.028886,0.063266,0.013297,0.038022,0.131964,45.148796,44.525933,-2.925222,1.923923,-1.576528,-2.890106,1.890139,-1.528139,0.124050,0.130429,0.145159
1778249495.239542,0.729464,0.373657,1.015960,0.0000,0.0000,0.0000,0.104745,0.104745,0.104640,0.000000,0.000000,0.000000,0.751022,0.378204,1.028886,0.063297,0.013350,0.037951,0.131948,45.149062,44.526400,-2.925045,1.923753,-1.576532,-2.890106,1.890139,-1.528139,0.124050,0.130429,0.145171
1778249495.249753,0.729577,0.373666,1.016059,0.0000,0.0000,0.0000,0.104745,0.104745,0.104640,0.000000,0.000000,0.000000,0.751022,0.378204,1.028886,0.063329,0.013402,0.037880,0.131932,45.151015,44.528443,-2.924820,1.923536,-1.576537,-2.890106,1.890139,-1.528139,0.124050,0.130429,0.145182
1778249495.259709,0.729719,0.373675,1.016182,0.0000,0.0000,0.0000,0.104745,0.104745,0.104640,0.000000,0.000000,0.000000,0.751022,0.378204,1.028886,0.063368,0.013472,0.037789,0.131915,45.152783,44.530397,-2.924635,1.923359,-1.576541,-2.890106,1.890139,-1.528139,0.124049,0.130429,0.145195
1778249495.269747,0.729832,0.373683,1.016280,0.0000,0.0000,0.0000,0.104745,0.104745,0.104640,0.000000,0.000000,0.000000,0.751022,0.378204,1.028886,0.063400,0.013527,0.037716,0.131898,45.154315,44.532081,-2.924448,1.923179,-1.576544,-2.890106,1.890139,-1.528139,0.124049,0.130429,0.145207
1778249495.279863,0.729945,0.373690,1.016379,0.0000,0.0000,0.0000,0.104745,0.104745,0.104640,0.000000,0.000000,0.000000,0.751022,0.378204,1.028886,0.063431,0.013586,0.037642,0.131881,45.154254,44.532267,-2.924210,1.922949,-1.576548,-2.890106,1.890139,-1.528139,0.124048,0.130430,0.145218
1778249495.289815,0.730086,0.373699,1.016502,0.0000,0.0000,0.0000,0.104745,0.104745,0.104640,0.000000,0.000000,0.000000,0.751022,0.378204,1.028886,0.063472,0.013659,0.037547,0.131863,45.155171,44.533461,-2.924016,1.922762,-1.576551,-2.890106,1.890139,-1.528139,0.123933,0.130310,0.145226
1778249495.299698,0.730199,0.373704,1.016600,0.0000,0.0000,0.0000,0.104745,0.104745,0.104640,0.000000,0.000000,0.000000,0.751022,0.378204,1.028886,0.063503,0.013722,0.037470,0.131846,45.154294,44.532877,-2.923819,1.922572,-1.576552,-2.890106,1.890139,-1.528139,0.123047,0.129381,0.145236
1778249495.309754,0.730312,0.373711,1.016698,0.0000,0.0000,0.0000,0.104745,0.104745,0.104640,0.000000,0.000000,0.000000,0.751022,0.378204,1.028886,0.063503,0.013722,0.037470,0.131846,45.154294,44.532877,-2.923567,1.922329,-1.576554,-2.890106,1.890139,-1.528139,0.122324,0.128623,0.145241
1778249495.319955,0.730425,0.373717,1.016796,0.0000,0.0000,0.0000,0.104745,0.104745,0.104640,0.000000,0.000000,0.000000,0.751022,0.378204,1.028886,0.063569,0.013849,0.037313,0.131813,45.154708,44.533520,-2.923363,1.922131,-1.576555,-2.890106,1.890139,-1.528139,0.121588,0.127854,0.145246
1778249495.329602,0.730566,0.373724,1.016919,0.0000,0.0000,0.0000,0.104745,0.104745,0.104640,0.000000,0.000000,0.000000,0.751022,0.378204,1.028886,0.063609,0.013930,0.037214,0.131795,45.157540,44.536288,-2.923155,1.921930,-1.576555,-2.890106,1.890139,-1.528139,0.120841,0.127072,0.145247
1778249495.339654,0.730679,0.373731,1.017016,0.0000,0.0000,0.0000,0.104745,0.104745,0.104640,0.000000,0.000000,0.000000,0.751022,0.378204,1.028886,0.063641,0.013995,0.037134,0.131777,45.157734,44.536494,-2.922944,1.921726,-1.576554,-2.890106,1.890139,-1.528139,0.120081,0.126279,0.145247
1778249495.349559,0.730787,0.373747,1.017115,0.0000,0.0000,0.0000,0.104745,0.104745,0.104640,0.000000,0.000000,0.000000,0.751022,0.378204,1.028886,0.063685,0.014028,0.037046,0.131760,45.159948,44.539409,-2.922734,1.921522,-1.576549,-2.890106,1.890139,-1.528139,0.119311,0.125474,0.145245
1778249495.359510,0.730879,0.373800,1.017213,0.0000,0.0000,0.0000,0.104745,0.104745,0.104640,0.000000,0.000000,0.000000,0.751022,0.378204,1.028886,0.063761,0.013940,0.036949,0.131745,45.225416,44.601230,-2.922532,1.921325,-1.576531,-2.890106,1.890139,-1.528139,0.118354,0.124473,0.145218
1778249495.369641,0.730971,0.373892,1.017297,0.0000,0.0000,0.0000,0.104745,0.104745,0.104640,0.000000,0.000000,0.000000,0.751022,0.378204,1.028886,0.063761,0.013940,0.036949,0.131745,45.225416,44.601230,-2.922341,1.921136,-1.576507,-2.890106,1.890139,-1.528139,0.117618,0.123707,0.145161
1778249495.379602,0.731098,0.374012,1.017344,0.0000,0.0000,0.0000,0.104745,0.104745,0.104640,0.000000,0.000000,0.000000,0.751022,0.378204,1.028886,0.063848,0.013433,0.036986,0.131721,45.647505,44.988826,-2.922121,1.920915,-1.576468,-2.890106,1.890139,-1.528139,0.116917,0.122989,0.145082
1778249495.389696,0.731311,0.374179,1.017357,0.0000,0.0000,0.0000,0.104745,0.104745,0.104640,0.000000,0.000000,0.000000,0.751022,0.378204,1.028886,0.063756,0.013017,0.037292,0.131710,45.827154,45.153608,-2.921955,1.920747,-1.576440,-2.890106,1.890139,-1.528139,0.116257,0.122318,0.144987
1778249495.399669,0.731505,0.374308,1.017361,0.0000,0.0000,0.0000,0.104745,0.104745,0.104640,0.000000,0.000000,0.000000,0.751022,0.378204,1.028886,0.063647,0.012703,0.037585,0.131699,45.753816,45.081032,-2.921799,1.920592,-1.576412,-2.890106,1.890139,-1.528139,0.115627,0.121679,0.144901
1778249495.409636,0.731699,0.374426,1.017379,0.0000,0.0000,0.0000,0.104745,0.104745,0.104640,0.000000,0.000000,0.000000,0.751022,0.378204,1.028886,0.063548,0.012425,0.037845,0.131686,45.638506,44.971889,-2.921617,1.920412,-1.576376,-2.890106,1.890139,-1.528139,0.114903,0.120937,0.144797
1778249495.419767,0.731929,0.374557,1.017419,0.0000,0.0000,0.0000,0.104745,0.104745,0.104640,0.000000,0.000000,0.000000,0.751022,0.378204,1.028886,0.063450,0.012120,0.038108,0.131669,45.565164,44.905197,-2.921476,1.920274,-1.576347,-2.890106,1.890139,-1.528139,0.114368,0.120380,0.144711
1778249495.429611,0.732103,0.374651,1.017461,0.0000,0.0000,0.0000,0.104745,0.104745,0.104640,0.000000,0.000000,0.000000,0.751022,0.378204,1.028886,0.063388,0.011903,0.038279,0.131652,45.532900,44.877704,-2.921303,1.920106,-1.576311,-2.890106,1.890139,-1.528139,0.113852,0.119839,0.144623
1778249495.439798,0.732311,0.374757,1.017525,0.0000,0.0000,0.0000,0.104745,0.104745,0.104640,0.000000,0.000000,0.000000,0.751022,0.378204,1.028886,0.063328,0.011667,0.038451,0.131633,45.441724,44.790563,-2.921165,1.919972,-1.576285,-2.890106,1.890139,-1.528139,0.113218,0.119172,0.144517
1778249495.449510,0.732488,0.374825,1.017589,0.0000,0.0000,0.0000,0.104745,0.104745,0.104640,0.000000,0.000000,0.000000,0.751022,0.378204,1.028886,0.063279,0.011535,0.038570,0.131614,45.378386,44.722731,-2.921052,1.919861,-1.576272,-2.890106,1.890139,-1.528139,0.112716,0.118643,0.144438
1778249495.459668,0.732685,0.374883,1.017648,0.0000,0.0000,0.0000,0.104745,0.104745,0.104640,0.000000,0.000000,0.000000,0.751022,0.378204,1.028886,0.063197,0.011445,0.038732,0.131593,45.382189,44.723320,-2.920944,1.919755,-1.576272,-2.890106,1.890139,-1.528139,0.112208,0.118119,0.144397
1778249495.469616,0.732879,0.374945,1.017711,0.0000,0.0000,0.0000,0.104745,0.104745,0.104640,0.000000,0.000000,0.000000,0.751022,0.378204,1.028886,0.063197,0.011445,0.038732,0.131593,45.382189,44.723320,-2.920870,1.919686,-1.576274,-2.890106,1.890139,-1.528139,0.111899,0.117796,0.144399
1778249495.479763,0.733104,0.375034,1.017795,0.0000,0.0000,0.0000,0.104745,0.104745,0.104640,0.000000,0.000000,0.000000,0.751022,0.378204,1.028886,0.063062,0.011157,0.039034,0.131546,45.392674,44.738285,-2.920802,1.919623,-1.576275,-2.890106,1.890139,-1.528139,0.111639,0.117516,0.144405
1778249495.489752,0.733272,0.375106,1.017866,0.0000,0.0000,0.0000,0.104745,0.104745,0.104640,0.000000,0.000000,0.000000,0.751022,0.378204,1.028886,0.063030,0.010999,0.039132,0.131522,45.409529,44.757503,-2.920739,1.919564,-1.576274,-2.890106,1.890139,-1.528139,0.111400,0.117258,0.144407
1778249495.499696,0.733432,0.375174,1.017938,0.0000,0.0000,0.0000,0.104745,0.104745,0.104640,0.000000,0.000000,0.000000,0.751022,0.378204,1.028886,0.063004,0.010853,0.039214,0.131498,45.425525,44.775681,-2.920680,1.919507,-1.576274,-2.890106,1.890139,-1.528139,0.111175,0.117016,0.144405
1778249495.509550,0.733626,0.375245,1.018030,0.0000,0.0000,0.0000,0.104745,0.104745,0.104640,0.000000,0.000000,0.000000,0.751022,0.378204,1.028886,0.062975,0.010710,0.039299,0.131474,45.437761,44.790993,-2.920607,1.919438,-1.576272,-2.890106,1.890139,-1.528139,0.110908,0.116733,0.144404
1778249495.519583,0.733776,0.375296,1.018107,0.0000,0.0000,0.0000,0.104745,0.104745,0.104640,0.000000,0.000000,0.000000,0.751022,0.378204,1.028886,0.062959,0.010617,0.039351,0.131452,45.443973,44.798943,-2.920551,1.919383,-1.576271,-2.890106,1.890139,-1.528139,0.110699,0.116512,0.144399
1778249495.529633,0.733920,0.375340,1.018185,0.0000,0.0000,0.0000,0.104745,0.104745,0.104640,0.000000,0.000000,0.000000,0.751022,0.378204,1.028886,0.062948,0.010541,0.039388,0.131431,45.448379,44.804967,-2.920494,1.919329,-1.576269,-2.890106,1.890139,-1.528139,0.110494,0.116295,0.144395
1778249495.539975,0.734060,0.375380,1.018265,0.0000,0.0000,0.0000,0.104745,0.104745,0.104640,0.000000,0.000000,0.000000,0.751022,0.378204,1.028886,0.062943,0.010481,0.039412,0.131411,45.452297,44.810299,-2.920423,1.919261,-1.576267,-2.890106,1.890139,-1.528139,0.110238,0.116023,0.144388
1778249495.549833,0.734196,0.375413,1.018347,0.0000,0.0000,0.0000,0.104745,0.104745,0.104640,0.000000,0.000000,0.000000,0.751022,0.378204,1.028886,0.062943,0.010438,0.039424,0.131393,45.455268,44.814777,-2.920365,1.919206,-1.576265,-2.890106,1.890139,-1.528139,0.110033,0.115806,0.144383
1778249495.559820,0.734329,0.375443,1.018431,0.0000,0.0000,0.0000,0.104745,0.104745,0.104640,0.000000,0.000000,0.000000,0.751022,0.378204,1.028886,0.062948,0.010411,0.039424,0.131376,45.458164,44.818889,-2.920308,1.919151,-1.576263,-2.890106,1.890139,-1.528139,0.109825,0.115587,0.144377
1778249495.569989,0.734490,0.375473,1.018539,0.0000,0.0000,0.0000,0.104745,0.104745,0.104640,0.000000,0.000000,0.000000,0.751022,0.378204,1.028886,0.062959,0.010400,0.039408,0.131360,45.460549,44.822550,-2.920249,1.919095,-1.576261,-2.890106,1.890139,-1.528139,0.109616,0.115366,0.144372
1778249495.579710,0.734617,0.375493,1.018626,0.0000,0.0000,0.0000,0.104745,0.104745,0.104640,0.000000,0.000000,0.000000,0.751022,0.378204,1.028886,0.062973,0.010406,0.039385,0.131344,45.461570,44.824483,-2.920190,1.919038,-1.576259,-2.890106,1.890139,-1.528139,0.109405,0.115143,0.144365
1778249495.589531,0.734771,0.375513,1.018737,0.0000,0.0000,0.0000,0.104745,0.104745,0.104640,0.000000,0.000000,0.000000,0.751022,0.378204,1.028886,0.062995,0.010431,0.039343,0.131329,45.461427,44.825294,-2.920115,1.918966,-1.576256,-2.890106,1.890139,-1.528139,0.109137,0.114861,0.144358
1778249495.599655,0.734894,0.375526,1.018827,0.0000,0.0000,0.0000,0.104745,0.104745,0.104640,0.000000,0.000000,0.000000,0.751022,0.378204,1.028886,0.063015,0.010461,0.039303,0.131316,45.461757,44.826045,-2.920055,1.918908,-1.576255,-2.890106,1.890139,-1.528139,0.108919,0.114631,0.144352
1778249495.609853,0.735015,0.375537,1.018917,0.0000,0.0000,0.0000,0.104745,0.104745,0.104640,0.000000,0.000000,0.000000,0.751022,0.378204,1.028886,0.063015,0.010461,0.039303,0.131316,45.461757,44.826045,-2.919978,1.918834,-1.576252,-2.890106,1.890139,-1.528139,0.108644,0.114341,0.144346
1778249495.619660,0.735165,0.375549,1.019032,0.0000,0.0000,0.0000,0.104745,0.104745,0.104640,0.000000,0.000000,0.000000,0.751022,0.378204,1.028886,0.063067,0.010559,0.039193,0.131290,45.463352,44.828481,-2.919915,1.918774,-1.576251,-2.890106,1.890139,-1.528139,0.108420,0.114105,0.144340
1778249495.629642,0.735283,0.375557,1.019124,0.0000,0.0000,0.0000,0.104745,0.104745,0.104640,0.000000,0.000000,0.000000,0.751022,0.378204,1.028886,0.063093,0.010610,0.039136,0.131278,45.464674,44.830081,-2.919852,1.918713,-1.576249,-2.890106,1.890139,-1.528139,0.108193,0.113865,0.144335
1778249495.639636,0.735402,0.375563,1.019216,0.0000,0.0000,0.0000,0.104745,0.104745,0.104640,0.000000,0.000000,0.000000,0.751022,0.378204,1.028886,0.063120,0.010670,0.039077,0.131267,45.464984,44.830717,-2.919788,1.918651,-1.576247,-2.890106,1.890139,-1.528139,0.107963,0.113623,0.144330
1778249495.649720,0.735519,0.375569,1.019309,0.0000,0.0000,0.0000,0.104745,0.104745,0.104640,0.000000,0.000000,0.000000,0.751022,0.378204,1.028886,0.063149,0.010734,0.039013,0.131256,45.465453,44.831461,-2.919706,1.918572,-1.576245,-2.890106,1.890139,-1.528139,0.107671,0.113316,0.144324
1778249495.659691,0.735665,0.375575,1.019425,0.0000,0.0000,0.0000,0.104745,0.104745,0.104640,0.000000,0.000000,0.000000,0.751022,0.378204,1.028886,0.063186,0.010817,0.038930,0.131245,45.467334,44.833634,-2.919640,1.918509,-1.576244,-2.890106,1.890139,-1.528139,0.107433,0.113065,0.144319
1778249495.669708,0.735782,0.375579,1.019518,0.0000,0.0000,0.0000,0.104745,0.104745,0.104640,0.000000,0.000000,0.000000,0.751022,0.378204,1.028886,0.063216,0.010889,0.038860,0.131235,45.468366,44.834883,-2.919572,1.918444,-1.576242,-2.890106,1.890139,-1.528139,0.107192,0.112813,0.144315
1778249495.679556,0.735898,0.375582,1.019611,0.0000,0.0000,0.0000,0.104745,0.104745,0.104640,0.000000,0.000000,0.000000,0.751022,0.378204,1.028886,0.063247,0.010963,0.038789,0.131224,45.470076,44.836742,-2.919504,1.918378,-1.576241,-2.890106,1.890139,-1.528139,0.106948,0.112555,0.144310
1778249495.689690,0.736014,0.375586,1.019704,0.0000,0.0000,0.0000,0.104745,0.104745,0.104640,0.000000,0.000000,0.000000,0.751022,0.378204,1.028886,0.063279,0.011039,0.038716,0.131214,45.471845,44.838609,-2.919435,1.918312,-1.576240,-2.890106,1.890139,-1.528139,0.106638,0.112229,0.144305
1778249495.699993,0.736130,0.375589,1.019797,0.0000,0.0000,0.0000,0.104745,0.104745,0.104640,0.000000,0.000000,0.000000,0.751022,0.378204,1.028886,0.063310,0.011118,0.038642,0.131204,45.473364,44.840284,-2.919347,1.918227,-1.576238,-2.890106,1.890139,-1.528139,0.106386,0.111964,0.144301
1778249495.709724,0.736245,0.375592,1.019889,0.0000,0.0000,0.0000,0.104745,0.104745,0.104640,0.000000,0.000000,0.000000,0.751022,0.378204,1.028886,0.063343,0.011196,0.038566,0.131194,45.476254,44.843238,-2.919276,1.918159,-1.576237,-2.890106,1.890139,-1.528139,0.106131,0.111695,0.144297
1778249495.719650,0.736390,0.375595,1.020005,0.0000,0.0000,0.0000,0.104745,0.104745,0.104640,0.000000,0.000000,0.000000,0.751022,0.378204,1.028886,0.063382,0.011299,0.038471,0.131183,45.480040,44.847095,-2.919204,1.918089,-1.576236,-2.890106,1.890139,-1.528139,0.105872,0.111423,0.144294
1778249495.729744,0.736505,0.375599,1.020097,0.0000,0.0000,0.0000,0.104745,0.104745,0.104640,0.000000,0.000000,0.000000,0.751022,0.378204,1.028886,0.063415,0.011381,0.038393,0.131172,45.481993,44.849131,-2.919130,1.918019,-1.576235,-2.890106,1.890139,-1.528139,0.105609,0.111147,0.144290
1778249495.739639,0.736620,0.375602,1.020189,0.0000,0.0000,0.0000,0.104745,0.104745,0.104640,0.000000,0.000000,0.000000,0.751022,0.378204,1.028886,0.063448,0.011462,0.038315,0.131161,45.484527,44.851731,-2.919056,1.917947,-1.576234,-2.890106,1.890139,-1.528139,0.105342,0.110866,0.144287
1778249495.749739,0.736735,0.375605,1.020281,0.0000,0.0000,0.0000,0.104745,0.104745,0.104640,0.000000,0.000000,0.000000,0.751022,0.378204,1.028886,0.063480,0.011546,0.038236,0.131151,45.486350,44.853648,-2.918981,1.917875,-1.576233,-2.890106,1.890139,-1.528139,0.105072,0.110583,0.144285
1778249495.759722,0.736850,0.375609,1.020372,0.0000,0.0000,0.0000,0.104745,0.104745,0.104640,0.000000,0.000000,0.000000,0.751022,0.378204,1.028886,0.063513,0.011628,0.038156,0.131140,45.489542,44.856874,-2.918904,1.917801,-1.576233,-2.890106,1.890139,-1.528139,0.104729,0.110221,0.144281
1778249495.769780,0.736965,0.375613,1.020463,0.0000,0.0000,0.0000,0.104745,0.104745,0.104640,0.000000,0.000000,0.000000,0.751022,0.378204,1.028886,0.063545,0.011713,0.038076,0.131129,45.491443,44.858908,-2.918807,1.917708,-1.576231,-2.890106,1.890139,-1.528139,0.104450,0.109929,0.144280
1778249495.779650,0.737080,0.375617,1.020554,0.0000,0.0000,0.0000,0.104745,0.104745,0.104640,0.000000,0.000000,0.000000,0.751022,0.378204,1.028886,0.063578,0.011796,0.037996,0.131118,45.494845,44.862329,-2.918728,1.917632,-1.576231,-2.890106,1.890139,-1.528139,0.104167,0.109631,0.144277
1778249495.789622,0.737223,0.375623,1.020667,0.0000,0.0000,0.0000,0.104745,0.104745,0.104640,0.000000,0.000000,0.000000,0.751022,0.378204,1.028886,0.063618,0.011900,0.037896,0.131106,45.498419,44.865988,-2.918648,1.917555,-1.576230,-2.890106,1.890139,-1.528139,0.103880,0.109330,0.144276
1778249495.799782,0.737338,0.375628,1.020756,0.0000,0.0000,0.0000,0.104745,0.104745,0.104640,0.000000,0.000000,0.000000,0.751022,0.378204,1.028886,0.063651,0.011982,0.037816,0.131094,45.501032,44.868620,-2.918567,1.917477,-1.576230,-2.890106,1.890139,-1.528139,0.103589,0.109024,0.144274
1778249495.809899,0.737453,0.375633,1.020846,0.0000,0.0000,0.0000,0.104745,0.104745,0.104640,0.000000,0.000000,0.000000,0.751022,0.378204,1.028886,0.063682,0.012066,0.037735,0.131083,45.503412,44.871073,-2.918464,1.917377,-1.576230,-2.890106,1.890139,-1.528139,0.103220,0.108636,0.144273
1778249495.819624,0.737597,0.375640,1.020957,0.0000,0.0000,0.0000,0.104745,0.104745,0.104640,0.000000,0.000000,0.000000,0.751022,0.378204,1.028886,0.063722,0.012168,0.037635,0.131070,45.509160,44.876744,-2.918380,1.917297,-1.576230,-2.890106,1.890139,-1.528139,0.102919,0.108320,0.144272
1778249495.829704,0.737712,0.375646,1.021046,0.0000,0.0000,0.0000,0.104745,0.104745,0.104640,0.000000,0.000000,0.000000,0.751022,0.378204,1.028886,0.063754,0.012251,0.037555,0.131057,45.510974,44.878612,-2.918295,1.917215,-1.576230,-2.890106,1.890139,-1.528139,0.102615,0.108000,0.144272
1778249495.839769,0.737827,0.375652,1.021134,0.0000,0.0000,0.0000,0.104745,0.104745,0.104640,0.000000,0.000000,0.000000,0.751022,0.378204,1.028886,0.063785,0.012333,0.037475,0.131045,45.513983,44.881659,-2.918209,1.917132,-1.576230,-2.890106,1.890139,-1.528139,0.102306,0.107676,0.144272
1778249495.849654,0.737942,0.375659,1.021221,0.0000,0.0000,0.0000,0.104745,0.104745,0.104640,0.000000,0.000000,0.000000,0.751022,0.378204,1.028886,0.063816,0.012413,0.037395,0.131033,45.517384,44.885057,-2.918122,1.917048,-1.576230,-2.890106,1.890139,-1.528139,0.101992,0.107347,0.144272
1778249495.859880,0.738057,0.375666,1.021308,0.0000,0.0000,0.0000,0.104745,0.104745,0.104640,0.000000,0.000000,0.000000,0.751022,0.378204,1.028886,0.063816,0.012413,0.037395,0.131033,45.517384,44.885057,-2.918011,1.916941,-1.576230,-2.890106,1.890139,-1.528139,0.101595,0.106930,0.144273
1778249495.869730,0.738171,0.375674,1.021395,0.0000,0.0000,0.0000,0.104745,0.104745,0.104640,0.000000,0.000000,0.000000,0.751022,0.378204,1.028886,0.063878,0.012574,0.037236,0.131008,45.523141,44.890906,-2.917921,1.916855,-1.576231,-2.890106,1.890139,-1.528139,0.101271,0.106590,0.144273
1778249495.879591,0.738286,0.375683,1.021482,0.0000,0.0000,0.0000,0.104745,0.104745,0.104640,0.000000,0.000000,0.000000,0.751022,0.378204,1.028886,0.063909,0.012650,0.037157,0.130996,45.526506,44.894242,-2.917830,1.916767,-1.576232,-2.890106,1.890139,-1.528139,0.100944,0.106246,0.144276
1778249495.889592,0.738430,0.375694,1.021589,0.0000,0.0000,0.0000,0.104745,0.104745,0.104640,0.000000,0.000000,0.000000,0.751022,0.378204,1.028886,0.063947,0.012747,0.037058,0.130982,45.530086,44.897920,-2.917737,1.916677,-1.576232,-2.890106,1.890139,-1.528139,0.100612,0.105897,0.144278
1778249495.899743,0.738545,0.375703,1.021674,0.0000,0.0000,0.0000,0.104745,0.104745,0.104640,0.000000,0.000000,0.000000,0.751022,0.378204,1.028886,0.063977,0.012822,0.036980,0.130969,45.532440,44.900272,-2.917643,1.916587,-1.576233,-2.890106,1.890139,-1.528139,0.100274,0.105543,0.144279
1778249495.909748,0.738660,0.375713,1.021759,0.0000,0.0000,0.0000,0.104745,0.104745,0.104640,0.000000,0.000000,0.000000,0.751022,0.378204,1.028886,0.064008,0.012896,0.036901,0.130955,45.535488,44.903321,-2.917548,1.916495,-1.576234,-2.890106,1.890139,-1.528139,0.099933,0.105185,0.144283
1778249495.919744,0.738775,0.375723,1.021844,0.0000,0.0000,0.0000,0.104745,0.104745,0.104640,0.000000,0.000000,0.000000,0.751022,0.378204,1.028886,0.064038,0.012970,0.036823,0.130942,45.538775,44.906627,-2.917427,1.916379,-1.576236,-2.890106,1.890139,-1.528139,0.099499,0.104729,0.144287
1778249495.929683,0.738890,0.375734,1.021928,0.0000,0.0000,0.0000,0.104745,0.104745,0.104640,0.000000,0.000000,0.000000,0.751022,0.378204,1.028886,0.064067,0.013042,0.036746,0.130929,45.542066,44.909916,-2.917329,1.916284,-1.576237,-2.890106,1.890139,-1.528139,0.099146,0.104359,0.144290
1778249495.939877,0.739034,0.375748,1.022032,0.0000,0.0000,0.0000,0.104745,0.104745,0.104640,0.000000,0.000000,0.000000,0.751022,0.378204,1.028886,0.064103,0.013132,0.036651,0.130915,45.548255,44.916016,-2.917229,1.916189,-1.576239,-2.890106,1.890139,-1.528139,0.098789,0.103984,0.144295
1778249495.949562,0.739149,0.375760,1.022115,0.0000,0.0000,0.0000,0.104745,0.104745,0.104640,0.000000,0.000000,0.000000,0.751022,0.378204,1.028886,0.064133,0.013199,0.036576,0.130901,45.551477,44.919202,-2.917128,1.916091,-1.576241,-2.890106,1.890139,-1.528139,0.098426,0.103604,0.144299
1778249495.959661,0.739265,0.375772,1.022198,0.0000,0.0000,0.0000,0.104745,0.104745,0.104640,0.000000,0.000000,0.000000,0.751022,0.378204,1.028886,0.064161,0.013269,0.036500,0.130887,45.553213,44.920984,-2.917026,1.915993,-1.576242,-2.890106,1.890139,-1.528139,0.097967,0.103121,0.144306
1778249495.969707,0.739380,0.375785,1.022280,0.0000,0.0000,0.0000,0.104745,0.104745,0.104640,0.000000,0.000000,0.000000,0.751022,0.378204,1.028886,0.064190,0.013336,0.036425,0.130873,45.555636,44.923418,-2.916922,1.915893,-1.576245,-2.890106,1.890139,-1.528139,0.097593,0.102729,0.144312
1778249495.979753,0.739524,0.375802,1.022382,0.0000,0.0000,0.0000,0.104745,0.104745,0.104640,0.000000,0.000000,0.000000,0.751022,0.378204,1.028886,0.064226,0.013418,0.036331,0.130858,45.560005,44.927824,-2.916790,1.915766,-1.576248,-2.890106,1.890139,-1.528139,0.097214,0.102331,0.144318
1778249495.989744,0.739639,0.375815,1.022463,0.0000,0.0000,0.0000,0.104745,0.104745,0.104640,0.000000,0.000000,0.000000,0.751022,0.378204,1.028886,0.064254,0.013484,0.036257,0.130844,45.562457,44.930325,-2.916683,1.915663,-1.576250,-2.890106,1.890139,-1.528139,0.096830,0.101928,0.144325
1778249495.999678,0.739755,0.375829,1.022544,0.0000,0.0000,0.0000,0.104745,0.104745,0.104640,0.000000,0.000000,0.000000,0.751022,0.378204,1.028886,0.064283,0.013546,0.036183,0.130830,45.565682,44.933523,-2.916575,1.915559,-1.576253,-2.890106,1.890139,-1.528139,0.096441,0.101519,0.144332
1778249496.009852,0.739870,0.375844,1.022625,0.0000,0.0000,0.0000,0.104745,0.104745,0.104640,0.000000,0.000000,0.000000,0.751022,0.378204,1.028886,0.064311,0.013610,0.036109,0.130815,45.568833,44.936673,-2.916437,1.915427,-1.576256,-2.890106,1.890139,-1.528139,0.095947,0.101000,0.144342
1778249496.019692,0.740014,0.375863,1.022724,0.0000,0.0000,0.0000,0.104745,0.104745,0.104640,0.000000,0.000000,0.000000,0.751022,0.378204,1.028886,0.064345,0.013686,0.036019,0.130800,45.574149,44.941891,-2.916325,1.915319,-1.576259,-2.890106,1.890139,-1.528139,0.095546,0.100579,0.144351
1778249496.029983,0.740130,0.375878,1.022804,0.0000,0.0000,0.0000,0.104745,0.104745,0.104640,0.000000,0.000000,0.000000,0.751022,0.378204,1.028886,0.064373,0.013748,0.035947,0.130786,45.576666,44.944419,-2.916211,1.915210,-1.576262,-2.890106,1.890139,-1.528139,0.095139,0.100151,0.144359
1778249496.039711,0.740245,0.375894,1.022883,0.0000,0.0000,0.0000,0.104745,0.104745,0.104640,0.000000,0.000000,0.000000,0.751022,0.378204,1.028886,0.064400,0.013806,0.035874,0.130771,45.579843,44.947573,-2.916096,1.915100,-1.576265,-2.890106,1.890139,-1.528139,0.094727,0.099718,0.144369
1778249496.049650,0.740361,0.375909,1.022962,0.0000,0.0000,0.0000,0.104745,0.104745,0.104640,0.000000,0.000000,0.000000,0.751022,0.378204,1.028886,0.064427,0.013868,0.035803,0.130757,45.581978,44.949751,-2.915979,1.914988,-1.576268,-2.890106,1.890139,-1.528139,0.094309,0.099278,0.144379
1778249496.059878,0.740476,0.375925,1.023040,0.0000,0.0000,0.0000,0.104745,0.104745,0.104640,0.000000,0.000000,0.000000,0.751022,0.378204,1.028886,0.064454,0.013927,0.035731,0.130743,45.584484,44.952253,-2.915861,1.914874,-1.576272,-2.890106,1.890139,-1.528139,0.093779,0.098720,0.144391
1778249496.069830,0.740592,0.375941,1.023118,0.0000,0.0000,0.0000,0.104745,0.104745,0.104640,0.000000,0.000000,0.000000,0.751022,0.378204,1.028886,0.064481,0.013987,0.035658,0.130728,45.586915,44.954699,-2.915711,1.914730,-1.576276,-2.890106,1.890139,-1.528139,0.093349,0.098267,0.144401
1778249496.079731,0.740736,0.375962,1.023215,0.0000,0.0000,0.0000,0.104745,0.104745,0.104640,0.000000,0.000000,0.000000,0.751022,0.378204,1.028886,0.064515,0.014060,0.035568,0.130713,45.590903,44.958707,-2.915589,1.914613,-1.576280,-2.890106,1.890139,-1.528139,0.092912,0.097807,0.144411
1778249496.089794,0.740852,0.375979,1.023293,0.0000,0.0000,0.0000,0.104745,0.104745,0.104640,0.000000,0.000000,0.000000,0.751022,0.378204,1.028886,0.064542,0.014120,0.035496,0.130698,45.593380,44.961214,-2.915465,1.914495,-1.576283,-2.890106,1.890139,-1.528139,0.092471,0.097341,0.144423
1778249496.099654,0.740967,0.375996,1.023370,0.0000,0.0000,0.0000,0.104745,0.104745,0.104640,0.000000,0.000000,0.000000,0.751022,0.378204,1.028886,0.064568,0.014178,0.035425,0.130683,45.595966,44.963797,-2.915307,1.914344,-1.576288,-2.890106,1.890139,-1.528139,0.091909,0.096749,0.144436
1778249496.109652,0.741112,0.376018,1.023465,0.0000,0.0000,0.0000,0.104745,0.104745,0.104640,0.000000,0.000000,0.000000,0.751022,0.378204,1.028886,0.064601,0.014250,0.035337,0.130667,45.601013,44.968742,-2.915180,1.914222,-1.576292,-2.890106,1.890139,-1.528139,0.091454,0.096268,0.144447
1778249496.119850,0.741228,0.376035,1.023541,0.0000,0.0000,0.0000,0.104745,0.104745,0.104640,0.000000,0.000000,0.000000,0.751022,0.378204,1.028886,0.064626,0.014311,0.035266,0.130652,45.602017,44.969810,-2.915050,1.914099,-1.576295,-2.890106,1.890139,-1.528139,0.090992,0.095780,0.144458
1778249496.129605,0.741343,0.376053,1.023617,0.0000,0.0000,0.0000,0.104745,0.104745,0.104640,0.000000,0.000000,0.000000,0.751022,0.378204,1.028886,0.064652,0.014368,0.035194,0.130637,45.604950,44.972710,-2.914919,1.913973,-1.576299,-2.890106,1.890139,-1.528139,0.090407,0.095161,0.144471
1778249496.139788,0.741459,0.376070,1.023693,0.0000,0.0000,0.0000,0.104745,0.104745,0.104640,0.000000,0.000000,0.000000,0.751022,0.378204,1.028886,0.064677,0.014432,0.035122,0.130621,45.605723,44.973573,-2.914752,1.913814,-1.576303,-2.890106,1.890139,-1.528139,0.089931,0.094658,0.144483
1778249496.149684,0.741603,0.376092,1.023787,0.0000,0.0000,0.0000,0.104745,0.104745,0.104640,0.000000,0.000000,0.000000,0.751022,0.378204,1.028886,0.064710,0.014509,0.035030,0.130605,45.609474,44.977378,-2.914616,1.913685,-1.576306,-2.890106,1.890139,-1.528139,0.089449,0.094147,0.144492
1778249496.159641,0.741719,0.376110,1.023862,0.0000,0.0000,0.0000,0.104745,0.104745,0.104640,0.000000,0.000000,0.000000,0.751022,0.378204,1.028886,0.064735,0.014571,0.034958,0.130589,45.611606,44.979504,-2.914479,1.913554,-1.576310,-2.890106,1.890139,-1.528139,0.088960,0.093629,0.144502
1778249496.169675,0.741835,0.376127,1.023937,0.0000,0.0000,0.0000,0.104745,0.104745,0.104640,0.000000,0.000000,0.000000,0.751022,0.378204,1.028886,0.064735,0.014571,0.034958,0.130589,45.611606,44.979504,-2.914339,1.913421,-1.576312,-2.890106,1.890139,-1.528139,0.088340,0.092972,0.144513
1778249496.179672,0.741979,0.376150,1.024030,0.0000,0.0000,0.0000,0.104745,0.104745,0.104640,0.000000,0.000000,0.000000,0.751022,0.378204,1.028886,0.063299,0.014375,0.033991,0.129402,45.603718,44.971410,-2.914162,1.913252,-1.576316,-2.890106,1.890139,-1.528139,0.087836,0.092437,0.144521
1778249496.189711,0.742095,0.376168,1.024104,0.0000,0.0000,0.0000,0.104745,0.104745,0.104640,0.000000,0.000000,0.000000,0.751022,0.378204,1.028886,0.062489,0.014252,0.033473,0.128278,45.591169,44.958772,-2.914018,1.913115,-1.576318,-2.890106,1.890139,-1.528139,0.087326,0.091896,0.144530
1778249496.199616,0.742210,0.376186,1.024178,0.0000,0.0000,0.0000,0.104745,0.104745,0.104640,0.000000,0.000000,0.000000,0.751022,0.378204,1.028886,0.061681,0.014128,0.032957,0.126996,45.579062,44.946585,-2.913872,1.912976,-1.576319,-2.890106,1.890139,-1.528139,0.086677,0.091207,0.144537
1778249496.209558,0.742325,0.376204,1.024251,0.0000,0.0000,0.0000,0.104745,0.104745,0.104640,0.000000,0.000000,0.000000,0.751022,0.378204,1.028886,0.060877,0.013998,0.032444,0.125612,45.569654,44.936972,-2.913724,1.912836,-1.576321,-2.890106,1.890139,-1.528139,0.086150,0.090648,0.144542
1778249496.219609,0.742468,0.376226,1.024342,0.0000,0.0000,0.0000,0.104745,0.104745,0.104640,0.000000,0.000000,0.000000,0.751022,0.378204,1.028886,0.060877,0.013998,0.032444,0.125612,45.569654,44.936972,-2.913536,1.912657,-1.576323,-2.890106,1.890139,-1.528139,0.085616,0.090081,0.144548
1778249496.229709,0.742581,0.376244,1.024414,0.0000,0.0000,0.0000,0.104745,0.104745,0.104640,0.000000,0.000000,0.000000,0.751022,0.378204,1.028886,0.059086,0.013721,0.031308,0.122463,45.550333,44.917483,-2.913384,1.912511,-1.576324,-2.890106,1.890139,-1.528139,0.085074,0.089505,0.144551
1778249496.239734,0.742693,0.376261,1.024485,0.0000,0.0000,0.0000,0.104745,0.104745,0.104640,0.000000,0.000000,0.000000,0.751022,0.378204,1.028886,0.058300,0.013599,0.030811,0.120904,45.540909,44.907915,-2.913229,1.912364,-1.576324,-2.890106,1.890139,-1.528139,0.084525,0.088922,0.144554
1778249496.249751,0.742805,0.376279,1.024555,0.0000,0.0000,0.0000,0.104745,0.104745,0.104640,0.000000,0.000000,0.000000,0.751022,0.378204,1.028886,0.057521,0.013475,0.030320,0.119358,45.532318,44.899151,-2.913072,1.912214,-1.576325,-2.890106,1.890139,-1.528139,0.083826,0.088182,0.144556
1778249496.259823,0.742915,0.376296,1.024624,0.0000,0.0000,0.0000,0.104745,0.104745,0.104640,0.000000,0.000000,0.000000,0.751022,0.378204,1.028886,0.056748,0.013352,0.029835,0.117825,45.524902,44.891643,-2.912872,1.912024,-1.576324,-2.890106,1.890139,-1.528139,0.083259,0.087580,0.144557
1778249496.269645,0.743024,0.376314,1.024692,0.0000,0.0000,0.0000,0.104745,0.104745,0.104640,0.000000,0.000000,0.000000,0.751022,0.378204,1.028886,0.055985,0.013229,0.029357,0.116308,45.518663,44.885291,-2.912710,1.911869,-1.576324,-2.890106,1.890139,-1.528139,0.082683,0.086969,0.144556
1778249496.279713,0.743159,0.376336,1.024776,0.0000,0.0000,0.0000,0.104745,0.104745,0.104640,0.000000,0.000000,0.000000,0.751022,0.378204,1.028886,0.055043,0.013077,0.028768,0.114683,45.516445,44.882889,-2.912546,1.911712,-1.576323,-2.890106,1.890139,-1.528139,0.082099,0.086350,0.144554
1778249496.289667,0.743265,0.376353,1.024842,0.0000,0.0000,0.0000,0.104745,0.104745,0.104640,0.000000,0.000000,0.000000,0.751022,0.378204,1.028886,0.054300,0.012955,0.028305,0.113120,45.510459,44.876763,-2.912379,1.911553,-1.576322,-2.890106,1.890139,-1.528139,0.081507,0.085722,0.144552
1778249496.299675,0.743369,0.376370,1.024908,0.0000,0.0000,0.0000,0.104745,0.104745,0.104640,0.000000,0.000000,0.000000,0.751022,0.378204,1.028886,0.053567,0.012834,0.027849,0.111604,45.505782,44.872003,-2.912210,1.911392,-1.576321,-2.890106,1.890139,-1.528139,0.080754,0.084925,0.144548
1778249496.309914,0.743473,0.376388,1.024972,0.0000,0.0000,0.0000,0.104745,0.104745,0.104640,0.000000,0.000000,0.000000,0.751022,0.378204,1.028886,0.052844,0.012714,0.027399,0.110127,45.500537,44.866680,-2.911996,1.911186,-1.576319,-2.890106,1.890139,-1.528139,0.080141,0.084277,0.144545
1778249496.319757,0.743600,0.376409,1.025051,0.0000,0.0000,0.0000,0.104745,0.104745,0.104640,0.000000,0.000000,0.000000,0.751022,0.378204,1.028886,0.052844,0.012714,0.027399,0.110127,45.500537,44.866680,-2.911821,1.911019,-1.576318,-2.890106,1.890139,-1.528139,0.079520,0.083620,0.144540
1778249496.329553,0.743704,0.376459,1.025098,0.0000,0.0000,0.0000,0.104745,0.104745,0.104640,0.000000,0.000000,0.000000,0.751022,0.378204,1.028886,0.051228,0.012212,0.026520,0.107066,45.694197,45.046802,-2.911653,1.910859,-1.576311,-2.890106,1.890139,-1.528139,0.078889,0.082953,0.144536
1778249496.339597,0.743818,0.376551,1.025125,0.0000,0.0000,0.0000,0.104745,0.104745,0.104640,0.000000,0.000000,0.000000,0.751022,0.378204,1.028886,0.050425,0.011572,0.026329,0.105578,45.766524,45.106994,-2.911471,1.910683,-1.576287,-2.890106,1.890139,-1.528139,0.078141,0.082161,0.144505
1778249496.349628,0.743947,0.376665,1.025137,0.0000,0.0000,0.0000,0.104745,0.104745,0.104640,0.000000,0.000000,0.000000,0.751022,0.378204,1.028886,0.049526,0.010769,0.026244,0.104066,45.877011,45.207254,-2.911344,1.910556,-1.576268,-2.890106,1.890139,-1.528139,0.077622,0.081614,0.144445
1778249496.359723,0.744116,0.376817,1.025140,0.0000,0.0000,0.0000,0.104745,0.104745,0.104640,0.000000,0.000000,0.000000,0.751022,0.378204,1.028886,0.048344,0.009710,0.026221,0.102395,45.894727,45.223741,-2.911224,1.910435,-1.576250,-2.890106,1.890139,-1.528139,0.077143,0.081125,0.144386
1778249496.369770,0.744253,0.376926,1.025147,0.0000,0.0000,0.0000,0.104745,0.104745,0.104640,0.000000,0.000000,0.000000,0.751022,0.378204,1.028886,0.047381,0.008942,0.026173,0.100747,45.849296,45.179886,-2.911111,1.910323,-1.576223,-2.890106,1.890139,-1.528139,0.076685,0.080665,0.144331
1778249496.379755,0.744393,0.377025,1.025158,0.0000,0.0000,0.0000,0.104745,0.104745,0.104640,0.000000,0.000000,0.000000,0.751022,0.378204,1.028886,0.046404,0.008255,0.026094,0.099110,45.816270,45.148217,-2.910979,1.910194,-1.576183,-2.890106,1.890139,-1.528139,0.076166,0.080130,0.144229
1778249496.389854,0.744532,0.377112,1.025173,0.0000,0.0000,0.0000,0.104745,0.104745,0.104640,0.000000,0.000000,0.000000,0.751022,0.378204,1.028886,0.045429,0.007641,0.025992,0.097483,45.798604,45.131934,-2.910878,1.910097,-1.576148,-2.890106,1.890139,-1.528139,0.075782,0.079727,0.144130
1778249496.400270,0.744702,0.377206,1.025195,0.0000,0.0000,0.0000,0.104745,0.104745,0.104640,0.000000,0.000000,0.000000,0.751022,0.378204,1.028886,0.044236,0.006984,0.025837,0.095743,45.779099,45.115075,-2.910780,1.910003,-1.576111,-2.890106,1.890139,-1.528139,0.075418,0.079339,0.144027
1778249496.409682,0.744833,0.377270,1.025217,0.0000,0.0000,0.0000,0.104745,0.104745,0.104640,0.000000,0.000000,0.000000,0.751022,0.378204,1.028886,0.043322,0.006539,0.025686,0.094080,45.762272,45.100353,-2.910682,1.909912,-1.576072,-2.890106,1.890139,-1.528139,0.075066,0.078959,0.143916
1778249496.419855,0.744957,0.377326,1.025242,0.0000,0.0000,0.0000,0.104745,0.104745,0.104640,0.000000,0.000000,0.000000,0.751022,0.378204,1.028886,0.043322,0.006539,0.025686,0.094080,45.762272,45.100353,-2.910562,1.909799,-1.576022,-2.890106,1.890139,-1.528139,0.074638,0.078491,0.143768
1778249496.429811,0.745074,0.377374,1.025271,0.0000,0.0000,0.0000,0.104745,0.104745,0.104640,0.000000,0.000000,0.000000,0.751022,0.378204,1.028886,0.041635,0.005806,0.025303,0.090970,45.735651,45.077443,-2.910466,1.909710,-1.575982,-2.890106,1.890139,-1.528139,0.074301,0.078120,0.143649
1778249496.440917,0.745185,0.377422,1.025299,0.0000,0.0000,0.0000,0.104745,0.104745,0.104640,0.000000,0.000000,0.000000,0.751022,0.378204,1.028886,0.041635,0.005806,0.025303,0.090970,45.735651,45.077443,-2.910370,1.909619,-1.575947,-2.890106,1.890139,-1.528139,0.073967,0.077751,0.143529
1778249496.449841,0.745292,0.377466,1.025336,0.0000,0.0000,0.0000,0.104745,0.104745,0.104640,0.000000,0.000000,0.000000,0.751022,0.378204,1.028886,0.040110,0.005168,0.024850,0.088108,45.638017,44.981000,-2.910283,1.909537,-1.575916,-2.890106,1.890139,-1.528139,0.073628,0.077380,0.143423
1778249496.460271,0.745426,0.377515,1.025406,0.0000,0.0000,0.0000,0.104745,0.104745,0.104640,0.000000,0.000000,0.000000,0.751022,0.378204,1.028886,0.040110,0.005168,0.024850,0.088108,45.638017,44.981000,-2.910214,1.909470,-1.575890,-2.890106,1.890139,-1.528139,0.073320,0.077048,0.143331
1778249496.469971,0.745543,0.377564,1.025457,0.0000,0.0000,0.0000,0.104745,0.104745,0.104640,0.000000,0.000000,0.000000,0.751022,0.378204,1.028886,0.039169,0.004822,0.024359,0.086568,45.509717,44.851479,-2.910173,1.909431,-1.575876,-2.890106,1.890139,-1.528139,0.073069,0.076783,0.143253
1778249496.480156,0.745701,0.377639,1.025504,0.0000,0.0000,0.0000,0.104745,0.104745,0.104640,0.000000,0.000000,0.000000,0.751022,0.378204,1.028886,0.037243,0.003951,0.023676,0.083372,45.676705,45.003802,-2.910142,1.909402,-1.575869,-2.890106,1.890139,-1.528139,0.072922,0.076626,0.143211
1778249496.489692,0.745837,0.377702,1.025531,0.0000,0.0000,0.0000,0.104745,0.104745,0.104640,0.000000,0.000000,0.000000,0.751022,0.378204,1.028886,0.036298,0.003512,0.023488,0.081741,45.706067,45.031318,-2.910122,1.909384,-1.575866,-2.890106,1.890139,-1.528139,0.072813,0.076507,0.143191
1778249496.499556,0.745966,0.377765,1.025558,0.0000,0.0000,0.0000,0.104745,0.104745,0.104640,0.000000,0.000000,0.000000,0.751022,0.378204,1.028886,0.035390,0.003070,0.023296,0.080152,45.699075,45.025876,-2.910106,1.909371,-1.575864,-2.890106,1.890139,-1.528139,0.072731,0.076413,0.143180
1778249496.509659,0.746115,0.377838,1.025597,0.0000,0.0000,0.0000,0.104745,0.104745,0.104640,0.000000,0.000000,0.000000,0.751022,0.378204,1.028886,0.034350,0.002559,0.023022,0.078505,45.689962,45.020275,-2.910100,1.909366,-1.575861,-2.890106,1.890139,-1.528139,0.072696,0.076369,0.143174
1778249496.519540,0.746224,0.377890,1.025632,0.0000,0.0000,0.0000,0.104745,0.104745,0.104640,0.000000,0.000000,0.000000,0.751022,0.378204,1.028886,0.033587,0.002197,0.022781,0.076971,45.689701,45.022018,-2.910096,1.909364,-1.575858,-2.890106,1.890139,-1.528139,0.072677,0.076343,0.143164
1778249496.529874,0.746326,0.377933,1.025668,0.0000,0.0000,0.0000,0.104745,0.104745,0.104640,0.000000,0.000000,0.000000,0.751022,0.378204,1.028886,0.032868,0.001893,0.022529,0.075537,45.690140,45.024520,-2.910095,1.909363,-1.575855,-2.890106,1.890139,-1.528139,0.072668,0.076328,0.143154
1778249496.540135,0.746423,0.377969,1.025706,0.0000,0.0000,0.0000,0.104745,0.104745,0.104640,0.000000,0.000000,0.000000,0.751022,0.378204,1.028886,0.032194,0.001647,0.022264,0.074191,45.688762,45.025212,-2.910095,1.909364,-1.575851,-2.890106,1.890139,-1.528139,0.072667,0.076324,0.143145
1778249496.549715,0.746534,0.378001,1.025756,0.0000,0.0000,0.0000,0.104745,0.104745,0.104640,0.000000,0.000000,0.000000,0.751022,0.378204,1.028886,0.031415,0.001420,0.021911,0.072834,45.684797,45.023878,-2.910096,1.909366,-1.575848,-2.890106,1.890139,-1.528139,0.072671,0.076325,0.143136
1778249496.559735,0.746616,0.378019,1.025799,0.0000,0.0000,0.0000,0.104745,0.104745,0.104640,0.000000,0.000000,0.000000,0.751022,0.378204,1.028886,0.030839,0.001295,0.021613,0.071586,45.678496,45.019273,-2.910098,1.909368,-1.575845,-2.890106,1.890139,-1.528139,0.072677,0.076329,0.143128
1778249496.569709,0.746693,0.378031,1.025843,0.0000,0.0000,0.0000,0.104745,0.104745,0.104640,0.000000,0.000000,0.000000,0.751022,0.378204,1.028886,0.030300,0.001210,0.021301,0.070427,45.672330,45.014355,-2.910100,1.909371,-1.575843,-2.890106,1.890139,-1.528139,0.072686,0.076336,0.143119
1778249496.579843,0.746766,0.378037,1.025889,0.0000,0.0000,0.0000,0.104745,0.104745,0.104640,0.000000,0.000000,0.000000,0.751022,0.378204,1.028886,0.030300,0.001210,0.021301,0.070427,45.672330,45.014355,-2.910103,1.909374,-1.575839,-2.890106,1.890139,-1.528139,0.072699,0.076347,0.143110
1778249496.589700,0.746851,0.378038,1.025949,0.0000,0.0000,0.0000,0.104745,0.104745,0.104640,0.000000,0.000000,0.000000,0.751022,0.378204,1.028886,0.029194,0.001162,0.020561,0.068241,45.658948,45.003325,-2.910106,1.909377,-1.575837,-2.890106,1.890139,-1.528139,0.072709,0.076356,0.143101
1778249496.599561,0.746916,0.378033,1.025998,0.0000,0.0000,0.0000,0.104745,0.104745,0.104640,0.000000,0.000000,0.000000,0.751022,0.378204,1.028886,0.028740,0.001194,0.020219,0.067219,45.650591,44.995770,-2.910109,1.909380,-1.575834,-2.890106,1.890139,-1.528139,0.072721,0.076367,0.143094
1778249496.609853,0.746978,0.378027,1.026047,0.0000,0.0000,0.0000,0.104745,0.104745,0.104640,0.000000,0.000000,0.000000,0.751022,0.378204,1.028886,0.028308,0.001239,0.019873,0.066260,45.645009,44.990630,-2.910112,1.909384,-1.575832,-2.890106,1.890139,-1.528139,0.072733,0.076378,0.143085
1778249496.619714,0.747038,0.378017,1.026097,0.0000,0.0000,0.0000,0.104745,0.104745,0.104640,0.000000,0.000000,0.000000,0.751022,0.378204,1.028886,0.027888,0.001310,0.019524,0.065350,45.637367,44.983562,-2.910116,1.909387,-1.575830,-2.890106,1.890139,-1.528139,0.072746,0.076390,0.143079
1778249496.629913,0.747095,0.378005,1.026147,0.0000,0.0000,0.0000,0.104745,0.104745,0.104640,0.000000,0.000000,0.000000,0.751022,0.378204,1.028886,0.027486,0.001394,0.019172,0.064481,45.630449,44.977116,-2.910120,1.909391,-1.575827,-2.890106,1.890139,-1.528139,0.072763,0.076406,0.143069
1778249496.639505,0.747151,0.377991,1.026198,0.0000,0.0000,0.0000,0.104745,0.104745,0.104640,0.000000,0.000000,0.000000,0.751022,0.378204,1.028886,0.027097,0.001490,0.018820,0.063645,45.624549,44.971594,-2.910124,1.909395,-1.575824,-2.890106,1.890139,-1.528139,0.072776,0.076419,0.143062
1778249496.649634,0.747218,0.377971,1.026260,0.0000,0.0000,0.0000,0.104745,0.104745,0.104640,0.000000,0.000000,0.000000,0.751022,0.378204,1.028886,0.026626,0.001628,0.018381,0.062776,45.619565,44.967064,-2.910127,1.909399,-1.575822,-2.890106,1.890139,-1.528139,0.072790,0.076432,0.143056
1778249496.659583,0.747270,0.377956,1.026310,0.0000,0.0000,0.0000,0.104745,0.104745,0.104640,0.000000,0.000000,0.000000,0.751022,0.378204,1.028886,0.026261,0.001738,0.018032,0.061955,45.615102,44.962737,-2.910131,1.909403,-1.575820,-2.890106,1.890139,-1.528139,0.072804,0.076446,0.143048
1778249496.669689,0.747322,0.377938,1.026359,0.0000,0.0000,0.0000,0.104745,0.104745,0.104640,0.000000,0.000000,0.000000,0.751022,0.378204,1.028886,0.025902,0.001859,0.017689,0.061172,45.609754,44.957608,-2.910135,1.909406,-1.575817,-2.890106,1.890139,-1.528139,0.072819,0.076460,0.143042
1778249496.679644,0.747371,0.377922,1.026408,0.0000,0.0000,0.0000,0.104745,0.104745,0.104640,0.000000,0.000000,0.000000,0.751022,0.378204,1.028886,0.025554,0.001973,0.017348,0.060420,45.605717,44.953701,-2.910139,1.909410,-1.575815,-2.890106,1.890139,-1.528139,0.072837,0.076478,0.143032
1778249496.689774,0.747420,0.377905,1.026456,0.0000,0.0000,0.0000,0.104745,0.104745,0.104640,0.000000,0.000000,0.000000,0.751022,0.378204,1.028886,0.025211,0.002093,0.017013,0.059692,45.602209,44.950275,-2.910144,1.909415,-1.575812,-2.890106,1.890139,-1.528139,0.072853,0.076493,0.143027
1778249496.699923,0.747468,0.377888,1.026503,0.0000,0.0000,0.0000,0.104745,0.104745,0.104640,0.000000,0.000000,0.000000,0.751022,0.378204,1.028886,0.024874,0.002213,0.016683,0.058987,45.598779,44.946935,-2.910148,1.909419,-1.575810,-2.890106,1.890139,-1.528139,0.072868,0.076508,0.143019
1778249496.709631,0.747527,0.377867,1.026561,0.0000,0.0000,0.0000,0.104745,0.104745,0.104640,0.000000,0.000000,0.000000,0.751022,0.378204,1.028886,0.024461,0.002358,0.016279,0.058245,45.598751,44.946848,-2.910152,1.909424,-1.575808,-2.890106,1.890139,-1.528139,0.072883,0.076524,0.143013
1778249496.719776,0.747574,0.377851,1.026606,0.0000,0.0000,0.0000,0.104745,0.104745,0.104640,0.000000,0.000000,0.000000,0.751022,0.378204,1.028886,0.024137,0.002471,0.015963,0.057541,45.595369,44.943522,-2.910156,1.909428,-1.575805,-2.890106,1.890139,-1.528139,0.072899,0.076540,0.143006
1778249496.729860,0.747619,0.377836,1.026650,0.0000,0.0000,0.0000,0.104745,0.104745,0.104640,0.000000,0.000000,0.000000,0.751022,0.378204,1.028886,0.024137,0.002471,0.015963,0.057541,45.595369,44.943522,-2.910161,1.909432,-1.575803,-2.890106,1.890139,-1.528139,0.072915,0.076555,0.142999
1778249496.739735,0.747664,0.377821,1.026693,0.0000,0.0000,0.0000,0.104745,0.104745,0.104640,0.000000,0.000000,0.000000,0.751022,0.378204,1.028886,0.023817,0.002578,0.015653,0.056865,45.592876,44.940997,-2.910165,1.909437,-1.575801,-2.890106,1.890139,-1.528139,0.072936,0.076576,0.142991
1778249496.750003,0.747709,0.377807,1.026735,0.0000,0.0000,0.0000,0.104745,0.104745,0.104640,0.000000,0.000000,0.000000,0.751022,0.378204,1.028886,0.023192,0.002775,0.015055,0.055579,45.589113,44.937180,-2.910171,1.909442,-1.575799,-2.890106,1.890139,-1.528139,0.072953,0.076593,0.142985
1778249496.759759,0.747753,0.377794,1.026777,0.0000,0.0000,0.0000,0.104745,0.104745,0.104640,0.000000,0.000000,0.000000,0.751022,0.378204,1.028886,0.022884,0.002865,0.014767,0.054962,45.588055,44.936048,-2.910175,1.909447,-1.575796,-2.890106,1.890139,-1.528139,0.072970,0.076610,0.142978
1778249496.769846,0.747807,0.377780,1.026827,0.0000,0.0000,0.0000,0.104745,0.104745,0.104640,0.000000,0.000000,0.000000,0.751022,0.378204,1.028886,0.022506,0.002967,0.014417,0.054312,45.588995,44.936917,-2.910180,1.909451,-1.575794,-2.890106,1.890139,-1.528139,0.072988,0.076628,0.142972
1778249496.779643,0.747849,0.377769,1.026865,0.0000,0.0000,0.0000,0.104745,0.104745,0.104640,0.000000,0.000000,0.000000,0.751022,0.378204,1.028886,0.022207,0.003041,0.014145,0.053692,45.587949,44.935784,-2.910185,1.909456,-1.575792,-2.890106,1.890139,-1.528139,0.073005,0.076645,0.142965
1778249496.789713,0.747892,0.377760,1.026903,0.0000,0.0000,0.0000,0.104745,0.104745,0.104640,0.000000,0.000000,0.000000,0.751022,0.378204,1.028886,0.021911,0.003107,0.013881,0.053096,45.587286,44.935029,-2.910189,1.909461,-1.575790,-2.890106,1.890139,-1.528139,0.073028,0.076668,0.142957
1778249496.799835,0.747933,0.377751,1.026940,0.0000,0.0000,0.0000,0.104745,0.104745,0.104640,0.000000,0.000000,0.000000,0.751022,0.378204,1.028886,0.021620,0.003171,0.013625,0.052521,45.589210,44.937231,-2.910195,1.909467,-1.575786,-2.890106,1.890139,-1.528139,0.073046,0.076687,0.142951
1778249496.810859,0.747984,0.377739,1.026984,0.0000,0.0000,0.0000,0.104745,0.104745,0.104640,0.000000,0.000000,0.000000,0.751022,0.378204,1.028886,0.021262,0.003252,0.013312,0.051918,45.589222,44.936772,-2.910199,1.909471,-1.575783,-2.890106,1.890139,-1.528139,0.073063,0.076703,0.142941
1778249496.820230,0.748026,0.377732,1.027019,0.0000,0.0000,0.0000,0.104745,0.104745,0.104640,0.000000,0.000000,0.000000,0.751022,0.378204,1.028886,0.021262,0.003252,0.013312,0.051918,45.589222,44.936772,-2.910205,1.909476,-1.575780,-2.890106,1.890139,-1.528139,0.073079,0.076718,0.142931
1778249496.830056,0.748066,0.377724,1.027052,0.0000,0.0000,0.0000,0.104745,0.104745,0.104640,0.000000,0.000000,0.000000,0.751022,0.378204,1.028886,0.020974,0.003306,0.013072,0.051344,45.589794,44.936997,-2.910208,1.909480,-1.575776,-2.890106,1.890139,-1.528139,0.073101,0.076740,0.142923
1778249496.839875,0.748106,0.377718,1.027085,0.0000,0.0000,0.0000,0.104745,0.104745,0.104640,0.000000,0.000000,0.000000,0.751022,0.378204,1.028886,0.020413,0.003401,0.012611,0.050264,45.588729,44.935791,-2.910212,1.909484,-1.575773,-2.890106,1.890139,-1.528139,0.073115,0.076752,0.142910
1778249496.853199,0.748145,0.377712,1.027114,0.0000,0.0000,0.0000,0.104745,0.104745,0.104640,0.000000,0.000000,0.000000,0.751022,0.378204,1.028886,0.020413,0.003401,0.012611,0.050264,45.588729,44.935791,-2.910212,1.909485,-1.575769,-2.890106,1.890139,-1.528139,0.073134,0.076767,0.142891
1778249496.860235,0.748182,0.377706,1.027146,0.0000,0.0000,0.0000,0.104745,0.104745,0.104640,0.000000,0.000000,0.000000,0.751022,0.378204,1.028886,0.020141,0.003442,0.012407,0.049755,45.597373,44.944984,-2.910215,1.909488,-1.575768,-2.890106,1.890139,-1.528139,0.073134,0.076767,0.142891
1778249496.880143,0.748218,0.377701,1.027178,0.0000,0.0000,0.0000,0.104745,0.104745,0.104640,0.000000,0.000000,0.000000,0.751022,0.378204,1.028886,0.019882,0.003486,0.012177,0.049260,45.570430,44.918544,-2.910218,1.909492,-1.575766,-2.890106,1.890139,-1.528139,0.073147,0.076778,0.142887
1778249496.881755,0.748227,0.377700,1.027186,0.0000,0.0000,0.0000,0.104745,0.104745,0.104640,0.000000,0.000000,0.000000,0.751022,0.378204,1.028886,0.019626,0.003519,0.011954,0.048777,45.582299,44.929964,-2.910218,1.909492,-1.575765,-2.890106,1.890139,-1.528139,0.073147,0.076778,0.142887
1778249496.890675,0.748255,0.377699,1.027205,0.0000,0.0000,0.0000,0.104745,0.104745,0.104640,0.000000,0.000000,0.000000,0.751022,0.378204,1.028886,0.019367,0.003536,0.011764,0.048074,45.593499,44.940650,-2.910217,1.909492,-1.575764,-2.890106,1.890139,-1.528139,0.073160,0.076788,0.142880
