timestamp,pos_x,pos_y,pos_z,force_x,force_y,force_z,adm_disp_x,adm_disp_y,adm_disp_z,adm_vel_x,adm_vel_y,adm_vel_z,ee_des_x,ee_des_y,ee_des_z,ee_vel_cmd_x,ee_vel_cmd_y,ee_vel_cmd_z,qdot_cmd_norm,tau_norm,tau_max_abs,base_x,base_y,base_yaw,base_ref_x,base_ref_y,base_ref_yaw,base_vel_cmd_x,base_vel_cmd_y,base_vel_cmd_yaw
1778249448.701735,0.648515,0.274069,0.905537,0.0000,0.0000,0.0000,0.000000,0.000000,0.000000,0.000000,0.000000,0.000000,0.648614,0.273997,0.905604,0.000691,-0.000505,0.000464,0.001766,39.706529,38.922694,-3.002435,2.002780,-1.572522,-3.000000,2.000000,-1.570796,0.010549,0.009270,0.005177
1778249448.711384,0.648516,0.274066,0.905539,0.0000,0.0000,0.0000,0.000000,0.000000,0.000000,0.000000,0.000000,0.000000,0.648614,0.273997,0.905604,0.000687,-0.000485,0.000452,0.001737,39.697308,38.913541,-3.002434,2.002779,-1.572527,-3.000000,2.000000,-1.570796,0.010546,0.009270,0.005189
1778249448.721871,0.648517,0.274063,0.905541,0.0000,0.0000,0.0000,0.000000,0.000000,0.000000,0.000000,0.000000,0.000000,0.648614,0.273997,0.905604,0.000681,-0.000464,0.000440,0.001709,39.692638,38.908756,-3.002435,2.002779,-1.572531,-3.000000,2.000000,-1.570796,0.010542,0.009270,0.005202
1778249448.732896,0.648518,0.274059,0.905543,0.0000,0.0000,0.0000,0.000000,0.000000,0.000000,0.000000,0.000000,0.000000,0.648614,0.273997,0.905604,0.000681,-0.000464,0.000440,0.001709,39.692638,38.908756,-3.002436,2.002778,-1.572535,-3.000000,2.000000,-1.570796,0.010539,0.009272,0.005214
1778249448.741431,0.648519,0.274057,0.905544,0.0000,0.0000,0.0000,0.000000,0.000000,0.000000,0.000000,0.000000,0.000000,0.648614,0.273997,0.905604,0.000665,-0.000422,0.000416,0.001655,39.695834,38.911754,-3.002436,2.002777,-1.572538,-3.000000,2.000000,-1.570796,0.010538,0.009274,0.005223
1778249448.751349,0.648521,0.274054,0.905546,0.0000,0.0000,0.0000,0.000000,0.000000,0.000000,0.000000,0.000000,0.000000,0.648614,0.273997,0.905604,0.000655,-0.000404,0.000403,0.001628,39.705532,38.921896,-3.002436,2.002777,-1.572542,-3.000000,2.000000,-1.570796,0.010535,0.009275,0.005235
1778249448.761684,0.648521,0.274053,0.905547,0.0000,0.0000,0.0000,0.000000,0.000000,0.000000,0.000000,0.000000,0.000000,0.648614,0.273997,0.905604,0.000650,-0.000394,0.000395,0.001606,39.698342,38.914460,-3.002437,2.002776,-1.572546,-3.000000,2.000000,-1.570796,0.010532,0.009277,0.005248
1778249448.771425,0.648523,0.274051,0.905549,0.0000,0.0000,0.0000,0.000000,0.000000,0.000000,0.000000,0.000000,0.000000,0.648614,0.273997,0.905604,0.000640,-0.000381,0.000384,0.001582,39.704133,38.920237,-3.002437,2.002776,-1.572549,-3.000000,2.000000,-1.570796,0.010531,0.009281,0.005258
1778249448.781452,0.648524,0.274050,0.905550,0.0000,0.0000,0.0000,0.000000,0.000000,0.000000,0.000000,0.000000,0.000000,0.648614,0.273997,0.905604,0.000631,-0.000372,0.000375,0.001559,39.705627,38.921805,-3.002438,2.002775,-1.572553,-3.000000,2.000000,-1.570796,0.010529,0.009282,0.005268
1778249448.791664,0.648525,0.274049,0.905551,0.0000,0.0000,0.0000,0.000000,0.000000,0.000000,0.000000,0.000000,0.000000,0.648614,0.273997,0.905604,0.000626,-0.000366,0.000368,0.001540,39.698001,38.914095,-3.002439,2.002775,-1.572557,-3.000000,2.000000,-1.570796,0.010527,0.009283,0.005281
1778249448.801577,0.648526,0.274048,0.905553,0.0000,0.0000,0.0000,0.000000,0.000000,0.000000,0.000000,0.000000,0.000000,0.648614,0.273997,0.905604,0.000626,-0.000366,0.000368,0.001540,39.698001,38.914095,-3.002439,2.002774,-1.572561,-3.000000,2.000000,-1.570796,0.010525,0.009285,0.005293
1778249448.811851,0.648527,0.274046,0.905554,0.0000,0.0000,0.0000,0.000000,0.000000,0.000000,0.000000,0.000000,0.000000,0.648614,0.273997,0.905604,0.000609,-0.000349,0.000350,0.001500,39.698342,38.914424,-3.002439,2.002773,-1.572565,-3.000000,2.000000,-1.570796,0.010522,0.009287,0.005306
1778249448.821694,0.648528,0.274045,0.905555,0.0000,0.0000,0.0000,0.000000,0.000000,0.000000,0.000000,0.000000,0.000000,0.648614,0.273997,0.905604,0.000601,-0.000342,0.000342,0.001481,39.699104,38.915175,-3.002439,2.002773,-1.572569,-3.000000,2.000000,-1.570796,0.010520,0.009289,0.005319
1778249448.831479,0.648529,0.274045,0.905556,0.0000,0.0000,0.0000,0.000000,0.000000,0.000000,0.000000,0.000000,0.000000,0.648614,0.273997,0.905604,0.000596,-0.000340,0.000338,0.001465,39.714123,38.930682,-3.002440,2.002772,-1.572574,-3.000000,2.000000,-1.570796,0.010519,0.009291,0.005327
1778249448.841707,0.648530,0.274045,0.905556,0.0000,0.0000,0.0000,0.000000,0.000000,0.000000,0.000000,0.000000,0.000000,0.648614,0.273997,0.905604,0.000588,-0.000337,0.000331,0.001449,39.713913,38.930437,-3.002440,2.002772,-1.572578,-3.000000,2.000000,-1.570796,0.010517,0.009293,0.005340
1778249448.851794,0.648531,0.274047,0.905558,0.0000,0.0000,0.0000,0.000000,0.000000,0.000000,0.000000,0.000000,0.000000,0.648614,0.273997,0.905604,0.000581,-0.000350,0.000322,0.001433,39.712658,38.929093,-3.002442,2.002772,-1.572584,-3.000000,2.000000,-1.570796,0.010516,0.009297,0.005356
1778249448.861459,0.648533,0.274049,0.905559,0.0000,0.0000,0.0000,0.000000,0.000000,0.000000,0.000000,0.000000,0.000000,0.648614,0.273997,0.905604,0.000569,-0.000368,0.000314,0.001417,39.712349,38.928417,-3.002443,2.002772,-1.572588,-3.000000,2.000000,-1.570796,0.010518,0.009303,0.005374
1778249448.871393,0.648535,0.274051,0.905560,0.0000,0.0000,0.0000,0.000000,0.000000,0.000000,0.000000,0.000000,0.000000,0.648614,0.273997,0.905604,0.000553,-0.000378,0.000306,0.001399,39.708107,38.923874,-3.002445,2.002773,-1.572594,-3.000000,2.000000,-1.570796,0.010520,0.009309,0.005393
1778249448.881562,0.648537,0.274051,0.905561,0.0000,0.0000,0.0000,0.000000,0.000000,0.000000,0.000000,0.000000,0.000000,0.648614,0.273997,0.905604,0.000537,-0.000378,0.000297,0.001377,39.702440,38.918074,-3.002446,2.002773,-1.572600,-3.000000,2.000000,-1.570796,0.010519,0.009311,0.005407
1778249448.891547,0.648539,0.274050,0.905563,0.0000,0.0000,0.0000,0.000000,0.000000,0.000000,0.000000,0.000000,0.000000,0.648614,0.273997,0.905604,0.000523,-0.000374,0.000288,0.001354,39.695640,38.911309,-3.002446,2.002773,-1.572606,-3.000000,2.000000,-1.570796,0.010520,0.009315,0.005423
1778249448.901563,0.648541,0.274049,0.905564,0.0000,0.0000,0.0000,0.000000,0.000000,0.000000,0.000000,0.000000,0.000000,0.648614,0.273997,0.905604,0.000514,-0.000370,0.000281,0.001334,39.708267,38.924680,-3.002447,2.002773,-1.572611,-3.000000,2.000000,-1.570796,0.010520,0.009319,0.005439
1778249448.911805,0.648542,0.274049,0.905565,0.0000,0.0000,0.0000,0.000000,0.000000,0.000000,0.000000,0.000000,0.000000,0.648614,0.273997,0.905604,0.000502,-0.000366,0.000272,0.001312,39.708274,38.924787,-3.002448,2.002773,-1.572616,-3.000000,2.000000,-1.570796,0.010520,0.009323,0.005453
1778249448.921480,0.648544,0.274048,0.905566,0.0000,0.0000,0.0000,0.000000,0.000000,0.000000,0.000000,0.000000,0.000000,0.648614,0.273997,0.905604,0.000493,-0.000361,0.000262,0.001292,39.703625,38.920049,-3.002449,2.002772,-1.572620,-3.000000,2.000000,-1.570796,0.010518,0.009325,0.005468
1778249448.931674,0.648545,0.274047,0.905568,0.0000,0.0000,0.0000,0.000000,0.000000,0.000000,0.000000,0.000000,0.000000,0.648614,0.273997,0.905604,0.000485,-0.000354,0.000252,0.001272,39.698292,38.914505,-3.002449,2.002772,-1.572624,-3.000000,2.000000,-1.570796,0.010516,0.009326,0.005484
1778249448.941920,0.648546,0.274046,0.905569,0.0000,0.0000,0.0000,0.000000,0.000000,0.000000,0.000000,0.000000,0.000000,0.648614,0.273997,0.905604,0.000477,-0.000345,0.000243,0.001252,39.692837,38.908814,-3.002449,2.002771,-1.572630,-3.000000,2.000000,-1.570796,0.010514,0.009327,0.005495
1778249448.951555,0.648547,0.274045,0.905570,0.0000,0.0000,0.0000,0.000000,0.000000,0.000000,0.000000,0.000000,0.000000,0.648614,0.273997,0.905604,0.000469,-0.000336,0.000238,0.001235,39.706209,38.922563,-3.002450,2.002770,-1.572634,-3.000000,2.000000,-1.570796,0.010512,0.009329,0.005509
1778249448.961932,0.648548,0.274043,0.905571,0.0000,0.0000,0.0000,0.000000,0.000000,0.000000,0.000000,0.000000,0.000000,0.648614,0.273997,0.905604,0.000460,-0.000322,0.000231,0.001216,39.704340,38.920589,-3.002450,2.002770,-1.572638,-3.000000,2.000000,-1.570796,0.010508,0.009329,0.005521
1778249448.971394,0.648550,0.274041,0.905572,0.0000,0.0000,0.0000,0.000000,0.000000,0.000000,0.000000,0.000000,0.000000,0.648614,0.273997,0.905604,0.000449,-0.000311,0.000224,0.001197,39.704529,38.920688,-3.002450,2.002769,-1.572641,-3.000000,2.000000,-1.570796,0.010506,0.009330,0.005533
1778249448.981563,0.648551,0.274040,0.905573,0.0000,0.0000,0.0000,0.000000,0.000000,0.000000,0.000000,0.000000,0.000000,0.648614,0.273997,0.905604,0.000441,-0.000305,0.000218,0.001179,39.700454,38.916472,-3.002450,2.002768,-1.572645,-3.000000,2.000000,-1.570796,0.010503,0.009328,0.005544
1778249448.991647,0.648552,0.274040,0.905573,0.0000,0.0000,0.0000,0.000000,0.000000,0.000000,0.000000,0.000000,0.000000,0.648614,0.273997,0.905604,0.000438,-0.000303,0.000215,0.001165,39.708397,38.924930,-3.002450,2.002768,-1.572650,-3.000000,2.000000,-1.570796,0.010501,0.009330,0.005556
1778249449.001574,0.648553,0.274039,0.905574,0.0000,0.0000,0.0000,0.000000,0.000000,0.000000,0.000000,0.000000,0.000000,0.648614,0.273997,0.905604,0.000428,-0.000297,0.000210,0.001150,39.707386,38.923678,-3.002450,2.002767,-1.572654,-3.000000,2.000000,-1.570796,0.010498,0.009331,0.005568
1778249449.011431,0.648555,0.274038,0.905575,0.0000,0.0000,0.0000,0.000000,0.000000,0.000000,0.000000,0.000000,0.000000,0.648614,0.273997,0.905604,0.000416,-0.000291,0.000204,0.001133,39.704736,38.920745,-3.002451,2.002767,-1.572656,-3.000000,2.000000,-1.570796,0.010496,0.009332,0.005580
1778249449.021867,0.648556,0.274038,0.905575,0.0000,0.0000,0.0000,0.000000,0.000000,0.000000,0.000000,0.000000,0.000000,0.648614,0.273997,0.905604,0.000405,-0.000293,0.000199,0.001117,39.700957,38.916763,-3.002451,2.002766,-1.572662,-3.000000,2.000000,-1.570796,0.010495,0.009333,0.005595
1778249449.031828,0.648557,0.274040,0.905576,0.0000,0.0000,0.0000,0.000000,0.000000,0.000000,0.000000,0.000000,0.000000,0.648614,0.273997,0.905604,0.000397,-0.000307,0.000196,0.001104,39.710604,38.926782,-3.002452,2.002766,-1.572669,-3.000000,2.000000,-1.570796,0.010495,0.009336,0.005613
1778249449.041758,0.648560,0.274041,0.905576,0.0000,0.0000,0.0000,0.000000,0.000000,0.000000,0.000000,0.000000,0.000000,0.648614,0.273997,0.905604,0.000381,-0.000314,0.000191,0.001089,39.708537,38.924354,-3.002453,2.002767,-1.572674,-3.000000,2.000000,-1.570796,0.010496,0.009341,0.005628
1778249449.051691,0.648562,0.274042,0.905577,0.0000,0.0000,0.0000,0.000000,0.000000,0.000000,0.000000,0.000000,0.000000,0.648614,0.273997,0.905604,0.000381,-0.000314,0.000191,0.001089,39.708537,38.924354,-3.002454,2.002767,-1.572679,-3.000000,2.000000,-1.570796,0.010497,0.009346,0.005644
1778249449.061509,0.648564,0.274041,0.905578,0.0000,0.0000,0.0000,0.000000,0.000000,0.000000,0.000000,0.000000,0.000000,0.648614,0.273997,0.905604,0.000348,-0.000312,0.000183,0.001053,39.694595,38.910055,-3.002454,2.002767,-1.572683,-3.000000,2.000000,-1.570796,0.010496,0.009347,0.005660
1778249449.071468,0.648566,0.274040,0.905578,0.0000,0.0000,0.0000,0.000000,0.000000,0.000000,0.000000,0.000000,0.000000,0.648614,0.273997,0.905604,0.000336,-0.000306,0.000179,0.001035,39.707486,38.923720,-3.002455,2.002767,-1.572687,-3.000000,2.000000,-1.570796,0.010497,0.009350,0.005668
1778249449.081463,0.648567,0.274039,0.905579,0.0000,0.0000,0.0000,0.000000,0.000000,0.000000,0.000000,0.000000,0.000000,0.648614,0.273997,0.905604,0.000328,-0.000300,0.000175,0.001019,39.700681,38.916564,-3.002456,2.002767,-1.572691,-3.000000,2.000000,-1.570796,0.010495,0.009350,0.005681
1778249449.091893,0.648568,0.274039,0.905579,0.0000,0.0000,0.0000,0.000000,0.000000,0.000000,0.000000,0.000000,0.000000,0.648614,0.273997,0.905604,0.000328,-0.000300,0.000175,0.001019,39.700681,38.916564,-3.002455,2.002766,-1.572695,-3.000000,2.000000,-1.570796,0.010493,0.009351,0.005695
1778249449.101559,0.648569,0.274040,0.905580,0.0000,0.0000,0.0000,0.000000,0.000000,0.000000,0.000000,0.000000,0.000000,0.648614,0.273997,0.905604,0.000315,-0.000304,0.000166,0.000993,39.710312,38.926563,-3.002456,2.002766,-1.572699,-3.000000,2.000000,-1.570796,0.010494,0.009354,0.005704
1778249449.111406,0.648570,0.274042,0.905581,0.0000,0.0000,0.0000,0.000000,0.000000,0.000000,0.000000,0.000000,0.000000,0.648614,0.273997,0.905604,0.000307,-0.000315,0.000162,0.000983,39.707264,38.923085,-3.002457,2.002766,-1.572705,-3.000000,2.000000,-1.570796,0.010494,0.009357,0.005721
1778249449.121757,0.648571,0.274042,0.905581,0.0000,0.0000,0.0000,0.000000,0.000000,0.000000,0.000000,0.000000,0.000000,0.648614,0.273997,0.905604,0.000302,-0.000319,0.000161,0.000975,39.710825,38.926934,-3.002458,2.002766,-1.572710,-3.000000,2.000000,-1.570796,0.010495,0.009360,0.005737
1778249449.131403,0.648573,0.274041,0.905581,0.0000,0.0000,0.0000,0.000000,0.000000,0.000000,0.000000,0.000000,0.000000,0.648614,0.273997,0.905604,0.000302,-0.000319,0.000161,0.000975,39.710825,38.926934,-3.002459,2.002767,-1.572714,-3.000000,2.000000,-1.570796,0.010495,0.009364,0.005749
1778249449.141620,0.648574,0.274041,0.905582,0.0000,0.0000,0.0000,0.000000,0.000000,0.000000,0.000000,0.000000,0.000000,0.648614,0.273997,0.905604,0.000279,-0.000308,0.000153,0.000952,39.700505,38.916285,-3.002459,2.002766,-1.572717,-3.000000,2.000000,-1.570796,0.010495,0.009365,0.005763
1778249449.151493,0.648575,0.274042,0.905582,0.0000,0.0000,0.0000,0.000000,0.000000,0.000000,0.000000,0.000000,0.000000,0.648614,0.273997,0.905604,0.000275,-0.000315,0.000150,0.000943,39.709273,38.925638,-3.002460,2.002767,-1.572722,-3.000000,2.000000,-1.570796,0.010495,0.009367,0.005778
1778249449.161430,0.648576,0.274043,0.905583,0.0000,0.0000,0.0000,0.000000,0.000000,0.000000,0.000000,0.000000,0.000000,0.648614,0.273997,0.905604,0.000266,-0.000323,0.000145,0.000935,39.708102,38.924086,-3.002461,2.002767,-1.572728,-3.000000,2.000000,-1.570796,0.010496,0.009371,0.005789
1778249449.171781,0.648577,0.274043,0.905583,0.0000,0.0000,0.0000,0.000000,0.000000,0.000000,0.000000,0.000000,0.000000,0.648614,0.273997,0.905604,0.000266,-0.000323,0.000145,0.000935,39.708102,38.924086,-3.002462,2.002767,-1.572732,-3.000000,2.000000,-1.570796,0.010496,0.009373,0.005806
1778249449.181466,0.648579,0.274042,0.905584,0.0000,0.0000,0.0000,0.000000,0.000000,0.000000,0.000000,0.000000,0.000000,0.648614,0.273997,0.905604,0.000248,-0.000320,0.000140,0.000917,39.709440,38.925624,-3.002462,2.002767,-1.572737,-3.000000,2.000000,-1.570796,0.010497,0.009377,0.005818
1778249449.191533,0.648580,0.274042,0.905584,0.0000,0.0000,0.0000,0.000000,0.000000,0.000000,0.000000,0.000000,0.000000,0.648614,0.273997,0.905604,0.000241,-0.000319,0.000135,0.000907,39.705196,38.921233,-3.002463,2.002767,-1.572743,-3.000000,2.000000,-1.570796,0.010497,0.009379,0.005835
1778249449.201653,0.648581,0.274043,0.905585,0.0000,0.0000,0.0000,0.000000,0.000000,0.000000,0.000000,0.000000,0.000000,0.648614,0.273997,0.905604,0.000233,-0.000326,0.000130,0.000899,39.702323,38.917860,-3.002464,2.002767,-1.572748,-3.000000,2.000000,-1.570796,0.010497,0.009381,0.005853
1778249449.211705,0.648582,0.274043,0.905585,0.0000,0.0000,0.0000,0.000000,0.000000,0.000000,0.000000,0.000000,0.000000,0.648614,0.273997,0.905604,0.000226,-0.000327,0.000130,0.000891,39.710340,38.926341,-3.002465,2.002768,-1.572753,-3.000000,2.000000,-1.570796,0.010499,0.009386,0.005869
1778249449.221583,0.648583,0.274043,0.905586,0.0000,0.0000,0.0000,0.000000,0.000000,0.000000,0.000000,0.000000,0.000000,0.648614,0.273997,0.905604,0.000226,-0.000327,0.000130,0.000891,39.710340,38.926341,-3.002466,2.002768,-1.572758,-3.000000,2.000000,-1.570796,0.010500,0.009390,0.005881
1778249449.231511,0.648584,0.274044,0.905586,0.0000,0.0000,0.0000,0.000000,0.000000,0.000000,0.000000,0.000000,0.000000,0.648614,0.273997,0.905604,0.000211,-0.000331,0.000122,0.000875,39.701671,38.917340,-3.002466,2.002768,-1.572762,-3.000000,2.000000,-1.570796,0.010501,0.009393,0.005897
1778249449.241644,0.648585,0.274045,0.905587,0.0000,0.0000,0.0000,0.000000,0.000000,0.000000,0.000000,0.000000,0.000000,0.648614,0.273997,0.905604,0.000206,-0.000339,0.000120,0.000870,39.710037,38.926027,-3.002468,2.002769,-1.572769,-3.000000,2.000000,-1.570796,0.010503,0.009397,0.005913
1778249449.251552,0.648586,0.274044,0.905587,0.0000,0.0000,0.0000,0.000000,0.000000,0.000000,0.000000,0.000000,0.000000,0.648614,0.273997,0.905604,0.000196,-0.000332,0.000115,0.000863,39.707446,38.923417,-3.002469,2.002769,-1.572774,-3.000000,2.000000,-1.570796,0.010504,0.009401,0.005929
1778249449.261404,0.648587,0.274044,0.905588,0.0000,0.0000,0.0000,0.000000,0.000000,0.000000,0.000000,0.000000,0.000000,0.648614,0.273997,0.905604,0.000190,-0.000331,0.000111,0.000855,39.701206,38.916994,-3.002470,2.002769,-1.572779,-3.000000,2.000000,-1.570796,0.010504,0.009404,0.005943
1778249449.271579,0.648587,0.274045,0.905588,0.0000,0.0000,0.0000,0.000000,0.000000,0.000000,0.000000,0.000000,0.000000,0.648614,0.273997,0.905604,0.000187,-0.000339,0.000109,0.000850,39.710143,38.926239,-3.002470,2.002770,-1.572784,-3.000000,2.000000,-1.570796,0.010506,0.009408,0.005959
1778249449.281358,0.648589,0.274044,0.905589,0.0000,0.0000,0.0000,0.000000,0.000000,0.000000,0.000000,0.000000,0.000000,0.648614,0.273997,0.905604,0.000178,-0.000334,0.000105,0.000844,39.707584,38.923477,-3.002471,2.002770,-1.572788,-3.000000,2.000000,-1.570796,0.010507,0.009411,0.005972
1778249449.291638,0.648589,0.274045,0.905589,0.0000,0.0000,0.0000,0.000000,0.000000,0.000000,0.000000,0.000000,0.000000,0.648614,0.273997,0.905604,0.000175,-0.000336,0.000102,0.000839,39.696349,38.911898,-3.002472,2.002770,-1.572793,-3.000000,2.000000,-1.570796,0.010508,0.009413,0.005989
1778249449.301941,0.648590,0.274044,0.905589,0.0000,0.0000,0.0000,0.000000,0.000000,0.000000,0.000000,0.000000,0.000000,0.648614,0.273997,0.905604,0.000167,-0.000334,0.000101,0.000833,39.711517,38.927386,-3.002473,2.002771,-1.572798,-3.000000,2.000000,-1.570796,0.010510,0.009418,0.006001
1778249449.311688,0.648591,0.274043,0.905589,0.0000,0.0000,0.0000,0.000000,0.000000,0.000000,0.000000,0.000000,0.000000,0.648614,0.273997,0.905604,0.000159,-0.000327,0.000101,0.000826,39.705274,38.920843,-3.002474,2.002771,-1.572802,-3.000000,2.000000,-1.570796,0.010509,0.009420,0.006015
1778249449.321709,0.648593,0.274042,0.905589,0.0000,0.0000,0.0000,0.000000,0.000000,0.000000,0.000000,0.000000,0.000000,0.648614,0.273997,0.905604,0.000151,-0.000317,0.000101,0.000819,39.699450,38.914861,-3.002474,2.002771,-1.572806,-3.000000,2.000000,-1.570796,0.010509,0.009422,0.006028
1778249449.331918,0.648593,0.274041,0.905589,0.0000,0.0000,0.0000,0.000000,0.000000,0.000000,0.000000,0.000000,0.000000,0.648614,0.273997,0.905604,0.000146,-0.000311,0.000102,0.000812,39.713418,38.929558,-3.002475,2.002770,-1.572811,-3.000000,2.000000,-1.570796,0.010509,0.009425,0.006039
1778249449.341488,0.648594,0.274041,0.905589,0.0000,0.0000,0.0000,0.000000,0.000000,0.000000,0.000000,0.000000,0.000000,0.648614,0.273997,0.905604,0.000146,-0.000311,0.000102,0.000812,39.713418,38.929558,-3.002475,2.002771,-1.572814,-3.000000,2.000000,-1.570796,0.010509,0.009427,0.006052
1778249449.351518,0.648594,0.274040,0.905589,0.0000,0.0000,0.0000,0.000000,0.000000,0.000000,0.000000,0.000000,0.000000,0.648614,0.273997,0.905604,0.000141,-0.000301,0.000100,0.000801,39.699634,38.915265,-3.002475,2.002770,-1.572818,-3.000000,2.000000,-1.570796,0.010508,0.009427,0.006062
1778249449.361587,0.648594,0.274039,0.905590,0.0000,0.0000,0.0000,0.000000,0.000000,0.000000,0.000000,0.000000,0.000000,0.648614,0.273997,0.905604,0.000138,-0.000299,0.000100,0.000797,39.711247,38.927160,-3.002476,2.002770,-1.572822,-3.000000,2.000000,-1.570796,0.010507,0.009429,0.006073
1778249449.371807,0.648595,0.274039,0.905590,0.0000,0.0000,0.0000,0.000000,0.000000,0.000000,0.000000,0.000000,0.000000,0.648614,0.273997,0.905604,0.000132,-0.000294,0.000099,0.000792,39.709606,38.925276,-3.002477,2.002770,-1.572825,-3.000000,2.000000,-1.570796,0.010507,0.009432,0.006084
1778249449.381939,0.648596,0.274039,0.905590,0.0000,0.0000,0.0000,0.000000,0.000000,0.000000,0.000000,0.000000,0.000000,0.648614,0.273997,0.905604,0.000127,-0.000296,0.000098,0.000787,39.705321,38.920826,-3.002477,2.002770,-1.572829,-3.000000,2.000000,-1.570796,0.010507,0.009434,0.006097
1778249449.391538,0.648596,0.274039,0.905590,0.0000,0.0000,0.0000,0.000000,0.000000,0.000000,0.000000,0.000000,0.000000,0.648614,0.273997,0.905604,0.000125,-0.000296,0.000099,0.000784,39.712955,38.928977,-3.002477,2.002770,-1.572833,-3.000000,2.000000,-1.570796,0.010507,0.009436,0.006109
1778249449.401576,0.648597,0.274039,0.905590,0.0000,0.0000,0.0000,0.000000,0.000000,0.000000,0.000000,0.000000,0.000000,0.648614,0.273997,0.905604,0.000121,-0.000297,0.000096,0.000781,39.710983,38.926835,-3.002478,2.002770,-1.572837,-3.000000,2.000000,-1.570796,0.010507,0.009439,0.006121
1778249449.411498,0.648598,0.274038,0.905590,0.0000,0.0000,0.0000,0.000000,0.000000,0.000000,0.000000,0.000000,0.000000,0.648614,0.273997,0.905604,0.000114,-0.000293,0.000094,0.000777,39.707633,38.923277,-3.002479,2.002770,-1.572840,-3.000000,2.000000,-1.570796,0.010507,0.009440,0.006130
1778249449.421378,0.648598,0.274038,0.905591,0.0000,0.0000,0.0000,0.000000,0.000000,0.000000,0.000000,0.000000,0.000000,0.648614,0.273997,0.905604,0.000112,-0.000293,0.000092,0.000774,39.697757,38.913282,-3.002479,2.002770,-1.572844,-3.000000,2.000000,-1.570796,0.010506,0.009442,0.006142
1778249449.431446,0.648599,0.274039,0.905591,0.0000,0.0000,0.0000,0.000000,0.000000,0.000000,0.000000,0.000000,0.000000,0.648614,0.273997,0.905604,0.000108,-0.000300,0.000091,0.000771,39.711456,38.927439,-3.002480,2.002770,-1.572849,-3.000000,2.000000,-1.570796,0.010508,0.009446,0.006154
1778249449.441738,0.648600,0.274039,0.905591,0.0000,0.0000,0.0000,0.000000,0.000000,0.000000,0.000000,0.000000,0.000000,0.648614,0.273997,0.905604,0.000102,-0.000299,0.000089,0.000768,39.710420,38.926354,-3.002481,2.002771,-1.572852,-3.000000,2.000000,-1.570796,0.010509,0.009449,0.006164
1778249449.451901,0.648600,0.274040,0.905591,0.0000,0.0000,0.0000,0.000000,0.000000,0.000000,0.000000,0.000000,0.000000,0.648614,0.273997,0.905604,0.000097,-0.000302,0.000086,0.000766,39.707520,38.923251,-3.002482,2.002771,-1.572856,-3.000000,2.000000,-1.570796,0.010510,0.009453,0.006176
1778249449.461666,0.648601,0.274040,0.905592,0.0000,0.0000,0.0000,0.000000,0.000000,0.000000,0.000000,0.000000,0.000000,0.648614,0.273997,0.905604,0.000095,-0.000302,0.000085,0.000763,39.697416,38.913057,-3.002482,2.002771,-1.572859,-3.000000,2.000000,-1.570796,0.010509,0.009453,0.006189
1778249449.471433,0.648601,0.274040,0.905592,0.0000,0.0000,0.0000,0.000000,0.000000,0.000000,0.000000,0.000000,0.000000,0.648614,0.273997,0.905604,0.000089,-0.000303,0.000081,0.000761,39.697119,38.912533,-3.002483,2.002771,-1.572863,-3.000000,2.000000,-1.570796,0.010510,0.009456,0.006201
1778249449.481682,0.648602,0.274040,0.905592,0.0000,0.0000,0.0000,0.000000,0.000000,0.000000,0.000000,0.000000,0.000000,0.648614,0.273997,0.905604,0.000087,-0.000307,0.000081,0.000759,39.713662,38.929744,-3.002484,2.002771,-1.572867,-3.000000,2.000000,-1.570796,0.010511,0.009460,0.006211
1778249449.491591,0.648602,0.274041,0.905592,0.0000,0.0000,0.0000,0.000000,0.000000,0.000000,0.000000,0.000000,0.000000,0.648614,0.273997,0.905604,0.000085,-0.000309,0.000079,0.000758,39.709521,38.925419,-3.002484,2.002771,-1.572871,-3.000000,2.000000,-1.570796,0.010511,0.009463,0.006224
1778249449.502064,0.648603,0.274041,0.905593,0.0000,0.0000,0.0000,0.000000,0.000000,0.000000,0.000000,0.000000,0.000000,0.648614,0.273997,0.905604,0.000080,-0.000312,0.000077,0.000756,39.709266,38.925016,-3.002485,2.002772,-1.572875,-3.000000,2.000000,-1.570796,0.010513,0.009467,0.006235
1778249449.511498,0.648603,0.274041,0.905593,0.0000,0.0000,0.0000,0.000000,0.000000,0.000000,0.000000,0.000000,0.000000,0.648614,0.273997,0.905604,0.000078,-0.000313,0.000077,0.000755,39.699456,38.914856,-3.002486,2.002772,-1.572878,-3.000000,2.000000,-1.570796,0.010512,0.009467,0.006245
1778249449.521514,0.648603,0.274042,0.905593,0.0000,0.0000,0.0000,0.000000,0.000000,0.000000,0.000000,0.000000,0.000000,0.648614,0.273997,0.905604,0.000078,-0.000313,0.000077,0.000755,39.699456,38.914856,-3.002487,2.002772,-1.572882,-3.000000,2.000000,-1.570796,0.010514,0.009471,0.006256
1778249449.531535,0.648604,0.274042,0.905593,0.0000,0.0000,0.0000,0.000000,0.000000,0.000000,0.000000,0.000000,0.000000,0.648614,0.273997,0.905604,0.000073,-0.000320,0.000074,0.000755,39.712212,38.928131,-3.002488,2.002772,-1.572885,-3.000000,2.000000,-1.570796,0.010514,0.009475,0.006267
1778249449.541427,0.648604,0.274043,0.905593,0.0000,0.0000,0.0000,0.000000,0.000000,0.000000,0.000000,0.000000,0.000000,0.648614,0.273997,0.905604,0.000071,-0.000323,0.000072,0.000754,39.709038,38.924808,-3.002488,2.002772,-1.572889,-3.000000,2.000000,-1.570796,0.010515,0.009476,0.006276
1778249449.551591,0.648604,0.274043,0.905594,0.0000,0.0000,0.0000,0.000000,0.000000,0.000000,0.000000,0.000000,0.000000,0.648614,0.273997,0.905604,0.000070,-0.000323,0.000070,0.000753,39.698492,38.914057,-3.002489,2.002772,-1.572893,-3.000000,2.000000,-1.570796,0.010514,0.009478,0.006290
1778249449.561693,0.648604,0.274043,0.905594,0.0000,0.0000,0.0000,0.000000,0.000000,0.000000,0.000000,0.000000,0.000000,0.648614,0.273997,0.905604,0.000070,-0.000323,0.000070,0.000753,39.698492,38.914057,-3.002489,2.002772,-1.572897,-3.000000,2.000000,-1.570796,0.010515,0.009482,0.006301
1778249449.571691,0.648604,0.274043,0.905594,0.0000,0.0000,0.0000,0.000000,0.000000,0.000000,0.000000,0.000000,0.000000,0.648614,0.273997,0.905604,0.000068,-0.000328,0.000067,0.000753,39.711884,38.927908,-3.002490,2.002773,-1.572900,-3.000000,2.000000,-1.570796,0.010516,0.009485,0.006312
1778249449.581589,0.648605,0.274044,0.905594,0.0000,0.0000,0.0000,0.000000,0.000000,0.000000,0.000000,0.000000,0.000000,0.648614,0.273997,0.905604,0.000065,-0.000333,0.000065,0.000753,39.711947,38.927886,-3.002491,2.002773,-1.572904,-3.000000,2.000000,-1.570796,0.010517,0.009489,0.006324
1778249449.591514,0.648605,0.274044,0.905595,0.0000,0.0000,0.0000,0.000000,0.000000,0.000000,0.000000,0.000000,0.000000,0.648614,0.273997,0.905604,0.000061,-0.000333,0.000063,0.000752,39.708081,38.923889,-3.002492,2.002773,-1.572908,-3.000000,2.000000,-1.570796,0.010517,0.009491,0.006333
1778249449.601591,0.648605,0.274045,0.905595,0.0000,0.0000,0.0000,0.000000,0.000000,0.000000,0.000000,0.000000,0.000000,0.648614,0.273997,0.905604,0.000061,-0.000337,0.000061,0.000752,39.697857,38.913367,-3.002493,2.002773,-1.572912,-3.000000,2.000000,-1.570796,0.010517,0.009492,0.006346
1778249449.611369,0.648606,0.274045,0.905596,0.0000,0.0000,0.0000,0.000000,0.000000,0.000000,0.000000,0.000000,0.000000,0.648614,0.273997,0.905604,0.000055,-0.000338,0.000057,0.000751,39.704332,38.919895,-3.002494,2.002773,-1.572916,-3.000000,2.000000,-1.570796,0.010518,0.009496,0.006358
1778249449.621756,0.648606,0.274045,0.905595,0.0000,0.0000,0.0000,0.000000,0.000000,0.000000,0.000000,0.000000,0.000000,0.648614,0.273997,0.905604,0.000055,-0.000340,0.000058,0.000751,39.714364,38.930421,-3.002494,2.002773,-1.572920,-3.000000,2.000000,-1.570796,0.010519,0.009499,0.006368
1778249449.631866,0.648606,0.274046,0.905596,0.0000,0.0000,0.0000,0.000000,0.000000,0.000000,0.000000,0.000000,0.000000,0.648614,0.273997,0.905604,0.000055,-0.000345,0.000056,0.000751,39.713462,38.929478,-3.002495,2.002774,-1.572924,-3.000000,2.000000,-1.570796,0.010520,0.009502,0.006380
1778249449.641599,0.648607,0.274046,0.905596,0.0000,0.0000,0.0000,0.000000,0.000000,0.000000,0.000000,0.000000,0.000000,0.648614,0.273997,0.905604,0.000055,-0.000345,0.000056,0.000751,39.713462,38.929478,-3.002496,2.002774,-1.572927,-3.000000,2.000000,-1.570796,0.010520,0.009506,0.006393
1778249449.651638,0.648607,0.274046,0.905596,0.0000,0.0000,0.0000,0.000000,0.000000,0.000000,0.000000,0.000000,0.000000,0.648614,0.273997,0.905604,0.000049,-0.000344,0.000052,0.000750,39.708713,38.924403,-3.002496,2.002774,-1.572931,-3.000000,2.000000,-1.570796,0.010521,0.009509,0.006403
1778249449.661567,0.648607,0.274046,0.905597,0.0000,0.0000,0.0000,0.000000,0.000000,0.000000,0.000000,0.000000,0.000000,0.648614,0.273997,0.905604,0.000048,-0.000345,0.000050,0.000749,39.704400,38.920118,-3.002497,2.002774,-1.572935,-3.000000,2.000000,-1.570796,0.010521,0.009511,0.006416
1778249449.671817,0.648608,0.274046,0.905597,0.0000,0.0000,0.0000,0.000000,0.000000,0.000000,0.000000,0.000000,0.000000,0.648614,0.273997,0.905604,0.000046,-0.000347,0.000047,0.000749,39.704314,38.919858,-3.002498,2.002774,-1.572939,-3.000000,2.000000,-1.570796,0.010522,0.009515,0.006428
1778249449.681563,0.648608,0.274046,0.905597,0.0000,0.0000,0.0000,0.000000,0.000000,0.000000,0.000000,0.000000,0.000000,0.648614,0.273997,0.905604,0.000046,-0.000348,0.000046,0.000748,39.698920,38.914487,-3.002498,2.002774,-1.572943,-3.000000,2.000000,-1.570796,0.010522,0.009516,0.006437
1778249449.691739,0.648608,0.274047,0.905597,0.0000,0.0000,0.0000,0.000000,0.000000,0.000000,0.000000,0.000000,0.000000,0.648614,0.273997,0.905604,0.000046,-0.000350,0.000045,0.000748,39.712120,38.928187,-3.002499,2.002774,-1.572947,-3.000000,2.000000,-1.570796,0.010522,0.009520,0.006450
1778249449.701657,0.648607,0.274046,0.905598,10.0000,10.0000,10.0000,0.000180,0.000180,0.000180,0.018000,0.018000,0.018000,0.648794,0.274177,0.905784,0.019306,0.018911,0.019303,0.017819,40.008390,39.223745,-3.002500,2.002774,-1.572951,-3.000000,2.000000,-1.570796,0.010522,0.009522,0.006461
1778249449.711771,0.648608,0.274047,0.905598,10.0000,10.0000,10.0000,0.000486,0.000486,0.000486,0.030600,0.030600,0.030600,0.649100,0.274483,0.906090,0.034045,0.033651,0.034041,0.043246,40.425745,39.637374,-3.002501,2.002775,-1.572955,-2.999918,1.999917,-1.570796,0.019073,0.018075,0.006473
1778249449.721616,0.648612,0.274058,0.905605,10.0000,10.0000,10.0000,0.000832,0.000832,0.000832,0.034641,0.034641,0.034641,0.649447,0.274829,0.906436,0.040481,0.040036,0.040461,0.065984,40.755976,39.964312,-3.002501,2.002775,-1.572959,-2.999775,1.999774,-1.570796,0.025700,0.024705,0.006486
1778249449.731481,0.648618,0.274090,0.905617,10.0000,10.0000,10.0000,0.001179,0.001179,0.001179,0.034641,0.034641,0.034641,0.649793,0.275175,0.906783,0.042867,0.042239,0.042798,0.083159,40.970598,40.179023,-3.002499,2.002771,-1.572969,-2.999567,1.999565,-1.570757,0.032974,0.031984,0.010524
1778249449.741916,0.648625,0.274128,0.905636,10.0000,10.0000,10.0000,0.001525,0.001525,0.001525,0.034641,0.034641,0.034641,0.650139,0.275522,0.907129,0.043620,0.042807,0.043473,0.095141,41.081921,40.290416,-3.002493,2.002762,-1.572981,-2.999295,1.999292,-1.570706,0.040479,0.039499,0.011929
1778249449.751932,0.648640,0.274196,0.905677,10.0000,10.0000,10.0000,0.001872,0.001872,0.001872,0.034641,0.034641,0.034641,0.650486,0.275868,0.907475,0.043771,0.042654,0.043471,0.103094,41.070193,40.281052,-3.002482,2.002747,-1.572992,-2.998960,1.998955,-1.570643,0.047945,0.046978,0.013321
1778249449.761554,0.648666,0.274287,0.905736,10.0000,10.0000,10.0000,0.002218,0.002218,0.002218,0.034641,0.034641,0.034641,0.650832,0.276215,0.907822,0.043955,0.042478,0.043458,0.108397,41.012298,40.225390,-3.002470,2.002733,-1.573002,-2.998567,1.998561,-1.570570,0.055222,0.054266,0.014662
1778249449.771543,0.648692,0.274372,0.905793,10.0000,10.0000,10.0000,0.002564,0.002564,0.002564,0.034641,0.034641,0.034641,0.651179,0.276561,0.908168,0.044104,0.042338,0.043444,0.111940,40.943011,40.158932,-3.002453,2.002711,-1.573016,-2.998121,1.998113,-1.570486,0.062177,0.061238,0.015953
1778249449.782452,0.648738,0.274508,0.905883,10.0000,10.0000,10.0000,0.002911,0.002911,0.002911,0.034641,0.034641,0.034641,0.651525,0.276907,0.908515,0.044329,0.042108,0.043438,0.114346,40.852750,40.070580,-3.002433,2.002687,-1.573034,-2.997627,1.997616,-1.570393,0.068783,0.067861,0.017183
1778249449.791465,0.648795,0.274668,0.905987,10.0000,10.0000,10.0000,0.003257,0.003257,0.003257,0.034641,0.034641,0.034641,0.651871,0.277254,0.908861,0.044567,0.041846,0.043448,0.116010,40.769439,39.989865,-3.002411,2.002661,-1.573053,-2.997090,1.997077,-1.570292,0.075014,0.074109,0.018343
1778249449.801796,0.648861,0.274847,0.906103,10.0000,10.0000,10.0000,0.003604,0.003604,0.003604,0.034641,0.034641,0.034641,0.652218,0.277600,0.909207,0.044820,0.041566,0.043456,0.117188,40.688248,39.911747,-3.002386,2.002632,-1.573070,-2.996515,1.996500,-1.570185,0.080870,0.079981,0.019426
1778249449.811751,0.648932,0.275041,0.906233,10.0000,10.0000,10.0000,0.003950,0.003950,0.003950,0.034641,0.034641,0.034641,0.652564,0.277947,0.909554,0.045092,0.041273,0.043454,0.118050,40.615483,39.842820,-3.002364,2.002607,-1.573082,-2.995907,1.995889,-1.570071,0.086364,0.085491,0.020433
1778249449.821681,0.649005,0.275251,0.906373,10.0000,10.0000,10.0000,0.004297,0.004297,0.004297,0.034641,0.034641,0.034641,0.652911,0.278293,0.909900,0.045384,0.040959,0.043446,0.118708,40.568431,39.799290,-3.002324,2.002561,-1.573101,-2.995271,1.995250,-1.569951,0.091519,0.090665,0.021374
1778249449.831577,0.649080,0.275473,0.906521,10.0000,10.0000,10.0000,0.004643,0.004643,0.004643,0.034641,0.034641,0.034641,0.653257,0.278639,0.910247,0.045690,0.040632,0.043434,0.119235,40.514458,39.748140,-3.002297,2.002529,-1.573112,-2.994610,1.994586,-1.569827,0.096398,0.095562,0.022242
1778249449.841506,0.649141,0.275645,0.906638,10.0000,10.0000,10.0000,0.004989,0.004989,0.004989,0.034641,0.034641,0.034641,0.653603,0.278986,0.910593,0.045892,0.040421,0.043417,0.119644,40.462661,39.697456,-3.002262,2.002487,-1.573121,-2.993928,1.993901,-1.569699,0.100962,0.100153,0.023052
1778249449.851698,0.649225,0.275891,0.906797,10.0000,10.0000,10.0000,0.005336,0.005336,0.005336,0.034641,0.034641,0.034641,0.653950,0.279332,0.910939,0.046198,0.040070,0.043418,0.120010,40.442227,39.678734,-3.002229,2.002444,-1.573127,-2.993228,1.993197,-1.569568,0.105289,0.104512,0.023800
1778249449.861458,0.649315,0.276163,0.906960,10.0000,10.0000,10.0000,0.005682,0.005682,0.005682,0.034641,0.034641,0.034641,0.654296,0.279679,0.911286,0.046523,0.039657,0.043450,0.120360,40.428410,39.663608,-3.002209,2.002414,-1.573139,-2.992512,1.992478,-1.569434,0.109417,0.108687,0.024534
1778249449.871441,0.649413,0.276454,0.907121,10.0000,10.0000,10.0000,0.006029,0.006029,0.006029,0.034641,0.034641,0.034641,0.654643,0.280025,0.911632,0.046833,0.039205,0.043527,0.120703,40.436514,39.669306,-3.002178,2.002368,-1.573159,-2.991783,1.991746,-1.569297,0.113372,0.112692,0.025238
1778249449.881956,0.649520,0.276752,0.907282,10.0000,10.0000,10.0000,0.006375,0.006375,0.006375,0.034641,0.034641,0.034641,0.654989,0.280372,0.911979,0.047120,0.038753,0.043623,0.121039,40.421713,39.654475,-3.002160,2.002340,-1.573170,-2.991043,1.991002,-1.569158,0.117170,0.116539,0.025904
1778249449.891652,0.649630,0.277046,0.907446,10.0000,10.0000,10.0000,0.006375,0.006375,0.006375,0.034641,0.034641,0.034641,0.654989,0.280372,0.911979,0.047120,0.038753,0.043623,0.121039,40.421713,39.654475,-3.002135,2.002303,-1.573182,-2.990293,1.990249,-1.569018,0.120867,0.120272,0.026527
1778249449.901634,0.649712,0.277262,0.907575,10.0000,10.0000,10.0000,0.007068,0.007068,0.007068,0.034641,0.034641,0.034641,0.655682,0.281064,0.912672,0.047540,0.038104,0.043738,0.121629,40.382050,39.619081,-3.002107,2.002264,-1.573190,-2.989536,1.989488,-1.568876,0.124403,0.123851,0.027122
1778249449.911879,0.649820,0.277539,0.907749,10.0000,10.0000,10.0000,0.007414,0.007414,0.007414,0.034641,0.034641,0.034641,0.656028,0.281411,0.913018,0.047782,0.037774,0.043761,0.121890,40.401363,39.640638,-3.002074,2.002221,-1.573195,-2.988771,1.988720,-1.568733,0.127535,0.127023,0.027690
1778249449.921830,0.649923,0.277808,0.907926,10.0000,10.0000,10.0000,0.007761,0.007761,0.007761,0.034641,0.034641,0.034641,0.656375,0.281757,0.913364,0.048022,0.037478,0.043752,0.122137,40.381560,39.625637,-3.002034,2.002172,-1.573197,-2.988002,1.987947,-1.568589,0.127511,0.127047,0.028228
1778249449.931521,0.650021,0.278071,0.908107,10.0000,10.0000,10.0000,0.008107,0.008107,0.008107,0.034641,0.034641,0.034641,0.656721,0.282104,0.913711,0.048261,0.037208,0.043720,0.122372,40.412296,39.657858,-3.002001,2.002131,-1.573199,-2.987227,1.987168,-1.568444,0.127490,0.127069,0.028756
1778249449.942121,0.650116,0.278324,0.908286,10.0000,10.0000,10.0000,0.008453,0.008453,0.008453,0.034641,0.034641,0.034641,0.657068,0.282450,0.914057,0.048485,0.036972,0.043673,0.122590,40.444448,39.693103,-3.001932,2.002052,-1.573196,-2.986449,1.986386,-1.568299,0.127472,0.127086,0.029253
1778249449.951945,0.650203,0.278571,0.908468,10.0000,10.0000,10.0000,0.008800,0.008800,0.008800,0.034641,0.034641,0.034641,0.657414,0.282796,0.914404,0.048713,0.036752,0.043604,0.122795,40.442613,39.694957,-3.001865,2.001979,-1.573196,-2.985667,1.985601,-1.568152,0.127455,0.127103,0.029745
1778249449.961726,0.650284,0.278812,0.908652,10.0000,10.0000,10.0000,0.008800,0.008800,0.008800,0.034641,0.034641,0.034641,0.657414,0.282796,0.914404,0.048713,0.036752,0.043604,0.122795,40.442613,39.694957,-3.001809,2.001917,-1.573196,-2.984882,1.984812,-1.568006,0.127440,0.127118,0.030232
1778249449.971869,0.650362,0.279045,0.908837,10.0000,10.0000,10.0000,0.009493,0.009493,0.009493,0.034641,0.034641,0.034641,0.658107,0.283489,0.915096,0.049161,0.036381,0.043412,0.123166,40.451883,39.709020,-3.001703,2.001803,-1.573199,-2.984095,1.984022,-1.567859,0.127426,0.127132,0.030716
1778249449.981767,0.650439,0.279274,0.909023,10.0000,10.0000,10.0000,0.009839,0.009839,0.009839,0.034641,0.034641,0.034641,0.658453,0.283836,0.915443,0.049373,0.036224,0.043302,0.123332,40.447194,39.705289,-3.001634,2.001728,-1.573201,-2.983307,1.983229,-1.567712,0.127414,0.127145,0.031198
1778249449.991664,0.650517,0.279501,0.909209,10.0000,10.0000,10.0000,0.010185,0.010185,0.010185,0.034641,0.034641,0.034641,0.658800,0.284182,0.915789,0.049574,0.036077,0.043196,0.123487,40.447579,39.705883,-3.001510,2.001596,-1.573205,-2.982516,1.982435,-1.567564,0.127402,0.127157,0.031674
1778249450.001426,0.650596,0.279730,0.909394,10.0000,10.0000,10.0000,0.010532,0.010532,0.010532,0.034641,0.034641,0.034641,0.659146,0.284528,0.916136,0.049765,0.035932,0.043097,0.123633,40.446254,39.704805,-3.001430,2.001512,-1.573207,-2.981725,1.981640,-1.567416,0.127391,0.127168,0.032143
1778249450.011404,0.650677,0.279962,0.909578,10.0000,10.0000,10.0000,0.010878,0.010878,0.010878,0.034641,0.034641,0.034641,0.659492,0.284875,0.916482,0.049947,0.035786,0.043008,0.123773,40.442005,39.700047,-3.001321,2.001397,-1.573210,-2.980932,1.980843,-1.567268,0.127382,0.127176,0.032608
1778249450.021660,0.650740,0.280136,0.909716,10.0000,10.0000,10.0000,0.011225,0.011225,0.011225,0.034641,0.034641,0.034641,0.659839,0.285221,0.916828,0.050029,0.035737,0.042954,0.123883,40.436379,39.694168,-3.001208,2.001278,-1.573212,-2.980138,1.980045,-1.567120,0.127372,0.127186,0.033068
1778249450.031415,0.650828,0.280369,0.909900,10.0000,10.0000,10.0000,0.011571,0.011571,0.011571,0.034641,0.034641,0.034641,0.660185,0.285568,0.917175,0.050188,0.035598,0.042883,0.123995,40.431163,39.688201,-3.001121,2.001186,-1.573213,-2.979344,1.979247,-1.566972,0.127363,0.127196,0.033526
1778249450.041757,0.650920,0.280604,0.910083,10.0000,10.0000,10.0000,0.011918,0.011918,0.011918,0.034641,0.034641,0.034641,0.660532,0.285914,0.917521,0.050334,0.035466,0.042822,0.124107,40.427335,39.683865,-3.001002,2.001062,-1.573214,-2.978549,1.978448,-1.566824,0.127354,0.127204,0.033978
1778249450.051431,0.651016,0.280840,0.910265,10.0000,10.0000,10.0000,0.012264,0.012264,0.012264,0.034641,0.034641,0.034641,0.660878,0.286261,0.917868,0.050469,0.035336,0.042770,0.124216,40.425960,39.681862,-3.000880,2.000935,-1.573215,-2.977753,1.977649,-1.566676,0.127348,0.127211,0.034429
1778249450.061565,0.651090,0.281017,0.910401,10.0000,10.0000,10.0000,0.012610,0.012610,0.012610,0.034641,0.034641,0.034641,0.661224,0.286607,0.918214,0.050518,0.035299,0.042743,0.124301,40.425414,39.680925,-3.000756,2.000805,-1.573214,-2.976957,1.976849,-1.566528,0.127340,0.127218,0.034876
1778249450.071880,0.651192,0.281255,0.910583,10.0000,10.0000,10.0000,0.012957,0.012957,0.012957,0.034641,0.034641,0.034641,0.661571,0.286953,0.918561,0.050637,0.035175,0.042704,0.124390,40.427078,39.682404,-3.000629,2.000674,-1.573214,-2.976161,1.976049,-1.566380,0.127334,0.127225,0.035320
1778249450.081511,0.651297,0.281493,0.910763,10.0000,10.0000,10.0000,0.013303,0.013303,0.013303,0.034641,0.034641,0.034641,0.661917,0.287300,0.918907,0.050746,0.035056,0.042673,0.124481,40.429775,39.684645,-3.000500,2.000540,-1.573213,-2.975364,1.975248,-1.566232,0.127327,0.127231,0.035762
1778249450.091828,0.651404,0.281732,0.910943,10.0000,10.0000,10.0000,0.013650,0.013650,0.013650,0.034641,0.034641,0.034641,0.662264,0.287646,0.919253,0.050847,0.034940,0.042647,0.124571,40.433699,39.688536,-3.000369,2.000405,-1.573211,-2.974567,1.974447,-1.566084,0.127322,0.127237,0.036200
1778249450.102048,0.651514,0.281971,0.911122,10.0000,10.0000,10.0000,0.013650,0.013650,0.013650,0.034641,0.034641,0.034641,0.662264,0.287646,0.919253,0.050847,0.034940,0.042647,0.124571,40.433699,39.688536,-3.000236,2.000268,-1.573209,-2.973770,1.973646,-1.565935,0.127317,0.127242,0.036637
1778249450.111561,0.651625,0.282211,0.911301,10.0000,10.0000,10.0000,0.014342,0.014342,0.014342,0.034641,0.034641,0.034641,0.662957,0.288339,0.919946,0.051028,0.034720,0.042611,0.124745,40.444409,39.698963,-3.000135,2.000164,-1.573207,-2.972973,1.972845,-1.565787,0.127312,0.127246,0.037070
1778249450.121506,0.651739,0.282451,0.911479,10.0000,10.0000,10.0000,0.014689,0.014689,0.014689,0.034641,0.034641,0.034641,0.663303,0.288685,0.920293,0.051109,0.034615,0.042599,0.124828,40.451099,39.705613,-2.999999,2.000024,-1.573203,-2.972175,1.972044,-1.565639,0.127308,0.127250,0.037501
1778249450.131675,0.651855,0.282690,0.911656,10.0000,10.0000,10.0000,0.015035,0.015035,0.015035,0.034641,0.034641,0.034641,0.663649,0.289032,0.920639,0.051184,0.034515,0.042590,0.124908,40.458217,39.712789,-2.999826,1.999847,-1.573198,-2.971378,1.971243,-1.565491,0.127305,0.127254,0.037929
1778249450.141511,0.651972,0.282930,0.911833,10.0000,10.0000,10.0000,0.015035,0.015035,0.015035,0.034641,0.034641,0.034641,0.663649,0.289032,0.920639,0.051184,0.034515,0.042590,0.124908,40.458217,39.712789,-2.999686,1.999704,-1.573193,-2.970580,1.970441,-1.565343,0.127301,0.127257,0.038355
1778249450.151889,0.652092,0.283170,0.912006,10.0000,10.0000,10.0000,0.015728,0.015728,0.015728,0.034641,0.034641,0.034641,0.664342,0.289725,0.921332,0.051314,0.034322,0.042590,0.125059,40.513876,39.766723,-2.999543,1.999558,-1.573187,-2.969782,1.969640,-1.565195,0.127299,0.127260,0.038776
1778249450.161474,0.652218,0.283411,0.912170,10.0000,10.0000,10.0000,0.015728,0.015728,0.015728,0.034641,0.034641,0.034641,0.664342,0.289725,0.921332,0.051314,0.034322,0.042590,0.125059,40.513876,39.766723,-2.999395,1.999408,-1.573177,-2.968984,1.968838,-1.565047,0.127297,0.127261,0.039191
1778249450.171481,0.652347,0.283655,0.912329,10.0000,10.0000,10.0000,0.016074,0.016074,0.016074,0.034641,0.034641,0.034641,0.664689,0.290071,0.921678,0.051354,0.034224,0.042620,0.125130,40.580950,39.830796,-2.999244,1.999254,-1.573168,-2.968187,1.968036,-1.564899,0.127296,0.127262,0.039603
1778249450.181501,0.652478,0.283898,0.912487,10.0000,10.0000,10.0000,0.016767,0.016767,0.016767,0.034641,0.034641,0.034641,0.665381,0.290764,0.922371,0.051408,0.034024,0.042715,0.125264,40.605899,39.855383,-2.999129,1.999138,-1.573160,-2.967389,1.967235,-1.564752,0.127295,0.127263,0.040011
1778249450.191425,0.652608,0.284138,0.912648,10.0000,10.0000,10.0000,0.017114,0.017114,0.017114,0.034641,0.034641,0.034641,0.665728,0.291110,0.922717,0.051436,0.033936,0.042752,0.125326,40.589642,39.840985,-2.998974,1.998981,-1.573148,-2.966591,1.966433,-1.564604,0.127295,0.127263,0.040421
1778249450.201474,0.652736,0.284377,0.912814,10.0000,10.0000,10.0000,0.017460,0.017460,0.017460,0.034641,0.034641,0.034641,0.666074,0.291457,0.923064,0.051468,0.033853,0.042778,0.125386,40.580646,39.833503,-2.998817,1.998822,-1.573137,-2.965793,1.965631,-1.564456,0.127295,0.127263,0.040826
1778249450.211945,0.652831,0.284554,0.912939,10.0000,10.0000,10.0000,0.017807,0.017807,0.017807,0.034641,0.034641,0.034641,0.666421,0.291803,0.923410,0.051451,0.033855,0.042798,0.125427,40.579605,39.833244,-2.998657,1.998661,-1.573123,-2.964995,1.964829,-1.564308,0.127295,0.127263,0.041226
1778249450.221483,0.652957,0.284787,0.913107,10.0000,10.0000,10.0000,0.018153,0.018153,0.018153,0.034641,0.034641,0.034641,0.666767,0.292149,0.923757,0.051484,0.033787,0.042811,0.125471,40.584522,39.839307,-2.998495,1.998497,-1.573108,-2.964197,1.964028,-1.564161,0.127296,0.127263,0.041620
1778249450.231652,0.653081,0.285021,0.913275,10.0000,10.0000,10.0000,0.018499,0.018499,0.018499,0.034641,0.034641,0.034641,0.667113,0.292496,0.924103,0.051519,0.033721,0.042822,0.125516,40.592213,39.847635,-2.998371,1.998373,-1.573098,-2.963399,1.963226,-1.564013,0.127296,0.127262,0.042017
1778249450.241493,0.653204,0.285249,0.913446,10.0000,10.0000,10.0000,0.018846,0.018846,0.018846,0.034641,0.034641,0.034641,0.667460,0.292842,0.924449,0.051553,0.033668,0.042823,0.125560,40.525916,39.784175,-2.998203,1.998204,-1.573081,-2.962601,1.962424,-1.563865,0.127297,0.127262,0.042419
1778249450.251445,0.653311,0.285453,0.913654,10.0000,10.0000,10.0000,0.019192,0.019192,0.019192,0.034641,0.034641,0.034641,0.667806,0.293189,0.924796,0.051628,0.033678,0.042724,0.125598,40.214107,39.487027,-2.998047,1.998046,-1.573061,-2.961803,1.961622,-1.563718,0.127298,0.127261,0.042798
1778249450.261871,0.653375,0.285586,0.913838,10.0000,10.0000,10.0000,0.019192,0.019192,0.019192,0.034641,0.034641,0.034641,0.667806,0.293189,0.924796,0.051628,0.033678,0.042724,0.125598,40.214107,39.487027,-2.997905,1.997903,-1.573033,-2.961004,1.960820,-1.563570,0.127300,0.127259,0.043162
1778249450.271457,0.653445,0.285747,0.914101,10.0000,10.0000,10.0000,0.019885,0.019885,0.019885,0.034641,0.034641,0.034641,0.668499,0.293882,0.925489,0.051818,0.033893,0.042322,0.125623,39.990753,39.279751,-2.997765,1.997763,-1.572999,-2.960206,1.960019,-1.563423,0.127303,0.127255,0.043500
1778249450.282062,0.653514,0.285925,0.914338,10.0000,10.0000,10.0000,0.020231,0.020231,0.020231,0.034641,0.034641,0.034641,0.668845,0.294228,0.925835,0.051946,0.033944,0.042124,0.125636,40.371968,39.652516,-2.997615,1.997611,-1.572973,-2.959408,1.959217,-1.563275,0.127305,0.127253,0.043847
1778249450.291710,0.653605,0.286141,0.914522,10.0000,10.0000,10.0000,0.020578,0.020578,0.020578,0.034641,0.034641,0.034641,0.669192,0.294574,0.926182,0.052019,0.033899,0.042070,0.125660,40.641734,39.909081,-2.997449,1.997442,-1.572960,-2.958610,1.958415,-1.563128,0.127303,0.127255,0.044241
1778249450.301513,0.653712,0.286369,0.914691,10.0000,10.0000,10.0000,0.020924,0.020924,0.020924,0.034641,0.034641,0.034641,0.669538,0.294921,0.926528,0.052065,0.033834,0.042066,0.125693,40.605316,39.868899,-2.997284,1.997274,-1.572950,-2.957812,1.957613,-1.562981,0.127302,0.127257,0.044648
1778249450.311951,0.653827,0.286597,0.914868,10.0000,10.0000,10.0000,0.021271,0.021271,0.021271,0.034641,0.034641,0.034641,0.669885,0.295267,0.926874,0.052105,0.033782,0.042058,0.125729,40.535772,39.797967,-2.997127,1.997115,-1.572941,-2.957014,1.956811,-1.562834,0.127300,0.127259,0.045057
1778249450.321606,0.653949,0.286835,0.915044,10.0000,10.0000,10.0000,0.021617,0.021617,0.021617,0.034641,0.034641,0.034641,0.670231,0.295614,0.927221,0.052145,0.033716,0.042061,0.125770,40.549929,39.810514,-2.996976,1.996960,-1.572934,-2.956215,1.956010,-1.562686,0.127298,0.127260,0.045473
1778249450.331414,0.654074,0.287085,0.915217,10.0000,10.0000,10.0000,0.021963,0.021963,0.021963,0.034641,0.034641,0.034641,0.670578,0.295960,0.927567,0.052186,0.033628,0.042081,0.125817,40.577263,39.836440,-2.996863,1.996846,-1.572929,-2.955417,1.955208,-1.562539,0.127296,0.127262,0.045891
1778249450.341516,0.654202,0.287343,0.915388,10.0000,10.0000,10.0000,0.022310,0.022310,0.022310,0.034641,0.034641,0.034641,0.670924,0.296306,0.927914,0.052225,0.033528,0.042112,0.125870,40.586736,39.844796,-2.996717,1.996696,-1.572924,-2.954619,1.954406,-1.562392,0.127294,0.127264,0.046314
1778249450.351405,0.654301,0.287539,0.915516,10.0000,10.0000,10.0000,0.022656,0.022656,0.022656,0.034641,0.034641,0.034641,0.671270,0.296653,0.928260,0.052213,0.033499,0.042149,0.125911,40.589667,39.846974,-2.996573,1.996549,-1.572919,-2.953821,1.953605,-1.562245,0.127292,0.127267,0.046736
1778249450.361868,0.654438,0.287802,0.915685,10.0000,10.0000,10.0000,0.023003,0.023003,0.023003,0.034641,0.034641,0.034641,0.671617,0.296999,0.928606,0.052243,0.033398,0.042192,0.125959,40.598638,39.854561,-2.996433,1.996405,-1.572917,-2.953022,1.952803,-1.562098,0.127288,0.127271,0.047166
1778249450.371450,0.654580,0.288063,0.915852,10.0000,10.0000,10.0000,0.023349,0.023349,0.023349,0.034641,0.034641,0.034641,0.671963,0.297346,0.928953,0.052263,0.033306,0.042241,0.126010,40.612788,39.867562,-2.996296,1.996263,-1.572915,-2.952224,1.952001,-1.561951,0.127284,0.127274,0.047596
1778249450.381771,0.654726,0.288322,0.916018,10.0000,10.0000,10.0000,0.023695,0.023695,0.023695,0.034641,0.034641,0.034641,0.672310,0.297692,0.929299,0.052275,0.033219,0.042294,0.126061,40.627378,39.881893,-2.996160,1.996123,-1.572915,-2.951426,1.951199,-1.561804,0.127280,0.127278,0.048031
1778249450.391973,0.654874,0.288582,0.916182,10.0000,10.0000,10.0000,0.024042,0.024042,0.024042,0.034641,0.034641,0.034641,0.672656,0.298038,0.929646,0.052284,0.033133,0.042350,0.126111,40.658604,39.911651,-2.996026,1.995985,-1.572918,-2.950627,1.950398,-1.561657,0.127276,0.127282,0.048474
1778249450.401563,0.655036,0.288836,0.916335,10.0000,10.0000,10.0000,0.024388,0.024388,0.024388,0.034641,0.034641,0.034641,0.673002,0.298385,0.929992,0.052261,0.033065,0.042432,0.126157,40.733951,39.979268,-2.995896,1.995848,-1.572928,-2.949829,1.949596,-1.561510,0.127271,0.127288,0.048934
1778249450.412231,0.655216,0.289082,0.916476,10.0000,10.0000,10.0000,0.024735,0.024735,0.024735,0.034641,0.034641,0.034641,0.673349,0.298731,0.930338,0.052201,0.033016,0.042544,0.126193,40.789019,40.028483,-2.995768,1.995714,-1.572943,-2.949031,1.948794,-1.561363,0.127264,0.127295,0.049410
1778249450.421708,0.655402,0.289328,0.916613,10.0000,10.0000,10.0000,0.025081,0.025081,0.025081,0.034641,0.034641,0.034641,0.673695,0.299078,0.930685,0.052133,0.032970,0.042663,0.126221,40.800594,40.040090,-2.995642,1.995583,-1.572962,-2.948233,1.947993,-1.561216,0.127257,0.127301,0.049901
1778249450.431466,0.655626,0.289637,0.916792,10.0000,10.0000,10.0000,0.025428,0.025428,0.025428,0.034641,0.034641,0.034641,0.674042,0.299424,0.931031,0.052101,0.032860,0.042787,0.126257,40.783761,40.028658,-2.995517,1.995454,-1.572981,-2.947434,1.947191,-1.561070,0.127251,0.127307,0.050395
1778249450.441478,0.655752,0.289824,0.916904,10.0000,10.0000,10.0000,0.025774,0.025774,0.025774,0.034641,0.034641,0.034641,0.674388,0.299771,0.931378,0.052040,0.032867,0.042855,0.126278,40.776593,40.025272,-2.995393,1.995326,-1.573000,-2.946636,1.946389,-1.560923,0.127246,0.127312,0.050887
1778249450.451675,0.655912,0.290075,0.917059,10.0000,10.0000,10.0000,0.026120,0.026120,0.026120,0.034641,0.034641,0.034641,0.674734,0.300117,0.931724,0.052021,0.032807,0.042924,0.126303,40.776729,40.028948,-2.995269,1.995197,-1.573021,-2.945838,1.945587,-1.560776,0.127241,0.127317,0.051386
1778249450.461496,0.656066,0.290321,0.917216,10.0000,10.0000,10.0000,0.026467,0.026467,0.026467,0.034641,0.034641,0.034641,0.675081,0.300463,0.932071,0.052010,0.032752,0.042980,0.126330,40.783726,40.038370,-2.995175,1.995099,-1.573037,-2.945040,1.944786,-1.560630,0.127235,0.127323,0.051885
1778249450.471462,0.656214,0.290564,0.917376,10.0000,10.0000,10.0000,0.026813,0.026813,0.026813,0.034641,0.034641,0.034641,0.675427,0.300810,0.932417,0.052004,0.032704,0.043024,0.126357,40.792190,40.049075,-2.995048,1.994967,-1.573059,-2.944241,1.943984,-1.560483,0.127229,0.127329,0.052386
1778249450.481456,0.656358,0.290802,0.917538,10.0000,10.0000,10.0000,0.027160,0.027160,0.027160,0.034641,0.034641,0.034641,0.675774,0.301156,0.932763,0.052002,0.032661,0.043058,0.126385,40.801048,40.059797,-2.994920,1.994833,-1.573082,-2.943443,1.943182,-1.560336,0.127223,0.127336,0.052893
1778249450.491414,0.656497,0.291035,0.917702,10.0000,10.0000,10.0000,0.027506,0.027506,0.027506,0.034641,0.034641,0.034641,0.676120,0.301503,0.933110,0.052004,0.032626,0.043083,0.126412,40.808444,40.069391,-2.994788,1.994696,-1.573106,-2.942645,1.942380,-1.560190,0.127217,0.127342,0.053399
1778249450.501601,0.656598,0.291209,0.917826,10.0000,10.0000,10.0000,0.027506,0.027506,0.027506,0.034641,0.034641,0.034641,0.676120,0.301503,0.933110,0.052004,0.032626,0.043083,0.126412,40.808444,40.069391,-2.994654,1.994556,-1.573131,-2.941847,1.941579,-1.560043,0.127212,0.127346,0.053892
1778249450.511415,0.656737,0.291435,0.917982,10.0000,10.0000,10.0000,0.028199,0.028199,0.028199,0.034641,0.034641,0.034641,0.676813,0.302195,0.933803,0.051968,0.032621,0.043130,0.126445,40.949940,40.204853,-2.994513,1.994411,-1.573152,-2.941049,1.940777,-1.559897,0.127207,0.127351,0.054397
1778249450.521992,0.656888,0.291663,0.918123,10.0000,10.0000,10.0000,0.028545,0.028545,0.028545,0.034641,0.034641,0.034641,0.677159,0.302542,0.934149,0.051934,0.032593,0.043192,0.126461,40.981744,40.232542,-2.994369,1.994264,-1.573169,-2.940250,1.939975,-1.559751,0.127204,0.127354,0.054884
1778249450.531423,0.657044,0.291893,0.918268,10.0000,10.0000,10.0000,0.028892,0.028892,0.028892,0.034641,0.034641,0.034641,0.677506,0.302888,0.934495,0.051901,0.032566,0.043252,0.126476,40.924113,40.175331,-2.994263,1.994156,-1.573181,-2.939452,1.939173,-1.559604,0.127202,0.127357,0.055369
1778249450.541435,0.657200,0.292126,0.918421,10.0000,10.0000,10.0000,0.029238,0.029238,0.029238,0.034641,0.034641,0.034641,0.677852,0.303235,0.934842,0.051877,0.032538,0.043302,0.126491,40.878683,40.130962,-2.994125,1.994016,-1.573198,-2.938654,1.938371,-1.559458,0.127200,0.127359,0.055853
1778249450.551558,0.657356,0.292367,0.918578,10.0000,10.0000,10.0000,0.029584,0.029584,0.029584,0.034641,0.034641,0.034641,0.678199,0.303581,0.935188,0.051860,0.032500,0.043350,0.126509,40.863115,40.115365,-2.993992,1.993881,-1.573214,-2.937856,1.937569,-1.559311,0.127198,0.127361,0.056339
1778249450.561391,0.657514,0.292615,0.918735,10.0000,10.0000,10.0000,0.029931,0.029931,0.029931,0.034641,0.034641,0.034641,0.678545,0.303927,0.935535,0.051847,0.032451,0.043403,0.126529,40.872036,40.122975,-2.993865,1.993752,-1.573232,-2.937058,1.936767,-1.559165,0.127196,0.127362,0.056815
1778249450.571831,0.657633,0.292813,0.918847,10.0000,10.0000,10.0000,0.030277,0.030277,0.030277,0.034641,0.034641,0.034641,0.678891,0.304274,0.935881,0.051808,0.032440,0.043457,0.126544,40.963540,40.212320,-2.993742,1.993626,-1.573250,-2.936260,1.935966,-1.559019,0.127194,0.127365,0.057304
1778249450.581583,0.657792,0.293090,0.918988,10.0000,10.0000,10.0000,0.030624,0.030624,0.030624,0.034641,0.034641,0.034641,0.679238,0.304620,0.936227,0.051799,0.032339,0.043543,0.126570,41.009174,40.255424,-2.993621,1.993504,-1.573265,-2.935462,1.935164,-1.558873,0.127192,0.127366,0.057786
1778249450.591505,0.657955,0.293373,0.919132,10.0000,10.0000,10.0000,0.030970,0.030970,0.030970,0.034641,0.034641,0.034641,0.679584,0.304967,0.936574,0.051790,0.032234,0.043631,0.126604,40.971371,40.216617,-2.993535,1.993416,-1.573274,-2.934664,1.934362,-1.558727,0.127190,0.127368,0.058258
1778249450.601515,0.658124,0.293654,0.919281,10.0000,10.0000,10.0000,0.031317,0.031317,0.031317,0.034641,0.034641,0.034641,0.679931,0.305313,0.936920,0.051779,0.032141,0.043713,0.126642,40.928341,40.173166,-2.993428,1.993306,-1.573284,-2.933866,1.933560,-1.558580,0.127189,0.127369,0.058717
1778249450.611388,0.658296,0.293932,0.919435,10.0000,10.0000,10.0000,0.031663,0.031663,0.031663,0.034641,0.034641,0.034641,0.680277,0.305659,0.937267,0.051767,0.032056,0.043791,0.126681,40.921352,40.166520,-2.993328,1.993204,-1.573291,-2.933068,1.932758,-1.558434,0.127188,0.127371,0.059174
1778249450.621829,0.658423,0.294143,0.919551,10.0000,10.0000,10.0000,0.032009,0.032009,0.032009,0.034641,0.034641,0.034641,0.680623,0.306006,0.937613,0.051732,0.032035,0.043847,0.126709,40.930394,40.176180,-2.993234,1.993108,-1.573294,-2.932270,1.931956,-1.558288,0.127187,0.127371,0.059623
1778249450.631628,0.658588,0.294425,0.919705,10.0000,10.0000,10.0000,0.032356,0.032356,0.032356,0.034641,0.034641,0.034641,0.680970,0.306352,0.937959,0.051730,0.031941,0.043918,0.126743,40.967536,40.215265,-2.993143,1.993016,-1.573292,-2.931472,1.931154,-1.558142,0.127188,0.127371,0.060054
1778249450.641609,0.658746,0.294709,0.919861,10.0000,10.0000,10.0000,0.032702,0.032702,0.032702,0.034641,0.034641,0.034641,0.681316,0.306699,0.938306,0.051736,0.031845,0.043980,0.126782,40.979385,40.230331,-2.993053,1.992924,-1.573287,-2.930674,1.930352,-1.557996,0.127188,0.127370,0.060474
1778249450.651377,0.658898,0.294985,0.920021,10.0000,10.0000,10.0000,0.033049,0.033049,0.033049,0.034641,0.034641,0.034641,0.681663,0.307045,0.938652,0.051747,0.031759,0.044030,0.126824,40.977746,40.231506,-2.992987,1.992857,-1.573282,-2.929875,1.929550,-1.557850,0.127189,0.127370,0.060888
1778249450.661500,0.659048,0.295254,0.920184,10.0000,10.0000,10.0000,0.033395,0.033395,0.033395,0.034641,0.034641,0.034641,0.682009,0.307392,0.938999,0.051758,0.031685,0.044069,0.126866,40.980957,40.236724,-2.992900,1.992767,-1.573275,-2.929077,1.928748,-1.557704,0.127189,0.127370,0.061303
1778249450.671532,0.659195,0.295515,0.920347,10.0000,10.0000,10.0000,0.033741,0.033741,0.033741,0.034641,0.034641,0.034641,0.682355,0.307738,0.939345,0.051768,0.031625,0.044102,0.126906,41.001760,40.259226,-2.992812,1.992676,-1.573269,-2.928279,1.927946,-1.557559,0.127189,0.127370,0.061718
1778249450.681994,0.659337,0.295767,0.920511,10.0000,10.0000,10.0000,0.034088,0.034088,0.034088,0.034641,0.034641,0.034641,0.682702,0.308084,0.939692,0.051777,0.031574,0.044127,0.126943,41.023648,40.283907,-2.992698,1.992559,-1.573262,-2.927481,1.927144,-1.557413,0.127188,0.127370,0.062134
1778249450.691450,0.659473,0.296013,0.920677,10.0000,10.0000,10.0000,0.034434,0.034434,0.034434,0.034641,0.034641,0.034641,0.683048,0.308431,0.940038,0.051792,0.031532,0.044140,0.126978,41.024943,40.288425,-2.992628,1.992487,-1.573258,-2.926683,1.926342,-1.557267,0.127188,0.127370,0.062552
1778249450.701518,0.659602,0.296252,0.920846,10.0000,10.0000,10.0000,0.034781,0.034781,0.034781,0.034641,0.034641,0.034641,0.683395,0.308777,0.940384,0.051810,0.031500,0.044142,0.127010,41.028465,40.294475,-2.992531,1.992388,-1.573254,-2.925885,1.925540,-1.557121,0.127188,0.127370,0.062970
1778249450.711308,0.659728,0.296486,0.921016,10.0000,10.0000,10.0000,0.034781,0.034781,0.034781,0.034641,0.034641,0.034641,0.683395,0.308777,0.940384,0.051810,0.031500,0.044142,0.127010,41.028465,40.294475,-2.992432,1.992286,-1.573250,-2.925885,1.925540,-1.557121,0.127188,0.127370,0.062970
1778249450.721729,0.659820,0.296658,0.921144,10.0000,10.0000,10.0000,0.035473,0.035473,0.035473,0.034641,0.034641,0.034641,0.684088,0.309470,0.941077,0.051819,0.031500,0.044131,0.127059,41.049337,40.317556,-2.992330,1.992181,-1.573247,-2.924289,1.923936,-1.556830,0.127187,0.127371,0.063819
1778249450.731762,0.659942,0.296887,0.921315,10.0000,10.0000,10.0000,0.035820,0.035820,0.035820,0.034641,0.034641,0.034641,0.684434,0.309816,0.941424,0.051840,0.031481,0.044121,0.127079,41.058491,40.327466,-2.992226,1.992074,-1.573245,-2.923491,1.923134,-1.556684,0.127187,0.127372,0.064246
1778249450.741697,0.660061,0.297112,0.921486,10.0000,10.0000,10.0000,0.035820,0.035820,0.035820,0.034641,0.034641,0.034641,0.684434,0.309816,0.941424,0.051840,0.031481,0.044121,0.127079,41.058491,40.327466,-2.992119,1.991964,-1.573244,-2.923491,1.923134,-1.556684,0.127187,0.127372,0.064246
1778249450.751387,0.660180,0.297335,0.921658,10.0000,10.0000,10.0000,0.036513,0.036513,0.036513,0.034641,0.034641,0.034641,0.685127,0.310509,0.942116,0.051881,0.031451,0.044093,0.127121,41.070153,40.340304,-2.992010,1.991852,-1.573243,-2.921895,1.921530,-1.556393,0.127185,0.127373,0.065102
1778249450.761860,0.660298,0.297557,0.921829,10.0000,10.0000,10.0000,0.036859,0.036859,0.036859,0.034641,0.034641,0.034641,0.685473,0.310856,0.942463,0.051901,0.031440,0.044077,0.127141,41.074958,40.345686,-2.991898,1.991738,-1.573242,-2.921097,1.920728,-1.556248,0.127184,0.127374,0.065530
1778249450.772129,0.660416,0.297776,0.922002,10.0000,10.0000,10.0000,0.037205,0.037205,0.037205,0.034641,0.034641,0.034641,0.685820,0.311202,0.942809,0.051921,0.031431,0.044059,0.127161,41.080841,40.351886,-2.991785,1.991621,-1.573241,-2.920299,1.919926,-1.556102,0.127183,0.127375,0.065960
1778249450.781441,0.660533,0.297995,0.922173,10.0000,10.0000,10.0000,0.037552,0.037552,0.037552,0.034641,0.034641,0.034641,0.686166,0.311548,0.943156,0.051941,0.031424,0.044041,0.127180,41.095525,40.367453,-2.991698,1.991532,-1.573240,-2.919501,1.919124,-1.555957,0.127182,0.127376,0.066388
1778249450.791630,0.660646,0.298217,0.922346,10.0000,10.0000,10.0000,0.037898,0.037898,0.037898,0.034641,0.034641,0.034641,0.686512,0.311895,0.943502,0.051965,0.031412,0.044023,0.127200,41.100169,40.373034,-2.991552,1.991382,-1.573240,-2.918703,1.918322,-1.555812,0.127181,0.127377,0.066820
1778249450.801579,0.660760,0.298439,0.922518,10.0000,10.0000,10.0000,0.037898,0.037898,0.037898,0.034641,0.034641,0.034641,0.686512,0.311895,0.943502,0.051965,0.031412,0.044023,0.127200,41.100169,40.373034,-2.991433,1.991260,-1.573240,-2.917905,1.917520,-1.555666,0.127180,0.127378,0.067253
1778249450.811900,0.660875,0.298659,0.922690,10.0000,10.0000,10.0000,0.038591,0.038591,0.038591,0.034641,0.034641,0.034641,0.687205,0.312588,0.944195,0.052009,0.031389,0.043986,0.127241,41.105253,40.377542,-2.991313,1.991136,-1.573240,-2.917107,1.916718,-1.555521,0.127179,0.127380,0.067684
1778249450.821963,0.660993,0.298878,0.922862,10.0000,10.0000,10.0000,0.038938,0.038938,0.038938,0.034641,0.034641,0.034641,0.687552,0.312934,0.944541,0.052027,0.031382,0.043970,0.127260,41.109082,40.381044,-2.991192,1.991011,-1.573239,-2.916309,1.915916,-1.555376,0.127177,0.127381,0.068113
1778249450.832023,0.661112,0.299094,0.923034,10.0000,10.0000,10.0000,0.039284,0.039284,0.039284,0.034641,0.034641,0.034641,0.687898,0.313281,0.944888,0.052042,0.031380,0.043954,0.127278,41.111657,40.383897,-2.991069,1.990885,-1.573237,-2.915511,1.915115,-1.555231,0.127176,0.127382,0.068539
1778249450.841723,0.661231,0.299309,0.923206,10.0000,10.0000,10.0000,0.039630,0.039630,0.039630,0.034641,0.034641,0.034641,0.688244,0.313627,0.945234,0.052056,0.031379,0.043937,0.127294,41.115847,40.388393,-2.990945,1.990758,-1.573234,-2.914713,1.914313,-1.555085,0.127176,0.127383,0.068963
1778249450.851468,0.661350,0.299523,0.923379,10.0000,10.0000,10.0000,0.039977,0.039977,0.039977,0.034641,0.034641,0.034641,0.688591,0.313973,0.945581,0.052070,0.031381,0.043919,0.127310,41.120098,40.393202,-2.990851,1.990661,-1.573231,-2.913915,1.913511,-1.554940,0.127175,0.127383,0.069383
1778249450.861531,0.661470,0.299735,0.923552,10.0000,10.0000,10.0000,0.040323,0.040323,0.040323,0.034641,0.034641,0.034641,0.688937,0.314320,0.945927,0.052084,0.031384,0.043901,0.127324,41.127091,40.400451,-2.990725,1.990531,-1.573227,-2.913117,1.912709,-1.554795,0.127174,0.127384,0.069801
1778249450.871378,0.661589,0.299946,0.923725,10.0000,10.0000,10.0000,0.040670,0.040670,0.040670,0.034641,0.034641,0.034641,0.689284,0.314666,0.946273,0.052096,0.031390,0.043883,0.127337,41.133885,40.407753,-2.990596,1.990399,-1.573221,-2.912319,1.911907,-1.554650,0.127174,0.127384,0.070219
1778249450.881519,0.661707,0.300155,0.923898,10.0000,10.0000,10.0000,0.041016,0.041016,0.041016,0.034641,0.034641,0.034641,0.689630,0.315013,0.946620,0.052108,0.031396,0.043864,0.127349,41.140624,40.415024,-2.990465,1.990266,-1.573215,-2.911521,1.911105,-1.554505,0.127174,0.127384,0.070631
1778249450.891899,0.661796,0.300311,0.924027,10.0000,10.0000,10.0000,0.041016,0.041016,0.041016,0.034641,0.034641,0.034641,0.689630,0.315013,0.946620,0.052108,0.031396,0.043864,0.127349,41.140624,40.415024,-2.990333,1.990130,-1.573207,-2.911521,1.911105,-1.554505,0.127174,0.127384,0.070631
1778249450.901370,0.661943,0.300571,0.924244,10.0000,10.0000,10.0000,0.041709,0.041709,0.041709,0.034641,0.034641,0.034641,0.690323,0.315705,0.947313,0.052131,0.031414,0.043824,0.127367,41.154404,40.429858,-2.990198,1.989992,-1.573199,-2.909925,1.909501,-1.554215,0.127174,0.127384,0.071447
1778249450.911721,0.662032,0.300725,0.924374,10.0000,10.0000,10.0000,0.042055,0.042055,0.042055,0.034641,0.034641,0.034641,0.690669,0.316052,0.947659,0.052115,0.031461,0.043809,0.127371,41.158418,40.434111,-2.990061,1.989852,-1.573189,-2.909127,1.908699,-1.554071,0.127175,0.127384,0.071850
1778249450.921517,0.662149,0.300929,0.924548,10.0000,10.0000,10.0000,0.042402,0.042402,0.042402,0.034641,0.034641,0.034641,0.691016,0.316398,0.948005,0.052125,0.031474,0.043787,0.127377,41.160854,40.437053,-2.989957,1.989746,-1.573180,-2.908328,1.907897,-1.553926,0.127175,0.127383,0.072246
1778249450.932958,0.662266,0.301131,0.924722,10.0000,10.0000,10.0000,0.042748,0.042748,0.042748,0.034641,0.034641,0.034641,0.691362,0.316745,0.948352,0.052135,0.031488,0.043765,0.127383,41.165501,40.441990,-2.989817,1.989603,-1.573167,-2.907530,1.907095,-1.553781,0.127176,0.127383,0.072636
1778249450.941467,0.662354,0.301283,0.924852,10.0000,10.0000,10.0000,0.043094,0.043094,0.043094,0.034641,0.034641,0.034641,0.691709,0.317091,0.948698,0.052119,0.031537,0.043749,0.127382,41.171747,40.448790,-2.989675,1.989458,-1.573152,-2.906732,1.906293,-1.553636,0.127177,0.127382,0.073032
1778249450.953889,0.662470,0.301484,0.925026,10.0000,10.0000,10.0000,0.043441,0.043441,0.043441,0.034641,0.034641,0.034641,0.692055,0.317437,0.949045,0.052129,0.031552,0.043727,0.127384,41.180940,40.458506,-2.989531,1.989311,-1.573136,-2.905934,1.905491,-1.553492,0.127178,0.127381,0.073417
1778249450.961617,0.662586,0.301685,0.925199,10.0000,10.0000,10.0000,0.043441,0.043441,0.043441,0.034641,0.034641,0.034641,0.692055,0.317437,0.949045,0.052129,0.031552,0.043727,0.127384,41.180940,40.458506,-2.989384,1.989161,-1.573119,-2.905934,1.905491,-1.553492,0.127178,0.127381,0.073417
1778249450.972220,0.662705,0.301882,0.925369,10.0000,10.0000,10.0000,0.044134,0.044134,0.044134,0.034641,0.034641,0.034641,0.692748,0.318130,0.949737,0.052142,0.031586,0.043686,0.127391,41.241088,40.516619,-2.989232,1.989008,-1.573095,-2.904338,1.903888,-1.553202,0.127181,0.127377,0.074164
1778249450.981697,0.662827,0.302076,0.925532,10.0000,10.0000,10.0000,0.044480,0.044480,0.044480,0.034641,0.034641,0.034641,0.693094,0.318477,0.950084,0.052138,0.031608,0.043676,0.127394,41.296488,40.570549,-2.989073,1.988850,-1.573065,-2.903540,1.903086,-1.553058,0.127185,0.127374,0.074527
1778249450.991815,0.662950,0.302273,0.925690,10.0000,10.0000,10.0000,0.044480,0.044480,0.044480,0.034641,0.034641,0.034641,0.693094,0.318477,0.950084,0.052138,0.031608,0.043676,0.127394,41.296488,40.570549,-2.988910,1.988687,-1.573034,-2.902742,1.902284,-1.552913,0.127190,0.127368,0.074843
1778249451.001895,0.663073,0.302469,0.925848,10.0000,10.0000,10.0000,0.045173,0.045173,0.045173,0.034641,0.034641,0.034641,0.693787,0.319169,0.950777,0.052123,0.031642,0.043668,0.127398,41.323193,40.597741,-2.988742,1.988520,-1.572999,-2.901944,1.901482,-1.552768,0.127196,0.127363,0.075171
1778249451.011363,0.663223,0.302713,0.926050,10.0000,10.0000,10.0000,0.045519,0.045519,0.045519,0.034641,0.034641,0.034641,0.694133,0.319516,0.951123,0.052143,0.031629,0.043655,0.127407,41.306544,40.583828,-2.988570,1.988349,-1.572963,-2.901145,1.900680,-1.552624,0.127201,0.127357,0.075494
1778249451.022217,0.663311,0.302859,0.926174,10.0000,10.0000,10.0000,0.045866,0.045866,0.045866,0.034641,0.034641,0.034641,0.694480,0.319862,0.951469,0.052121,0.031679,0.043645,0.127407,41.296691,40.575097,-2.988396,1.988176,-1.572927,-2.900347,1.899878,-1.552480,0.127207,0.127352,0.075819
1778249451.032095,0.663426,0.303051,0.926341,10.0000,10.0000,10.0000,0.046212,0.046212,0.046212,0.034641,0.034641,0.034641,0.694826,0.320209,0.951816,0.052123,0.031700,0.043626,0.127408,41.286901,40.567412,-2.988217,1.987999,-1.572889,-2.899549,1.899077,-1.552335,0.127213,0.127346,0.076133
1778249451.042185,0.663536,0.303244,0.926512,10.0000,10.0000,10.0000,0.046212,0.046212,0.046212,0.034641,0.034641,0.034641,0.694826,0.320209,0.951816,0.052123,0.031700,0.043626,0.127408,41.286901,40.567412,-2.988036,1.987820,-1.572855,-2.898751,1.898275,-1.552191,0.127218,0.127340,0.076458
1778249451.051582,0.663646,0.303438,0.926685,10.0000,10.0000,10.0000,0.046905,0.046905,0.046905,0.034641,0.034641,0.034641,0.695519,0.320902,0.952509,0.052143,0.031737,0.043576,0.127414,41.276088,40.558894,-2.987898,1.987684,-1.572829,-2.897952,1.897473,-1.552046,0.127224,0.127335,0.076786
1778249451.061422,0.663755,0.303635,0.926855,10.0000,10.0000,10.0000,0.047251,0.047251,0.047251,0.034641,0.034641,0.034641,0.695865,0.321248,0.952855,0.052153,0.031751,0.043554,0.127418,41.298004,40.580404,-2.987711,1.987499,-1.572796,-2.897154,1.896671,-1.551902,0.127229,0.127329,0.077117
1778249451.071429,0.663861,0.303826,0.927036,10.0000,10.0000,10.0000,0.047598,0.047598,0.047598,0.034641,0.034641,0.034641,0.696212,0.321594,0.953202,0.052170,0.031774,0.043517,0.127424,41.084439,40.376344,-2.987478,1.987269,-1.572753,-2.896356,1.895870,-1.551758,0.127235,0.127324,0.077444
1778249451.081971,0.663936,0.303982,0.927274,10.0000,10.0000,10.0000,0.047944,0.047944,0.047944,0.034641,0.034641,0.034641,0.696558,0.321941,0.953548,0.052225,0.031843,0.043401,0.127426,40.712808,40.022831,-2.987314,1.987107,-1.572717,-2.895557,1.895068,-1.551613,0.127240,0.127318,0.077769
1778249451.091871,0.663986,0.304111,0.927551,10.0000,10.0000,10.0000,0.048291,0.048291,0.048291,0.034641,0.034641,0.034641,0.696905,0.322287,0.953894,0.052308,0.031944,0.043226,0.127426,40.568412,39.889672,-2.987157,1.986952,-1.572677,-2.894759,1.894267,-1.551469,0.127247,0.127312,0.078080
1778249451.101495,0.664035,0.304268,0.927791,10.0000,10.0000,10.0000,0.048637,0.048637,0.048637,0.034641,0.034641,0.034641,0.697251,0.322634,0.954241,0.052382,0.031999,0.043095,0.127428,41.062047,40.371024,-2.987029,1.986825,-1.572659,-2.893961,1.893465,-1.551325,0.127251,0.127307,0.078423
1778249451.112067,0.664106,0.304465,0.927980,10.0000,10.0000,10.0000,0.048983,0.048983,0.048983,0.034641,0.034641,0.034641,0.697598,0.322980,0.954587,0.052428,0.032001,0.043038,0.127437,41.312727,40.608525,-2.986798,1.986593,-1.572646,-2.893162,1.892663,-1.551181,0.127252,0.127307,0.078819
1778249451.121400,0.664192,0.304678,0.928160,10.0000,10.0000,10.0000,0.049330,0.049330,0.049330,0.034641,0.034641,0.034641,0.697944,0.323326,0.954934,0.052463,0.031988,0.043004,0.127451,41.237057,40.530509,-2.986660,1.986454,-1.572644,-2.892364,1.891862,-1.551037,0.127252,0.127307,0.079238
1778249451.132078,0.664287,0.304897,0.928342,10.0000,10.0000,10.0000,0.049330,0.049330,0.049330,0.034641,0.034641,0.034641,0.697944,0.323326,0.954934,0.052463,0.031988,0.043004,0.127451,41.237057,40.530509,-2.986445,1.986236,-1.572641,-2.891565,1.891060,-1.550892,0.127251,0.127307,0.079658
1778249451.141386,0.664396,0.305130,0.928516,10.0000,10.0000,10.0000,0.050023,0.050023,0.050023,0.034641,0.034641,0.034641,0.698637,0.324019,0.955626,0.052521,0.031947,0.042965,0.127489,41.282480,40.562979,-2.986322,1.986110,-1.572642,-2.890767,1.890259,-1.550748,0.127250,0.127309,0.080086
1778249451.151638,0.664498,0.305307,0.928636,10.0000,10.0000,10.0000,0.050023,0.050023,0.050023,0.034641,0.034641,0.034641,0.698637,0.324019,0.955626,0.052521,0.031947,0.042965,0.127489,41.282480,40.562979,-2.986166,1.985951,-1.572649,-2.890000,1.890000,-1.550604,0.126901,0.127656,0.080531
1778249451.161524,0.664658,0.305541,0.928786,10.0000,10.0000,10.0000,0.050715,0.050715,0.050715,0.034641,0.034641,0.034641,0.699330,0.324712,0.956319,0.052475,0.031946,0.043021,0.127513,41.356933,40.619454,-2.986055,1.985837,-1.572657,-2.890000,1.890000,-1.550460,0.126897,0.127660,0.080991
1778249451.171466,0.664835,0.305770,0.928929,10.0000,10.0000,10.0000,0.051062,0.051062,0.051062,0.034641,0.034641,0.034641,0.699676,0.325058,0.956666,0.052436,0.031940,0.043074,0.127521,41.375681,40.635076,-2.985911,1.985691,-1.572668,-2.890000,1.890000,-1.550316,0.126895,0.127663,0.081450
1778249451.181418,0.665013,0.306002,0.929072,10.0000,10.0000,10.0000,0.051408,0.051408,0.051408,0.034641,0.034641,0.034641,0.700022,0.325405,0.957012,0.052397,0.031932,0.043126,0.127527,41.377064,40.639138,-2.985771,1.985551,-1.572678,-2.890000,1.890000,-1.550172,0.126893,0.127664,0.081900
1778249451.193721,0.665141,0.306179,0.929182,10.0000,10.0000,10.0000,0.051755,0.051755,0.051755,0.034641,0.034641,0.034641,0.700369,0.325751,0.957358,0.052354,0.031953,0.043164,0.127527,41.378805,40.644064,-2.985601,1.985379,-1.572692,-2.890000,1.890000,-1.550029,0.126891,0.127667,0.082362
1778249451.201944,0.665304,0.306418,0.929332,10.0000,10.0000,10.0000,0.052101,0.052101,0.052101,0.034641,0.034641,0.034641,0.700715,0.326098,0.957705,0.052332,0.031933,0.043205,0.127531,41.387279,40.656135,-2.985500,1.985276,-1.572702,-2.890000,1.890000,-1.549885,0.126888,0.127669,0.082827
1778249451.211731,0.665460,0.306657,0.929485,10.0000,10.0000,10.0000,0.052448,0.052448,0.052448,0.034641,0.034641,0.034641,0.701062,0.326444,0.958051,0.052316,0.031912,0.043239,0.127538,41.400113,40.671687,-2.985366,1.985140,-1.572715,-2.890000,1.890000,-1.549741,0.126884,0.127673,0.083294
1778249451.221843,0.665574,0.306835,0.929600,10.0000,10.0000,10.0000,0.052794,0.052794,0.052794,0.034641,0.034641,0.034641,0.701408,0.326790,0.958398,0.052286,0.031928,0.043264,0.127541,41.410475,40.683617,-2.985265,1.985037,-1.572726,-2.890000,1.890000,-1.549597,0.126882,0.127676,0.083754
1778249451.232018,0.665722,0.307069,0.929756,10.0000,10.0000,10.0000,0.053140,0.053140,0.053140,0.034641,0.034641,0.034641,0.701754,0.327137,0.958744,0.052275,0.031911,0.043290,0.127548,41.423091,40.698297,-2.985130,1.984899,-1.572742,-2.890000,1.890000,-1.549453,0.126877,0.127680,0.084227
1778249451.241480,0.665865,0.307299,0.929913,10.0000,10.0000,10.0000,0.053487,0.053487,0.053487,0.034641,0.034641,0.034641,0.702101,0.327483,0.959090,0.052268,0.031896,0.043310,0.127557,41.419074,40.696901,-2.985029,1.984794,-1.572754,-2.890000,1.890000,-1.549310,0.126872,0.127685,0.084705
1778249451.251466,0.666001,0.307529,0.930075,10.0000,10.0000,10.0000,0.053833,0.053833,0.053833,0.034641,0.034641,0.034641,0.702447,0.327830,0.959437,0.052267,0.031880,0.043322,0.127568,41.408423,40.688944,-2.984894,1.984655,-1.572775,-2.890000,1.890000,-1.549166,0.126868,0.127689,0.085179
1778249451.262135,0.666100,0.307702,0.930198,10.0000,10.0000,10.0000,0.054180,0.054180,0.054180,0.034641,0.034641,0.034641,0.702794,0.328176,0.959783,0.052249,0.031899,0.043330,0.127574,41.420365,40.702028,-2.984760,1.984515,-1.572799,-2.890000,1.890000,-1.549022,0.126861,0.127696,0.085677
1778249451.272379,0.666230,0.307931,0.930362,10.0000,10.0000,10.0000,0.054526,0.054526,0.054526,0.034641,0.034641,0.034641,0.703140,0.328523,0.960130,0.052253,0.031883,0.043337,0.127584,41.438689,40.721301,-2.984624,1.984373,-1.572826,-2.890000,1.890000,-1.548879,0.126853,0.127704,0.086183
1778249451.281498,0.666357,0.308155,0.930525,10.0000,10.0000,10.0000,0.054526,0.054526,0.054526,0.034641,0.034641,0.034641,0.703140,0.328523,0.960130,0.052253,0.031883,0.043337,0.127584,41.438689,40.721301,-2.984486,1.984228,-1.572853,-2.890000,1.890000,-1.548735,0.126845,0.127712,0.086690
1778249451.291813,0.666485,0.308376,0.930685,10.0000,10.0000,10.0000,0.055219,0.055219,0.055219,0.034641,0.034641,0.034641,0.703833,0.329215,0.960823,0.052257,0.031861,0.043349,0.127608,41.559243,40.838108,-2.984380,1.984118,-1.572873,-2.890000,1.890000,-1.548592,0.126837,0.127720,0.087199
1778249451.301469,0.666629,0.308594,0.930823,10.0000,10.0000,10.0000,0.055565,0.055565,0.055565,0.034641,0.034641,0.034641,0.704179,0.329562,0.961169,0.052235,0.031854,0.043380,0.127619,41.647944,40.920060,-2.984233,1.983967,-1.572890,-2.890000,1.890000,-1.548448,0.126832,0.127725,0.087678
1778249451.311398,0.666780,0.308813,0.930961,10.0000,10.0000,10.0000,0.055912,0.055912,0.055912,0.034641,0.034641,0.034641,0.704526,0.329908,0.961515,0.052209,0.031848,0.043415,0.127627,41.604153,40.875757,-2.984086,1.983818,-1.572905,-2.890000,1.890000,-1.548305,0.126830,0.127727,0.088139
1778249451.321981,0.666890,0.308983,0.931069,10.0000,10.0000,10.0000,0.056258,0.056258,0.056258,0.034641,0.034641,0.034641,0.704872,0.330255,0.961862,0.052177,0.031867,0.043440,0.127630,41.583235,40.856754,-2.983945,1.983675,-1.572919,-2.890000,1.890000,-1.548161,0.126826,0.127731,0.088609
1778249451.331411,0.667037,0.309228,0.931210,10.0000,10.0000,10.0000,0.056604,0.056604,0.056604,0.034641,0.034641,0.034641,0.705219,0.330601,0.962208,0.052165,0.031835,0.043478,0.127638,41.671143,40.939334,-2.983843,1.983573,-1.572928,-2.890000,1.890000,-1.548018,0.126824,0.127733,0.089072
1778249451.341524,0.667198,0.309500,0.931332,10.0000,10.0000,10.0000,0.056951,0.056951,0.056951,0.034641,0.034641,0.034641,0.705565,0.330947,0.962555,0.052145,0.031777,0.043544,0.127652,41.734942,40.994388,-2.983712,1.983440,-1.572940,-2.890000,1.890000,-1.547874,0.126820,0.127737,0.089536
1778249451.352301,0.667372,0.309779,0.931456,10.0000,10.0000,10.0000,0.057297,0.057297,0.057297,0.034641,0.034641,0.034641,0.705911,0.331294,0.962901,0.052121,0.031717,0.043617,0.127670,41.672743,40.930353,-2.983563,1.983287,-1.572949,-2.890000,1.890000,-1.547731,0.126817,0.127740,0.089985
1778249451.361791,0.667543,0.310062,0.931591,10.0000,10.0000,10.0000,0.057644,0.057644,0.057644,0.034641,0.034641,0.034641,0.706258,0.331640,0.963247,0.052104,0.031656,0.043682,0.127690,41.600915,40.861449,-2.983457,1.983177,-1.572952,-2.890000,1.890000,-1.547588,0.126814,0.127743,0.090423
1778249451.371616,0.667708,0.310348,0.931734,10.0000,10.0000,10.0000,0.057990,0.057990,0.057990,0.034641,0.034641,0.034641,0.706604,0.331987,0.963594,0.052097,0.031591,0.043737,0.127714,41.587483,40.851121,-2.983358,1.983076,-1.572953,-2.890000,1.890000,-1.547444,0.126811,0.127745,0.090854
1778249451.381923,0.667867,0.310632,0.931881,10.0000,10.0000,10.0000,0.058336,0.058336,0.058336,0.034641,0.034641,0.034641,0.706951,0.332333,0.963940,0.052094,0.031530,0.043784,0.127741,41.589178,40.855947,-2.983264,1.982977,-1.572950,-2.890000,1.890000,-1.547301,0.126809,0.127748,0.091275
1778249451.391563,0.668022,0.310909,0.932032,10.0000,10.0000,10.0000,0.058683,0.058683,0.058683,0.034641,0.034641,0.034641,0.707297,0.332679,0.964287,0.052094,0.031474,0.043825,0.127768,41.590835,40.860422,-2.983194,1.982905,-1.572948,-2.890000,1.890000,-1.547158,0.126807,0.127750,0.091692
1778249451.401478,0.668174,0.311175,0.932185,10.0000,10.0000,10.0000,0.059029,0.059029,0.059029,0.034641,0.034641,0.034641,0.707643,0.333026,0.964633,0.052092,0.031430,0.043859,0.127794,41.595860,40.868093,-2.983102,1.982809,-1.572945,-2.890000,1.890000,-1.547015,0.126804,0.127753,0.092107
1778249451.411447,0.668322,0.311433,0.932340,10.0000,10.0000,10.0000,0.059376,0.059376,0.059376,0.034641,0.034641,0.034641,0.707990,0.333372,0.964979,0.052091,0.031393,0.043886,0.127819,41.605637,40.880394,-2.982987,1.982690,-1.572940,-2.890000,1.890000,-1.546872,0.126802,0.127755,0.092521
1778249451.421599,0.668466,0.311683,0.932496,10.0000,10.0000,10.0000,0.059722,0.059722,0.059722,0.034641,0.034641,0.034641,0.708336,0.333719,0.965326,0.052091,0.031363,0.043908,0.127843,41.617259,40.894474,-2.982918,1.982618,-1.572937,-2.890000,1.890000,-1.546728,0.126800,0.127757,0.092936
1778249451.431423,0.668604,0.311927,0.932655,10.0000,10.0000,10.0000,0.060069,0.060069,0.060069,0.034641,0.034641,0.034641,0.708683,0.334065,0.965672,0.052093,0.031338,0.043924,0.127865,41.628653,40.908142,-2.982824,1.982521,-1.572934,-2.890000,1.890000,-1.546585,0.126798,0.127759,0.093351
1778249451.443176,0.668738,0.312166,0.932814,10.0000,10.0000,10.0000,0.060415,0.060415,0.060415,0.034641,0.034641,0.034641,0.709029,0.334412,0.966019,0.052096,0.031316,0.043935,0.127885,41.639081,40.920546,-2.982729,1.982422,-1.572931,-2.890000,1.890000,-1.546442,0.126796,0.127761,0.093767
1778249451.451782,0.668868,0.312400,0.932975,10.0000,10.0000,10.0000,0.060761,0.060761,0.060761,0.034641,0.034641,0.034641,0.709375,0.334758,0.966365,0.052101,0.031298,0.043943,0.127905,41.648842,40.931912,-2.982632,1.982323,-1.572929,-2.890000,1.890000,-1.546299,0.126794,0.127762,0.094185
1778249451.461450,0.668995,0.312629,0.933137,10.0000,10.0000,10.0000,0.061108,0.061108,0.061108,0.034641,0.034641,0.034641,0.709722,0.335104,0.966712,0.052106,0.031284,0.043946,0.127923,41.658388,40.942654,-2.982508,1.982196,-1.572926,-2.890000,1.890000,-1.546157,0.126792,0.127764,0.094603
1778249451.471514,0.669119,0.312855,0.933300,10.0000,10.0000,10.0000,0.061108,0.061108,0.061108,0.034641,0.034641,0.034641,0.709722,0.335104,0.966712,0.052106,0.031284,0.043946,0.127923,41.658388,40.942654,-2.982408,1.982093,-1.572925,-2.890000,1.890000,-1.546014,0.126790,0.127766,0.095023
1778249451.481469,0.669243,0.313078,0.933463,10.0000,10.0000,10.0000,0.061454,0.061454,0.061454,0.034641,0.034641,0.034641,0.710068,0.335451,0.967058,0.052111,0.031274,0.043947,0.127940,41.661487,40.946790,-2.982307,1.981989,-1.572926,-2.890000,1.890000,-1.545871,0.126788,0.127768,0.095450
1778249451.491745,0.669366,0.313300,0.933626,10.0000,10.0000,10.0000,0.062147,0.062147,0.062147,0.034641,0.034641,0.034641,0.710761,0.336144,0.967751,0.052122,0.031258,0.043946,0.127971,41.679034,40.964656,-2.982205,1.981885,-1.572928,-2.890000,1.890000,-1.545728,0.126786,0.127770,0.095880
1778249451.502081,0.669489,0.313518,0.933789,10.0000,10.0000,10.0000,0.062493,0.062493,0.062493,0.034641,0.034641,0.034641,0.711108,0.336490,0.968097,0.052127,0.031253,0.043944,0.127985,41.687039,40.973190,-2.982102,1.981780,-1.572930,-2.890000,1.890000,-1.545585,0.126784,0.127772,0.096310
1778249451.512042,0.669611,0.313735,0.933952,10.0000,10.0000,10.0000,0.062840,0.062840,0.062840,0.034641,0.034641,0.034641,0.711454,0.336836,0.968444,0.052131,0.031251,0.043940,0.127999,41.693706,40.980706,-2.982023,1.981700,-1.572933,-2.890000,1.890000,-1.545443,0.126783,0.127774,0.096742
1778249451.521856,0.669730,0.313948,0.934116,10.0000,10.0000,10.0000,0.063186,0.063186,0.063186,0.034641,0.034641,0.034641,0.711800,0.337183,0.968790,0.052136,0.031250,0.043934,0.128011,41.700505,40.988608,-2.981890,1.981565,-1.572936,-2.890000,1.890000,-1.545300,0.126781,0.127776,0.097173
1778249451.531801,0.669847,0.314161,0.934281,10.0000,10.0000,10.0000,0.063186,0.063186,0.063186,0.034641,0.034641,0.034641,0.711800,0.337183,0.968790,0.052136,0.031250,0.043934,0.128011,41.700505,40.988608,-2.981781,1.981454,-1.572938,-2.890000,1.890000,-1.545157,0.126779,0.127777,0.097606
1778249451.541748,0.669957,0.314375,0.934447,10.0000,10.0000,10.0000,0.063879,0.063879,0.063879,0.034641,0.034641,0.034641,0.712493,0.337876,0.969483,0.052154,0.031246,0.043916,0.128035,41.726979,41.019294,-2.981697,1.981370,-1.572941,-2.890000,1.890000,-1.545015,0.126778,0.127779,0.098039
1778249451.551372,0.670061,0.314591,0.934614,10.0000,10.0000,10.0000,0.064225,0.064225,0.064225,0.034641,0.034641,0.034641,0.712840,0.338222,0.969829,0.052170,0.031240,0.043902,0.128049,41.729356,41.023263,-2.981583,1.981253,-1.572946,-2.890000,1.890000,-1.544872,0.126776,0.127780,0.098473
1778249451.561455,0.670139,0.314750,0.934741,10.0000,10.0000,10.0000,0.064572,0.064572,0.064572,0.034641,0.034641,0.034641,0.713186,0.338568,0.970176,0.052164,0.031265,0.043891,0.128058,41.730764,41.025033,-2.981466,1.981134,-1.572950,-2.890000,1.890000,-1.544730,0.126774,0.127783,0.098910
1778249451.571786,0.670243,0.314958,0.934909,10.0000,10.0000,10.0000,0.064918,0.064918,0.064918,0.034641,0.034641,0.034641,0.713532,0.338915,0.970522,0.052177,0.031267,0.043874,0.128067,41.737309,41.031266,-2.981346,1.981012,-1.572954,-2.890000,1.890000,-1.544587,0.126771,0.127785,0.099345
1778249451.581367,0.670350,0.315162,0.935077,10.0000,10.0000,10.0000,0.065265,0.065265,0.065265,0.034641,0.034641,0.034641,0.713879,0.339261,0.970868,0.052188,0.031271,0.043858,0.128077,41.744742,41.038397,-2.981254,1.980919,-1.572957,-2.890000,1.890000,-1.544445,0.126769,0.127787,0.099780
1778249451.591397,0.670457,0.315363,0.935244,10.0000,10.0000,10.0000,0.065611,0.065611,0.065611,0.034641,0.034641,0.034641,0.714225,0.339608,0.971215,0.052197,0.031278,0.043843,0.128087,41.749964,41.043627,-2.981129,1.980792,-1.572960,-2.890000,1.890000,-1.544302,0.126767,0.127789,0.100211
1778249451.601500,0.670565,0.315564,0.935411,10.0000,10.0000,10.0000,0.065958,0.065958,0.065958,0.034641,0.034641,0.034641,0.714572,0.339954,0.971561,0.052205,0.031286,0.043827,0.128096,41.753848,41.047686,-2.981003,1.980664,-1.572963,-2.890000,1.890000,-1.544160,0.126765,0.127791,0.100645
1778249451.611386,0.670646,0.315715,0.935537,10.0000,10.0000,10.0000,0.066304,0.066304,0.066304,0.034641,0.034641,0.034641,0.714918,0.340300,0.971908,0.052195,0.031319,0.043816,0.128100,41.757022,41.050848,-2.980874,1.980534,-1.572965,-2.890000,1.890000,-1.544018,0.126763,0.127793,0.101073
1778249451.621747,0.670754,0.315915,0.935704,10.0000,10.0000,10.0000,0.066650,0.066650,0.066650,0.034641,0.034641,0.034641,0.715264,0.340647,0.972254,0.052202,0.031327,0.043801,0.128106,41.761079,41.055052,-2.980744,1.980401,-1.572967,-2.890000,1.890000,-1.543875,0.126762,0.127795,0.101501
1778249451.631660,0.670863,0.316114,0.935871,10.0000,10.0000,10.0000,0.066997,0.066997,0.066997,0.034641,0.034641,0.034641,0.715611,0.340993,0.972600,0.052210,0.031336,0.043786,0.128112,41.766220,41.060146,-2.980612,1.980268,-1.572968,-2.890000,1.890000,-1.543733,0.126760,0.127796,0.101929
1778249451.641461,0.670973,0.316314,0.936039,10.0000,10.0000,10.0000,0.067343,0.067343,0.067343,0.034641,0.034641,0.034641,0.715957,0.341340,0.972947,0.052216,0.031346,0.043771,0.128119,41.771374,41.065403,-2.980511,1.980166,-1.572968,-2.890000,1.890000,-1.543591,0.126759,0.127798,0.102353
1778249451.651625,0.671083,0.316512,0.936206,10.0000,10.0000,10.0000,0.067690,0.067690,0.067690,0.034641,0.034641,0.034641,0.716304,0.341686,0.973293,0.052222,0.031356,0.043757,0.128126,41.776769,41.070812,-2.980376,1.980029,-1.572968,-2.890000,1.890000,-1.543449,0.126757,0.127799,0.102775
1778249451.662107,0.671166,0.316661,0.936331,10.0000,10.0000,10.0000,0.068036,0.068036,0.068036,0.034641,0.034641,0.034641,0.716650,0.342033,0.973640,0.052210,0.031389,0.043747,0.128128,41.780415,41.074718,-2.980239,1.979891,-1.572967,-2.890000,1.890000,-1.543307,0.126756,0.127800,0.103196
1778249451.671998,0.671278,0.316859,0.936498,10.0000,10.0000,10.0000,0.068382,0.068382,0.068382,0.034641,0.034641,0.034641,0.716997,0.342379,0.973986,0.052216,0.031399,0.043733,0.128132,41.786168,41.080516,-2.980100,1.979751,-1.572966,-2.890000,1.890000,-1.543164,0.126755,0.127801,0.103614
1778249451.681502,0.671361,0.317008,0.936623,10.0000,10.0000,10.0000,0.068729,0.068729,0.068729,0.034641,0.034641,0.034641,0.717343,0.342725,0.974333,0.052203,0.031432,0.043724,0.128132,41.790709,41.085153,-2.979996,1.979646,-1.572964,-2.890000,1.890000,-1.543022,0.126755,0.127802,0.104032
1778249451.691688,0.671473,0.317206,0.936790,10.0000,10.0000,10.0000,0.069075,0.069075,0.069075,0.034641,0.034641,0.034641,0.717689,0.343072,0.974679,0.052208,0.031442,0.043711,0.128134,41.796848,41.091325,-2.979854,1.979503,-1.572960,-2.890000,1.890000,-1.542880,0.126754,0.127802,0.104445
1778249451.701604,0.671585,0.317405,0.936956,10.0000,10.0000,10.0000,0.069422,0.069422,0.069422,0.034641,0.034641,0.034641,0.718036,0.343418,0.975025,0.052213,0.031452,0.043699,0.128138,41.803216,41.097863,-2.979712,1.979360,-1.572956,-2.890000,1.890000,-1.542738,0.126753,0.127803,0.104856
1778249451.711652,0.671698,0.317604,0.937123,10.0000,10.0000,10.0000,0.069768,0.069768,0.069768,0.034641,0.034641,0.034641,0.718382,0.343765,0.975372,0.052217,0.031462,0.043686,0.128142,41.809070,41.103866,-2.979568,1.979215,-1.572950,-2.890000,1.890000,-1.542596,0.126753,0.127803,0.105262
1778249451.721998,0.671811,0.317803,0.937290,10.0000,10.0000,10.0000,0.070114,0.070114,0.070114,0.034641,0.034641,0.034641,0.718729,0.344111,0.975718,0.052222,0.031471,0.043674,0.128148,41.815323,41.110405,-2.979423,1.979070,-1.572944,-2.890000,1.890000,-1.542454,0.126753,0.127804,0.105666
1778249451.731614,0.671924,0.318002,0.937456,10.0000,10.0000,10.0000,0.070461,0.070461,0.070461,0.034641,0.034641,0.034641,0.719075,0.344457,0.976065,0.052226,0.031480,0.043663,0.128154,41.821543,41.116745,-2.979314,1.978959,-1.572939,-2.890000,1.890000,-1.542313,0.126753,0.127804,0.106066
1778249451.741556,0.672009,0.318151,0.937581,10.0000,10.0000,10.0000,0.070807,0.070807,0.070807,0.034641,0.034641,0.034641,0.719421,0.344804,0.976411,0.052213,0.031512,0.043655,0.128156,41.824934,41.120516,-2.979166,1.978811,-1.572930,-2.890000,1.890000,-1.542171,0.126753,0.127804,0.106468
1778249451.751725,0.672121,0.318352,0.937748,10.0000,10.0000,10.0000,0.071154,0.071154,0.071154,0.034641,0.034641,0.034641,0.719768,0.345150,0.976757,0.052218,0.031520,0.043644,0.128159,41.831271,41.127222,-2.979019,1.978662,-1.572920,-2.890000,1.890000,-1.542029,0.126753,0.127804,0.106862
1778249451.761694,0.672233,0.318553,0.937914,10.0000,10.0000,10.0000,0.071500,0.071500,0.071500,0.034641,0.034641,0.034641,0.720114,0.345497,0.977104,0.052224,0.031526,0.043632,0.128164,41.848932,41.145525,-2.978870,1.978512,-1.572908,-2.890000,1.890000,-1.541887,0.126752,0.127804,0.107250
1778249451.771477,0.672343,0.318756,0.938078,10.0000,10.0000,10.0000,0.071846,0.071846,0.071846,0.034641,0.034641,0.034641,0.720461,0.345843,0.977450,0.052230,0.031530,0.043622,0.128171,41.883481,41.179939,-2.978757,1.978397,-1.572898,-2.890000,1.890000,-1.541745,0.126752,0.127804,0.107633
1778249451.781489,0.672453,0.318959,0.938239,10.0000,10.0000,10.0000,0.072193,0.072193,0.072193,0.034641,0.034641,0.034641,0.720807,0.346189,0.977797,0.052234,0.031534,0.043614,0.128178,41.905175,41.201703,-2.978602,1.978241,-1.572883,-2.890000,1.890000,-1.541604,0.126753,0.127804,0.108010
1778249451.791435,0.672563,0.319160,0.938400,10.0000,10.0000,10.0000,0.072539,0.072539,0.072539,0.034641,0.034641,0.034641,0.721153,0.346536,0.978143,0.052238,0.031539,0.043606,0.128186,41.907879,41.205413,-2.978445,1.978082,-1.572866,-2.890000,1.890000,-1.541462,0.126753,0.127803,0.108393
1778249451.801504,0.672644,0.319308,0.938522,10.0000,10.0000,10.0000,0.072886,0.072886,0.072886,0.034641,0.034641,0.034641,0.721500,0.346882,0.978489,0.052226,0.031569,0.043599,0.128189,41.906193,41.204463,-2.978284,1.977919,-1.572849,-2.890000,1.890000,-1.541320,0.126753,0.127803,0.108763
1778249451.811623,0.672750,0.319505,0.938687,10.0000,10.0000,10.0000,0.072886,0.072886,0.072886,0.034641,0.034641,0.034641,0.721500,0.346882,0.978489,0.052226,0.031569,0.043599,0.128189,41.906193,41.204463,-2.978120,1.977753,-1.572830,-2.890000,1.890000,-1.541179,0.126754,0.127803,0.109128
1778249451.821416,0.672859,0.319695,0.938848,10.0000,10.0000,10.0000,0.073579,0.073579,0.073579,0.034641,0.034641,0.034641,0.722193,0.347575,0.979182,0.052234,0.031590,0.043574,0.128198,41.942948,41.239324,-2.977995,1.977626,-1.572816,-2.890000,1.890000,-1.541037,0.126754,0.127802,0.109493
1778249451.831794,0.672979,0.319876,0.939004,10.0000,10.0000,10.0000,0.073579,0.073579,0.073579,0.034641,0.034641,0.034641,0.722193,0.347575,0.979182,0.052234,0.031590,0.043574,0.128198,41.942948,41.239324,-2.977785,1.977414,-1.572796,-2.890000,1.890000,-1.540896,0.126754,0.127802,0.109866
1778249451.841414,0.673101,0.320059,0.939161,10.0000,10.0000,10.0000,0.074271,0.074271,0.074271,0.034641,0.034641,0.034641,0.722885,0.348268,0.979875,0.052217,0.031633,0.043563,0.128202,41.943660,41.238105,-2.977658,1.977286,-1.572788,-2.890000,1.890000,-1.540754,0.126755,0.127802,0.110251
1778249451.851454,0.673221,0.320254,0.939316,10.0000,10.0000,10.0000,0.074618,0.074618,0.074618,0.034641,0.034641,0.034641,0.723232,0.348614,0.980222,0.052212,0.031644,0.043562,0.128204,41.993234,41.287613,-2.977487,1.977116,-1.572782,-2.890000,1.890000,-1.540613,0.126755,0.127801,0.110657
1778249451.861966,0.673310,0.320412,0.939426,10.0000,10.0000,10.0000,0.074964,0.074964,0.074964,0.034641,0.034641,0.034641,0.723578,0.348961,0.980568,0.052194,0.031664,0.043568,0.128204,42.050888,41.344379,-2.977313,1.976943,-1.572782,-2.890000,1.890000,-1.540471,0.126755,0.127801,0.111074
1778249451.871414,0.673428,0.320640,0.939568,10.0000,10.0000,10.0000,0.075311,0.075311,0.075311,0.034641,0.034641,0.034641,0.723925,0.349307,0.980914,0.052195,0.031645,0.043581,0.128209,42.098046,41.390002,-2.977183,1.976811,-1.572792,-2.890000,1.890000,-1.540330,0.126752,0.127804,0.111527
1778249451.881450,0.673547,0.320879,0.939707,10.0000,10.0000,10.0000,0.075657,0.075657,0.075657,0.034641,0.034641,0.034641,0.724271,0.349654,0.981261,0.052197,0.031617,0.043599,0.128219,42.093363,41.384577,-2.977009,1.976635,-1.572813,-2.890000,1.890000,-1.540188,0.126747,0.127809,0.112012
1778249451.891795,0.673665,0.321122,0.939853,10.0000,10.0000,10.0000,0.076003,0.076003,0.076003,0.034641,0.034641,0.034641,0.724618,0.350000,0.981607,0.052202,0.031589,0.043613,0.128233,41.994337,41.288618,-2.976798,1.976417,-1.572852,-2.890000,1.890000,-1.540047,0.126739,0.127817,0.112523
1778249451.901937,0.673771,0.321346,0.940036,10.0000,10.0000,10.0000,0.076350,0.076350,0.076350,0.034641,0.034641,0.034641,0.724964,0.350346,0.981954,0.052223,0.031579,0.043595,0.128248,41.673240,40.981183,-2.976648,1.976262,-1.572887,-2.890000,1.890000,-1.539906,0.126730,0.127826,0.113048
1778249451.911388,0.673858,0.321550,0.940259,10.0000,10.0000,10.0000,0.076696,0.076696,0.076696,0.034641,0.034641,0.034641,0.725310,0.350693,0.982300,0.052262,0.031590,0.043541,0.128263,41.455255,40.774151,-2.976547,1.976156,-1.572916,-2.890000,1.890000,-1.539765,0.126720,0.127836,0.113582
1778249451.921862,0.673934,0.321746,0.940497,10.0000,10.0000,10.0000,0.077043,0.077043,0.077043,0.034641,0.034641,0.034641,0.725657,0.351039,0.982646,0.052309,0.031606,0.043472,0.128279,41.447258,40.769139,-2.976419,1.976022,-1.572959,-2.890000,1.890000,-1.539623,0.126710,0.127846,0.114131
1778249451.931503,0.674013,0.321946,0.940722,10.0000,10.0000,10.0000,0.077389,0.077389,0.077389,0.034641,0.034641,0.034641,0.726003,0.351386,0.982993,0.052351,0.031617,0.043414,0.128295,41.611989,40.929371,-2.976292,1.975887,-1.573008,-2.890000,1.890000,-1.539482,0.126697,0.127859,0.114699
1778249451.941586,0.674107,0.322154,0.940913,10.0000,10.0000,10.0000,0.077735,0.077735,0.077735,0.034641,0.034641,0.034641,0.726350,0.351732,0.983339,0.052374,0.031618,0.043385,0.128311,41.906338,41.209853,-2.976159,1.975745,-1.573065,-2.890000,1.890000,-1.539341,0.126686,0.127870,0.115251
1778249451.951631,0.674193,0.322311,0.941031,10.0000,10.0000,10.0000,0.078082,0.078082,0.078082,0.034641,0.034641,0.034641,0.726696,0.352078,0.983686,0.052361,0.031640,0.043385,0.128320,42.074388,41.370614,-2.976015,1.975597,-1.573106,-2.890000,1.890000,-1.539200,0.126676,0.127880,0.115800
1778249451.961484,0.674314,0.322526,0.941175,10.0000,10.0000,10.0000,0.078428,0.078428,0.078428,0.034641,0.034641,0.034641,0.727042,0.352425,0.984032,0.052357,0.031633,0.043395,0.128329,42.120081,41.415071,-2.975904,1.975484,-1.573137,-2.890000,1.890000,-1.539059,0.126668,0.127888,0.116344
1778249451.971487,0.674429,0.322746,0.941328,10.0000,10.0000,10.0000,0.078775,0.078775,0.078775,0.034641,0.034641,0.034641,0.727389,0.352771,0.984378,0.052360,0.031622,0.043399,0.128340,42.079121,41.376190,-2.975758,1.975333,-1.573188,-2.890000,1.890000,-1.538918,0.126661,0.127895,0.116873
1778249451.981509,0.674559,0.322958,0.941467,10.0000,10.0000,10.0000,0.079121,0.079121,0.079121,0.034641,0.034641,0.034641,0.727735,0.353118,0.984725,0.052348,0.031619,0.043415,0.128349,42.194505,41.482906,-2.975609,1.975182,-1.573226,-2.890000,1.890000,-1.538777,0.126652,0.127904,0.117425
1778249451.991684,0.674665,0.323115,0.941565,10.0000,10.0000,10.0000,0.079468,0.079468,0.079468,0.034641,0.034641,0.034641,0.728082,0.353464,0.985071,0.052319,0.031641,0.043435,0.128352,42.195876,41.482228,-2.975457,1.975029,-1.573252,-2.890000,1.890000,-1.538636,0.126647,0.127909,0.117929
1778249452.001559,0.674808,0.323317,0.941704,10.0000,10.0000,10.0000,0.079814,0.079814,0.079814,0.034641,0.034641,0.034641,0.728428,0.353810,0.985418,0.052299,0.031648,0.043453,0.128355,42.115014,41.403519,-2.975310,1.974881,-1.573269,-2.890000,1.890000,-1.538495,0.126643,0.127913,0.118404
1778249452.011719,0.674948,0.323520,0.941851,10.0000,10.0000,10.0000,0.080160,0.080160,0.080160,0.034641,0.034641,0.034641,0.728774,0.354157,0.985764,0.052285,0.031655,0.043466,0.128356,42.069730,41.360277,-2.975168,1.974738,-1.573282,-2.890000,1.890000,-1.538354,0.126640,0.127916,0.118863
1778249452.021984,0.675087,0.323728,0.942002,10.0000,10.0000,10.0000,0.080507,0.080507,0.080507,0.034641,0.034641,0.034641,0.729121,0.354503,0.986110,0.052272,0.031660,0.043477,0.128359,42.064704,41.355531,-2.975029,1.974598,-1.573292,-2.890000,1.890000,-1.538213,0.126637,0.127918,0.119315
1778249452.031609,0.675228,0.323940,0.942152,10.0000,10.0000,10.0000,0.080853,0.080853,0.080853,0.034641,0.034641,0.034641,0.729467,0.354850,0.986457,0.052261,0.031662,0.043489,0.128361,42.070641,41.361088,-2.974893,1.974460,-1.573300,-2.890000,1.890000,-1.538072,0.126634,0.127921,0.119759
1778249452.041402,0.675370,0.324157,0.942303,10.0000,10.0000,10.0000,0.081200,0.081200,0.081200,0.034641,0.034641,0.034641,0.729814,0.355196,0.986803,0.052251,0.031660,0.043503,0.128365,42.073838,41.364110,-2.974794,1.974360,-1.573304,-2.890000,1.890000,-1.537931,0.126632,0.127923,0.120197
1778249452.051446,0.675512,0.324377,0.942454,10.0000,10.0000,10.0000,0.081546,0.081546,0.081546,0.034641,0.034641,0.034641,0.730160,0.355543,0.987150,0.052241,0.031657,0.043517,0.128370,42.075329,41.365457,-2.974664,1.974229,-1.573309,-2.890000,1.890000,-1.537791,0.126630,0.127925,0.120628
1778249452.061557,0.675655,0.324600,0.942605,10.0000,10.0000,10.0000,0.081892,0.081892,0.081892,0.034641,0.034641,0.034641,0.730506,0.355889,0.987496,0.052232,0.031652,0.043532,0.128375,42.078291,41.368582,-2.974538,1.974103,-1.573310,-2.890000,1.890000,-1.537650,0.126629,0.127926,0.121051
1778249452.071452,0.675799,0.324831,0.942751,10.0000,10.0000,10.0000,0.082239,0.082239,0.082239,0.034641,0.034641,0.034641,0.730853,0.356235,0.987843,0.052223,0.031640,0.043552,0.128382,42.153520,41.442157,-2.974415,1.973980,-1.573311,-2.890000,1.890000,-1.537509,0.126628,0.127927,0.121472
1778249452.081831,0.675903,0.325011,0.942859,10.0000,10.0000,10.0000,0.082585,0.082585,0.082585,0.034641,0.034641,0.034641,0.731199,0.356582,0.988189,0.052205,0.031645,0.043569,0.128387,42.168886,41.458302,-2.974295,1.973859,-1.573309,-2.890000,1.890000,-1.537369,0.126628,0.127927,0.121886
1778249452.091359,0.678037,0.329228,0.946337,10.0000,10.0000,10.0000,0.082932,0.082932,0.082932,0.034641,0.034641,0.034641,0.731546,0.356928,0.988535,0.053539,0.029902,0.043180,0.128743,42.254803,41.588161,-2.971698,1.971265,-1.573276,-2.890000,1.890000,-1.537228,0.126623,0.127932,0.122205
1778249452.101598,0.678088,0.329397,0.946526,10.0000,10.0000,10.0000,0.083278,0.083278,0.083278,0.034641,0.034641,0.034641,0.731892,0.357275,0.988882,0.053566,0.029928,0.043128,0.128987,42.246929,41.580906,-2.971553,1.971120,-1.573273,-2.890000,1.890000,-1.537088,0.126623,0.127932,0.122613
1778249452.111599,0.678131,0.329525,0.946667,10.0000,10.0000,10.0000,0.083624,0.083624,0.083624,0.034641,0.034641,0.034641,0.732239,0.357621,0.989228,0.053568,0.029973,0.043094,0.129149,42.236738,41.568654,-2.971408,1.970976,-1.573269,-2.890000,1.890000,-1.536947,0.126624,0.127931,0.123015
1778249452.121925,0.678192,0.329702,0.946852,10.0000,10.0000,10.0000,0.083971,0.083971,0.083971,0.034641,0.034641,0.034641,0.732585,0.357967,0.989575,0.053590,0.029995,0.043051,0.129261,42.235141,41.564997,-2.971262,1.970830,-1.573265,-2.890000,1.890000,-1.536807,0.126624,0.127931,0.123416
1778249452.131400,0.678258,0.329886,0.947033,10.0000,10.0000,10.0000,0.084317,0.084317,0.084317,0.034641,0.034641,0.034641,0.732931,0.358314,0.989921,0.053611,0.030012,0.043013,0.129338,42.231602,41.559728,-2.971151,1.970721,-1.573263,-2.890000,1.890000,-1.536666,0.126625,0.127930,0.123816
1778249452.141416,0.678329,0.330072,0.947213,10.0000,10.0000,10.0000,0.084664,0.084664,0.084664,0.034641,0.034641,0.034641,0.733278,0.358660,0.990267,0.053629,0.030027,0.042980,0.129392,42.229999,41.555857,-2.970967,1.970536,-1.573258,-2.890000,1.890000,-1.536526,0.126625,0.127930,0.124216
1778249452.151444,0.678406,0.330257,0.947389,10.0000,10.0000,10.0000,0.085010,0.085010,0.085010,0.034641,0.034641,0.034641,0.733624,0.359007,0.990614,0.053643,0.030044,0.042951,0.129431,42.238300,41.561636,-2.970855,1.970424,-1.573255,-2.890000,1.890000,-1.536386,0.126624,0.127931,0.124614
1778249452.161498,0.678497,0.330440,0.947555,10.0000,10.0000,10.0000,0.085356,0.085356,0.085356,0.034641,0.034641,0.034641,0.733971,0.359353,0.990960,0.053646,0.030065,0.042932,0.129457,42.310033,41.625702,-2.970704,1.970273,-1.573251,-2.890000,1.890000,-1.536246,0.126624,0.127931,0.125012
1778249452.171433,0.678607,0.330615,0.947708,10.0000,10.0000,10.0000,0.085703,0.085703,0.085703,0.034641,0.034641,0.034641,0.734317,0.359699,0.991307,0.053636,0.030092,0.042926,0.129473,42.341701,41.652090,-2.970552,1.970120,-1.573246,-2.890000,1.890000,-1.536106,0.126624,0.127931,0.125409
1778249452.181386,0.678723,0.330792,0.947860,10.0000,10.0000,10.0000,0.086049,0.086049,0.086049,0.034641,0.034641,0.034641,0.734663,0.360046,0.991653,0.053622,0.030120,0.042924,0.129482,42.328519,41.638538,-2.970399,1.969968,-1.573242,-2.890000,1.890000,-1.535966,0.126624,0.127931,0.125811
1778249452.191512,0.678838,0.330975,0.948014,10.0000,10.0000,10.0000,0.086396,0.086396,0.086396,0.034641,0.034641,0.034641,0.735010,0.360392,0.991999,0.053611,0.030144,0.042922,0.129488,42.312972,41.624300,-2.970246,1.969817,-1.573239,-2.890000,1.890000,-1.535827,0.126625,0.127930,0.126211
1778249452.201438,0.678924,0.331114,0.948131,10.0000,10.0000,10.0000,0.086742,0.086742,0.086742,0.034641,0.034641,0.034641,0.735356,0.360739,0.992346,0.053588,0.030183,0.042922,0.129487,42.308881,41.620787,-2.970094,1.969666,-1.573234,-2.890000,1.890000,-1.535687,0.126626,0.127929,0.126610
1778249452.211937,0.679038,0.331304,0.948286,10.0000,10.0000,10.0000,0.087089,0.087089,0.087089,0.034641,0.034641,0.034641,0.735703,0.361085,0.992692,0.053580,0.030201,0.042919,0.129487,42.311192,41.622992,-2.969942,1.969515,-1.573231,-2.890000,1.890000,-1.535548,0.126627,0.127928,0.127011
1778249452.221780,0.679153,0.331495,0.948442,10.0000,10.0000,10.0000,0.087435,0.087435,0.087435,0.034641,0.034641,0.034641,0.736049,0.361432,0.993039,0.053572,0.030218,0.042918,0.129487,42.315279,41.626689,-2.969829,1.969403,-1.573228,-2.890000,1.890000,-1.535408,0.126627,0.127928,0.127413
1778249452.231542,0.679270,0.331687,0.948597,10.0000,10.0000,10.0000,0.087781,0.087781,0.087781,0.034641,0.034641,0.034641,0.736395,0.361778,0.993385,0.053563,0.030235,0.042917,0.129486,42.309233,41.620882,-2.969679,1.969253,-1.573225,-2.890000,1.890000,-1.535269,0.126627,0.127928,0.127817
1778249452.241444,0.679358,0.331831,0.948715,10.0000,10.0000,10.0000,0.088128,0.088128,0.088128,0.034641,0.034641,0.034641,0.736742,0.362124,0.993732,0.053541,0.030272,0.042918,0.129483,42.306590,41.618572,-2.969531,1.969105,-1.573222,-2.890000,1.890000,-1.535129,0.126627,0.127928,0.128220
1778249452.251672,0.679474,0.332025,0.948872,10.0000,10.0000,10.0000,0.088474,0.088474,0.088474,0.034641,0.034641,0.034641,0.737088,0.362471,0.994078,0.053534,0.030287,0.042917,0.129481,42.323501,41.636010,-2.969383,1.968957,-1.573219,-2.890000,1.890000,-1.534990,0.126627,0.127928,0.128626
1778249452.261389,0.679587,0.332226,0.949027,10.0000,10.0000,10.0000,0.088821,0.088821,0.088821,0.034641,0.034641,0.034641,0.737435,0.362817,0.994424,0.053529,0.030295,0.042916,0.129481,42.347627,41.660252,-2.969236,1.968812,-1.573217,-2.890000,1.890000,-1.534850,0.126627,0.127928,0.129032
1778249452.271543,0.679704,0.332434,0.949174,10.0000,10.0000,10.0000,0.089167,0.089167,0.089167,0.034641,0.034641,0.034641,0.737781,0.363164,0.994771,0.053522,0.030298,0.042924,0.129482,42.446861,41.754615,-2.969126,1.968702,-1.573216,-2.890000,1.890000,-1.534711,0.126628,0.127928,0.129441
1778249452.281480,0.679832,0.332651,0.949304,10.0000,10.0000,10.0000,0.089513,0.089513,0.089513,0.034641,0.034641,0.034641,0.738128,0.363510,0.995117,0.053506,0.030294,0.042946,0.129485,42.550546,41.852565,-2.968976,1.968553,-1.573215,-2.890000,1.890000,-1.534572,0.126628,0.127927,0.129850
1778249452.291518,0.679934,0.332819,0.949395,10.0000,10.0000,10.0000,0.089860,0.089860,0.089860,0.034641,0.034641,0.034641,0.738474,0.363856,0.995464,0.053476,0.030311,0.042971,0.129484,42.581769,41.881190,-2.968825,1.968402,-1.573216,-2.890000,1.890000,-1.534433,0.126627,0.127928,0.130267
1778249452.301846,0.680073,0.333044,0.949517,10.0000,10.0000,10.0000,0.090206,0.090206,0.090206,0.034641,0.034641,0.034641,0.738820,0.364203,0.995810,0.053455,0.030302,0.043003,0.129485,42.565661,41.864875,-2.968676,1.968253,-1.573219,-2.890000,1.890000,-1.534294,0.126626,0.127929,0.130688
1778249452.311469,0.680210,0.333263,0.949649,10.0000,10.0000,10.0000,0.090206,0.090206,0.090206,0.034641,0.034641,0.034641,0.738820,0.364203,0.995810,0.053455,0.030302,0.043003,0.129485,42.565661,41.864875,-2.968532,1.968109,-1.573222,-2.890000,1.890000,-1.534155,0.126626,0.127930,0.131109
1778249452.321469,0.680336,0.333461,0.949810,10.0000,10.0000,10.0000,0.090899,0.090899,0.090899,0.034641,0.034641,0.034641,0.739513,0.364896,0.996503,0.053429,0.030314,0.043027,0.129488,42.229324,41.543576,-2.968401,1.967978,-1.573227,-2.890000,1.890000,-1.534016,0.126624,0.127931,0.131535
1778249452.332198,0.680448,0.333645,0.949995,10.0000,10.0000,10.0000,0.091245,0.091245,0.091245,0.034641,0.034641,0.034641,0.739860,0.365242,0.996849,0.053432,0.030340,0.043006,0.129489,42.115446,41.436913,-2.968279,1.967856,-1.573235,-2.890000,1.890000,-1.533876,0.126622,0.127933,0.131973
1778249452.341370,0.680554,0.333828,0.950181,10.0000,10.0000,10.0000,0.091592,0.091592,0.091592,0.034641,0.034641,0.034641,0.740206,0.365588,0.997196,0.053436,0.030365,0.042983,0.129490,42.259884,41.577951,-2.968188,1.967765,-1.573242,-2.890000,1.890000,-1.533737,0.126620,0.127935,0.132414
1778249452.351362,0.680674,0.334021,0.950335,10.0000,10.0000,10.0000,0.091938,0.091938,0.091938,0.034641,0.034641,0.034641,0.740552,0.365935,0.997542,0.053427,0.030380,0.042984,0.129491,42.473230,41.782703,-2.968058,1.967635,-1.573250,-2.890000,1.890000,-1.533599,0.126619,0.127936,0.132850
1778249452.361490,0.680801,0.334217,0.950476,10.0000,10.0000,10.0000,0.092285,0.092285,0.092285,0.034641,0.034641,0.034641,0.740899,0.366281,0.997888,0.053411,0.030392,0.042995,0.129491,42.487011,41.795819,-2.967923,1.967501,-1.573255,-2.890000,1.890000,-1.533460,0.126619,0.127936,0.133276
1778249452.371437,0.680925,0.334409,0.950625,10.0000,10.0000,10.0000,0.092631,0.092631,0.092631,0.034641,0.034641,0.034641,0.741245,0.366628,0.998235,0.053399,0.030408,0.042999,0.129491,42.426169,41.738276,-2.967791,1.967369,-1.573258,-2.890000,1.890000,-1.533321,0.126618,0.127937,0.133700
1778249452.381547,0.681014,0.334551,0.950742,10.0000,10.0000,10.0000,0.092978,0.092978,0.092978,0.034641,0.034641,0.034641,0.741592,0.366974,0.998581,0.053378,0.030443,0.043001,0.129487,42.409755,41.723472,-2.967661,1.967240,-1.573260,-2.890000,1.890000,-1.533182,0.126618,0.127937,0.134119
1778249452.391569,0.681132,0.334741,0.950899,10.0000,10.0000,10.0000,0.093324,0.093324,0.093324,0.034641,0.034641,0.034641,0.741938,0.367320,0.998928,0.053369,0.030460,0.042999,0.129485,42.423316,41.737136,-2.967531,1.967110,-1.573261,-2.890000,1.890000,-1.533043,0.126617,0.127938,0.134536
1778249452.401813,0.681250,0.334932,0.951053,10.0000,10.0000,10.0000,0.093670,0.093670,0.093670,0.034641,0.034641,0.034641,0.742284,0.367667,0.999274,0.053361,0.030475,0.042999,0.129483,42.444491,41.757963,-2.967400,1.966980,-1.573261,-2.890000,1.890000,-1.532904,0.126617,0.127938,0.134950
1778249452.411397,0.681370,0.335124,0.951206,10.0000,10.0000,10.0000,0.094017,0.094017,0.094017,0.034641,0.034641,0.034641,0.742631,0.368013,0.999620,0.053352,0.030490,0.043000,0.129482,42.458295,41.771342,-2.967303,1.966882,-1.573261,-2.890000,1.890000,-1.532765,0.126617,0.127938,0.135362
1778249452.421531,0.681489,0.335317,0.951359,10.0000,10.0000,10.0000,0.094363,0.094363,0.094363,0.034641,0.034641,0.034641,0.742977,0.368360,0.999967,0.053343,0.030504,0.043001,0.129482,42.466460,41.779378,-2.967173,1.966753,-1.573259,-2.890000,1.890000,-1.532627,0.126617,0.127938,0.135772
1778249452.431402,0.681610,0.335512,0.951510,10.0000,10.0000,10.0000,0.094710,0.094710,0.094710,0.034641,0.034641,0.034641,0.743324,0.368706,1.000313,0.053333,0.030516,0.043004,0.129482,42.496748,41.808719,-2.967044,1.966624,-1.573257,-2.890000,1.890000,-1.532488,0.126617,0.127938,0.136179
1778249452.441970,0.681702,0.335662,0.951618,10.0000,10.0000,10.0000,0.095056,0.095056,0.095056,0.034641,0.034641,0.034641,0.743670,0.369053,1.000660,0.053311,0.030544,0.043012,0.129479,42.545553,41.855555,-2.966914,1.966495,-1.573254,-2.890000,1.890000,-1.532349,0.126617,0.127938,0.136584
1778249452.451424,0.681824,0.335868,0.951761,10.0000,10.0000,10.0000,0.095056,0.095056,0.095056,0.034641,0.034641,0.034641,0.743670,0.369053,1.000660,0.053311,0.030544,0.043012,0.129479,42.545553,41.855555,-2.966818,1.966399,-1.573252,-2.890000,1.890000,-1.532211,0.126617,0.127938,0.136989
1778249452.461752,0.681940,0.336081,0.951907,10.0000,10.0000,10.0000,0.095749,0.095749,0.095749,0.034641,0.034641,0.034641,0.744363,0.369745,1.001353,0.053296,0.030545,0.043030,0.129480,42.542658,41.855524,-2.966659,1.966241,-1.573248,-2.890000,1.890000,-1.532072,0.126617,0.127938,0.137391
1778249452.471380,0.682080,0.336350,0.952093,10.0000,10.0000,10.0000,0.096095,0.096095,0.096095,0.034641,0.034641,0.034641,0.744709,0.370092,1.001699,0.053307,0.030520,0.043034,0.129488,42.549445,41.862702,-2.966534,1.966115,-1.573244,-2.890000,1.890000,-1.531933,0.126617,0.127938,0.137793
1778249452.481372,0.682168,0.336506,0.952203,10.0000,10.0000,10.0000,0.096442,0.096442,0.096442,0.034641,0.034641,0.034641,0.745056,0.370438,1.002045,0.053289,0.030542,0.043041,0.129491,42.555910,41.868667,-2.966409,1.965989,-1.573239,-2.890000,1.890000,-1.531795,0.126616,0.127939,0.138191
1778249452.491331,0.682316,0.336759,0.952388,10.0000,10.0000,10.0000,0.096788,0.096788,0.096788,0.034641,0.034641,0.034641,0.745402,0.370785,1.002392,0.053292,0.030529,0.043045,0.129498,42.555215,41.868255,-2.966283,1.965863,-1.573234,-2.890000,1.890000,-1.531656,0.126616,0.127939,0.138589
1778249452.501561,0.682405,0.336908,0.952499,10.0000,10.0000,10.0000,0.096788,0.096788,0.096788,0.034641,0.034641,0.034641,0.745402,0.370785,1.002392,0.053292,0.030529,0.043045,0.129498,42.555215,41.868255,-2.966156,1.965736,-1.573230,-2.890000,1.890000,-1.531518,0.126615,0.127940,0.138989
1778249452.511723,0.682522,0.337108,0.952649,10.0000,10.0000,10.0000,0.097481,0.097481,0.097481,0.034641,0.034641,0.034641,0.746095,0.371477,1.003085,0.053265,0.030564,0.043053,0.129501,42.563543,41.878020,-2.966061,1.965640,-1.573229,-2.890000,1.890000,-1.531379,0.126615,0.127940,0.139394
1778249452.521400,0.682640,0.337304,0.952797,10.0000,10.0000,10.0000,0.097827,0.097827,0.097827,0.034641,0.034641,0.034641,0.746441,0.371824,1.003431,0.053257,0.030574,0.043057,0.129504,42.576151,41.890220,-2.965933,1.965512,-1.573227,-2.890000,1.890000,-1.531241,0.126614,0.127941,0.139800
1778249452.531389,0.682760,0.337496,0.952945,10.0000,10.0000,10.0000,0.098174,0.098174,0.098174,0.034641,0.034641,0.034641,0.746788,0.372170,1.003777,0.053247,0.030587,0.043061,0.129505,42.590760,41.903657,-2.965804,1.965383,-1.573226,-2.890000,1.890000,-1.531103,0.126614,0.127941,0.140211
1778249452.541593,0.682885,0.337682,0.953090,10.0000,10.0000,10.0000,0.098520,0.098520,0.098520,0.034641,0.034641,0.034641,0.747134,0.372517,1.004124,0.053233,0.030604,0.043066,0.129505,42.600883,41.913189,-2.965674,1.965254,-1.573227,-2.890000,1.890000,-1.530964,0.126613,0.127942,0.140624
1778249452.551450,0.683009,0.337866,0.953236,10.0000,10.0000,10.0000,0.098866,0.098866,0.098866,0.034641,0.034641,0.034641,0.747481,0.372863,1.004470,0.053219,0.030623,0.043070,0.129505,42.606286,41.919605,-2.965543,1.965123,-1.573227,-2.890000,1.890000,-1.530826,0.126614,0.127941,0.141035
1778249452.561991,0.683099,0.338004,0.953347,10.0000,10.0000,10.0000,0.099213,0.099213,0.099213,0.034641,0.034641,0.034641,0.747827,0.373209,1.004817,0.053196,0.030657,0.043074,0.129501,42.609026,41.923624,-2.965410,1.964992,-1.573228,-2.890000,1.890000,-1.530688,0.126614,0.127941,0.141450
1778249452.571406,0.683216,0.338187,0.953495,10.0000,10.0000,10.0000,0.099559,0.099559,0.099559,0.034641,0.034641,0.034641,0.748173,0.373556,1.005163,0.053185,0.030674,0.043075,0.129498,42.612835,41.929331,-2.965308,1.964891,-1.573228,-2.890000,1.890000,-1.530549,0.126615,0.127940,0.141863
1778249452.581424,0.683329,0.338371,0.953645,10.0000,10.0000,10.0000,0.099906,0.099906,0.099906,0.034641,0.034641,0.034641,0.748520,0.373902,1.005509,0.053177,0.030690,0.043073,0.129496,42.618184,41.936228,-2.965136,1.964721,-1.573229,-2.890000,1.890000,-1.530411,0.126616,0.127939,0.142277
1778249452.591483,0.683438,0.338554,0.953797,10.0000,10.0000,10.0000,0.100252,0.100252,0.100252,0.034641,0.034641,0.034641,0.748866,0.374249,1.005856,0.053170,0.030707,0.043070,0.129495,42.624033,41.943232,-2.964995,1.964582,-1.573230,-2.890000,1.890000,-1.530273,0.126616,0.127939,0.142691
1778249452.601667,0.683545,0.338735,0.953949,10.0000,10.0000,10.0000,0.100599,0.100599,0.100599,0.034641,0.034641,0.034641,0.749213,0.374595,1.006202,0.053164,0.030723,0.043066,0.129494,42.630271,41.950193,-2.964851,1.964440,-1.573230,-2.890000,1.890000,-1.530135,0.126617,0.127938,0.143104
1778249452.611758,0.683648,0.338918,0.954102,10.0000,10.0000,10.0000,0.100945,0.100945,0.100945,0.034641,0.034641,0.034641,0.749559,0.374942,1.006549,0.053161,0.030738,0.043059,0.129494,42.642545,41.965014,-2.964705,1.964295,-1.573231,-2.890000,1.890000,-1.529997,0.126618,0.127937,0.143518
1778249452.621353,0.683765,0.339155,0.954296,10.0000,10.0000,10.0000,0.101291,0.101291,0.101291,0.034641,0.034641,0.034641,0.749905,0.375288,1.006895,0.053176,0.030730,0.043046,0.129500,42.640846,41.965662,-2.964556,1.964148,-1.573231,-2.890000,1.890000,-1.529858,0.126619,0.127936,0.143932
1778249452.631484,0.683833,0.339298,0.954414,10.0000,10.0000,10.0000,0.101638,0.101638,0.101638,0.034641,0.034641,0.034641,0.750252,0.375634,1.007242,0.053166,0.030756,0.043040,0.129502,42.638484,41.963539,-2.964404,1.963998,-1.573231,-2.890000,1.890000,-1.529720,0.126619,0.127936,0.144343
1778249452.641414,0.683926,0.339485,0.954572,10.0000,10.0000,10.0000,0.101984,0.101984,0.101984,0.034641,0.034641,0.034641,0.750598,0.375981,1.007588,0.053168,0.030766,0.043030,0.129505,42.642442,41.966603,-2.964251,1.963845,-1.573230,-2.890000,1.890000,-1.529582,0.126619,0.127936,0.144751
1778249452.651685,0.684023,0.339670,0.954728,10.0000,10.0000,10.0000,0.102331,0.102331,0.102331,0.034641,0.034641,0.034641,0.750945,0.376327,1.007934,0.053168,0.030779,0.043021,0.129509,42.648766,41.971890,-2.964097,1.963691,-1.573228,-2.890000,1.890000,-1.529444,0.126619,0.127936,0.145157
1778249452.661474,0.684123,0.339853,0.954884,10.0000,10.0000,10.0000,0.102677,0.102677,0.102677,0.034641,0.034641,0.034641,0.751291,0.376674,1.008281,0.053166,0.030793,0.043013,0.129512,42.654004,41.976655,-2.963980,1.963575,-1.573226,-2.890000,1.890000,-1.529306,0.126619,0.127936,0.145560
1778249452.671503,0.684224,0.340035,0.955040,10.0000,10.0000,10.0000,0.103023,0.103023,0.103023,0.034641,0.034641,0.034641,0.751638,0.377020,1.008627,0.053164,0.030808,0.043006,0.129514,42.657533,41.980091,-2.963822,1.963419,-1.573223,-2.890000,1.890000,-1.529168,0.126619,0.127936,0.145963
1778249452.681483,0.684324,0.340221,0.955195,10.0000,10.0000,10.0000,0.103370,0.103370,0.103370,0.034641,0.034641,0.034641,0.751984,0.377366,1.008974,0.053162,0.030820,0.042999,0.129517,42.668697,41.991904,-2.963664,1.963261,-1.573219,-2.890000,1.890000,-1.529030,0.126620,0.127935,0.146363
1778249452.691530,0.684421,0.340410,0.955351,10.0000,10.0000,10.0000,0.103716,0.103716,0.103716,0.034641,0.034641,0.034641,0.752330,0.377713,1.009320,0.053163,0.030830,0.042991,0.129520,42.677826,42.002481,-2.963504,1.963101,-1.573216,-2.890000,1.890000,-1.528892,0.126620,0.127935,0.146760
1778249452.701407,0.684513,0.340601,0.955508,0.0000,0.0000,0.0000,0.104063,0.104063,0.104063,0.034641,0.034641,0.034641,0.752677,0.378059,1.009666,0.053166,0.030837,0.042982,0.129525,42.680456,42.006226,-2.963341,1.962939,-1.573213,-2.890000,1.890000,-1.528760,0.126620,0.127935,0.146603
1778249452.711367,0.684582,0.340745,0.955626,0.0000,0.0000,0.0000,0.104357,0.104357,0.104357,0.029400,0.029400,0.029400,0.752971,0.378353,1.009960,0.053273,0.030683,0.042959,0.129553,42.682590,42.008616,-2.963177,1.962773,-1.573211,-2.890000,1.890000,-1.528636,0.126619,0.127936,0.146093
1778249452.721851,0.684675,0.340933,0.955783,0.0000,0.0000,0.0000,0.104562,0.104562,0.104562,0.020580,0.020580,0.020580,0.753177,0.378559,1.010166,0.053486,0.030371,0.042917,0.129622,42.695790,42.021443,-2.963009,1.962605,-1.573207,-2.890000,1.890000,-1.528523,0.126618,0.127937,0.145372
1778249452.731492,0.684775,0.341115,0.955934,0.0000,0.0000,0.0000,0.104706,0.104706,0.104706,0.014406,0.014406,0.014406,0.753321,0.378703,1.010310,0.053651,0.030126,0.042883,0.129706,42.758550,42.079728,-2.962882,1.962477,-1.573203,-2.890000,1.890000,-1.528421,0.126617,0.127938,0.144545
1778249452.741650,0.684893,0.341290,0.956073,0.0000,0.0000,0.0000,0.104807,0.104807,0.104807,0.010084,0.010084,0.010084,0.753421,0.378804,1.010411,0.053771,0.029937,0.042866,0.129791,42.803237,42.117836,-2.962710,1.962305,-1.573203,-2.890000,1.890000,-1.528330,0.126615,0.127940,0.143697
1778249452.751708,0.685022,0.341464,0.956208,0.0000,0.0000,0.0000,0.104878,0.104878,0.104878,0.007059,0.007059,0.007059,0.753492,0.378874,1.010482,0.053863,0.029784,0.042857,0.129870,42.786196,42.099905,-2.962540,1.962134,-1.573206,-2.890000,1.890000,-1.528250,0.126614,0.127941,0.142870
1778249452.761431,0.685148,0.341650,0.956348,0.0000,0.0000,0.0000,0.104927,0.104927,0.104927,0.004941,0.004941,0.004941,0.753541,0.378924,1.010531,0.053943,0.029649,0.042849,0.129944,42.758627,42.074037,-2.962372,1.961967,-1.573213,-2.890000,1.890000,-1.528180,0.126614,0.127941,0.142091
1778249452.771568,0.685241,0.341796,0.956455,0.0000,0.0000,0.0000,0.104962,0.104962,0.104962,0.003459,0.003459,0.003459,0.753576,0.378958,1.010566,0.054005,0.029546,0.042843,0.130008,42.745566,42.061901,-2.962208,1.961804,-1.573224,-2.890000,1.890000,-1.528120,0.126612,0.127943,0.141382
1778249452.781816,0.685362,0.342000,0.956600,0.0000,0.0000,0.0000,0.104986,0.104986,0.104986,0.002421,0.002421,0.002421,0.753600,0.378983,1.010590,0.054072,0.029430,0.042838,0.130068,42.738989,42.055146,-2.962048,1.961645,-1.573238,-2.890000,1.890000,-1.528067,0.126610,0.127945,0.140749
1778249452.791919,0.685486,0.342210,0.956745,0.0000,0.0000,0.0000,0.105003,0.105003,0.104986,0.001695,0.001695,0.000000,0.753617,0.379000,1.010590,0.054218,0.029365,0.042697,0.130126,42.734682,42.049872,-2.961894,1.961489,-1.573256,-2.890000,1.890000,-1.528022,0.126606,0.127949,0.140197
1778249452.801618,0.685608,0.342419,0.956898,0.0000,0.0000,0.0000,0.105017,0.105017,0.104986,0.001424,0.001424,0.000000,0.753631,0.379014,1.010590,0.054265,0.029268,0.042705,0.130179,42.655767,41.973462,-2.961751,1.961344,-1.573278,-2.890000,1.890000,-1.527983,0.126601,0.127954,0.139727
1778249452.811561,0.685734,0.342622,0.957053,0.0000,0.0000,0.0000,0.105029,0.105029,0.104986,0.001196,0.001196,0.000000,0.753643,0.379026,1.010590,0.054311,0.029177,0.042709,0.130227,42.664253,41.980664,-2.961648,1.961241,-1.573295,-2.890000,1.890000,-1.527950,0.126596,0.127959,0.139326
1778249452.821864,0.685863,0.342824,0.957207,0.0000,0.0000,0.0000,0.105039,0.105039,0.104986,0.001005,0.001005,0.000000,0.753653,0.379036,1.010590,0.054355,0.029088,0.042713,0.130272,42.661955,41.979351,-2.961516,1.961107,-1.573323,-2.890000,1.890000,-1.527950,0.126592,0.127963,0.136118
1778249452.831470,0.685988,0.343021,0.957366,0.0000,0.0000,0.0000,0.105048,0.105048,0.104986,0.000844,0.000844,0.000000,0.753662,0.379044,1.010590,0.054402,0.029004,0.042710,0.130315,42.649798,41.969961,-2.961389,1.960980,-1.573351,-2.890000,1.890000,-1.527950,0.126588,0.127966,0.136180
1778249452.841866,0.686079,0.343166,0.957485,0.0000,0.0000,0.0000,0.105055,0.105055,0.104986,0.000709,0.000709,0.000000,0.753669,0.379051,1.010590,0.054438,0.028941,0.042707,0.130353,42.677656,41.998011,-2.961265,1.960855,-1.573378,-2.890000,1.890000,-1.527950,0.126583,0.127971,0.136263
1778249452.851473,0.686202,0.343359,0.957639,0.0000,0.0000,0.0000,0.105061,0.105061,0.104986,0.000595,0.000595,0.000000,0.753675,0.379057,1.010590,0.054484,0.028859,0.042704,0.130391,42.729656,42.049087,-2.961141,1.960729,-1.573406,-2.890000,1.890000,-1.527950,0.126578,0.127977,0.136347
1778249452.861381,0.686326,0.343549,0.957789,0.0000,0.0000,0.0000,0.105066,0.105066,0.104986,0.000500,0.000500,0.000000,0.753680,0.379062,1.010590,0.054529,0.028778,0.042702,0.130428,42.775375,42.094946,-2.961047,1.960634,-1.573428,-2.890000,1.890000,-1.527950,0.126571,0.127983,0.136432
1778249452.871389,0.686444,0.343742,0.957934,0.0000,0.0000,0.0000,0.105070,0.105070,0.104986,0.000420,0.000420,0.000000,0.753684,0.379067,1.010590,0.054575,0.028694,0.042700,0.130465,42.823678,42.144467,-2.960888,1.960475,-1.573461,-2.890000,1.890000,-1.527950,0.126567,0.127988,0.136513
1778249452.881408,0.686564,0.343940,0.958070,0.0000,0.0000,0.0000,0.105074,0.105074,0.104986,0.000353,0.000353,0.000000,0.753688,0.379070,1.010590,0.054618,0.028605,0.042703,0.130502,42.957738,42.272900,-2.960792,1.960378,-1.573479,-2.890000,1.890000,-1.527950,0.126563,0.127992,0.136587
1778249452.891446,0.686698,0.344145,0.958186,0.0000,0.0000,0.0000,0.105077,0.105077,0.104986,0.000296,0.000296,0.000000,0.753691,0.379073,1.010590,0.054652,0.028511,0.042724,0.130539,43.052544,42.360849,-2.960661,1.960246,-1.573502,-2.890000,1.890000,-1.527950,0.126558,0.127996,0.136655
1778249452.901727,0.686843,0.344351,0.958297,0.0000,0.0000,0.0000,0.105079,0.105079,0.104986,0.000249,0.000249,0.000000,0.753693,0.379076,1.010590,0.054680,0.028417,0.042750,0.130575,43.030878,42.337170,-2.960501,1.960085,-1.573526,-2.890000,1.890000,-1.527950,0.126554,0.128001,0.136714
1778249452.911381,0.686991,0.344554,0.958415,0.0000,0.0000,0.0000,0.105081,0.105081,0.104986,0.000209,0.000209,0.000000,0.753695,0.379078,1.010590,0.054709,0.028327,0.042773,0.130610,42.971376,42.278598,-2.960409,1.959992,-1.573537,-2.890000,1.890000,-1.527950,0.126550,0.128004,0.136759
1778249452.921434,0.687139,0.344755,0.958539,0.0000,0.0000,0.0000,0.105083,0.105083,0.104986,0.000176,0.000176,0.000000,0.753697,0.379079,1.010590,0.054739,0.028239,0.042792,0.130643,42.930359,42.238794,-2.960290,1.959873,-1.573548,-2.890000,1.890000,-1.527950,0.126547,0.128007,0.136792
1778249452.931684,0.687287,0.344953,0.958668,0.0000,0.0000,0.0000,0.105084,0.105084,0.104986,0.000148,0.000148,0.000000,0.753698,0.379081,1.010590,0.054771,0.028154,0.042807,0.130677,42.913012,42.222202,-2.960176,1.959758,-1.573554,-2.890000,1.890000,-1.527950,0.126546,0.128009,0.136812
1778249452.941469,0.687435,0.345150,0.958799,0.0000,0.0000,0.0000,0.105086,0.105086,0.104986,0.000124,0.000124,0.000000,0.753700,0.379082,1.010590,0.054803,0.028070,0.042822,0.130709,42.912231,42.221412,-2.960066,1.959647,-1.573558,-2.890000,1.890000,-1.527950,0.126544,0.128010,0.136822
1778249452.951521,0.687583,0.345349,0.958930,0.0000,0.0000,0.0000,0.105087,0.105087,0.104986,0.000104,0.000104,0.000000,0.753701,0.379083,1.010590,0.054836,0.027984,0.042835,0.130741,42.914086,42.223586,-2.959960,1.959541,-1.573558,-2.890000,1.890000,-1.527950,0.126543,0.128011,0.136823
1778249452.961468,0.687724,0.345570,0.959061,0.0000,0.0000,0.0000,0.105087,0.105087,0.104986,0.000087,0.000087,0.000000,0.753702,0.379084,1.010590,0.054877,0.027881,0.042851,0.130775,42.951882,42.259830,-2.959864,1.959444,-1.573555,-2.890000,1.890000,-1.527950,0.126543,0.128011,0.136817
1778249452.971605,0.687829,0.345740,0.959157,0.0000,0.0000,0.0000,0.105088,0.105088,0.104986,0.000073,0.000073,0.000000,0.753702,0.379085,1.010590,0.054908,0.027798,0.042865,0.130808,42.977264,42.284351,-2.959772,1.959351,-1.573551,-2.890000,1.890000,-1.527950,0.126542,0.128013,0.136807
1778249452.981664,0.687973,0.345961,0.959284,0.0000,0.0000,0.0000,0.105089,0.105089,0.104986,0.000062,0.000062,0.000000,0.753703,0.379085,1.010590,0.054946,0.027694,0.042883,0.130842,42.973241,42.281522,-2.959683,1.959260,-1.573544,-2.890000,1.890000,-1.527950,0.126540,0.128014,0.136785
1778249452.994793,0.688116,0.346170,0.959415,0.0000,0.0000,0.0000,0.105089,0.105089,0.104986,0.000052,0.000052,0.000000,0.753703,0.379086,1.010590,0.054984,0.027597,0.042897,0.130876,42.955224,42.266163,-2.959595,1.959170,-1.573535,-2.890000,1.890000,-1.527950,0.126539,0.128015,0.136761
1778249453.001460,0.688255,0.346373,0.959551,0.0000,0.0000,0.0000,0.105090,0.105090,0.104986,0.000044,0.000044,0.000000,0.753704,0.379086,1.010590,0.055024,0.027505,0.042905,0.130911,42.946509,42.259881,-2.959531,1.959104,-1.573530,-2.890000,1.890000,-1.527950,0.126538,0.128016,0.136745
1778249453.012055,0.688356,0.346523,0.959652,0.0000,0.0000,0.0000,0.105090,0.105090,0.104986,0.000037,0.000037,0.000000,0.753704,0.379087,1.010590,0.055054,0.027436,0.042911,0.130942,42.972623,42.287118,-2.959444,1.959016,-1.573525,-2.890000,1.890000,-1.527950,0.126537,0.128018,0.136726
1778249453.021416,0.688487,0.346720,0.959787,0.0000,0.0000,0.0000,0.105090,0.105090,0.104986,0.000037,0.000037,0.000000,0.753704,0.379087,1.010590,0.055054,0.027436,0.042911,0.130942,42.972623,42.287118,-2.959378,1.958948,-1.573521,-2.890000,1.890000,-1.527950,0.126535,0.128019,0.136712
1778249453.031560,0.688614,0.346910,0.959925,0.0000,0.0000,0.0000,0.105091,0.105091,0.104986,0.000026,0.000026,0.000000,0.753705,0.379087,1.010590,0.055138,0.027259,0.042915,0.131007,42.980224,42.299391,-2.959288,1.958857,-1.573516,-2.890000,1.890000,-1.527950,0.126534,0.128020,0.136696
1778249453.041446,0.688736,0.347095,0.960066,0.0000,0.0000,0.0000,0.105091,0.105091,0.104986,0.000022,0.000022,0.000000,0.753705,0.379087,1.010590,0.055183,0.027175,0.042912,0.131040,42.982937,42.303973,-2.959197,1.958765,-1.573511,-2.890000,1.890000,-1.527950,0.126533,0.128021,0.136685
1778249453.051587,0.688825,0.347231,0.960172,0.0000,0.0000,0.0000,0.105091,0.105091,0.104986,0.000018,0.000018,0.000000,0.753705,0.379088,1.010590,0.055217,0.027113,0.042907,0.131071,42.986850,42.309056,-2.959104,1.958670,-1.573507,-2.890000,1.890000,-1.527950,0.126532,0.128022,0.136674
1778249453.062070,0.688941,0.347408,0.960314,0.0000,0.0000,0.0000,0.105091,0.105091,0.104986,0.000015,0.000015,0.000000,0.753705,0.379088,1.010590,0.055263,0.027033,0.042898,0.131102,42.993593,42.316734,-2.959010,1.958575,-1.573504,-2.890000,1.890000,-1.527950,0.126530,0.128024,0.136664
1778249453.071558,0.689085,0.347628,0.960493,0.0000,0.0000,0.0000,0.105091,0.105091,0.104986,0.000013,0.000013,0.000000,0.753706,0.379088,1.010590,0.055321,0.026933,0.042886,0.131136,43.006745,42.330465,-2.958915,1.958478,-1.573503,-2.890000,1.890000,-1.527950,0.126528,0.128026,0.136658
1778249453.081460,0.689199,0.347799,0.960635,0.0000,0.0000,0.0000,0.105092,0.105092,0.104986,0.000011,0.000011,0.000000,0.753706,0.379088,1.010590,0.055367,0.026856,0.042875,0.131169,43.013194,42.337654,-2.958818,1.958379,-1.573500,-2.890000,1.890000,-1.527950,0.126526,0.128028,0.136652
1778249453.092357,0.689283,0.347926,0.960743,0.0000,0.0000,0.0000,0.105092,0.105092,0.104986,0.000000,0.000000,0.000000,0.753706,0.379088,1.010590,0.055401,0.026799,0.042867,0.131199,43.016538,42.341657,-2.958719,1.958278,-1.573499,-2.890000,1.890000,-1.527950,0.126525,0.128029,0.136645
1778249453.101475,0.689394,0.348092,0.960887,0.0000,0.0000,0.0000,0.105092,0.105092,0.104986,0.000000,0.000000,0.000000,0.753706,0.379088,1.010590,0.055448,0.026724,0.042853,0.131230,43.022135,42.347909,-2.958643,1.958202,-1.573497,-2.890000,1.890000,-1.527950,0.126523,0.128031,0.136642
1778249453.111387,0.689477,0.348215,0.960995,0.0000,0.0000,0.0000,0.105092,0.105092,0.104986,0.000000,0.000000,0.000000,0.753706,0.379088,1.010590,0.055483,0.026669,0.042842,0.131257,43.026662,42.352926,-2.958540,1.958098,-1.573495,-2.890000,1.890000,-1.527950,0.126521,0.128033,0.136635
1778249453.121953,0.689586,0.348377,0.961140,0.0000,0.0000,0.0000,0.105092,0.105092,0.104986,0.000000,0.000000,0.000000,0.753706,0.379088,1.010590,0.055530,0.026597,0.042826,0.131286,43.033091,42.359925,-2.958436,1.957991,-1.573493,-2.890000,1.890000,-1.527950,0.126520,0.128034,0.136630
1778249453.131578,0.689695,0.348536,0.961284,0.0000,0.0000,0.0000,0.105092,0.105092,0.104986,0.000000,0.000000,0.000000,0.753706,0.379088,1.010590,0.055576,0.026527,0.042809,0.131315,43.039002,42.366437,-2.958329,1.957883,-1.573491,-2.890000,1.890000,-1.527950,0.126518,0.128036,0.136624
1778249453.141597,0.689802,0.348692,0.961429,0.0000,0.0000,0.0000,0.105092,0.105092,0.104986,0.000000,0.000000,0.000000,0.753706,0.379088,1.010590,0.055623,0.026457,0.042791,0.131344,43.045103,42.373006,-2.958247,1.957800,-1.573490,-2.890000,1.890000,-1.527950,0.126516,0.128038,0.136619
1778249453.151408,0.689909,0.348847,0.961575,0.0000,0.0000,0.0000,0.105092,0.105092,0.104986,0.000000,0.000000,0.000000,0.753706,0.379088,1.010590,0.055670,0.026389,0.042772,0.131373,43.050873,42.379278,-2.958135,1.957687,-1.573488,-2.890000,1.890000,-1.527950,0.126514,0.128039,0.136614
1778249453.161443,0.690016,0.349000,0.961720,0.0000,0.0000,0.0000,0.105092,0.105092,0.104986,0.000000,0.000000,0.000000,0.753706,0.379088,1.010590,0.055717,0.026322,0.042752,0.131401,43.056460,42.385292,-2.958022,1.957572,-1.573486,-2.890000,1.890000,-1.527950,0.126513,0.128041,0.136609
1778249453.171415,0.690122,0.349151,0.961865,0.0000,0.0000,0.0000,0.105092,0.105092,0.104986,0.000000,0.000000,0.000000,0.753706,0.379088,1.010590,0.055764,0.026256,0.042732,0.131430,43.062046,42.391307,-2.957905,1.957454,-1.573484,-2.890000,1.890000,-1.527950,0.126511,0.128043,0.136603
1778249453.181483,0.690201,0.349263,0.961975,0.0000,0.0000,0.0000,0.105092,0.105092,0.104986,0.000000,0.000000,0.000000,0.753706,0.379088,1.010590,0.055799,0.026206,0.042716,0.131456,43.065831,42.395500,-2.957786,1.957333,-1.573482,-2.890000,1.890000,-1.527950,0.126509,0.128045,0.136597
1778249453.191551,0.690306,0.349411,0.962120,0.0000,0.0000,0.0000,0.105092,0.105092,0.104986,0.000000,0.000000,0.000000,0.753706,0.379088,1.010590,0.055846,0.026141,0.042695,0.131482,43.071420,42.401477,-2.957665,1.957211,-1.573480,-2.890000,1.890000,-1.527950,0.126507,0.128047,0.136591
1778249453.201454,0.690411,0.349557,0.962266,0.0000,0.0000,0.0000,0.105092,0.105092,0.104986,0.000000,0.000000,0.000000,0.753706,0.379088,1.010590,0.055893,0.026077,0.042673,0.131509,43.076869,42.407276,-2.957541,1.957085,-1.573478,-2.890000,1.890000,-1.527950,0.126505,0.128049,0.136585
1778249453.212327,0.690516,0.349703,0.962412,0.0000,0.0000,0.0000,0.105092,0.105092,0.104986,0.000000,0.000000,0.000000,0.753706,0.379088,1.010590,0.055940,0.026014,0.042650,0.131535,43.082742,42.413461,-2.957414,1.956957,-1.573476,-2.890000,1.890000,-1.527950,0.126503,0.128051,0.136579
1778249453.221414,0.690646,0.349882,0.962594,0.0000,0.0000,0.0000,0.105092,0.105092,0.104986,0.000000,0.000000,0.000000,0.753706,0.379088,1.010590,0.055998,0.025936,0.042622,0.131564,43.089888,42.421014,-2.957284,1.956826,-1.573474,-2.890000,1.890000,-1.527950,0.126501,0.128052,0.136572
1778249453.232499,0.690725,0.349989,0.962703,0.0000,0.0000,0.0000,0.105092,0.105092,0.104986,0.000000,0.000000,0.000000,0.753706,0.379088,1.010590,0.056033,0.025889,0.042604,0.131590,43.093811,42.425248,-2.957185,1.956726,-1.573472,-2.890000,1.890000,-1.527950,0.126501,0.128052,0.136572
1778249453.242038,0.690829,0.350130,0.962849,0.0000,0.0000,0.0000,0.105092,0.105092,0.104986,0.000000,0.000000,0.000000,0.753706,0.379088,1.010590,0.056079,0.025828,0.042580,0.131616,43.098678,42.430458,-2.957051,1.956590,-1.573470,-2.890000,1.890000,-1.527950,0.126498,0.128056,0.136561
1778249453.251832,0.690907,0.350234,0.962958,0.0000,0.0000,0.0000,0.105092,0.105092,0.104986,0.000000,0.000000,0.000000,0.753706,0.379088,1.010590,0.056114,0.025782,0.042562,0.131639,43.102818,42.434774,-2.956913,1.956451,-1.573468,-2.890000,1.890000,-1.527950,0.126496,0.128057,0.136554
1778249453.262367,0.691011,0.350373,0.963104,0.0000,0.0000,0.0000,0.105092,0.105092,0.104986,0.000000,0.000000,0.000000,0.753706,0.379088,1.010590,0.056160,0.025722,0.042537,0.131663,43.108033,42.440320,-2.956773,1.956309,-1.573465,-2.890000,1.890000,-1.527950,0.126494,0.128059,0.136546
1778249453.271498,0.691115,0.350511,0.963249,0.0000,0.0000,0.0000,0.105092,0.105092,0.104986,0.000000,0.000000,0.000000,0.753706,0.379088,1.010590,0.056207,0.025662,0.042512,0.131688,43.113473,42.446173,-2.956629,1.956164,-1.573463,-2.890000,1.890000,-1.527950,0.126493,0.128061,0.136539
1778249453.282003,0.691218,0.350647,0.963395,0.0000,0.0000,0.0000,0.105092,0.105092,0.104986,0.000000,0.000000,0.000000,0.753706,0.379088,1.010590,0.056253,0.025603,0.042486,0.131712,43.114204,42.447060,-2.956519,1.956054,-1.573460,-2.890000,1.890000,-1.527950,0.126491,0.128062,0.136530
1778249453.292028,0.691322,0.350783,0.963541,0.0000,0.0000,0.0000,0.105092,0.105092,0.104986,0.000000,0.000000,0.000000,0.753706,0.379088,1.010590,0.056299,0.025544,0.042460,0.131737,43.120665,42.453593,-2.956371,1.955905,-1.573456,-2.890000,1.890000,-1.527950,0.126490,0.128063,0.136518
1778249453.301740,0.691400,0.350885,0.963650,0.0000,0.0000,0.0000,0.105092,0.105092,0.104986,0.000000,0.000000,0.000000,0.753706,0.379088,1.010590,0.056334,0.025500,0.042441,0.131759,43.125722,42.458903,-2.956220,1.955754,-1.573452,-2.890000,1.890000,-1.527950,0.126489,0.128064,0.136508
1778249453.311805,0.691505,0.351020,0.963796,0.0000,0.0000,0.0000,0.105092,0.105092,0.104986,0.000000,0.000000,0.000000,0.753706,0.379088,1.010590,0.056334,0.025500,0.042441,0.131759,43.125722,42.458903,-2.956066,1.955599,-1.573447,-2.890000,1.890000,-1.527950,0.126488,0.128065,0.136494
1778249453.321718,0.691609,0.351154,0.963941,0.0000,0.0000,0.0000,0.105092,0.105092,0.104986,0.000000,0.000000,0.000000,0.753706,0.379088,1.010590,0.056426,0.025383,0.042389,0.131806,43.135853,42.469672,-2.955949,1.955481,-1.573444,-2.890000,1.890000,-1.527950,0.126487,0.128066,0.136480
1778249453.331386,0.691713,0.351286,0.964087,0.0000,0.0000,0.0000,0.105092,0.105092,0.104986,0.000000,0.000000,0.000000,0.753706,0.379088,1.010590,0.056472,0.025326,0.042362,0.131829,43.141154,42.475391,-2.955789,1.955321,-1.573439,-2.890000,1.890000,-1.527950,0.126487,0.128067,0.136469
1778249453.341594,0.691791,0.351383,0.964196,0.0000,0.0000,0.0000,0.105092,0.105092,0.104986,0.000000,0.000000,0.000000,0.753706,0.379088,1.010590,0.056472,0.025326,0.042362,0.131829,43.141154,42.475391,-2.955625,1.955157,-1.573434,-2.890000,1.890000,-1.527950,0.126486,0.128068,0.136455
1778249453.351875,0.691895,0.351512,0.964341,0.0000,0.0000,0.0000,0.105092,0.105092,0.104986,0.000000,0.000000,0.000000,0.753706,0.379088,1.010590,0.056551,0.025230,0.042313,0.131873,43.151199,42.486249,-2.955458,1.954990,-1.573430,-2.890000,1.890000,-1.527950,0.126485,0.128069,0.136441
1778249453.361627,0.691998,0.351638,0.964487,0.0000,0.0000,0.0000,0.105092,0.105092,0.104986,0.000000,0.000000,0.000000,0.753706,0.379088,1.010590,0.056596,0.025177,0.042285,0.131895,43.156163,42.491726,-2.955286,1.954818,-1.573425,-2.890000,1.890000,-1.527950,0.126484,0.128069,0.136427
1778249453.372082,0.692100,0.351763,0.964632,0.0000,0.0000,0.0000,0.105092,0.105092,0.104986,0.000000,0.000000,0.000000,0.753706,0.379088,1.010590,0.056642,0.025124,0.042255,0.131917,43.161643,42.497813,-2.955111,1.954643,-1.573420,-2.890000,1.890000,-1.527950,0.126484,0.128070,0.136413
1778249453.381496,0.692202,0.351886,0.964778,0.0000,0.0000,0.0000,0.105092,0.105092,0.104986,0.000000,0.000000,0.000000,0.753706,0.379088,1.010590,0.056687,0.025072,0.042225,0.131939,43.166012,42.502678,-2.954976,1.954508,-1.573417,-2.890000,1.890000,-1.527950,0.126483,0.128070,0.136403
1778249453.391808,0.692304,0.352008,0.964924,0.0000,0.0000,0.0000,0.105092,0.105092,0.104986,0.000000,0.000000,0.000000,0.753706,0.379088,1.010590,0.056733,0.025021,0.042194,0.131961,43.170673,42.507958,-2.954793,1.954325,-1.573412,-2.890000,1.890000,-1.527950,0.126482,0.128071,0.136385
1778249453.401554,0.692404,0.352128,0.965070,0.0000,0.0000,0.0000,0.105092,0.105092,0.104986,0.000000,0.000000,0.000000,0.753706,0.379088,1.010590,0.056779,0.024971,0.042162,0.131983,43.174951,42.512689,-2.954605,1.954137,-1.573408,-2.890000,1.890000,-1.527950,0.126482,0.128072,0.136376
1778249453.411479,0.692504,0.352246,0.965216,0.0000,0.0000,0.0000,0.105092,0.105092,0.104986,0.000000,0.000000,0.000000,0.753706,0.379088,1.010590,0.056825,0.024923,0.042129,0.132005,43.178865,42.517221,-2.954412,1.953944,-1.573403,-2.890000,1.890000,-1.527950,0.126481,0.128072,0.136362
1778249453.421588,0.692579,0.352334,0.965326,0.0000,0.0000,0.0000,0.105092,0.105092,0.104986,0.000000,0.000000,0.000000,0.753706,0.379088,1.010590,0.056859,0.024886,0.042104,0.132025,43.181565,42.520394,-2.954215,1.953747,-1.573400,-2.890000,1.890000,-1.527950,0.126480,0.128073,0.136351
1778249453.431693,0.692678,0.352450,0.965473,0.0000,0.0000,0.0000,0.105092,0.105092,0.104986,0.000000,0.000000,0.000000,0.753706,0.379088,1.010590,0.056905,0.024839,0.042070,0.132045,43.184717,42.523989,-2.954013,1.953545,-1.573396,-2.890000,1.890000,-1.527950,0.126479,0.128074,0.136339
1778249453.441690,0.692777,0.352565,0.965620,0.0000,0.0000,0.0000,0.105092,0.105092,0.104986,0.000000,0.000000,0.000000,0.753706,0.379088,1.010590,0.056905,0.024839,0.042070,0.132045,43.184717,42.523989,-2.953806,1.953338,-1.573392,-2.890000,1.890000,-1.527950,0.126478,0.128075,0.136328
1778249453.451396,0.692876,0.352678,0.965770,0.0000,0.0000,0.0000,0.105092,0.105092,0.104986,0.000000,0.000000,0.000000,0.753706,0.379088,1.010590,0.056999,0.024747,0.041997,0.132085,43.110285,42.449768,-2.953649,1.953181,-1.573391,-2.890000,1.890000,-1.527950,0.126477,0.128077,0.136322
1778249453.461841,0.692997,0.352787,0.965923,0.0000,0.0000,0.0000,0.105092,0.105092,0.104986,0.000000,0.000000,0.000000,0.753706,0.379088,1.010590,0.057037,0.024711,0.041966,0.132104,43.089756,42.417853,-2.953461,1.952993,-1.573397,-2.890000,1.890000,-1.527950,0.126474,0.128079,0.136341
1778249453.471853,0.693147,0.352890,0.966067,0.0000,0.0000,0.0000,0.105092,0.105092,0.104986,0.000000,0.000000,0.000000,0.753706,0.379088,1.010590,0.057060,0.024684,0.041951,0.132119,43.057812,42.378880,-2.953292,1.952825,-1.573409,-2.890000,1.890000,-1.527950,0.126473,0.128081,0.136366
1778249453.481805,0.693267,0.352966,0.966175,0.0000,0.0000,0.0000,0.105092,0.105092,0.104986,0.000000,0.000000,0.000000,0.753706,0.379088,1.010590,0.057074,0.024667,0.041942,0.132131,43.070405,42.389214,-2.953140,1.952675,-1.573423,-2.890000,1.890000,-1.527950,0.126472,0.128081,0.136406
1778249453.491672,0.693430,0.353080,0.966314,0.0000,0.0000,0.0000,0.105092,0.105092,0.104986,0.000000,0.000000,0.000000,0.753706,0.379088,1.010590,0.057074,0.024667,0.041942,0.132131,43.070405,42.389214,-2.952991,1.952531,-1.573437,-2.890000,1.890000,-1.527950,0.126474,0.128080,0.136449
1778249453.501619,0.693588,0.353212,0.966449,0.0000,0.0000,0.0000,0.105092,0.105092,0.104986,0.000000,0.000000,0.000000,0.753706,0.379088,1.010590,0.057114,0.024583,0.041936,0.132153,43.173386,42.493359,-2.952846,1.952390,-1.573453,-2.890000,1.890000,-1.527950,0.126475,0.128079,0.136496
1778249453.511775,0.693740,0.353355,0.966582,0.0000,0.0000,0.0000,0.105092,0.105092,0.104986,0.000000,0.000000,0.000000,0.753706,0.379088,1.010590,0.057141,0.024521,0.041936,0.132166,43.199828,42.521298,-2.952704,1.952250,-1.573468,-2.890000,1.890000,-1.527950,0.126475,0.128078,0.136541
1778249453.521522,0.693889,0.353500,0.966714,0.0000,0.0000,0.0000,0.105092,0.105092,0.104986,0.000000,0.000000,0.000000,0.753706,0.379088,1.010590,0.057170,0.024456,0.041934,0.132180,43.218256,42.541136,-2.952599,1.952147,-1.573478,-2.890000,1.890000,-1.527950,0.126474,0.128079,0.136582
1778249453.531510,0.693998,0.353609,0.966813,0.0000,0.0000,0.0000,0.105092,0.105092,0.104986,0.000000,0.000000,0.000000,0.753706,0.379088,1.010590,0.057193,0.024406,0.041933,0.132195,43.231736,42.555642,-2.952460,1.952009,-1.573490,-2.890000,1.890000,-1.527950,0.126473,0.128080,0.136611
1778249453.542233,0.694141,0.353753,0.966945,0.0000,0.0000,0.0000,0.105092,0.105092,0.104986,0.000000,0.000000,0.000000,0.753706,0.379088,1.010590,0.057223,0.024340,0.041930,0.132210,43.249987,42.575083,-2.952322,1.951872,-1.573504,-2.890000,1.890000,-1.527950,0.126471,0.128082,0.136650
1778249453.551428,0.694281,0.353896,0.967076,0.0000,0.0000,0.0000,0.105092,0.105092,0.104986,0.000000,0.000000,0.000000,0.753706,0.379088,1.010590,0.057255,0.024272,0.041925,0.132227,43.266897,42.593249,-2.952219,1.951769,-1.573515,-2.890000,1.890000,-1.527950,0.126469,0.128085,0.136693
1778249453.561421,0.694418,0.354037,0.967208,0.0000,0.0000,0.0000,0.105092,0.105092,0.104986,0.000000,0.000000,0.000000,0.753706,0.379088,1.010590,0.057288,0.024206,0.041918,0.132245,43.278400,42.606236,-2.952081,1.951630,-1.573529,-2.890000,1.890000,-1.527950,0.126466,0.128088,0.136735
1778249453.571440,0.694550,0.354174,0.967341,0.0000,0.0000,0.0000,0.105092,0.105092,0.104986,0.000000,0.000000,0.000000,0.753706,0.379088,1.010590,0.057322,0.024142,0.041909,0.132263,43.286795,42.616293,-2.951941,1.951490,-1.573543,-2.890000,1.890000,-1.527950,0.126463,0.128090,0.136766
1778249453.581379,0.694647,0.354276,0.967441,0.0000,0.0000,0.0000,0.105092,0.105092,0.104986,0.000000,0.000000,0.000000,0.753706,0.379088,1.010590,0.057349,0.024094,0.041900,0.132280,43.294434,42.625056,-2.951800,1.951349,-1.573558,-2.890000,1.890000,-1.527950,0.126459,0.128094,0.136811
1778249453.591884,0.694774,0.354411,0.967576,0.0000,0.0000,0.0000,0.105092,0.105092,0.104986,0.000000,0.000000,0.000000,0.753706,0.379088,1.010590,0.057349,0.024094,0.041900,0.132280,43.294434,42.625056,-2.951658,1.951206,-1.573573,-2.890000,1.890000,-1.527950,0.126455,0.128098,0.136856
1778249453.601725,0.694901,0.354541,0.967711,0.0000,0.0000,0.0000,0.105092,0.105092,0.104986,0.000000,0.000000,0.000000,0.753706,0.379088,1.010590,0.057422,0.023970,0.041870,0.132316,43.306931,42.638885,-2.951515,1.951061,-1.573587,-2.890000,1.890000,-1.527950,0.126451,0.128102,0.136898
1778249453.611859,0.695024,0.354671,0.967846,0.0000,0.0000,0.0000,0.105092,0.105092,0.104986,0.000000,0.000000,0.000000,0.753706,0.379088,1.010590,0.057460,0.023909,0.041854,0.132334,43.316048,42.648967,-2.951406,1.950951,-1.573598,-2.890000,1.890000,-1.527950,0.126446,0.128107,0.136943
1778249453.621341,0.695115,0.354767,0.967948,0.0000,0.0000,0.0000,0.105092,0.105092,0.104986,0.000000,0.000000,0.000000,0.753706,0.379088,1.010590,0.057489,0.023864,0.041840,0.132351,43.318945,42.652759,-2.951260,1.950803,-1.573614,-2.890000,1.890000,-1.527950,0.126443,0.128110,0.136978
1778249453.631470,0.695228,0.354903,0.968087,0.0000,0.0000,0.0000,0.105092,0.105092,0.104986,0.000000,0.000000,0.000000,0.753706,0.379088,1.010590,0.057534,0.023794,0.041817,0.132370,43.328674,42.665402,-2.951150,1.950692,-1.573623,-2.890000,1.890000,-1.527950,0.126438,0.128115,0.137017
1778249453.641486,0.695318,0.355074,0.968229,0.0000,0.0000,0.0000,0.105092,0.105092,0.104986,0.000000,0.000000,0.000000,0.753706,0.379088,1.010590,0.057598,0.023689,0.041788,0.132393,43.341186,42.677430,-2.951009,1.950549,-1.573630,-2.890000,1.890000,-1.527950,0.126435,0.128118,0.137033
1778249453.651738,0.695382,0.355214,0.968337,0.0000,0.0000,0.0000,0.105092,0.105092,0.104986,0.000000,0.000000,0.000000,0.753706,0.379088,1.010590,0.057652,0.023599,0.041765,0.132418,43.335874,42.670290,-2.950873,1.950407,-1.573634,-2.890000,1.890000,-1.527950,0.126429,0.128124,0.137049
1778249453.661621,0.695478,0.355397,0.968480,0.0000,0.0000,0.0000,0.105092,0.105092,0.104986,0.000000,0.000000,0.000000,0.753706,0.379088,1.010590,0.057652,0.023599,0.041765,0.132418,43.335874,42.670290,-2.950773,1.950302,-1.573637,-2.890000,1.890000,-1.527950,0.126420,0.128133,0.137060
1778249453.671915,0.695596,0.355565,0.968616,0.0000,0.0000,0.0000,0.105092,0.105092,0.104986,0.000000,0.000000,0.000000,0.753706,0.379088,1.010590,0.057767,0.023385,0.041726,0.132472,43.362105,42.689127,-2.950612,1.950132,-1.573640,-2.890000,1.890000,-1.527950,0.126411,0.128142,0.137066
1778249453.681640,0.695737,0.355716,0.968741,0.0000,0.0000,0.0000,0.105092,0.105092,0.104986,0.000000,0.000000,0.000000,0.753706,0.379088,1.010590,0.057800,0.023304,0.041727,0.132496,43.403937,42.725284,-2.950487,1.950002,-1.573640,-2.890000,1.890000,-1.527950,0.126404,0.128149,0.137068
1778249453.692078,0.695887,0.355874,0.968858,0.0000,0.0000,0.0000,0.105092,0.105092,0.104986,0.000000,0.000000,0.000000,0.753706,0.379088,1.010590,0.057827,0.023217,0.041738,0.132518,43.460002,42.778001,-2.950366,1.949880,-1.573636,-2.890000,1.890000,-1.527950,0.126400,0.128152,0.137061
1778249453.701807,0.696045,0.356063,0.968952,0.0000,0.0000,0.0000,0.105092,0.105092,0.104986,0.000000,0.000000,0.000000,0.753706,0.379088,1.010590,0.057848,0.023100,0.041773,0.132540,43.727054,43.029727,-2.950280,1.949792,-1.573633,-2.890000,1.890000,-1.527950,0.126398,0.128155,0.137048
1778249453.711450,0.696176,0.356227,0.969001,0.0000,0.0000,0.0000,0.105092,0.105092,0.104986,0.000000,0.000000,0.000000,0.753706,0.379088,1.010590,0.057855,0.022990,0.041824,0.132561,43.832167,43.126156,-2.950169,1.949677,-1.573636,-2.890000,1.890000,-1.527950,0.126394,0.128158,0.137055
1778249453.721598,0.696361,0.356448,0.969066,0.0000,0.0000,0.0000,0.105092,0.105092,0.104986,0.000000,0.000000,0.000000,0.753706,0.379088,1.010590,0.057860,0.022843,0.041897,0.132581,43.748185,43.043276,-2.950066,1.949571,-1.573636,-2.890000,1.890000,-1.527950,0.126389,0.128163,0.137057
1778249453.731698,0.696545,0.356655,0.969147,0.0000,0.0000,0.0000,0.105092,0.105092,0.104986,0.000000,0.000000,0.000000,0.753706,0.379088,1.010590,0.057869,0.022711,0.041957,0.132602,43.632890,42.933961,-2.949994,1.949497,-1.573633,-2.890000,1.890000,-1.527950,0.126386,0.128166,0.137048
1778249453.741447,0.696724,0.356848,0.969241,0.0000,0.0000,0.0000,0.105092,0.105092,0.104986,0.000000,0.000000,0.000000,0.753706,0.379088,1.010590,0.057882,0.022592,0.042003,0.132621,43.578054,42.884525,-2.949902,1.949404,-1.573628,-2.890000,1.890000,-1.527950,0.126384,0.128168,0.137032
1778249453.751539,0.696854,0.356986,0.969316,0.0000,0.0000,0.0000,0.105092,0.105092,0.104986,0.000000,0.000000,0.000000,0.753706,0.379088,1.010590,0.057895,0.022508,0.042031,0.132639,43.566922,42.876542,-2.949813,1.949314,-1.573622,-2.890000,1.890000,-1.527950,0.126384,0.128169,0.137019
1778249453.761632,0.697061,0.357205,0.969447,0.0000,0.0000,0.0000,0.105092,0.105092,0.104986,0.000000,0.000000,0.000000,0.753706,0.379088,1.010590,0.057919,0.022375,0.042069,0.132658,43.562320,42.876455,-2.949723,1.949224,-1.573615,-2.890000,1.890000,-1.527950,0.126383,0.128169,0.137000
1778249453.771397,0.697180,0.357330,0.969528,0.0000,0.0000,0.0000,0.105092,0.105092,0.104986,0.000000,0.000000,0.000000,0.753706,0.379088,1.010590,0.057935,0.022301,0.042086,0.132676,43.559505,42.876217,-2.949633,1.949134,-1.573607,-2.890000,1.890000,-1.527950,0.126383,0.128169,0.136976
1778249453.782665,0.697333,0.357489,0.969639,0.0000,0.0000,0.0000,0.105092,0.105092,0.104986,0.000000,0.000000,0.000000,0.753706,0.379088,1.010590,0.057935,0.022301,0.042086,0.132676,43.559505,42.876217,-2.949565,1.949065,-1.573600,-2.890000,1.890000,-1.527950,0.126383,0.128169,0.136950
1778249453.793265,0.697481,0.357641,0.969754,0.0000,0.0000,0.0000,0.105092,0.105092,0.104986,0.000000,0.000000,0.000000,0.753706,0.379088,1.010590,0.057958,0.022207,0.042103,0.132693,43.555517,42.875250,-2.949473,1.948974,-1.573592,-2.890000,1.890000,-1.527950,0.126383,0.128169,0.136950
1778249453.801870,0.697588,0.357753,0.969842,0.0000,0.0000,0.0000,0.105092,0.105092,0.104986,0.000000,0.000000,0.000000,0.753706,0.379088,1.010590,0.058006,0.022053,0.042119,0.132726,43.554432,42.878093,-2.949380,1.948882,-1.573584,-2.890000,1.890000,-1.527950,0.126385,0.128168,0.136907
1778249453.811592,0.697762,0.357930,0.969991,0.0000,0.0000,0.0000,0.105092,0.105092,0.104986,0.000000,0.000000,0.000000,0.753706,0.379088,1.010590,0.058042,0.021952,0.042121,0.132744,43.554792,42.880550,-2.949286,1.948788,-1.573576,-2.890000,1.890000,-1.527950,0.126385,0.128167,0.136882
1778249453.821485,0.697863,0.358032,0.970083,0.0000,0.0000,0.0000,0.105092,0.105092,0.104986,0.000000,0.000000,0.000000,0.753706,0.379088,1.010590,0.058065,0.021894,0.042120,0.132760,43.554592,42.881677,-2.949190,1.948693,-1.573566,-2.890000,1.890000,-1.527950,0.126386,0.128166,0.136855
1778249453.832359,0.697996,0.358164,0.970206,0.0000,0.0000,0.0000,0.105092,0.105092,0.104986,0.000000,0.000000,0.000000,0.753706,0.379088,1.010590,0.058097,0.021820,0.042114,0.132776,43.555845,42.884309,-2.949092,1.948596,-1.573557,-2.890000,1.890000,-1.527950,0.126388,0.128165,0.136827
1778249453.841784,0.698125,0.358294,0.970331,0.0000,0.0000,0.0000,0.105092,0.105092,0.104986,0.000000,0.000000,0.000000,0.753706,0.379088,1.010590,0.058097,0.021820,0.042114,0.132776,43.555845,42.884309,-2.948993,1.948498,-1.573549,-2.890000,1.890000,-1.527950,0.126389,0.128164,0.136803
1778249453.851342,0.698252,0.358421,0.970456,0.0000,0.0000,0.0000,0.105092,0.105092,0.104986,0.000000,0.000000,0.000000,0.753706,0.379088,1.010590,0.058164,0.021678,0.042095,0.132808,43.561630,42.891881,-2.948918,1.948423,-1.573543,-2.890000,1.890000,-1.527950,0.126389,0.128163,0.136785
1778249453.861529,0.698378,0.358543,0.970583,0.0000,0.0000,0.0000,0.105092,0.105092,0.104986,0.000000,0.000000,0.000000,0.753706,0.379088,1.010590,0.058198,0.021611,0.042082,0.132823,43.563493,42.894606,-2.948816,1.948322,-1.573535,-2.890000,1.890000,-1.527950,0.126391,0.128162,0.136752
1778249453.871417,0.698502,0.358663,0.970711,0.0000,0.0000,0.0000,0.105092,0.105092,0.104986,0.000000,0.000000,0.000000,0.753706,0.379088,1.010590,0.058233,0.021546,0.042067,0.132839,43.566875,42.898685,-2.948712,1.948219,-1.573526,-2.890000,1.890000,-1.527950,0.126392,0.128161,0.136733
1778249453.881419,0.698594,0.358753,0.970807,0.0000,0.0000,0.0000,0.105092,0.105092,0.104986,0.000000,0.000000,0.000000,0.753706,0.379088,1.010590,0.058260,0.021497,0.042055,0.132853,43.570429,42.902558,-2.948607,1.948114,-1.573519,-2.890000,1.890000,-1.527950,0.126392,0.128160,0.136710
1778249453.891833,0.698716,0.358869,0.970936,0.0000,0.0000,0.0000,0.105092,0.105092,0.104986,0.000000,0.000000,0.000000,0.753706,0.379088,1.010590,0.058296,0.021435,0.042037,0.132868,43.573425,42.906116,-2.948499,1.948008,-1.573510,-2.890000,1.890000,-1.527950,0.126393,0.128159,0.136686
1778249453.901598,0.698836,0.358983,0.971066,0.0000,0.0000,0.0000,0.105092,0.105092,0.104986,0.000000,0.000000,0.000000,0.753706,0.379088,1.010590,0.058332,0.021374,0.042018,0.132882,43.577111,42.910331,-2.948418,1.947927,-1.573504,-2.890000,1.890000,-1.527950,0.126394,0.128158,0.136661
1778249453.911584,0.698926,0.359068,0.971163,0.0000,0.0000,0.0000,0.105092,0.105092,0.104986,0.000000,0.000000,0.000000,0.753706,0.379088,1.010590,0.058360,0.021328,0.042003,0.132895,43.580457,42.914029,-2.948307,1.947817,-1.573497,-2.890000,1.890000,-1.527950,0.126395,0.128157,0.136645
1778249453.921511,0.699046,0.359180,0.971294,0.0000,0.0000,0.0000,0.105092,0.105092,0.104986,0.000000,0.000000,0.000000,0.753706,0.379088,1.010590,0.058360,0.021328,0.042003,0.132895,43.580457,42.914029,-2.948195,1.947706,-1.573489,-2.890000,1.890000,-1.527950,0.126396,0.128157,0.136622
1778249453.931375,0.699165,0.359289,0.971424,0.0000,0.0000,0.0000,0.105092,0.105092,0.104986,0.000000,0.000000,0.000000,0.753706,0.379088,1.010590,0.058433,0.021211,0.041960,0.132923,43.588153,42.922539,-2.948109,1.947621,-1.573483,-2.890000,1.890000,-1.527950,0.126397,0.128156,0.136599
1778249453.941308,0.699283,0.359399,0.971555,0.0000,0.0000,0.0000,0.105092,0.105092,0.104986,0.000000,0.000000,0.000000,0.753706,0.379088,1.010590,0.058470,0.021154,0.041938,0.132936,43.593490,42.928144,-2.947994,1.947506,-1.573476,-2.890000,1.890000,-1.527950,0.126397,0.128155,0.136583
1778249453.952096,0.699371,0.359479,0.971653,0.0000,0.0000,0.0000,0.105092,0.105092,0.104986,0.000000,0.000000,0.000000,0.753706,0.379088,1.010590,0.058498,0.021112,0.041920,0.132949,43.596849,42.931671,-2.947876,1.947389,-1.573469,-2.890000,1.890000,-1.527950,0.126398,0.128155,0.136562
1778249453.961689,0.699489,0.359586,0.971784,0.0000,0.0000,0.0000,0.105092,0.105092,0.104986,0.000000,0.000000,0.000000,0.753706,0.379088,1.010590,0.058535,0.021056,0.041896,0.132962,43.601636,42.936751,-2.947787,1.947300,-1.573464,-2.890000,1.890000,-1.527950,0.126398,0.128154,0.136541
1778249453.971510,0.699606,0.359691,0.971915,0.0000,0.0000,0.0000,0.105092,0.105092,0.104986,0.000000,0.000000,0.000000,0.753706,0.379088,1.010590,0.058572,0.021001,0.041872,0.132975,43.606450,42.941844,-2.947666,1.947179,-1.573457,-2.890000,1.890000,-1.527950,0.126398,0.128154,0.136526
1778249453.981999,0.699694,0.359769,0.972014,0.0000,0.0000,0.0000,0.105092,0.105092,0.104986,0.000000,0.000000,0.000000,0.753706,0.379088,1.010590,0.058600,0.020960,0.041853,0.132987,43.609550,42.945247,-2.947543,1.947057,-1.573451,-2.890000,1.890000,-1.527950,0.126399,0.128154,0.136506
1778249453.991915,0.699811,0.359873,0.972145,0.0000,0.0000,0.0000,0.105092,0.105092,0.104986,0.000000,0.000000,0.000000,0.753706,0.379088,1.010590,0.058638,0.020906,0.041828,0.132999,43.614666,42.950586,-2.947418,1.946932,-1.573444,-2.890000,1.890000,-1.527950,0.126399,0.128154,0.136487
1778249454.001607,0.699928,0.359976,0.972277,0.0000,0.0000,0.0000,0.105092,0.105092,0.104986,0.000000,0.000000,0.000000,0.753706,0.379088,1.010590,0.058675,0.020853,0.041802,0.133012,43.619762,42.955923,-2.947323,1.946838,-1.573440,-2.890000,1.890000,-1.527950,0.126399,0.128153,0.136467
1778249454.011420,0.700044,0.360077,0.972408,0.0000,0.0000,0.0000,0.105092,0.105092,0.104986,0.000000,0.000000,0.000000,0.753706,0.379088,1.010590,0.058712,0.020800,0.041776,0.133024,43.624708,42.961105,-2.947194,1.946710,-1.573433,-2.890000,1.890000,-1.527950,0.126399,0.128153,0.136454
1778249454.022043,0.700132,0.360153,0.972506,0.0000,0.0000,0.0000,0.105092,0.105092,0.104986,0.000000,0.000000,0.000000,0.753706,0.379088,1.010590,0.058740,0.020761,0.041756,0.133036,43.628804,42.965296,-2.947064,1.946579,-1.573428,-2.890000,1.890000,-1.527950,0.126399,0.128154,0.136436
1778249454.031364,0.700248,0.360253,0.972638,0.0000,0.0000,0.0000,0.105092,0.105092,0.104986,0.000000,0.000000,0.000000,0.753706,0.379088,1.010590,0.058777,0.020710,0.041729,0.133047,43.634145,42.970841,-2.946964,1.946480,-1.573423,-2.890000,1.890000,-1.527950,0.126399,0.128154,0.136418
1778249454.041349,0.700365,0.360352,0.972769,0.0000,0.0000,0.0000,0.105092,0.105092,0.104986,0.000000,0.000000,0.000000,0.753706,0.379088,1.010590,0.058814,0.020659,0.041702,0.133059,43.638949,42.975870,-2.946830,1.946346,-1.573418,-2.890000,1.890000,-1.527950,0.126398,0.128154,0.136406
1778249454.051394,0.700481,0.360450,0.972900,0.0000,0.0000,0.0000,0.105092,0.105092,0.104986,0.000000,0.000000,0.000000,0.753706,0.379088,1.010590,0.058851,0.020609,0.041675,0.133071,43.644122,42.981272,-2.946694,1.946210,-1.573412,-2.890000,1.890000,-1.527950,0.126398,0.128154,0.136388
1778249454.061798,0.700569,0.360523,0.972998,0.0000,0.0000,0.0000,0.105092,0.105092,0.104986,0.000000,0.000000,0.000000,0.753706,0.379088,1.010590,0.058879,0.020571,0.041654,0.133082,43.647137,42.984521,-2.946555,1.946072,-1.573406,-2.890000,1.890000,-1.527950,0.126398,0.128155,0.136372
1778249454.071580,0.700685,0.360620,0.973129,0.0000,0.0000,0.0000,0.105092,0.105092,0.104986,0.000000,0.000000,0.000000,0.753706,0.379088,1.010590,0.058916,0.020522,0.041626,0.133093,43.652336,42.989922,-2.946415,1.945931,-1.573401,-2.890000,1.890000,-1.527950,0.126397,0.128155,0.136357
1778249454.081945,0.700801,0.360715,0.973260,0.0000,0.0000,0.0000,0.105092,0.105092,0.104986,0.000000,0.000000,0.000000,0.753706,0.379088,1.010590,0.058953,0.020473,0.041598,0.133104,43.657661,42.995467,-2.946272,1.945789,-1.573396,-2.890000,1.890000,-1.527950,0.126397,0.128156,0.136341
1778249454.091468,0.700918,0.360810,0.973391,0.0000,0.0000,0.0000,0.105092,0.105092,0.104986,0.000000,0.000000,0.000000,0.753706,0.379088,1.010590,0.058990,0.020425,0.041569,0.133115,43.662919,43.000964,-2.946163,1.945680,-1.573392,-2.890000,1.890000,-1.527950,0.126396,0.128156,0.136325
1778249454.102005,0.701034,0.360904,0.973522,0.0000,0.0000,0.0000,0.105092,0.105092,0.104986,0.000000,0.000000,0.000000,0.753706,0.379088,1.010590,0.059027,0.020378,0.041540,0.133127,43.668031,43.006278,-2.946016,1.945533,-1.573387,-2.890000,1.890000,-1.527950,0.126396,0.128157,0.136310
1778249454.111479,0.701150,0.360997,0.973653,0.0000,0.0000,0.0000,0.105092,0.105092,0.104986,0.000000,0.000000,0.000000,0.753706,0.379088,1.010590,0.059063,0.020331,0.041511,0.133138,43.672977,43.011505,-2.945866,1.945384,-1.573382,-2.890000,1.890000,-1.527950,0.126395,0.128157,0.136298
1778249454.121824,0.701237,0.361067,0.973751,0.0000,0.0000,0.0000,0.105092,0.105092,0.104986,0.000000,0.000000,0.000000,0.753706,0.379088,1.010590,0.059091,0.020296,0.041489,0.133148,43.677314,43.015936,-2.945714,1.945232,-1.573377,-2.890000,1.890000,-1.527950,0.126395,0.128157,0.136284
1778249454.131859,0.701354,0.361158,0.973881,0.0000,0.0000,0.0000,0.105092,0.105092,0.104986,0.000000,0.000000,0.000000,0.753706,0.379088,1.010590,0.059127,0.020251,0.041459,0.133158,43.682472,43.021325,-2.945560,1.945078,-1.573372,-2.890000,1.890000,-1.527950,0.126394,0.128158,0.136269
1778249454.141789,0.701470,0.361248,0.974012,0.0000,0.0000,0.0000,0.105092,0.105092,0.104986,0.000000,0.000000,0.000000,0.753706,0.379088,1.010590,0.059163,0.020206,0.041429,0.133168,43.689639,43.028606,-2.945403,1.944921,-1.573367,-2.890000,1.890000,-1.527950,0.126394,0.128158,0.136254
1778249454.151540,0.701587,0.361336,0.974142,0.0000,0.0000,0.0000,0.105092,0.105092,0.104986,0.000000,0.000000,0.000000,0.753706,0.379088,1.010590,0.059199,0.020163,0.041400,0.133178,43.696183,43.035291,-2.945283,1.944802,-1.573363,-2.890000,1.890000,-1.527950,0.126393,0.128159,0.136238
1778249454.161454,0.701703,0.361424,0.974272,0.0000,0.0000,0.0000,0.105092,0.105092,0.104986,0.000000,0.000000,0.000000,0.753706,0.379088,1.010590,0.059235,0.020121,0.041369,0.133188,43.701513,43.040894,-2.945121,1.944641,-1.573358,-2.890000,1.890000,-1.527950,0.126392,0.128160,0.136224
1778249454.171508,0.701849,0.361531,0.974434,0.0000,0.0000,0.0000,0.105092,0.105092,0.104986,0.000000,0.000000,0.000000,0.753706,0.379088,1.010590,0.059279,0.020070,0.041331,0.133199,43.705350,43.045475,-2.944915,1.944434,-1.573351,-2.890000,1.890000,-1.527950,0.126392,0.128160,0.136206
1778249454.181557,0.701964,0.361616,0.974564,0.0000,0.0000,0.0000,0.105092,0.105092,0.104986,0.000000,0.000000,0.000000,0.753706,0.379088,1.010590,0.059315,0.020029,0.041298,0.133210,43.709170,43.049863,-2.944746,1.944266,-1.573345,-2.890000,1.890000,-1.527950,0.126391,0.128161,0.136184
1778249454.191504,0.702078,0.361700,0.974695,0.0000,0.0000,0.0000,0.105092,0.105092,0.104986,0.000000,0.000000,0.000000,0.753706,0.379088,1.010590,0.059352,0.019989,0.041265,0.133220,43.713038,43.054142,-2.944574,1.944095,-1.573339,-2.890000,1.890000,-1.527950,0.126391,0.128162,0.136165
1778249454.201642,0.702192,0.361782,0.974826,0.0000,0.0000,0.0000,0.105092,0.105092,0.104986,0.000000,0.000000,0.000000,0.753706,0.379088,1.010590,0.059388,0.019951,0.041231,0.133229,43.716195,43.057828,-2.944399,1.943919,-1.573332,-2.890000,1.890000,-1.527950,0.126390,0.128162,0.136144
1778249454.211528,0.702305,0.361864,0.974957,0.0000,0.0000,0.0000,0.105092,0.105092,0.104986,0.000000,0.000000,0.000000,0.753706,0.379088,1.010590,0.059425,0.019914,0.041196,0.133239,43.720282,43.062316,-2.944220,1.943741,-1.573325,-2.890000,1.890000,-1.527950,0.126390,0.128163,0.136124
1778249454.221689,0.702418,0.361943,0.975088,0.0000,0.0000,0.0000,0.105092,0.105092,0.104986,0.000000,0.000000,0.000000,0.753706,0.379088,1.010590,0.059462,0.019878,0.041160,0.133249,43.723483,43.065946,-2.943991,1.943513,-1.573315,-2.890000,1.890000,-1.527950,0.126389,0.128163,0.136101
1778249454.232775,0.702559,0.362042,0.975253,0.0000,0.0000,0.0000,0.105092,0.105092,0.104986,0.000000,0.000000,0.000000,0.753706,0.379088,1.010590,0.059509,0.019833,0.041114,0.133259,43.728981,43.071871,-2.943756,1.943279,-1.573306,-2.890000,1.890000,-1.527950,0.126389,0.128163,0.136073
1778249454.241466,0.702670,0.362120,0.975384,0.0000,0.0000,0.0000,0.105092,0.105092,0.104986,0.000000,0.000000,0.000000,0.753706,0.379088,1.010590,0.059546,0.019798,0.041076,0.133269,43.731749,43.075037,-2.943612,1.943136,-1.573300,-2.890000,1.890000,-1.527950,0.126389,0.128163,0.136055
1778249454.251531,0.702754,0.362176,0.975483,0.0000,0.0000,0.0000,0.105092,0.105092,0.104986,0.000000,0.000000,0.000000,0.753706,0.379088,1.010590,0.059574,0.019774,0.041048,0.133277,43.732361,43.076123,-2.943417,1.942942,-1.573291,-2.890000,1.890000,-1.527950,0.126389,0.128163,0.136030
1778249454.261716,0.702865,0.362253,0.975616,0.0000,0.0000,0.0000,0.105092,0.105092,0.104986,0.000000,0.000000,0.000000,0.753706,0.379088,1.010590,0.059574,0.019774,0.041048,0.133277,43.732361,43.076123,-2.943218,1.942744,-1.573284,-2.890000,1.890000,-1.527950,0.126390,0.128162,0.136005
1778249454.271476,0.702976,0.362329,0.975748,0.0000,0.0000,0.0000,0.105092,0.105092,0.104986,0.000000,0.000000,0.000000,0.753706,0.379088,1.010590,0.059651,0.019707,0.040969,0.133295,43.736413,43.080454,-2.943066,1.942593,-1.573278,-2.890000,1.890000,-1.527950,0.126390,0.128162,0.135983
1778249454.281323,0.703060,0.362385,0.975847,0.0000,0.0000,0.0000,0.105092,0.105092,0.104986,0.000000,0.000000,0.000000,0.753706,0.379088,1.010590,0.059651,0.019707,0.040969,0.133295,43.736413,43.080454,-2.942913,1.942442,-1.573273,-2.890000,1.890000,-1.527950,0.126392,0.128161,0.135969
1778249454.292089,0.703172,0.362460,0.975985,0.0000,0.0000,0.0000,0.105092,0.105092,0.104986,0.000000,0.000000,0.000000,0.753706,0.379088,1.010590,0.059719,0.019651,0.040896,0.133311,43.618953,42.964950,-2.942660,1.942192,-1.573267,-2.890000,1.890000,-1.527950,0.126394,0.128159,0.135952
1778249454.301866,0.703287,0.362529,0.976139,0.0000,0.0000,0.0000,0.105092,0.105092,0.104986,0.000000,0.000000,0.000000,0.753706,0.379088,1.010590,0.059766,0.019629,0.040838,0.133318,43.530199,42.875841,-2.942523,1.942057,-1.573267,-2.890000,1.890000,-1.527950,0.126395,0.128157,0.135949
1778249454.311481,0.703373,0.362579,0.976262,0.0000,0.0000,0.0000,0.105092,0.105092,0.104986,0.000000,0.000000,0.000000,0.753706,0.379088,1.010590,0.059804,0.019616,0.040788,0.133325,43.445748,42.793605,-2.942354,1.941892,-1.573273,-2.890000,1.890000,-1.527950,0.126396,0.128156,0.135962
1778249454.321311,0.703511,0.362635,0.976412,0.0000,0.0000,0.0000,0.105092,0.105092,0.104986,0.000000,0.000000,0.000000,0.753706,0.379088,1.010590,0.059804,0.019616,0.040788,0.133325,43.445748,42.793605,-2.942199,1.941742,-1.573285,-2.890000,1.890000,-1.527950,0.126399,0.128154,0.135994
1778249454.331950,0.703681,0.362686,0.976536,0.0000,0.0000,0.0000,0.105092,0.105092,0.104986,0.000000,0.000000,0.000000,0.753706,0.379088,1.010590,0.059839,0.019620,0.040735,0.133332,43.720749,43.044005,-2.942047,1.941596,-1.573298,-2.890000,1.890000,-1.527950,0.126403,0.128149,0.136032
1778249454.341389,0.703854,0.362750,0.976651,0.0000,0.0000,0.0000,0.105092,0.105092,0.104986,0.000000,0.000000,0.000000,0.753706,0.379088,1.010590,0.059840,0.019611,0.040738,0.133331,43.757732,43.082436,-2.941933,1.941489,-1.573307,-2.890000,1.890000,-1.527950,0.126408,0.128145,0.136061
1778249454.351907,0.703978,0.362809,0.976739,0.0000,0.0000,0.0000,0.105092,0.105092,0.104986,0.000000,0.000000,0.000000,0.753706,0.379088,1.010590,0.059846,0.019592,0.040739,0.133331,43.761526,43.089229,-2.941785,1.941347,-1.573319,-2.890000,1.890000,-1.527950,0.126414,0.128139,0.136097
1778249454.361463,0.704134,0.362895,0.976857,0.0000,0.0000,0.0000,0.105092,0.105092,0.104986,0.000000,0.000000,0.000000,0.753706,0.379088,1.010590,0.059861,0.019555,0.040734,0.133332,43.768586,43.099036,-2.941676,1.941242,-1.573326,-2.890000,1.890000,-1.527950,0.126418,0.128134,0.136126
1778249454.371593,0.704287,0.362982,0.976975,0.0000,0.0000,0.0000,0.105092,0.105092,0.104986,0.000000,0.000000,0.000000,0.753706,0.379088,1.010590,0.059877,0.019514,0.040729,0.133333,43.797643,43.128036,-2.941532,1.941103,-1.573334,-2.890000,1.890000,-1.527950,0.126422,0.128131,0.136152
1778249454.381425,0.704442,0.363069,0.977089,0.0000,0.0000,0.0000,0.105092,0.105092,0.104986,0.000000,0.000000,0.000000,0.753706,0.379088,1.010590,0.059892,0.019475,0.040727,0.133335,43.823716,43.153824,-2.941390,1.940964,-1.573343,-2.890000,1.890000,-1.527950,0.126423,0.128130,0.136171
1778249454.391398,0.704556,0.363134,0.977174,0.0000,0.0000,0.0000,0.105092,0.105092,0.104986,0.000000,0.000000,0.000000,0.753706,0.379088,1.010590,0.059902,0.019444,0.040726,0.133337,43.835754,43.166478,-2.941248,1.940826,-1.573354,-2.890000,1.890000,-1.527950,0.126424,0.128128,0.136202
1778249454.401593,0.704706,0.363222,0.977288,0.0000,0.0000,0.0000,0.105092,0.105092,0.104986,0.000000,0.000000,0.000000,0.753706,0.379088,1.010590,0.059919,0.019401,0.040723,0.133340,43.843166,43.175430,-2.941107,1.940687,-1.573364,-2.890000,1.890000,-1.527950,0.126425,0.128128,0.136234
1778249454.411395,0.704851,0.363310,0.977404,0.0000,0.0000,0.0000,0.105092,0.105092,0.104986,0.000000,0.000000,0.000000,0.753706,0.379088,1.010590,0.059938,0.019358,0.040715,0.133343,43.846786,43.180945,-2.941000,1.940582,-1.573372,-2.890000,1.890000,-1.527950,0.126425,0.128128,0.136264
1778249454.421359,0.704957,0.363375,0.977492,0.0000,0.0000,0.0000,0.105092,0.105092,0.104986,0.000000,0.000000,0.000000,0.753706,0.379088,1.010590,0.059954,0.019325,0.040706,0.133347,43.850258,43.185626,-2.940857,1.940441,-1.573382,-2.890000,1.890000,-1.527950,0.126425,0.128128,0.136287
1778249454.431705,0.705094,0.363462,0.977610,0.0000,0.0000,0.0000,0.105092,0.105092,0.104986,0.000000,0.000000,0.000000,0.753706,0.379088,1.010590,0.059979,0.019280,0.040692,0.133351,43.856799,43.193357,-2.940713,1.940299,-1.573394,-2.890000,1.890000,-1.527950,0.126424,0.128129,0.136321
1778249454.441386,0.705229,0.363547,0.977729,0.0000,0.0000,0.0000,0.105092,0.105092,0.104986,0.000000,0.000000,0.000000,0.753706,0.379088,1.010590,0.060004,0.019237,0.040675,0.133356,43.862178,43.199726,-2.940604,1.940191,-1.573403,-2.890000,1.890000,-1.527950,0.126422,0.128131,0.136356
1778249454.451534,0.705328,0.363608,0.977819,0.0000,0.0000,0.0000,0.105092,0.105092,0.104986,0.000000,0.000000,0.000000,0.753706,0.379088,1.010590,0.060024,0.019207,0.040660,0.133360,43.865466,43.203843,-2.940457,1.940044,-1.573414,-2.890000,1.890000,-1.527950,0.126421,0.128132,0.136382
1778249454.461408,0.705459,0.363688,0.977939,0.0000,0.0000,0.0000,0.105092,0.105092,0.104986,0.000000,0.000000,0.000000,0.753706,0.379088,1.010590,0.060050,0.019167,0.040639,0.133365,43.872553,43.211707,-2.940346,1.939933,-1.573424,-2.890000,1.890000,-1.527950,0.126418,0.128135,0.136419
1778249454.471491,0.705588,0.363765,0.978060,0.0000,0.0000,0.0000,0.105092,0.105092,0.104986,0.000000,0.000000,0.000000,0.753706,0.379088,1.010590,0.060078,0.019132,0.040616,0.133370,43.876100,43.216066,-2.940195,1.939782,-1.573436,-2.890000,1.890000,-1.527950,0.126415,0.128138,0.136458
1778249454.481487,0.705715,0.363840,0.978182,0.0000,0.0000,0.0000,0.105092,0.105092,0.104986,0.000000,0.000000,0.000000,0.753706,0.379088,1.010590,0.060106,0.019098,0.040590,0.133376,43.878188,43.219210,-2.940042,1.939629,-1.573449,-2.890000,1.890000,-1.527950,0.126412,0.128141,0.136497
1778249454.491670,0.705809,0.363894,0.978274,0.0000,0.0000,0.0000,0.105092,0.105092,0.104986,0.000000,0.000000,0.000000,0.753706,0.379088,1.010590,0.060128,0.019074,0.040569,0.133381,43.879039,43.220716,-2.939886,1.939473,-1.573463,-2.890000,1.890000,-1.527950,0.126409,0.128143,0.136529
1778249454.501554,0.705929,0.363971,0.978399,0.0000,0.0000,0.0000,0.105092,0.105092,0.104986,0.000000,0.000000,0.000000,0.753706,0.379088,1.010590,0.060128,0.019074,0.040569,0.133381,43.879039,43.220716,-2.939767,1.939355,-1.573473,-2.890000,1.890000,-1.527950,0.126406,0.128146,0.136568
1778249454.511389,0.706019,0.364092,0.978529,0.0000,0.0000,0.0000,0.105092,0.105092,0.104986,0.000000,0.000000,0.000000,0.753706,0.379088,1.010590,0.060224,0.018939,0.040490,0.133395,43.909077,43.251873,-2.939615,1.939205,-1.573477,-2.890000,1.890000,-1.527950,0.126406,0.128146,0.136580
1778249454.521456,0.706096,0.364252,0.978661,0.0000,0.0000,0.0000,0.105092,0.105092,0.104986,0.000000,0.000000,0.000000,0.753706,0.379088,1.010590,0.060224,0.018939,0.040490,0.133395,43.909077,43.251873,-2.939472,1.939061,-1.573476,-2.890000,1.890000,-1.527950,0.126405,0.128148,0.136578
1778249454.531735,0.706175,0.364369,0.978749,0.0000,0.0000,0.0000,0.105092,0.105092,0.104986,0.000000,0.000000,0.000000,0.753706,0.379088,1.010590,0.060303,0.018791,0.040441,0.133409,43.939540,43.274850,-2.939339,1.938923,-1.573472,-2.890000,1.890000,-1.527950,0.126399,0.128154,0.136569
1778249454.541747,0.706328,0.364537,0.978824,0.0000,0.0000,0.0000,0.105092,0.105092,0.104986,0.000000,0.000000,0.000000,0.753706,0.379088,1.010590,0.060361,0.018539,0.040471,0.133435,44.353911,43.655542,-2.939244,1.938825,-1.573472,-2.890000,1.890000,-1.527950,0.126391,0.128161,0.136566
1778249454.551402,0.706521,0.364727,0.978864,0.0000,0.0000,0.0000,0.105092,0.105092,0.104986,0.000000,0.000000,0.000000,0.753706,0.379088,1.010590,0.060344,0.018366,0.040574,0.133445,44.407260,43.698090,-2.939126,1.938702,-1.573478,-2.890000,1.890000,-1.527950,0.126385,0.128167,0.136580
1778249454.561403,0.706722,0.364919,0.978913,0.0000,0.0000,0.0000,0.105092,0.105092,0.104986,0.000000,0.000000,0.000000,0.753706,0.379088,1.010590,0.060329,0.018194,0.040674,0.133453,44.261163,43.555894,-2.939021,1.938594,-1.573481,-2.890000,1.890000,-1.527950,0.126380,0.128172,0.136591
1778249454.571889,0.706869,0.365056,0.978964,0.0000,0.0000,0.0000,0.105092,0.105092,0.104986,0.000000,0.000000,0.000000,0.753706,0.379088,1.010590,0.060325,0.018073,0.040734,0.133459,44.167395,43.467769,-2.938927,1.938499,-1.573480,-2.890000,1.890000,-1.527950,0.126376,0.128176,0.136592
1778249454.581397,0.707058,0.365227,0.979043,0.0000,0.0000,0.0000,0.105092,0.105092,0.104986,0.000000,0.000000,0.000000,0.753706,0.379088,1.010590,0.060325,0.018073,0.040734,0.133459,44.167395,43.467769,-2.938861,1.938432,-1.573478,-2.890000,1.890000,-1.527950,0.126374,0.128178,0.136582
1778249454.591745,0.707240,0.365385,0.979127,0.0000,0.0000,0.0000,0.105092,0.105092,0.104986,0.000000,0.000000,0.000000,0.753706,0.379088,1.010590,0.060330,0.017792,0.040850,0.133469,44.107318,43.418877,-2.938775,1.938345,-1.573473,-2.890000,1.890000,-1.527950,0.126372,0.128180,0.136567
1778249454.601940,0.707415,0.365532,0.979216,0.0000,0.0000,0.0000,0.105092,0.105092,0.104986,0.000000,0.000000,0.000000,0.753706,0.379088,1.010590,0.060336,0.017669,0.040894,0.133474,44.106575,43.422051,-2.938689,1.938259,-1.573468,-2.890000,1.890000,-1.527950,0.126371,0.128181,0.136552
1778249454.611656,0.707584,0.365669,0.979308,0.0000,0.0000,0.0000,0.105092,0.105092,0.104986,0.000000,0.000000,0.000000,0.753706,0.379088,1.010590,0.060345,0.017557,0.040929,0.133478,44.103659,43.422915,-2.938604,1.938173,-1.573462,-2.890000,1.890000,-1.527950,0.126370,0.128182,0.136539
1778249454.621828,0.707706,0.365765,0.979380,0.0000,0.0000,0.0000,0.105092,0.105092,0.104986,0.000000,0.000000,0.000000,0.753706,0.379088,1.010590,0.060345,0.017557,0.040929,0.133478,44.103659,43.422915,-2.938518,1.938087,-1.573455,-2.890000,1.890000,-1.527950,0.126369,0.128183,0.136519
1778249454.631744,0.707863,0.365886,0.979478,0.0000,0.0000,0.0000,0.105092,0.105092,0.104986,0.000000,0.000000,0.000000,0.753706,0.379088,1.010590,0.060368,0.017385,0.040969,0.133486,44.098871,43.423580,-2.938432,1.938000,-1.573448,-2.890000,1.890000,-1.527950,0.126369,0.128183,0.136499
1778249454.642151,0.708015,0.366000,0.979580,0.0000,0.0000,0.0000,0.105092,0.105092,0.104986,0.000000,0.000000,0.000000,0.753706,0.379088,1.010590,0.060384,0.017297,0.040982,0.133491,44.098534,43.425655,-2.938366,1.937935,-1.573443,-2.890000,1.890000,-1.527950,0.126369,0.128183,0.136478
1778249454.651629,0.708162,0.366106,0.979684,0.0000,0.0000,0.0000,0.105092,0.105092,0.104986,0.000000,0.000000,0.000000,0.753706,0.379088,1.010590,0.060403,0.017217,0.040989,0.133495,44.098836,43.427968,-2.938277,1.937846,-1.573436,-2.890000,1.890000,-1.527950,0.126369,0.128183,0.136457
1778249454.662020,0.708305,0.366207,0.979791,0.0000,0.0000,0.0000,0.105092,0.105092,0.104986,0.000000,0.000000,0.000000,0.753706,0.379088,1.010590,0.060403,0.017217,0.040989,0.133495,44.098836,43.427968,-2.938164,1.937733,-1.573427,-2.890000,1.890000,-1.527950,0.126369,0.128183,0.136435
1778249454.671923,0.708444,0.366302,0.979899,0.0000,0.0000,0.0000,0.105092,0.105092,0.104986,0.000000,0.000000,0.000000,0.753706,0.379088,1.010590,0.060445,0.017075,0.040986,0.133503,44.100489,43.432659,-2.938072,1.937642,-1.573420,-2.890000,1.890000,-1.527950,0.126369,0.128183,0.136414
1778249454.681910,0.708581,0.366393,0.980009,0.0000,0.0000,0.0000,0.105092,0.105092,0.104986,0.000000,0.000000,0.000000,0.753706,0.379088,1.010590,0.060468,0.017011,0.040979,0.133508,44.101910,43.435223,-2.937979,1.937548,-1.573413,-2.890000,1.890000,-1.527950,0.126369,0.128182,0.136392
1778249454.691835,0.708715,0.366481,0.980120,0.0000,0.0000,0.0000,0.105092,0.105092,0.104986,0.000000,0.000000,0.000000,0.753706,0.379088,1.010590,0.060492,0.016951,0.040968,0.133512,44.103653,43.437936,-2.937908,1.937478,-1.573408,-2.890000,1.890000,-1.527950,0.126370,0.128182,0.136372
1778249454.701732,0.708847,0.366563,0.980233,0.0000,0.0000,0.0000,0.105092,0.105092,0.104986,0.000000,0.000000,0.000000,0.753706,0.379088,1.010590,0.060517,0.016897,0.040953,0.133516,44.104885,43.440077,-2.937811,1.937381,-1.573400,-2.890000,1.890000,-1.527950,0.126370,0.128182,0.136350
1778249454.711443,0.708977,0.366644,0.980347,0.0000,0.0000,0.0000,0.105092,0.105092,0.104986,0.000000,0.000000,0.000000,0.753706,0.379088,1.010590,0.060543,0.016844,0.040936,0.133520,44.107827,43.443669,-2.937713,1.937284,-1.573393,-2.890000,1.890000,-1.527950,0.126370,0.128182,0.136329
1778249454.721489,0.709074,0.366703,0.980433,0.0000,0.0000,0.0000,0.105092,0.105092,0.104986,0.000000,0.000000,0.000000,0.753706,0.379088,1.010590,0.060564,0.016806,0.040922,0.133524,44.110582,43.446786,-2.937613,1.937184,-1.573387,-2.890000,1.890000,-1.527950,0.126371,0.128181,0.136315
1778249454.731634,0.709202,0.366778,0.980548,0.0000,0.0000,0.0000,0.105092,0.105092,0.104986,0.000000,0.000000,0.000000,0.753706,0.379088,1.010590,0.060590,0.016759,0.040901,0.133527,44.112135,43.448966,-2.937511,1.937083,-1.573380,-2.890000,1.890000,-1.527950,0.126371,0.128181,0.136294
1778249454.741756,0.709329,0.366852,0.980664,0.0000,0.0000,0.0000,0.105092,0.105092,0.104986,0.000000,0.000000,0.000000,0.753706,0.379088,1.010590,0.060590,0.016759,0.040901,0.133527,44.112135,43.448966,-2.937408,1.936980,-1.573373,-2.890000,1.890000,-1.527950,0.126371,0.128181,0.136273
1778249454.751910,0.709454,0.366924,0.980780,0.0000,0.0000,0.0000,0.105092,0.105092,0.104986,0.000000,0.000000,0.000000,0.753706,0.379088,1.010590,0.060647,0.016671,0.040854,0.133534,44.119072,43.456775,-2.937302,1.936875,-1.573367,-2.890000,1.890000,-1.527950,0.126371,0.128181,0.136255
1778249454.761869,0.709579,0.366993,0.980897,0.0000,0.0000,0.0000,0.105092,0.105092,0.104986,0.000000,0.000000,0.000000,0.753706,0.379088,1.010590,0.060647,0.016671,0.040854,0.133534,44.119072,43.456775,-2.937195,1.936768,-1.573360,-2.890000,1.890000,-1.527950,0.126372,0.128180,0.136235
1778249454.771522,0.709704,0.367061,0.981014,0.0000,0.0000,0.0000,0.105092,0.105092,0.104986,0.000000,0.000000,0.000000,0.753706,0.379088,1.010590,0.060704,0.016592,0.040802,0.133541,44.124949,43.463496,-2.937086,1.936660,-1.573354,-2.890000,1.890000,-1.527950,0.126372,0.128180,0.136215
1778249454.781870,0.709827,0.367129,0.981131,0.0000,0.0000,0.0000,0.105092,0.105092,0.104986,0.000000,0.000000,0.000000,0.753706,0.379088,1.010590,0.060733,0.016553,0.040774,0.133545,44.129515,43.468309,-2.937003,1.936577,-1.573350,-2.890000,1.890000,-1.527950,0.126372,0.128180,0.136198
1778249454.791390,0.709920,0.367178,0.981220,0.0000,0.0000,0.0000,0.105092,0.105092,0.104986,0.000000,0.000000,0.000000,0.753706,0.379088,1.010590,0.060755,0.016526,0.040752,0.133548,44.131344,43.470477,-2.936890,1.936465,-1.573343,-2.890000,1.890000,-1.527950,0.126372,0.128180,0.136183
1778249454.801797,0.710043,0.367242,0.981338,0.0000,0.0000,0.0000,0.105092,0.105092,0.104986,0.000000,0.000000,0.000000,0.753706,0.379088,1.010590,0.060784,0.016492,0.040723,0.133551,44.134424,43.473922,-2.936775,1.936351,-1.573337,-2.890000,1.890000,-1.527950,0.126372,0.128180,0.136164
1778249454.811647,0.710165,0.367306,0.981456,0.0000,0.0000,0.0000,0.105092,0.105092,0.104986,0.000000,0.000000,0.000000,0.753706,0.379088,1.010590,0.060814,0.016457,0.040692,0.133554,44.139496,43.479201,-2.936688,1.936264,-1.573332,-2.890000,1.890000,-1.527950,0.126372,0.128180,0.136150
1778249454.821811,0.710257,0.367353,0.981544,0.0000,0.0000,0.0000,0.105092,0.105092,0.104986,0.000000,0.000000,0.000000,0.753706,0.379088,1.010590,0.060814,0.016457,0.040692,0.133554,44.139496,43.479201,-2.936570,1.936146,-1.573327,-2.890000,1.890000,-1.527950,0.126372,0.128180,0.136134
1778249454.831452,0.710379,0.367414,0.981662,0.0000,0.0000,0.0000,0.105092,0.105092,0.104986,0.000000,0.000000,0.000000,0.753706,0.379088,1.010590,0.060865,0.016400,0.040638,0.133559,44.146745,43.486795,-2.936480,1.936056,-1.573322,-2.890000,1.890000,-1.527950,0.126372,0.128180,0.136116
1778249454.841721,0.710501,0.367474,0.981780,0.0000,0.0000,0.0000,0.105092,0.105092,0.104986,0.000000,0.000000,0.000000,0.753706,0.379088,1.010590,0.060895,0.016369,0.040606,0.133562,44.150402,43.490783,-2.936357,1.935935,-1.573316,-2.890000,1.890000,-1.527950,0.126372,0.128180,0.136097
1778249454.851689,0.710592,0.367519,0.981869,0.0000,0.0000,0.0000,0.105092,0.105092,0.104986,0.000000,0.000000,0.000000,0.753706,0.379088,1.010590,0.060918,0.016346,0.040581,0.133564,44.153824,43.494417,-2.936233,1.935811,-1.573311,-2.890000,1.890000,-1.527950,0.126372,0.128180,0.136085
1778249454.861879,0.710713,0.367578,0.981988,0.0000,0.0000,0.0000,0.105092,0.105092,0.104986,0.000000,0.000000,0.000000,0.753706,0.379088,1.010590,0.060948,0.016317,0.040548,0.133566,44.158298,43.499058,-2.936107,1.935685,-1.573305,-2.890000,1.890000,-1.527950,0.126371,0.128181,0.136068
1778249454.871541,0.710835,0.367636,0.982106,0.0000,0.0000,0.0000,0.105092,0.105092,0.104986,0.000000,0.000000,0.000000,0.753706,0.379088,1.010590,0.060977,0.016289,0.040515,0.133569,44.161830,43.502878,-2.935978,1.935556,-1.573299,-2.890000,1.890000,-1.527950,0.126371,0.128181,0.136050
1778249454.881941,0.710956,0.367693,0.982224,0.0000,0.0000,0.0000,0.105092,0.105092,0.104986,0.000000,0.000000,0.000000,0.753706,0.379088,1.010590,0.061008,0.016261,0.040480,0.133571,44.167362,43.508581,-2.935880,1.935459,-1.573295,-2.890000,1.890000,-1.527950,0.126371,0.128181,0.136034
1778249454.891481,0.711077,0.367750,0.982342,0.0000,0.0000,0.0000,0.105092,0.105092,0.104986,0.000000,0.000000,0.000000,0.753706,0.379088,1.010590,0.061038,0.016234,0.040446,0.133573,44.171568,43.512956,-2.935748,1.935326,-1.573290,-2.890000,1.890000,-1.527950,0.126370,0.128182,0.136022
1778249454.901464,0.711167,0.367791,0.982431,0.0000,0.0000,0.0000,0.105092,0.105092,0.104986,0.000000,0.000000,0.000000,0.753706,0.379088,1.010590,0.061060,0.016215,0.040420,0.133575,44.174099,43.515652,-2.935613,1.935192,-1.573284,-2.890000,1.890000,-1.527950,0.126370,0.128182,0.136004
1778249454.912001,0.711288,0.367846,0.982549,0.0000,0.0000,0.0000,0.105092,0.105092,0.104986,0.000000,0.000000,0.000000,0.753706,0.379088,1.010590,0.061090,0.016191,0.040384,0.133578,44.178216,43.520028,-2.935475,1.935054,-1.573278,-2.890000,1.890000,-1.527950,0.126369,0.128183,0.135986
1778249454.921878,0.711408,0.367901,0.982667,0.0000,0.0000,0.0000,0.105092,0.105092,0.104986,0.000000,0.000000,0.000000,0.753706,0.379088,1.010590,0.061120,0.016165,0.040348,0.133580,44.183767,43.525686,-2.935370,1.934950,-1.573274,-2.890000,1.890000,-1.527950,0.126368,0.128184,0.135970
1778249454.931407,0.711499,0.367941,0.982756,0.0000,0.0000,0.0000,0.105092,0.105092,0.104986,0.000000,0.000000,0.000000,0.753706,0.379088,1.010590,0.061143,0.016148,0.040321,0.133581,44.185820,43.527977,-2.935229,1.934808,-1.573268,-2.890000,1.890000,-1.527950,0.126367,0.128185,0.135958
1778249454.941881,0.711619,0.367994,0.982874,0.0000,0.0000,0.0000,0.105092,0.105092,0.104986,0.000000,0.000000,0.000000,0.753706,0.379088,1.010590,0.061143,0.016148,0.040321,0.133581,44.185820,43.527977,-2.935084,1.934664,-1.573262,-2.890000,1.890000,-1.527950,0.126366,0.128186,0.135939
1778249454.951557,0.711739,0.368046,0.982992,0.0000,0.0000,0.0000,0.105092,0.105092,0.104986,0.000000,0.000000,0.000000,0.753706,0.379088,1.010590,0.061203,0.016104,0.040248,0.133585,44.193560,43.536248,-2.934974,1.934554,-1.573257,-2.890000,1.890000,-1.527950,0.126365,0.128186,0.135921
1778249454.961490,0.711859,0.368098,0.983110,0.0000,0.0000,0.0000,0.105092,0.105092,0.104986,0.000000,0.000000,0.000000,0.753706,0.379088,1.010590,0.061233,0.016082,0.040210,0.133587,44.198743,43.541525,-2.934826,1.934406,-1.573252,-2.890000,1.890000,-1.527950,0.126364,0.128188,0.135905
1778249454.971519,0.711979,0.368148,0.983228,0.0000,0.0000,0.0000,0.105092,0.105092,0.104986,0.000000,0.000000,0.000000,0.753706,0.379088,1.010590,0.061263,0.016062,0.040173,0.133588,44.201791,43.544828,-2.934674,1.934254,-1.573246,-2.890000,1.890000,-1.527950,0.126363,0.128189,0.135886
1778249454.981543,0.712069,0.368185,0.983316,0.0000,0.0000,0.0000,0.105092,0.105092,0.104986,0.000000,0.000000,0.000000,0.753706,0.379088,1.010590,0.061285,0.016048,0.040144,0.133590,44.204139,43.547366,-2.934520,1.934100,-1.573239,-2.890000,1.890000,-1.527950,0.126362,0.128190,0.135871
1778249454.991785,0.712189,0.368235,0.983434,0.0000,0.0000,0.0000,0.105092,0.105092,0.104986,0.000000,0.000000,0.000000,0.753706,0.379088,1.010590,0.061316,0.016029,0.040106,0.133591,44.209175,43.552574,-2.934363,1.933943,-1.573233,-2.890000,1.890000,-1.527950,0.126361,0.128191,0.135853
1778249455.001336,0.712308,0.368284,0.983552,0.0000,0.0000,0.0000,0.105092,0.105092,0.104986,0.000000,0.000000,0.000000,0.753706,0.379088,1.010590,0.061346,0.016010,0.040067,0.133593,44.213170,43.556737,-2.934244,1.933824,-1.573229,-2.890000,1.890000,-1.527950,0.126360,0.128192,0.135834
1778249455.011522,0.712428,0.368332,0.983670,0.0000,0.0000,0.0000,0.105092,0.105092,0.104986,0.000000,0.000000,0.000000,0.753706,0.379088,1.010590,0.061376,0.015993,0.040027,0.133594,44.216574,43.560417,-2.934041,1.933621,-1.573220,-2.890000,1.890000,-1.527950,0.126358,0.128193,0.135814
1778249455.021785,0.712547,0.368379,0.983788,0.0000,0.0000,0.0000,0.105092,0.105092,0.104986,0.000000,0.000000,0.000000,0.753706,0.379088,1.010590,0.061406,0.015977,0.039987,0.133596,44.220053,43.564125,-2.933875,1.933456,-1.573214,-2.890000,1.890000,-1.527950,0.126357,0.128195,0.135795
1778249455.031412,0.712666,0.368426,0.983906,0.0000,0.0000,0.0000,0.105092,0.105092,0.104986,0.000000,0.000000,0.000000,0.753706,0.379088,1.010590,0.061437,0.015961,0.039947,0.133597,44.223960,43.568278,-2.933749,1.933330,-1.573209,-2.890000,1.890000,-1.527950,0.126356,0.128196,0.135780
1778249455.041920,0.712755,0.368461,0.983994,0.0000,0.0000,0.0000,0.105092,0.105092,0.104986,0.000000,0.000000,0.000000,0.753706,0.379088,1.010590,0.061460,0.015950,0.039916,0.133598,44.225420,43.570012,-2.933579,1.933159,-1.573202,-2.890000,1.890000,-1.527950,0.126355,0.128197,0.135760
1778249455.051450,0.712874,0.368506,0.984112,0.0000,0.0000,0.0000,0.105092,0.105092,0.104986,0.000000,0.000000,0.000000,0.753706,0.379088,1.010590,0.061490,0.015935,0.039875,0.133599,44.229226,43.574047,-2.933449,1.933030,-1.573197,-2.890000,1.890000,-1.527950,0.126354,0.128198,0.135739
1778249455.061704,0.712993,0.368552,0.984230,0.0000,0.0000,0.0000,0.105092,0.105092,0.104986,0.000000,0.000000,0.000000,0.753706,0.379088,1.010590,0.061521,0.015922,0.039833,0.133600,44.232491,43.577519,-2.933228,1.932809,-1.573189,-2.890000,1.890000,-1.527950,0.126352,0.128199,0.135720
1778249455.071626,0.713112,0.368596,0.984348,0.0000,0.0000,0.0000,0.105092,0.105092,0.104986,0.000000,0.000000,0.000000,0.753706,0.379088,1.010590,0.061552,0.015910,0.039791,0.133601,44.235231,43.580579,-2.933048,1.932630,-1.573181,-2.890000,1.890000,-1.527950,0.126351,0.128200,0.135698
1778249455.081593,0.713230,0.368640,0.984466,0.0000,0.0000,0.0000,0.105092,0.105092,0.104986,0.000000,0.000000,0.000000,0.753706,0.379088,1.010590,0.061583,0.015897,0.039747,0.133602,44.239261,43.584800,-2.932911,1.932493,-1.573177,-2.890000,1.890000,-1.527950,0.126350,0.128201,0.135683
1778249455.091848,0.713319,0.368672,0.984554,0.0000,0.0000,0.0000,0.105092,0.105092,0.104986,0.000000,0.000000,0.000000,0.753706,0.379088,1.010590,0.061606,0.015888,0.039715,0.133603,44.241234,43.586926,-2.932725,1.932308,-1.573170,-2.890000,1.890000,-1.527950,0.126349,0.128202,0.135663
1778249455.101571,0.713437,0.368715,0.984672,0.0000,0.0000,0.0000,0.105092,0.105092,0.104986,0.000000,0.000000,0.000000,0.753706,0.379088,1.010590,0.061637,0.015877,0.039671,0.133604,44.244997,43.590911,-2.932536,1.932120,-1.573163,-2.890000,1.890000,-1.527950,0.126348,0.128203,0.135643
1778249455.111450,0.713555,0.368757,0.984790,0.0000,0.0000,0.0000,0.105092,0.105092,0.104986,0.000000,0.000000,0.000000,0.753706,0.379088,1.010590,0.061668,0.015867,0.039627,0.133605,44.246954,43.593188,-2.932392,1.931976,-1.573158,-2.890000,1.890000,-1.527950,0.126348,0.128204,0.135623
1778249455.121290,0.713672,0.368800,0.984908,0.0000,0.0000,0.0000,0.105092,0.105092,0.104986,0.000000,0.000000,0.000000,0.753706,0.379088,1.010590,0.061700,0.015857,0.039581,0.133606,44.250556,43.597066,-2.932197,1.931782,-1.573152,-2.890000,1.890000,-1.527950,0.126347,0.128205,0.135608
1778249455.131914,0.713760,0.368831,0.984997,0.0000,0.0000,0.0000,0.105092,0.105092,0.104986,0.000000,0.000000,0.000000,0.753706,0.379088,1.010590,0.061724,0.015850,0.039547,0.133607,44.251184,43.597969,-2.931999,1.931585,-1.573145,-2.890000,1.890000,-1.527950,0.126346,0.128205,0.135590
1778249455.141594,0.713878,0.368871,0.985115,0.0000,0.0000,0.0000,0.105092,0.105092,0.104986,0.000000,0.000000,0.000000,0.753706,0.379088,1.010590,0.061756,0.015842,0.039500,0.133607,44.253780,43.600893,-2.931797,1.931384,-1.573139,-2.890000,1.890000,-1.527950,0.126346,0.128206,0.135571
1778249455.151489,0.713994,0.368912,0.985233,0.0000,0.0000,0.0000,0.105092,0.105092,0.104986,0.000000,0.000000,0.000000,0.753706,0.379088,1.010590,0.061788,0.015833,0.039453,0.133608,44.256282,43.603663,-2.931591,1.931180,-1.573133,-2.890000,1.890000,-1.527950,0.126345,0.128206,0.135554
1778249455.161413,0.714126,0.368946,0.985359,0.0000,0.0000,0.0000,0.105092,0.105092,0.104986,0.000000,0.000000,0.000000,0.753706,0.379088,1.010590,0.061788,0.015833,0.039453,0.133608,44.256282,43.603663,-2.931410,1.930998,-1.573144,-2.890000,1.890000,-1.527950,0.126342,0.128209,0.135566
1778249455.171736,0.714285,0.368972,0.985478,0.0000,0.0000,0.0000,0.105092,0.105092,0.104986,0.000000,0.000000,0.000000,0.753706,0.379088,1.010590,0.061824,0.015865,0.039383,0.133605,44.164030,43.496845,-2.931245,1.930839,-1.573170,-2.890000,1.890000,-1.527950,0.126342,0.128209,0.135635
1778249455.181644,0.714449,0.368998,0.985595,0.0000,0.0000,0.0000,0.105092,0.105092,0.104986,0.000000,0.000000,0.000000,0.753706,0.379088,1.010590,0.061828,0.015892,0.039367,0.133600,44.156084,43.489683,-2.931089,1.930691,-1.573199,-2.890000,1.890000,-1.527950,0.126349,0.128203,0.135726
1778249455.191372,0.714608,0.369031,0.985713,0.0000,0.0000,0.0000,0.105092,0.105092,0.104986,0.000000,0.000000,0.000000,0.753706,0.379088,1.010590,0.061838,0.015906,0.039345,0.133595,44.171335,43.507597,-2.930974,1.930582,-1.573219,-2.890000,1.890000,-1.527950,0.126356,0.128196,0.135805
1778249455.201734,0.714759,0.369077,0.985830,0.0000,0.0000,0.0000,0.105092,0.105092,0.104986,0.000000,0.000000,0.000000,0.753706,0.379088,1.010590,0.061854,0.015900,0.039323,0.133590,44.216570,43.553261,-2.930787,1.930403,-1.573248,-2.890000,1.890000,-1.527950,0.126361,0.128191,0.135875
1778249455.211683,0.714912,0.369126,0.985940,0.0000,0.0000,0.0000,0.105092,0.105092,0.104986,0.000000,0.000000,0.000000,0.753706,0.379088,1.010590,0.061866,0.015886,0.039310,0.133586,44.269300,43.604159,-2.930641,1.930260,-1.573270,-2.890000,1.890000,-1.527950,0.126362,0.128189,0.135941
1778249455.221398,0.715067,0.369177,0.986046,0.0000,0.0000,0.0000,0.105092,0.105092,0.104986,0.000000,0.000000,0.000000,0.753706,0.379088,1.010590,0.061874,0.015871,0.039304,0.133581,44.298961,43.633200,-2.930533,1.930154,-1.573285,-2.890000,1.890000,-1.527950,0.126362,0.128190,0.136005
1778249455.231361,0.715221,0.369229,0.986150,0.0000,0.0000,0.0000,0.105092,0.105092,0.104986,0.000000,0.000000,0.000000,0.753706,0.379088,1.010590,0.061882,0.015852,0.039298,0.133576,44.314653,43.649679,-2.930390,1.930013,-1.573307,-2.890000,1.890000,-1.527950,0.126361,0.128191,0.136053
1778249455.241676,0.715333,0.369270,0.986228,0.0000,0.0000,0.0000,0.105092,0.105092,0.104986,0.000000,0.000000,0.000000,0.753706,0.379088,1.010590,0.061889,0.015836,0.039293,0.133572,44.323965,43.659931,-2.930247,1.929872,-1.573327,-2.890000,1.890000,-1.527950,0.126359,0.128193,0.136115
1778249455.251580,0.715480,0.369324,0.986332,0.0000,0.0000,0.0000,0.105092,0.105092,0.104986,0.000000,0.000000,0.000000,0.753706,0.379088,1.010590,0.061889,0.015836,0.039293,0.133572,44.323965,43.659931,-2.930104,1.929730,-1.573348,-2.890000,1.890000,-1.527950,0.126356,0.128196,0.136177
1778249455.261768,0.715624,0.369377,0.986438,0.0000,0.0000,0.0000,0.105092,0.105092,0.104986,0.000000,0.000000,0.000000,0.753706,0.379088,1.010590,0.061902,0.015812,0.039282,0.133569,44.333682,43.670936,-2.929960,1.929587,-1.573368,-2.890000,1.890000,-1.527950,0.126352,0.128200,0.136237
1778249455.271501,0.715764,0.369430,0.986544,0.0000,0.0000,0.0000,0.105092,0.105092,0.104986,0.000000,0.000000,0.000000,0.753706,0.379088,1.010590,0.061934,0.015766,0.039251,0.133562,44.349735,43.689194,-2.929852,1.929478,-1.573384,-2.890000,1.890000,-1.527950,0.126347,0.128204,0.136300
1778249455.281434,0.715902,0.369480,0.986650,0.0000,0.0000,0.0000,0.105092,0.105092,0.104986,0.000000,0.000000,0.000000,0.753706,0.379088,1.010590,0.061951,0.015746,0.039231,0.133560,44.354603,43.695087,-2.929705,1.929332,-1.573404,-2.890000,1.890000,-1.527950,0.126342,0.128210,0.136362
1778249455.291551,0.716003,0.369516,0.986731,0.0000,0.0000,0.0000,0.105092,0.105092,0.104986,0.000000,0.000000,0.000000,0.753706,0.379088,1.010590,0.061951,0.015746,0.039231,0.133560,44.354603,43.695087,-2.929557,1.929183,-1.573425,-2.890000,1.890000,-1.527950,0.126342,0.128210,0.136362
1778249455.301696,0.716137,0.369563,0.986839,0.0000,0.0000,0.0000,0.105092,0.105092,0.104986,0.000000,0.000000,0.000000,0.753706,0.379088,1.010590,0.061986,0.015716,0.039188,0.133556,44.360927,43.703103,-2.929407,1.929033,-1.573446,-2.890000,1.890000,-1.527950,0.126332,0.128220,0.136471
1778249455.311680,0.716268,0.369609,0.986948,0.0000,0.0000,0.0000,0.105092,0.105092,0.104986,0.000000,0.000000,0.000000,0.753706,0.379088,1.010590,0.062008,0.015701,0.039159,0.133554,44.364707,43.707663,-2.929255,1.928880,-1.573468,-2.890000,1.890000,-1.527950,0.126325,0.128226,0.136536
1778249455.321451,0.716398,0.369652,0.987057,0.0000,0.0000,0.0000,0.105092,0.105092,0.104986,0.000000,0.000000,0.000000,0.753706,0.379088,1.010590,0.062031,0.015689,0.039128,0.133552,44.366869,43.710587,-2.929140,1.928763,-1.573484,-2.890000,1.890000,-1.527950,0.126319,0.128232,0.136599
1778249455.331448,0.716526,0.369694,0.987168,0.0000,0.0000,0.0000,0.105092,0.105092,0.104986,0.000000,0.000000,0.000000,0.753706,0.379088,1.010590,0.062055,0.015679,0.039094,0.133551,44.369437,43.713749,-2.928983,1.928606,-1.573506,-2.890000,1.890000,-1.527950,0.126312,0.128239,0.136665
1778249455.341337,0.716651,0.369739,0.987279,0.0000,0.0000,0.0000,0.105092,0.105092,0.104986,0.000000,0.000000,0.000000,0.753706,0.379088,1.010590,0.062083,0.015664,0.039056,0.133550,44.378981,43.724314,-2.928825,1.928447,-1.573526,-2.890000,1.890000,-1.527950,0.126307,0.128244,0.136714
1778249455.351929,0.716737,0.369810,0.987350,0.0000,0.0000,0.0000,0.105092,0.105092,0.104986,0.000000,0.000000,0.000000,0.753706,0.379088,1.010590,0.062109,0.015588,0.039044,0.133550,44.644081,43.973015,-2.928677,1.928300,-1.573532,-2.890000,1.890000,-1.527950,0.126305,0.128246,0.136740
1778249455.361680,0.716872,0.369976,0.987396,0.0000,0.0000,0.0000,0.105092,0.105092,0.104986,0.000000,0.000000,0.000000,0.753706,0.379088,1.010590,0.062109,0.015588,0.039044,0.133550,44.644081,43.973015,-2.928544,1.928163,-1.573541,-2.890000,1.890000,-1.527950,0.126296,0.128255,0.136766
1778249455.371407,0.717043,0.370162,0.987427,0.0000,0.0000,0.0000,0.105092,0.105092,0.104986,0.000000,0.000000,0.000000,0.753706,0.379088,1.010590,0.062104,0.015121,0.039236,0.133549,44.876666,44.169075,-2.928456,1.928070,-1.573545,-2.890000,1.890000,-1.527950,0.126284,0.128267,0.136784
1778249455.381588,0.717236,0.370327,0.987472,0.0000,0.0000,0.0000,0.105092,0.105092,0.104986,0.000000,0.000000,0.000000,0.753706,0.379088,1.010590,0.062081,0.014914,0.039352,0.133546,44.711806,44.010171,-2.928352,1.927961,-1.573546,-2.890000,1.890000,-1.527950,0.126273,0.128278,0.136785
1778249455.391497,0.717384,0.370436,0.987516,0.0000,0.0000,0.0000,0.105092,0.105092,0.104986,0.000000,0.000000,0.000000,0.753706,0.379088,1.010590,0.062064,0.014785,0.039427,0.133541,44.637965,43.941246,-2.928259,1.927864,-1.573543,-2.890000,1.890000,-1.527950,0.126267,0.128284,0.136780
1778249455.401650,0.717577,0.370570,0.987582,0.0000,0.0000,0.0000,0.105092,0.105092,0.104986,0.000000,0.000000,0.000000,0.753706,0.379088,1.010590,0.062046,0.014629,0.039513,0.133535,44.608036,43.916624,-2.928171,1.927773,-1.573539,-2.890000,1.890000,-1.527950,0.126261,0.128289,0.136769
1778249455.411591,0.717761,0.370696,0.987653,0.0000,0.0000,0.0000,0.105092,0.105092,0.104986,0.000000,0.000000,0.000000,0.753706,0.379088,1.010590,0.062034,0.014483,0.039585,0.133529,44.601053,43.914327,-2.928106,1.927707,-1.573535,-2.890000,1.890000,-1.527950,0.126258,0.128293,0.136754
1778249455.421298,0.717936,0.370814,0.987729,0.0000,0.0000,0.0000,0.105092,0.105092,0.104986,0.000000,0.000000,0.000000,0.753706,0.379088,1.010590,0.062028,0.014348,0.039644,0.133522,44.596892,43.914371,-2.928020,1.927620,-1.573530,-2.890000,1.890000,-1.527950,0.126255,0.128295,0.136742
1778249455.431915,0.718063,0.370896,0.987788,0.0000,0.0000,0.0000,0.105092,0.105092,0.104986,0.000000,0.000000,0.000000,0.753706,0.379088,1.010590,0.062026,0.014256,0.039680,0.133516,44.594958,43.914985,-2.927935,1.927534,-1.573524,-2.890000,1.890000,-1.527950,0.126252,0.128299,0.136724
1778249455.441632,0.718227,0.370999,0.987871,0.0000,0.0000,0.0000,0.105092,0.105092,0.104986,0.000000,0.000000,0.000000,0.753706,0.379088,1.010590,0.062027,0.014143,0.039719,0.133510,44.593030,43.916060,-2.927850,1.927447,-1.573519,-2.890000,1.890000,-1.527950,0.126248,0.128302,0.136709
1778249455.451562,0.718385,0.371092,0.987957,0.0000,0.0000,0.0000,0.105092,0.105092,0.104986,0.000000,0.000000,0.000000,0.753706,0.379088,1.010590,0.062031,0.014043,0.039749,0.133504,44.591349,43.917150,-2.927786,1.927382,-1.573515,-2.890000,1.890000,-1.527950,0.126246,0.128305,0.136692
1778249455.461739,0.718538,0.371177,0.988045,0.0000,0.0000,0.0000,0.105092,0.105092,0.104986,0.000000,0.000000,0.000000,0.753706,0.379088,1.010590,0.062037,0.013956,0.039770,0.133499,44.589253,43.917534,-2.927699,1.927294,-1.573509,-2.890000,1.890000,-1.527950,0.126244,0.128306,0.136680
1778249455.471431,0.718687,0.371253,0.988137,0.0000,0.0000,0.0000,0.105092,0.105092,0.104986,0.000000,0.000000,0.000000,0.753706,0.379088,1.010590,0.062046,0.013882,0.039783,0.133494,44.586629,43.917124,-2.927611,1.927206,-1.573502,-2.890000,1.890000,-1.527950,0.126241,0.128309,0.136660
1778249455.481844,0.718796,0.371307,0.988207,0.0000,0.0000,0.0000,0.105092,0.105092,0.104986,0.000000,0.000000,0.000000,0.753706,0.379088,1.010590,0.062054,0.013832,0.039787,0.133490,44.585251,43.917151,-2.927521,1.927115,-1.573495,-2.890000,1.890000,-1.527950,0.126240,0.128310,0.136639
1778249455.491520,0.718938,0.371373,0.988302,0.0000,0.0000,0.0000,0.105092,0.105092,0.104986,0.000000,0.000000,0.000000,0.753706,0.379088,1.010590,0.062067,0.013772,0.039787,0.133486,44.585074,43.918434,-2.927430,1.927023,-1.573488,-2.890000,1.890000,-1.527950,0.126238,0.128312,0.136618
1778249455.502332,0.719076,0.371436,0.988400,0.0000,0.0000,0.0000,0.105092,0.105092,0.104986,0.000000,0.000000,0.000000,0.753706,0.379088,1.010590,0.062082,0.013719,0.039782,0.133482,44.585849,43.920379,-2.927337,1.926930,-1.573482,-2.890000,1.890000,-1.527950,0.126236,0.128313,0.136598
1778249455.512206,0.719212,0.371495,0.988499,0.0000,0.0000,0.0000,0.105092,0.105092,0.104986,0.000000,0.000000,0.000000,0.753706,0.379088,1.010590,0.062100,0.013670,0.039771,0.133479,44.588144,43.923499,-2.927242,1.926835,-1.573476,-2.890000,1.890000,-1.527950,0.126235,0.128315,0.136581
1778249455.521591,0.719346,0.371551,0.988599,0.0000,0.0000,0.0000,0.105092,0.105092,0.104986,0.000000,0.000000,0.000000,0.753706,0.379088,1.010590,0.062100,0.013670,0.039771,0.133479,44.588144,43.923499,-2.927171,1.926763,-1.573472,-2.890000,1.890000,-1.527950,0.126233,0.128317,0.136564
1778249455.531780,0.719479,0.371602,0.988700,0.0000,0.0000,0.0000,0.105092,0.105092,0.104986,0.000000,0.000000,0.000000,0.753706,0.379088,1.010590,0.062118,0.013627,0.039757,0.133476,44.589540,43.925669,-2.927049,1.926641,-1.573464,-2.890000,1.890000,-1.527950,0.126231,0.128319,0.136546
1778249455.541624,0.719610,0.371649,0.988802,0.0000,0.0000,0.0000,0.105092,0.105092,0.104986,0.000000,0.000000,0.000000,0.753706,0.379088,1.010590,0.062157,0.013561,0.039719,0.133469,44.589523,43.927262,-2.926949,1.926541,-1.573458,-2.890000,1.890000,-1.527950,0.126230,0.128320,0.136526
1778249455.551495,0.719739,0.371695,0.988906,0.0000,0.0000,0.0000,0.105092,0.105092,0.104986,0.000000,0.000000,0.000000,0.753706,0.379088,1.010590,0.062179,0.013533,0.039695,0.133467,44.591980,43.930224,-2.926848,1.926440,-1.573452,-2.890000,1.890000,-1.527950,0.126229,0.128321,0.136508
1778249455.562051,0.719867,0.371740,0.989010,0.0000,0.0000,0.0000,0.105092,0.105092,0.104986,0.000000,0.000000,0.000000,0.753706,0.379088,1.010590,0.062201,0.013506,0.039668,0.133464,44.595481,43.934084,-2.926745,1.926337,-1.573447,-2.890000,1.890000,-1.527950,0.126227,0.128323,0.136494
1778249455.571475,0.719995,0.371782,0.989114,0.0000,0.0000,0.0000,0.105092,0.105092,0.104986,0.000000,0.000000,0.000000,0.753706,0.379088,1.010590,0.062224,0.013485,0.039640,0.133461,44.596626,43.935726,-2.926640,1.926232,-1.573441,-2.890000,1.890000,-1.527950,0.126226,0.128324,0.136476
1778249455.581503,0.720122,0.371822,0.989219,0.0000,0.0000,0.0000,0.105092,0.105092,0.104986,0.000000,0.000000,0.000000,0.753706,0.379088,1.010590,0.062224,0.013485,0.039640,0.133461,44.596626,43.935726,-2.926533,1.926125,-1.573435,-2.890000,1.890000,-1.527950,0.126224,0.128325,0.136459
1778249455.592076,0.720247,0.371861,0.989325,0.0000,0.0000,0.0000,0.105092,0.105092,0.104986,0.000000,0.000000,0.000000,0.753706,0.379088,1.010590,0.062271,0.013451,0.039577,0.133456,44.601619,43.941441,-2.926424,1.926016,-1.573430,-2.890000,1.890000,-1.527950,0.126223,0.128327,0.136443
1778249455.601515,0.720373,0.371899,0.989431,0.0000,0.0000,0.0000,0.105092,0.105092,0.104986,0.000000,0.000000,0.000000,0.753706,0.379088,1.010590,0.062296,0.013436,0.039544,0.133454,44.604984,43.945030,-2.926314,1.925906,-1.573426,-2.890000,1.890000,-1.527950,0.126221,0.128328,0.136430
1778249455.611712,0.720498,0.371935,0.989537,0.0000,0.0000,0.0000,0.105092,0.105092,0.104986,0.000000,0.000000,0.000000,0.753706,0.379088,1.010590,0.062320,0.013424,0.039510,0.133452,44.606801,43.947203,-2.926229,1.925821,-1.573422,-2.890000,1.890000,-1.527950,0.126220,0.128330,0.136414
1778249455.621627,0.720591,0.371961,0.989616,0.0000,0.0000,0.0000,0.105092,0.105092,0.104986,0.000000,0.000000,0.000000,0.753706,0.379088,1.010590,0.062338,0.013417,0.039483,0.133449,44.608777,43.949365,-2.926115,1.925707,-1.573416,-2.890000,1.890000,-1.527950,0.126219,0.128331,0.136402
1778249455.631887,0.720715,0.371996,0.989723,0.0000,0.0000,0.0000,0.105092,0.105092,0.104986,0.000000,0.000000,0.000000,0.753706,0.379088,1.010590,0.062364,0.013407,0.039446,0.133447,44.613149,43.953901,-2.926028,1.925620,-1.573413,-2.890000,1.890000,-1.527950,0.126217,0.128332,0.136389
1778249455.641563,0.720839,0.372029,0.989829,0.0000,0.0000,0.0000,0.105092,0.105092,0.104986,0.000000,0.000000,0.000000,0.753706,0.379088,1.010590,0.062389,0.013400,0.039409,0.133445,44.616280,43.957279,-2.925910,1.925502,-1.573408,-2.890000,1.890000,-1.527950,0.126216,0.128334,0.136374
1778249455.651615,0.720963,0.372061,0.989936,0.0000,0.0000,0.0000,0.105092,0.105092,0.104986,0.000000,0.000000,0.000000,0.753706,0.379088,1.010590,0.062414,0.013394,0.039371,0.133442,44.619435,43.960675,-2.925790,1.925383,-1.573404,-2.890000,1.890000,-1.527950,0.126215,0.128335,0.136364
1778249455.661668,0.721055,0.372086,0.990016,0.0000,0.0000,0.0000,0.105092,0.105092,0.104986,0.000000,0.000000,0.000000,0.753706,0.379088,1.010590,0.062434,0.013390,0.039341,0.133440,44.621655,43.963115,-2.925668,1.925261,-1.573400,-2.890000,1.890000,-1.527950,0.126213,0.128336,0.136351
1778249455.671488,0.721178,0.372116,0.990123,0.0000,0.0000,0.0000,0.105092,0.105092,0.104986,0.000000,0.000000,0.000000,0.753706,0.379088,1.010590,0.062459,0.013387,0.039302,0.133438,44.624792,43.966484,-2.925544,1.925137,-1.573395,-2.890000,1.890000,-1.527950,0.126212,0.128338,0.136338
1778249455.682062,0.721301,0.372147,0.990229,0.0000,0.0000,0.0000,0.105092,0.105092,0.104986,0.000000,0.000000,0.000000,0.753706,0.379088,1.010590,0.062485,0.013385,0.039261,0.133436,44.628633,43.970513,-2.925417,1.925011,-1.573391,-2.890000,1.890000,-1.527950,0.126210,0.128339,0.136325
1778249455.691939,0.721424,0.372176,0.990336,0.0000,0.0000,0.0000,0.105092,0.105092,0.104986,0.000000,0.000000,0.000000,0.753706,0.379088,1.010590,0.062511,0.013384,0.039220,0.133433,44.631932,43.974018,-2.925288,1.924882,-1.573387,-2.890000,1.890000,-1.527950,0.126208,0.128341,0.136313
1778249455.701402,0.721547,0.372206,0.990443,0.0000,0.0000,0.0000,0.105092,0.105092,0.104986,0.000000,0.000000,0.000000,0.753706,0.379088,1.010590,0.062511,0.013384,0.039220,0.133433,44.631932,43.974018,-2.925190,1.924784,-1.573384,-2.890000,1.890000,-1.527950,0.126207,0.128343,0.136301
1778249455.711989,0.721669,0.372234,0.990549,0.0000,0.0000,0.0000,0.105092,0.105092,0.104986,0.000000,0.000000,0.000000,0.753706,0.379088,1.010590,0.062563,0.013386,0.039136,0.133428,44.639396,43.981870,-2.925024,1.924618,-1.573379,-2.890000,1.890000,-1.527950,0.126205,0.128345,0.136288
1778249455.721354,0.721791,0.372262,0.990656,0.0000,0.0000,0.0000,0.105092,0.105092,0.104986,0.000000,0.000000,0.000000,0.753706,0.379088,1.010590,0.062589,0.013388,0.039094,0.133426,44.643238,43.985874,-2.924888,1.924483,-1.573375,-2.890000,1.890000,-1.527950,0.126203,0.128347,0.136276
1778249455.731616,0.721913,0.372288,0.990762,0.0000,0.0000,0.0000,0.105092,0.105092,0.104986,0.000000,0.000000,0.000000,0.753706,0.379088,1.010590,0.062615,0.013392,0.039051,0.133423,44.646170,43.989042,-2.924785,1.924379,-1.573371,-2.890000,1.890000,-1.527950,0.126201,0.128348,0.136263
1778249455.741404,0.722035,0.372315,0.990869,0.0000,0.0000,0.0000,0.105092,0.105092,0.104986,0.000000,0.000000,0.000000,0.753706,0.379088,1.010590,0.062642,0.013396,0.039007,0.133421,44.650279,43.993278,-2.924645,1.924239,-1.573368,-2.890000,1.890000,-1.527950,0.126199,0.128350,0.136254
1778249455.751582,0.722127,0.372335,0.990949,0.0000,0.0000,0.0000,0.105092,0.105092,0.104986,0.000000,0.000000,0.000000,0.753706,0.379088,1.010590,0.062642,0.013396,0.039007,0.133421,44.650279,43.993278,-2.924538,1.924133,-1.573364,-2.890000,1.890000,-1.527950,0.126197,0.128352,0.136241
1778249455.761811,0.722248,0.372360,0.991055,0.0000,0.0000,0.0000,0.105092,0.105092,0.104986,0.000000,0.000000,0.000000,0.753706,0.379088,1.010590,0.062688,0.013408,0.038929,0.133416,44.655911,43.999228,-2.924357,1.923952,-1.573359,-2.890000,1.890000,-1.527950,0.126195,0.128354,0.136228
1778249455.772027,0.722370,0.372385,0.991161,0.0000,0.0000,0.0000,0.105092,0.105092,0.104986,0.000000,0.000000,0.000000,0.753706,0.379088,1.010590,0.062714,0.013416,0.038884,0.133413,44.658952,44.002474,-2.924209,1.923804,-1.573354,-2.890000,1.890000,-1.527950,0.126193,0.128357,0.136215
1778249455.781469,0.722491,0.372409,0.991268,0.0000,0.0000,0.0000,0.105092,0.105092,0.104986,0.000000,0.000000,0.000000,0.753706,0.379088,1.010590,0.062741,0.013425,0.038838,0.133411,44.662733,44.006420,-2.924096,1.923692,-1.573351,-2.890000,1.890000,-1.527950,0.126190,0.128359,0.136201
1778249455.791425,0.722613,0.372432,0.991374,0.0000,0.0000,0.0000,0.105092,0.105092,0.104986,0.000000,0.000000,0.000000,0.753706,0.379088,1.010590,0.062767,0.013436,0.038791,0.133408,44.665506,44.009429,-2.923944,1.923540,-1.573346,-2.890000,1.890000,-1.527950,0.126188,0.128361,0.136190
1778249455.801413,0.722734,0.372456,0.991480,0.0000,0.0000,0.0000,0.105092,0.105092,0.104986,0.000000,0.000000,0.000000,0.753706,0.379088,1.010590,0.062794,0.013447,0.038744,0.133405,44.668779,44.012888,-2.923789,1.923385,-1.573341,-2.890000,1.890000,-1.527950,0.126186,0.128364,0.136175
1778249455.812079,0.722825,0.372472,0.991560,0.0000,0.0000,0.0000,0.105092,0.105092,0.104986,0.000000,0.000000,0.000000,0.753706,0.379088,1.010590,0.062794,0.013447,0.038744,0.133405,44.668779,44.012888,-2.923631,1.923227,-1.573335,-2.890000,1.890000,-1.527950,0.126087,0.128269,0.136159
1778249455.821472,0.722945,0.372495,0.991666,0.0000,0.0000,0.0000,0.105092,0.105092,0.104986,0.000000,0.000000,0.000000,0.753706,0.379088,1.010590,0.062841,0.013470,0.038660,0.133400,44.673226,44.017768,-2.923510,1.923106,-1.573332,-2.890000,1.890000,-1.527950,0.125481,0.127658,0.136143
1778249455.831475,0.723066,0.372516,0.991772,0.0000,0.0000,0.0000,0.105092,0.105092,0.104986,0.000000,0.000000,0.000000,0.753706,0.379088,1.010590,0.062868,0.013484,0.038611,0.133397,44.676062,44.020817,-2.923347,1.922943,-1.573326,-2.890000,1.890000,-1.527950,0.125019,0.127193,0.136130
1778249455.841907,0.723157,0.372532,0.991852,0.0000,0.0000,0.0000,0.105092,0.105092,0.104986,0.000000,0.000000,0.000000,0.753706,0.379088,1.010590,0.062888,0.013496,0.038574,0.133395,44.677507,44.022314,-2.923182,1.922778,-1.573320,-2.890000,1.890000,-1.527950,0.124394,0.126563,0.136112
1778249455.851602,0.723277,0.372553,0.991958,0.0000,0.0000,0.0000,0.105092,0.105092,0.104986,0.000000,0.000000,0.000000,0.753706,0.379088,1.010590,0.062888,0.013496,0.038574,0.133395,44.677507,44.022314,-2.923013,1.922609,-1.573314,-2.890000,1.890000,-1.527950,0.123758,0.125923,0.136094
1778249455.861554,0.723398,0.372574,0.992064,0.0000,0.0000,0.0000,0.105092,0.105092,0.104986,0.000000,0.000000,0.000000,0.753706,0.379088,1.010590,0.062942,0.013528,0.038475,0.133389,44.683475,44.028363,-2.922885,1.922481,-1.573309,-2.890000,1.890000,-1.527950,0.123113,0.125274,0.136075
1778249455.871370,0.723520,0.372596,0.992170,0.0000,0.0000,0.0000,0.105092,0.105092,0.104986,0.000000,0.000000,0.000000,0.753706,0.379088,1.010590,0.062969,0.013544,0.038425,0.133386,44.687060,44.031956,-2.922712,1.922308,-1.573302,-2.890000,1.890000,-1.527950,0.122623,0.124780,0.136060
1778249455.881791,0.723611,0.372611,0.992249,0.0000,0.0000,0.0000,0.105092,0.105092,0.104986,0.000000,0.000000,0.000000,0.753706,0.379088,1.010590,0.062989,0.013556,0.038388,0.133383,44.687680,44.032688,-2.922537,1.922132,-1.573295,-2.890000,1.890000,-1.527950,0.121961,0.124113,0.136041
1778249455.891526,0.723732,0.372632,0.992354,0.0000,0.0000,0.0000,0.105092,0.105092,0.104986,0.000000,0.000000,0.000000,0.753706,0.379088,1.010590,0.063015,0.013572,0.038339,0.133380,44.690784,44.035889,-2.922404,1.921999,-1.573290,-2.890000,1.890000,-1.527950,0.121288,0.123437,0.136019
1778249455.901467,0.723854,0.372654,0.992459,0.0000,0.0000,0.0000,0.105092,0.105092,0.104986,0.000000,0.000000,0.000000,0.753706,0.379088,1.010590,0.063042,0.013587,0.038289,0.133377,44.694297,44.039393,-2.922224,1.921819,-1.573283,-2.890000,1.890000,-1.527950,0.120607,0.122751,0.135999
1778249455.911589,0.723976,0.372675,0.992564,0.0000,0.0000,0.0000,0.105092,0.105092,0.104986,0.000000,0.000000,0.000000,0.753706,0.379088,1.010590,0.063069,0.013604,0.038240,0.133374,44.696927,44.042137,-2.922042,1.921636,-1.573276,-2.890000,1.890000,-1.527950,0.120090,0.122231,0.135982
1778249455.921715,0.724067,0.372692,0.992643,0.0000,0.0000,0.0000,0.105092,0.105092,0.104986,0.000000,0.000000,0.000000,0.753706,0.379088,1.010590,0.063069,0.013604,0.038240,0.133374,44.696927,44.042137,-2.921857,1.921451,-1.573269,-2.890000,1.890000,-1.527950,0.119392,0.121528,0.135961
1778249455.931339,0.724190,0.372713,0.992748,0.0000,0.0000,0.0000,0.105092,0.105092,0.104986,0.000000,0.000000,0.000000,0.753706,0.379088,1.010590,0.063115,0.013631,0.038153,0.133367,44.702589,44.047886,-2.921716,1.921311,-1.573264,-2.890000,1.890000,-1.527950,0.118684,0.120816,0.135940
1778249455.941572,0.724312,0.372736,0.992852,0.0000,0.0000,0.0000,0.105092,0.105092,0.104986,0.000000,0.000000,0.000000,0.753706,0.379088,1.010590,0.063142,0.013646,0.038103,0.133364,44.705858,44.051258,-2.921527,1.921122,-1.573257,-2.890000,1.890000,-1.527950,0.118147,0.120275,0.135924
1778249455.951668,0.724403,0.372752,0.992931,0.0000,0.0000,0.0000,0.105092,0.105092,0.104986,0.000000,0.000000,0.000000,0.753706,0.379088,1.010590,0.063163,0.013658,0.038065,0.133360,44.706750,44.052360,-2.921335,1.920929,-1.573250,-2.890000,1.890000,-1.527950,0.117422,0.119546,0.135903
1778249455.961615,0.724525,0.372774,0.993035,0.0000,0.0000,0.0000,0.105092,0.105092,0.104986,0.000000,0.000000,0.000000,0.753706,0.379088,1.010590,0.063163,0.013658,0.038065,0.133360,44.706750,44.052360,-2.921141,1.920735,-1.573243,-2.890000,1.890000,-1.527950,0.116687,0.118807,0.135884
1778249455.971460,0.724662,0.372795,0.993132,0.0000,0.0000,0.0000,0.105092,0.105092,0.104986,0.000000,0.000000,0.000000,0.753706,0.379088,1.010590,0.063200,0.013695,0.037989,0.133353,44.715067,44.052631,-2.920999,1.920592,-1.573246,-2.890000,1.890000,-1.527950,0.115961,0.118080,0.135885
1778249455.981408,0.724821,0.372811,0.993231,0.0000,0.0000,0.0000,0.105092,0.105092,0.104986,0.000000,0.000000,0.000000,0.753706,0.379088,1.010590,0.063197,0.013733,0.037980,0.133346,44.661735,43.993561,-2.920830,1.920423,-1.573260,-2.890000,1.890000,-1.527950,0.115470,0.117589,0.135916
1778249455.991544,0.724948,0.372830,0.993302,0.0000,0.0000,0.0000,0.105092,0.105092,0.104986,0.000000,0.000000,0.000000,0.753706,0.379088,1.010590,0.063189,0.013751,0.037987,0.133339,44.681908,44.011134,-2.920676,1.920273,-1.573286,-2.890000,1.890000,-1.527950,0.114885,0.116997,0.135984
1778249456.001832,0.725118,0.372867,0.993392,0.0000,0.0000,0.0000,0.105092,0.105092,0.104986,0.000000,0.000000,0.000000,0.753706,0.379088,1.010590,0.063178,0.013748,0.038006,0.133331,44.706124,44.035356,-2.920529,1.920134,-1.573325,-2.890000,1.890000,-1.527950,0.114344,0.116435,0.136095
1778249456.011517,0.725281,0.372903,0.993489,0.0000,0.0000,0.0000,0.105092,0.105092,0.104986,0.000000,0.000000,0.000000,0.753706,0.379088,1.010590,0.063177,0.013747,0.038009,0.133322,44.670359,44.002927,-2.920426,1.920035,-1.573353,-2.890000,1.890000,-1.527950,0.113838,0.115909,0.136207
1778249456.021363,0.725438,0.372943,0.993588,0.0000,0.0000,0.0000,0.105092,0.105092,0.104986,0.000000,0.000000,0.000000,0.753706,0.379088,1.010590,0.063184,0.013735,0.038002,0.133313,44.693508,44.027091,-2.920293,1.919907,-1.573386,-2.890000,1.890000,-1.527950,0.113349,0.115407,0.136305
1778249456.031475,0.725592,0.372987,0.993684,0.0000,0.0000,0.0000,0.105092,0.105092,0.104986,0.000000,0.000000,0.000000,0.753706,0.379088,1.010590,0.063190,0.013714,0.037999,0.133304,44.735410,44.068795,-2.920163,1.919780,-1.573415,-2.890000,1.890000,-1.527950,0.112985,0.115038,0.136373
1778249456.041655,0.725706,0.373021,0.993754,0.0000,0.0000,0.0000,0.105092,0.105092,0.104986,0.000000,0.000000,0.000000,0.753706,0.379088,1.010590,0.063190,0.013714,0.037999,0.133304,44.735410,44.068795,-2.920035,1.919653,-1.573443,-2.890000,1.890000,-1.527950,0.112500,0.114550,0.136457
1778249456.051491,0.725858,0.373066,0.993845,0.0000,0.0000,0.0000,0.105092,0.105092,0.104986,0.000000,0.000000,0.000000,0.753706,0.379088,1.010590,0.063199,0.013667,0.038002,0.133289,44.780482,44.114305,-2.919908,1.919527,-1.573470,-2.890000,1.890000,-1.527950,0.112018,0.114069,0.136539
1778249456.061610,0.726008,0.373109,0.993936,0.0000,0.0000,0.0000,0.105092,0.105092,0.104986,0.000000,0.000000,0.000000,0.753706,0.379088,1.010590,0.063203,0.013644,0.038003,0.133281,44.792833,44.127591,-2.919781,1.919400,-1.573496,-2.890000,1.890000,-1.527950,0.111536,0.113589,0.136617
1778249456.071426,0.726155,0.373151,0.994027,0.0000,0.0000,0.0000,0.105092,0.105092,0.104986,0.000000,0.000000,0.000000,0.753706,0.379088,1.010590,0.063210,0.013621,0.038000,0.133273,44.803457,44.139205,-2.919686,1.919305,-1.573516,-2.890000,1.890000,-1.527950,0.111054,0.113111,0.136696
1778249456.081371,0.726299,0.373191,0.994119,0.0000,0.0000,0.0000,0.105092,0.105092,0.104986,0.000000,0.000000,0.000000,0.753706,0.379088,1.010590,0.063218,0.013602,0.037993,0.133266,44.812224,44.148965,-2.919560,1.919178,-1.573541,-2.890000,1.890000,-1.527950,0.110567,0.112630,0.136773
1778249456.091715,0.726440,0.373230,0.994211,0.0000,0.0000,0.0000,0.105092,0.105092,0.104986,0.000000,0.000000,0.000000,0.753706,0.379088,1.010590,0.063218,0.013602,0.037993,0.133266,44.812224,44.148965,-2.919432,1.919049,-1.573567,-2.890000,1.890000,-1.527950,0.110077,0.112147,0.136851
1778249456.101430,0.726579,0.373266,0.994304,0.0000,0.0000,0.0000,0.105092,0.105092,0.104986,0.000000,0.000000,0.000000,0.753706,0.379088,1.010590,0.063239,0.013574,0.037968,0.133253,44.824708,44.163220,-2.919303,1.918919,-1.573593,-2.890000,1.890000,-1.527950,0.109582,0.111659,0.136927
1778249456.111482,0.726716,0.373300,0.994397,0.0000,0.0000,0.0000,0.105092,0.105092,0.104986,0.000000,0.000000,0.000000,0.753706,0.379088,1.010590,0.063252,0.013565,0.037949,0.133246,44.829213,44.168469,-2.919173,1.918788,-1.573619,-2.890000,1.890000,-1.527950,0.109207,0.111290,0.136986
1778249456.121529,0.726818,0.373324,0.994468,0.0000,0.0000,0.0000,0.105092,0.105092,0.104986,0.000000,0.000000,0.000000,0.753706,0.379088,1.010590,0.063263,0.013561,0.037933,0.133241,44.832790,44.172506,-2.919042,1.918655,-1.573645,-2.890000,1.890000,-1.527950,0.108701,0.110793,0.137063
1778249456.131819,0.726952,0.373355,0.994562,0.0000,0.0000,0.0000,0.105092,0.105092,0.104986,0.000000,0.000000,0.000000,0.753706,0.379088,1.010590,0.063278,0.013559,0.037908,0.133235,44.835791,44.176117,-2.918908,1.918520,-1.573671,-2.890000,1.890000,-1.527950,0.108190,0.110290,0.137142
1778249456.141378,0.727084,0.373384,0.994657,0.0000,0.0000,0.0000,0.105092,0.105092,0.104986,0.000000,0.000000,0.000000,0.753706,0.379088,1.010590,0.063294,0.013561,0.037880,0.133230,44.839224,44.180145,-2.918807,1.918418,-1.573690,-2.890000,1.890000,-1.527950,0.107671,0.109780,0.137220
1778249456.151469,0.727215,0.373413,0.994753,0.0000,0.0000,0.0000,0.105092,0.105092,0.104986,0.000000,0.000000,0.000000,0.753706,0.379088,1.010590,0.063312,0.013564,0.037849,0.133224,44.842195,44.183550,-2.918671,1.918280,-1.573717,-2.890000,1.890000,-1.527950,0.107146,0.109264,0.137300
1778249456.161495,0.727314,0.373433,0.994824,0.0000,0.0000,0.0000,0.105092,0.105092,0.104986,0.000000,0.000000,0.000000,0.753706,0.379088,1.010590,0.063324,0.013570,0.037828,0.133219,44.885411,44.224775,-2.918533,1.918141,-1.573743,-2.890000,1.890000,-1.527950,0.107146,0.109264,0.137300
1778249456.171363,0.727457,0.373495,0.994888,0.0000,0.0000,0.0000,0.105092,0.105092,0.104986,0.000000,0.000000,0.000000,0.753706,0.379088,1.010590,0.063313,0.013490,0.037874,0.133213,45.209829,44.528479,-2.918403,1.918009,-1.573763,-2.890000,1.890000,-1.527950,0.106231,0.108361,0.137426
1778249456.181549,0.727613,0.373630,0.994919,0.0000,0.0000,0.0000,0.105092,0.105092,0.104986,0.000000,0.000000,0.000000,0.753706,0.379088,1.010590,0.063286,0.013237,0.038009,0.133205,45.350186,44.647893,-2.918294,1.917896,-1.573774,-2.890000,1.890000,-1.527950,0.105786,0.107930,0.137465
1778249456.191980,0.727784,0.373787,0.994950,0.0000,0.0000,0.0000,0.105092,0.105092,0.104986,0.000000,0.000000,0.000000,0.753706,0.379088,1.010590,0.063255,0.012936,0.038164,0.133195,45.243782,44.538186,-2.918205,1.917802,-1.573776,-2.890000,1.890000,-1.527950,0.105410,0.107574,0.137478
1778249456.201376,0.727971,0.373929,0.994994,0.0000,0.0000,0.0000,0.105092,0.105092,0.104986,0.000000,0.000000,0.000000,0.753706,0.379088,1.010590,0.063255,0.012936,0.038164,0.133195,45.243782,44.538186,-2.918131,1.917722,-1.573775,-2.890000,1.890000,-1.527950,0.105095,0.107279,0.137475
1778249456.211662,0.728164,0.374050,0.995046,0.0000,0.0000,0.0000,0.105092,0.105092,0.104986,0.000000,0.000000,0.000000,0.753706,0.379088,1.010590,0.063178,0.012462,0.038448,0.133165,45.069503,44.373653,-2.918066,1.917652,-1.573771,-2.890000,1.890000,-1.527950,0.104823,0.107022,0.137464
1778249456.221789,0.728354,0.374159,0.995104,0.0000,0.0000,0.0000,0.105092,0.105092,0.104986,0.000000,0.000000,0.000000,0.753706,0.379088,1.010590,0.063140,0.012277,0.038569,0.133148,45.056341,44.364815,-2.918004,1.917588,-1.573765,-2.890000,1.890000,-1.527950,0.104576,0.106784,0.137448
1778249456.231467,0.728536,0.374260,0.995166,0.0000,0.0000,0.0000,0.105092,0.105092,0.104986,0.000000,0.000000,0.000000,0.753706,0.379088,1.010590,0.063110,0.012106,0.038672,0.133131,45.052676,44.365251,-2.917945,1.917526,-1.573759,-2.890000,1.890000,-1.527950,0.104342,0.106556,0.137430
1778249456.241746,0.728709,0.374353,0.995233,0.0000,0.0000,0.0000,0.105092,0.105092,0.104986,0.000000,0.000000,0.000000,0.753706,0.379088,1.010590,0.063087,0.011950,0.038758,0.133114,45.049906,44.366240,-2.917901,1.917481,-1.573754,-2.890000,1.890000,-1.527950,0.104114,0.106334,0.137411
1778249456.251454,0.728875,0.374439,0.995303,0.0000,0.0000,0.0000,0.105092,0.105092,0.104986,0.000000,0.000000,0.000000,0.753706,0.379088,1.010590,0.063071,0.011808,0.038828,0.133097,45.049470,44.368803,-2.917844,1.917422,-1.573748,-2.890000,1.890000,-1.527950,0.103947,0.106170,0.137396
1778249456.261489,0.729036,0.374517,0.995377,0.0000,0.0000,0.0000,0.105092,0.105092,0.104986,0.000000,0.000000,0.000000,0.753706,0.379088,1.010590,0.063059,0.011684,0.038885,0.133082,45.049754,44.371738,-2.917788,1.917364,-1.573741,-2.890000,1.890000,-1.527950,0.103727,0.105953,0.137378
1778249456.271415,0.729192,0.374586,0.995454,0.0000,0.0000,0.0000,0.105092,0.105092,0.104986,0.000000,0.000000,0.000000,0.753706,0.379088,1.010590,0.063050,0.011581,0.038930,0.133067,45.048749,44.373173,-2.917731,1.917306,-1.573735,-2.890000,1.890000,-1.527950,0.103507,0.105737,0.137358
1778249456.281453,0.729306,0.374632,0.995513,0.0000,0.0000,0.0000,0.105092,0.105092,0.104986,0.000000,0.000000,0.000000,0.753706,0.379088,1.010590,0.063046,0.011515,0.038957,0.133055,45.048012,44.373950,-2.917674,1.917247,-1.573727,-2.890000,1.890000,-1.527950,0.103287,0.105518,0.137335
1778249456.291717,0.729454,0.374688,0.995595,0.0000,0.0000,0.0000,0.105092,0.105092,0.104986,0.000000,0.000000,0.000000,0.753706,0.379088,1.010590,0.063044,0.011439,0.038982,0.133043,45.046306,44.374111,-2.917615,1.917188,-1.573719,-2.890000,1.890000,-1.527950,0.103064,0.105296,0.137311
1778249456.301559,0.729598,0.374738,0.995678,0.0000,0.0000,0.0000,0.105092,0.105092,0.104986,0.000000,0.000000,0.000000,0.753706,0.379088,1.010590,0.063046,0.011376,0.038997,0.133032,45.046257,44.375614,-2.917556,1.917128,-1.573711,-2.890000,1.890000,-1.527950,0.102838,0.105070,0.137288
1778249456.311702,0.729739,0.374785,0.995764,0.0000,0.0000,0.0000,0.105092,0.105092,0.104986,0.000000,0.000000,0.000000,0.753706,0.379088,1.010590,0.063052,0.011320,0.039003,0.133021,45.047803,44.378172,-2.917512,1.917083,-1.573706,-2.890000,1.890000,-1.527950,0.102668,0.104900,0.137271
1778249456.321405,0.729843,0.374818,0.995830,0.0000,0.0000,0.0000,0.105092,0.105092,0.104986,0.000000,0.000000,0.000000,0.753706,0.379088,1.010590,0.063059,0.011284,0.039004,0.133012,45.048434,44.379527,-2.917452,1.917023,-1.573699,-2.890000,1.890000,-1.527950,0.102440,0.104672,0.137251
1778249456.331827,0.729980,0.374857,0.995919,0.0000,0.0000,0.0000,0.105092,0.105092,0.104986,0.000000,0.000000,0.000000,0.753706,0.379088,1.010590,0.063068,0.011246,0.038999,0.133003,45.047551,44.379612,-2.917391,1.916961,-1.573691,-2.890000,1.890000,-1.527950,0.102209,0.104441,0.137229
1778249456.341880,0.730115,0.374892,0.996009,0.0000,0.0000,0.0000,0.105092,0.105092,0.104986,0.000000,0.000000,0.000000,0.753706,0.379088,1.010590,0.063079,0.011219,0.038989,0.132995,45.047157,44.380086,-2.917329,1.916899,-1.573684,-2.890000,1.890000,-1.527950,0.101974,0.104205,0.137205
1778249456.351388,0.730248,0.374925,0.996100,0.0000,0.0000,0.0000,0.105092,0.105092,0.104986,0.000000,0.000000,0.000000,0.753706,0.379088,1.010590,0.063093,0.011198,0.038973,0.132987,45.048207,44.381740,-2.917282,1.916851,-1.573678,-2.890000,1.890000,-1.527950,0.101736,0.103965,0.137182
1778249456.361408,0.730379,0.374956,0.996192,0.0000,0.0000,0.0000,0.105092,0.105092,0.104986,0.000000,0.000000,0.000000,0.753706,0.379088,1.010590,0.063109,0.011180,0.038953,0.132980,45.050727,44.384662,-2.917219,1.916788,-1.573671,-2.890000,1.890000,-1.527950,0.101556,0.103785,0.137167
1778249456.372195,0.730478,0.374977,0.996262,0.0000,0.0000,0.0000,0.105092,0.105092,0.104986,0.000000,0.000000,0.000000,0.753706,0.379088,1.010590,0.063121,0.011172,0.038936,0.132973,45.051682,44.385922,-2.917155,1.916723,-1.573664,-2.890000,1.890000,-1.527950,0.101313,0.103541,0.137146
1778249456.381505,0.730608,0.375003,0.996356,0.0000,0.0000,0.0000,0.105092,0.105092,0.104986,0.000000,0.000000,0.000000,0.753706,0.379088,1.010590,0.063138,0.011166,0.038910,0.132963,45.052676,44.387351,-2.917106,1.916674,-1.573658,-2.890000,1.890000,-1.527950,0.101067,0.103292,0.137124
1778249456.391513,0.730737,0.375029,0.996450,0.0000,0.0000,0.0000,0.105092,0.105092,0.104986,0.000000,0.000000,0.000000,0.753706,0.379088,1.010590,0.063156,0.011162,0.038881,0.132950,45.055458,44.390405,-2.917040,1.916608,-1.573652,-2.890000,1.890000,-1.527950,0.100880,0.103104,0.137109
1778249456.401547,0.730834,0.375046,0.996521,0.0000,0.0000,0.0000,0.105092,0.105092,0.104986,0.000000,0.000000,0.000000,0.753706,0.379088,1.010590,0.063170,0.011163,0.038857,0.132936,45.056078,44.391354,-2.916974,1.916541,-1.573645,-2.890000,1.890000,-1.527950,0.100628,0.102851,0.137088
1778249456.411548,0.730962,0.375069,0.996616,0.0000,0.0000,0.0000,0.105092,0.105092,0.104986,0.000000,0.000000,0.000000,0.753706,0.379088,1.010590,0.063190,0.011167,0.038824,0.132920,45.058406,44.393957,-2.916906,1.916473,-1.573638,-2.890000,1.890000,-1.527950,0.100372,0.102593,0.137067
1778249456.422170,0.731089,0.375091,0.996711,0.0000,0.0000,0.0000,0.105092,0.105092,0.104986,0.000000,0.000000,0.000000,0.753706,0.379088,1.010590,0.063190,0.011167,0.038824,0.132920,45.058406,44.393957,-2.916837,1.916405,-1.573631,-2.890000,1.890000,-1.527950,0.100114,0.102332,0.137048
1778249456.431543,0.731216,0.375110,0.996807,0.0000,0.0000,0.0000,0.105092,0.105092,0.104986,0.000000,0.000000,0.000000,0.753706,0.379088,1.010590,0.063211,0.011172,0.038789,0.132903,45.061673,44.397410,-2.916768,1.916335,-1.573624,-2.890000,1.890000,-1.527950,0.099851,0.102067,0.137027
1778249456.441414,0.731343,0.375130,0.996902,0.0000,0.0000,0.0000,0.105092,0.105092,0.104986,0.000000,0.000000,0.000000,0.753706,0.379088,1.010590,0.063231,0.011183,0.038753,0.132885,45.063917,44.399899,-2.916715,1.916282,-1.573620,-2.890000,1.890000,-1.527950,0.099585,0.101798,0.137008
1778249456.451487,0.731469,0.375149,0.996998,0.0000,0.0000,0.0000,0.105092,0.105092,0.104986,0.000000,0.000000,0.000000,0.753706,0.379088,1.010590,0.063274,0.011209,0.038675,0.132849,45.070455,44.406738,-2.916625,1.916193,-1.573611,-2.890000,1.890000,-1.527950,0.099315,0.101526,0.136988
1778249456.461542,0.731595,0.375168,0.997094,0.0000,0.0000,0.0000,0.105092,0.105092,0.104986,0.000000,0.000000,0.000000,0.753706,0.379088,1.010590,0.063296,0.011223,0.038634,0.132830,45.074530,44.410873,-2.916553,1.916120,-1.573606,-2.890000,1.890000,-1.527950,0.099041,0.101250,0.136970
1778249456.471646,0.731721,0.375185,0.997190,0.0000,0.0000,0.0000,0.105092,0.105092,0.104986,0.000000,0.000000,0.000000,0.753706,0.379088,1.010590,0.063318,0.011241,0.038593,0.132812,45.077586,44.414094,-2.916498,1.916065,-1.573601,-2.890000,1.890000,-1.527950,0.098764,0.100970,0.136951
1778249456.481439,0.731847,0.375202,0.997286,0.0000,0.0000,0.0000,0.105092,0.105092,0.104986,0.000000,0.000000,0.000000,0.753706,0.379088,1.010590,0.063340,0.011262,0.038551,0.132794,45.080640,44.417309,-2.916424,1.915991,-1.573594,-2.890000,1.890000,-1.527950,0.098483,0.100685,0.136932
1778249456.491455,0.731972,0.375219,0.997382,0.0000,0.0000,0.0000,0.105092,0.105092,0.104986,0.000000,0.000000,0.000000,0.753706,0.379088,1.010590,0.063364,0.011280,0.038507,0.132776,45.085506,44.422177,-2.916348,1.915915,-1.573589,-2.890000,1.890000,-1.527950,0.098198,0.100398,0.136915
1778249456.501409,0.732066,0.375231,0.997454,0.0000,0.0000,0.0000,0.105092,0.105092,0.104986,0.000000,0.000000,0.000000,0.753706,0.379088,1.010590,0.063381,0.011296,0.038475,0.132760,45.088198,44.424895,-2.916272,1.915839,-1.573583,-2.890000,1.890000,-1.527950,0.097983,0.100180,0.136902
1778249456.511898,0.732191,0.375247,0.997550,0.0000,0.0000,0.0000,0.105092,0.105092,0.104986,0.000000,0.000000,0.000000,0.753706,0.379088,1.010590,0.063403,0.011320,0.038430,0.132743,45.090979,44.427850,-2.916194,1.915762,-1.573577,-2.890000,1.890000,-1.527950,0.097691,0.099885,0.136884
1778249456.521490,0.732316,0.375263,0.997645,0.0000,0.0000,0.0000,0.105092,0.105092,0.104986,0.000000,0.000000,0.000000,0.753706,0.379088,1.010590,0.063427,0.011344,0.038385,0.132726,45.095499,44.432431,-2.916135,1.915703,-1.573573,-2.890000,1.890000,-1.527950,0.097395,0.099585,0.136867
1778249456.531522,0.732441,0.375278,0.997741,0.0000,0.0000,0.0000,0.105092,0.105092,0.104986,0.000000,0.000000,0.000000,0.753706,0.379088,1.010590,0.063450,0.011367,0.038339,0.132709,45.099877,44.436862,-2.916056,1.915624,-1.573567,-2.890000,1.890000,-1.527950,0.097096,0.099283,0.136851
1778249456.541484,0.732566,0.375294,0.997836,0.0000,0.0000,0.0000,0.105092,0.105092,0.104986,0.000000,0.000000,0.000000,0.753706,0.379088,1.010590,0.063473,0.011393,0.038293,0.132692,45.103562,44.440639,-2.915976,1.915543,-1.573562,-2.890000,1.890000,-1.527950,0.096868,0.099053,0.136838
1778249456.551731,0.732659,0.375305,0.997908,0.0000,0.0000,0.0000,0.105092,0.105092,0.104986,0.000000,0.000000,0.000000,0.753706,0.379088,1.010590,0.063491,0.011412,0.038258,0.132677,45.105656,44.442864,-2.915894,1.915462,-1.573557,-2.890000,1.890000,-1.527950,0.096562,0.098743,0.136823
1778249456.561448,0.732783,0.375320,0.998003,0.0000,0.0000,0.0000,0.105092,0.105092,0.104986,0.000000,0.000000,0.000000,0.753706,0.379088,1.010590,0.063515,0.011440,0.038210,0.132661,45.109657,44.446950,-2.915832,1.915400,-1.573553,-2.890000,1.890000,-1.527950,0.096250,0.098428,0.136807
1778249456.571583,0.732908,0.375334,0.998098,0.0000,0.0000,0.0000,0.105092,0.105092,0.104986,0.000000,0.000000,0.000000,0.753706,0.379088,1.010590,0.063538,0.011468,0.038163,0.132645,45.113720,44.451085,-2.915749,1.915317,-1.573547,-2.890000,1.890000,-1.527950,0.095935,0.098109,0.136791
1778249456.581425,0.733032,0.375349,0.998193,0.0000,0.0000,0.0000,0.105092,0.105092,0.104986,0.000000,0.000000,0.000000,0.753706,0.379088,1.010590,0.063562,0.011496,0.038115,0.132629,45.117897,44.455317,-2.915664,1.915233,-1.573543,-2.890000,1.890000,-1.527950,0.095616,0.097785,0.136776
1778249456.591494,0.733156,0.375363,0.998288,0.0000,0.0000,0.0000,0.105092,0.105092,0.104986,0.000000,0.000000,0.000000,0.753706,0.379088,1.010590,0.063586,0.011525,0.038066,0.132613,45.122192,44.459653,-2.915578,1.915147,-1.573538,-2.890000,1.890000,-1.527950,0.095374,0.097540,0.136766
1778249456.601357,0.733280,0.375378,0.998382,0.0000,0.0000,0.0000,0.105092,0.105092,0.104986,0.000000,0.000000,0.000000,0.753706,0.379088,1.010590,0.063609,0.011555,0.038018,0.132596,45.126228,44.463757,-2.915491,1.915060,-1.573533,-2.890000,1.890000,-1.527950,0.095047,0.097209,0.136751
1778249456.611417,0.733373,0.375388,0.998453,0.0000,0.0000,0.0000,0.105092,0.105092,0.104986,0.000000,0.000000,0.000000,0.753706,0.379088,1.010590,0.063609,0.011555,0.038018,0.132596,45.126228,44.463757,-2.915425,1.914995,-1.573529,-2.890000,1.890000,-1.527950,0.094715,0.096873,0.136737
1778249456.621695,0.733497,0.375402,0.998547,0.0000,0.0000,0.0000,0.105092,0.105092,0.104986,0.000000,0.000000,0.000000,0.753706,0.379088,1.010590,0.063651,0.011609,0.037932,0.132566,45.133622,44.471192,-2.915313,1.914883,-1.573524,-2.890000,1.890000,-1.527950,0.094379,0.096533,0.136723
1778249456.631580,0.733621,0.375416,0.998641,0.0000,0.0000,0.0000,0.105092,0.105092,0.104986,0.000000,0.000000,0.000000,0.753706,0.379088,1.010590,0.063675,0.011641,0.037882,0.132551,45.137555,44.475195,-2.915222,1.914793,-1.573519,-2.890000,1.890000,-1.527950,0.094038,0.096188,0.136709
1778249456.641368,0.733776,0.375434,0.998758,0.0000,0.0000,0.0000,0.105092,0.105092,0.104986,0.000000,0.000000,0.000000,0.753706,0.379088,1.010590,0.063704,0.011681,0.037819,0.132534,45.142565,44.480312,-2.915130,1.914702,-1.573515,-2.890000,1.890000,-1.527950,0.093693,0.095838,0.136696
1778249456.651772,0.733868,0.375444,0.998828,0.0000,0.0000,0.0000,0.105092,0.105092,0.104986,0.000000,0.000000,0.000000,0.753706,0.379088,1.010590,0.063722,0.011706,0.037782,0.132519,45.145594,44.483345,-2.915037,1.914609,-1.573510,-2.890000,1.890000,-1.527950,0.093344,0.095484,0.136683
1778249456.662674,0.733992,0.375458,0.998921,0.0000,0.0000,0.0000,0.105092,0.105092,0.104986,0.000000,0.000000,0.000000,0.753706,0.379088,1.010590,0.063722,0.011706,0.037782,0.132519,45.145594,44.483345,-2.914966,1.914539,-1.573507,-2.890000,1.890000,-1.527950,0.093078,0.095215,0.136673
1778249456.671856,0.734115,0.375472,0.999015,0.0000,0.0000,0.0000,0.105092,0.105092,0.104986,0.000000,0.000000,0.000000,0.753706,0.379088,1.010590,0.063746,0.011740,0.037731,0.132504,45.149388,44.487207,-2.914871,1.914444,-1.573503,-2.890000,1.890000,-1.527950,0.092630,0.094761,0.136657
1778249456.681860,0.734208,0.375482,0.999084,0.0000,0.0000,0.0000,0.105092,0.105092,0.104986,0.000000,0.000000,0.000000,0.753706,0.379088,1.010590,0.063788,0.011799,0.037642,0.132474,45.155620,44.493622,-2.914774,1.914348,-1.573499,-2.890000,1.890000,-1.527950,0.092358,0.094484,0.136648
1778249456.691405,0.734362,0.375499,0.999200,0.0000,0.0000,0.0000,0.105092,0.105092,0.104986,0.000000,0.000000,0.000000,0.753706,0.379088,1.010590,0.063818,0.011843,0.037577,0.132458,45.161956,44.499931,-2.914676,1.914250,-1.573494,-2.890000,1.890000,-1.527950,0.091897,0.094018,0.136632
1778249456.701906,0.734486,0.375512,0.999293,0.0000,0.0000,0.0000,0.105092,0.105092,0.104986,0.000000,0.000000,0.000000,0.753706,0.379088,1.010590,0.063842,0.011879,0.037525,0.132443,45.165928,44.503986,-2.914577,1.914151,-1.573490,-2.890000,1.890000,-1.527950,0.091522,0.093638,0.136619
1778249456.711403,0.734578,0.375522,0.999362,0.0000,0.0000,0.0000,0.105092,0.105092,0.104986,0.000000,0.000000,0.000000,0.753706,0.379088,1.010590,0.063860,0.011906,0.037486,0.132428,45.167492,44.505689,-2.914476,1.914051,-1.573486,-2.890000,1.890000,-1.527950,0.091238,0.093350,0.136610
1778249456.721454,0.734701,0.375535,0.999454,0.0000,0.0000,0.0000,0.105092,0.105092,0.104986,0.000000,0.000000,0.000000,0.753706,0.379088,1.010590,0.063884,0.011942,0.037434,0.132414,45.171940,44.510144,-2.914374,1.913949,-1.573482,-2.890000,1.890000,-1.527950,0.090855,0.092962,0.136597
1778249456.731866,0.734824,0.375548,0.999546,0.0000,0.0000,0.0000,0.105092,0.105092,0.104986,0.000000,0.000000,0.000000,0.753706,0.379088,1.010590,0.063907,0.011981,0.037381,0.132399,45.175741,44.514009,-2.914270,1.913846,-1.573477,-2.890000,1.890000,-1.527950,0.090467,0.092569,0.136584
1778249456.741397,0.734947,0.375561,0.999637,0.0000,0.0000,0.0000,0.105092,0.105092,0.104986,0.000000,0.000000,0.000000,0.753706,0.379088,1.010590,0.063931,0.012020,0.037328,0.132384,45.179736,44.518063,-2.914192,1.913768,-1.573474,-2.890000,1.890000,-1.527950,0.090073,0.092169,0.136571
1778249456.751451,0.735071,0.375574,0.999729,0.0000,0.0000,0.0000,0.105092,0.105092,0.104986,0.000000,0.000000,0.000000,0.753706,0.379088,1.010590,0.063954,0.012059,0.037275,0.132369,45.183545,44.521935,-2.914086,1.913663,-1.573470,-2.890000,1.890000,-1.527950,0.089774,0.091867,0.136561
1778249456.761819,0.735163,0.375584,0.999797,0.0000,0.0000,0.0000,0.105092,0.105092,0.104986,0.000000,0.000000,0.000000,0.753706,0.379088,1.010590,0.063972,0.012088,0.037235,0.132356,45.186997,44.525340,-2.913978,1.913556,-1.573465,-2.890000,1.890000,-1.527950,0.089371,0.091458,0.136548
1778249456.771423,0.735286,0.375597,0.999888,0.0000,0.0000,0.0000,0.105092,0.105092,0.104986,0.000000,0.000000,0.000000,0.753706,0.379088,1.010590,0.063995,0.012129,0.037181,0.132342,45.190491,44.528925,-2.913896,1.913475,-1.573462,-2.890000,1.890000,-1.527950,0.088962,0.091044,0.136534
1778249456.781362,0.735409,0.375609,0.999979,0.0000,0.0000,0.0000,0.105092,0.105092,0.104986,0.000000,0.000000,0.000000,0.753706,0.379088,1.010590,0.064019,0.012172,0.037127,0.132327,45.194226,44.532759,-2.913786,1.913365,-1.573457,-2.890000,1.890000,-1.527950,0.088547,0.090624,0.136519
1778249456.791604,0.735531,0.375623,1.000069,0.0000,0.0000,0.0000,0.105092,0.105092,0.104986,0.000000,0.000000,0.000000,0.753706,0.379088,1.010590,0.064043,0.012212,0.037072,0.132313,45.199114,44.537621,-2.913675,1.913254,-1.573452,-2.890000,1.890000,-1.527950,0.088127,0.090199,0.136506
1778249456.801448,0.735654,0.375635,1.000160,0.0000,0.0000,0.0000,0.105092,0.105092,0.104986,0.000000,0.000000,0.000000,0.753706,0.379088,1.010590,0.064066,0.012257,0.037018,0.132298,45.201894,44.540521,-2.913562,1.913142,-1.573447,-2.890000,1.890000,-1.527950,0.087700,0.089767,0.136490
1778249456.811424,0.735777,0.375646,1.000250,0.0000,0.0000,0.0000,0.105092,0.105092,0.104986,0.000000,0.000000,0.000000,0.753706,0.379088,1.010590,0.064089,0.012303,0.036963,0.132284,45.204914,44.543686,-2.913447,1.913027,-1.573442,-2.890000,1.890000,-1.527950,0.087376,0.089439,0.136478
1778249456.821485,0.735869,0.375656,1.000317,0.0000,0.0000,0.0000,0.105092,0.105092,0.104986,0.000000,0.000000,0.000000,0.753706,0.379088,1.010590,0.064107,0.012335,0.036920,0.132271,45.207456,44.546297,-2.913330,1.912911,-1.573437,-2.890000,1.890000,-1.527950,0.086939,0.088996,0.136462
1778249456.831506,0.735991,0.375669,1.000407,0.0000,0.0000,0.0000,0.105092,0.105092,0.104986,0.000000,0.000000,0.000000,0.753706,0.379088,1.010590,0.064107,0.012335,0.036920,0.132271,45.207456,44.546297,-2.913212,1.912794,-1.573431,-2.890000,1.890000,-1.527950,0.086497,0.088548,0.136447
1778249456.841405,0.736114,0.375680,1.000497,0.0000,0.0000,0.0000,0.105092,0.105092,0.104986,0.000000,0.000000,0.000000,0.753706,0.379088,1.010590,0.064154,0.012428,0.036808,0.132243,45.214487,44.553467,-2.913123,1.912705,-1.573427,-2.890000,1.890000,-1.527950,0.086047,0.088093,0.136428
1778249456.851365,0.736236,0.375693,1.000586,0.0000,0.0000,0.0000,0.105092,0.105092,0.104986,0.000000,0.000000,0.000000,0.753706,0.379088,1.010590,0.064178,0.012474,0.036751,0.132229,45.218759,44.557772,-2.913002,1.912584,-1.573421,-2.890000,1.890000,-1.527950,0.085706,0.087748,0.136416
1778249456.861353,0.736359,0.375705,1.000675,0.0000,0.0000,0.0000,0.105092,0.105092,0.104986,0.000000,0.000000,0.000000,0.753706,0.379088,1.010590,0.064201,0.012522,0.036694,0.132214,45.222286,44.561375,-2.912879,1.912462,-1.573415,-2.890000,1.890000,-1.527950,0.085245,0.087282,0.136397
1778249456.871426,0.736481,0.375717,1.000764,0.0000,0.0000,0.0000,0.105092,0.105092,0.104986,0.000000,0.000000,0.000000,0.753706,0.379088,1.010590,0.064224,0.012571,0.036636,0.132200,45.225197,44.564352,-2.912755,1.912339,-1.573409,-2.890000,1.890000,-1.527950,0.084778,0.086810,0.136379
1778249456.881722,0.736572,0.375725,1.000831,0.0000,0.0000,0.0000,0.105092,0.105092,0.104986,0.000000,0.000000,0.000000,0.753706,0.379088,1.010590,0.064224,0.012571,0.036636,0.132200,45.225197,44.564352,-2.912629,1.912213,-1.573402,-2.890000,1.890000,-1.527950,0.084304,0.086330,0.136359
1778249456.891643,0.736694,0.375738,1.000919,0.0000,0.0000,0.0000,0.105092,0.105092,0.104986,0.000000,0.000000,0.000000,0.753706,0.379088,1.010590,0.064266,0.012658,0.036534,0.132173,45.231720,44.570938,-2.912533,1.912117,-1.573397,-2.890000,1.890000,-1.527950,0.083823,0.085844,0.136340
1778249456.901377,0.736816,0.375750,1.001008,0.0000,0.0000,0.0000,0.105092,0.105092,0.104986,0.000000,0.000000,0.000000,0.753706,0.379088,1.010590,0.064289,0.012708,0.036475,0.132159,45.235340,44.574634,-2.912404,1.911989,-1.573390,-2.890000,1.890000,-1.527950,0.083336,0.085351,0.136319
1778249456.911354,0.736938,0.375762,1.001096,0.0000,0.0000,0.0000,0.105092,0.105092,0.104986,0.000000,0.000000,0.000000,0.753706,0.379088,1.010590,0.064313,0.012758,0.036415,0.132145,45.238578,44.577937,-2.912273,1.911858,-1.573383,-2.890000,1.890000,-1.527950,0.082966,0.084977,0.136304
1778249456.921877,0.737029,0.375771,1.001162,0.0000,0.0000,0.0000,0.105092,0.105092,0.104986,0.000000,0.000000,0.000000,0.753706,0.379088,1.010590,0.064331,0.012796,0.036370,0.132132,45.239955,44.579468,-2.912140,1.911726,-1.573376,-2.890000,1.890000,-1.527950,0.082467,0.084471,0.136282
1778249456.931349,0.737151,0.375783,1.001250,0.0000,0.0000,0.0000,0.105092,0.105092,0.104986,0.000000,0.000000,0.000000,0.753706,0.379088,1.010590,0.064355,0.012847,0.036309,0.132119,45.243729,44.583303,-2.912039,1.911625,-1.573371,-2.890000,1.890000,-1.527950,0.081960,0.083959,0.136261
1778249456.941490,0.737272,0.375796,1.001337,0.0000,0.0000,0.0000,0.105092,0.105092,0.104986,0.000000,0.000000,0.000000,0.753706,0.379088,1.010590,0.064379,0.012899,0.036248,0.132105,45.246429,44.586093,-2.911903,1.911490,-1.573364,-2.890000,1.890000,-1.527950,0.081576,0.083571,0.136245
1778249456.951936,0.737363,0.375805,1.001403,0.0000,0.0000,0.0000,0.105092,0.105092,0.104986,0.000000,0.000000,0.000000,0.753706,0.379088,1.010590,0.064398,0.012936,0.036202,0.132093,45.249985,44.589603,-2.911765,1.911352,-1.573357,-2.890000,1.890000,-1.527950,0.081057,0.083046,0.136223
1778249456.961440,0.737485,0.375818,1.001490,0.0000,0.0000,0.0000,0.105092,0.105092,0.104986,0.000000,0.000000,0.000000,0.753706,0.379088,1.010590,0.064422,0.012988,0.036140,0.132079,45.252691,44.592384,-2.911660,1.911248,-1.573351,-2.890000,1.890000,-1.527950,0.080531,0.082514,0.136202
1778249456.971736,0.737606,0.375831,1.001577,0.0000,0.0000,0.0000,0.105092,0.105092,0.104986,0.000000,0.000000,0.000000,0.753706,0.379088,1.010590,0.064447,0.013039,0.036078,0.132066,45.255399,44.595183,-2.911518,1.911107,-1.573344,-2.890000,1.890000,-1.527950,0.079998,0.081974,0.136180
1778249456.981668,0.737697,0.375841,1.001642,0.0000,0.0000,0.0000,0.105092,0.105092,0.104986,0.000000,0.000000,0.000000,0.753706,0.379088,1.010590,0.064466,0.013075,0.036030,0.132053,45.258084,44.597929,-2.911375,1.910964,-1.573337,-2.890000,1.890000,-1.527950,0.079593,0.081565,0.136165
1778249456.991777,0.737818,0.375854,1.001729,0.0000,0.0000,0.0000,0.105092,0.105092,0.104986,0.000000,0.000000,0.000000,0.753706,0.379088,1.010590,0.064491,0.013126,0.035967,0.132040,45.260433,44.600369,-2.911230,1.910820,-1.573330,-2.890000,1.890000,-1.527950,0.079048,0.081014,0.136144
1778249457.001415,0.737939,0.375867,1.001816,0.0000,0.0000,0.0000,0.105092,0.105092,0.104986,0.000000,0.000000,0.000000,0.753706,0.379088,1.010590,0.064516,0.013178,0.035903,0.132026,45.263107,44.603194,-2.911120,1.910710,-1.573324,-2.890000,1.890000,-1.527950,0.078494,0.080453,0.136121
1778249457.011554,0.738029,0.375878,1.001880,0.0000,0.0000,0.0000,0.105092,0.105092,0.104986,0.000000,0.000000,0.000000,0.753706,0.379088,1.010590,0.064536,0.013214,0.035854,0.132013,45.266451,44.606492,-2.910971,1.910562,-1.573318,-2.890000,1.890000,-1.527950,0.078074,0.080029,0.136107
1778249457.021793,0.738150,0.375892,1.001966,0.0000,0.0000,0.0000,0.105092,0.105092,0.104986,0.000000,0.000000,0.000000,0.753706,0.379088,1.010590,0.064561,0.013264,0.035789,0.132000,45.268914,44.609031,-2.910820,1.910411,-1.573311,-2.890000,1.890000,-1.527950,0.077507,0.079456,0.136087
1778249457.031417,0.738269,0.375904,1.002060,0.0000,0.0000,0.0000,0.105092,0.105092,0.104986,0.000000,0.000000,0.000000,0.753706,0.379088,1.010590,0.064599,0.013324,0.035699,0.131986,45.161940,44.504060,-2.910710,1.910301,-1.573307,-2.890000,1.890000,-1.527950,0.076947,0.078890,0.136070
1778249457.041598,0.738365,0.375912,1.002133,0.0000,0.0000,0.0000,0.105092,0.105092,0.104986,0.000000,0.000000,0.000000,0.753706,0.379088,1.010590,0.064627,0.013378,0.035628,0.131972,45.168532,44.505615,-2.910577,1.910169,-1.573307,-2.890000,1.890000,-1.527950,0.076565,0.078505,0.136067
1778249457.051697,0.738516,0.375932,1.002213,0.0000,0.0000,0.0000,0.105092,0.105092,0.104986,0.000000,0.000000,0.000000,0.753706,0.379088,1.010590,0.064615,0.013426,0.035632,0.131957,45.273539,44.599564,-2.910459,1.910052,-1.573320,-2.890000,1.890000,-1.527950,0.076106,0.078044,0.136094
1778249457.062048,0.738680,0.375971,1.002282,0.0000,0.0000,0.0000,0.105092,0.105092,0.104986,0.000000,0.000000,0.000000,0.753706,0.379088,1.010590,0.064579,0.013398,0.035708,0.131942,45.306793,44.628441,-2.910353,1.909949,-1.573345,-2.890000,1.890000,-1.527950,0.075701,0.077627,0.136164
1778249457.071511,0.738846,0.376013,1.002350,0.0000,0.0000,0.0000,0.105092,0.105092,0.104986,0.000000,0.000000,0.000000,0.753706,0.379088,1.010590,0.064542,0.013357,0.035789,0.131926,45.304789,44.626517,-2.910282,1.909882,-1.573366,-2.890000,1.890000,-1.527950,0.075353,0.077265,0.136246
1778249457.081319,0.739009,0.376060,1.002419,0.0000,0.0000,0.0000,0.105092,0.105092,0.104986,0.000000,0.000000,0.000000,0.753706,0.379088,1.010590,0.064512,0.013293,0.035867,0.131910,45.323178,44.645426,-2.910194,1.909798,-1.573391,-2.890000,1.890000,-1.527950,0.075111,0.077013,0.136302
1778249457.091991,0.739128,0.376099,1.002470,0.0000,0.0000,0.0000,0.105092,0.105092,0.104986,0.000000,0.000000,0.000000,0.753706,0.379088,1.010590,0.064494,0.013223,0.035925,0.131896,45.346325,44.668715,-2.910109,1.909717,-1.573415,-2.890000,1.890000,-1.527950,0.074799,0.076690,0.136375
1778249457.101538,0.739285,0.376154,1.002537,0.0000,0.0000,0.0000,0.105092,0.105092,0.104986,0.000000,0.000000,0.000000,0.753706,0.379088,1.010590,0.064472,0.013119,0.036003,0.131882,45.369626,44.692669,-2.910028,1.909637,-1.573437,-2.890000,1.890000,-1.527950,0.074495,0.076379,0.136442
1778249457.111411,0.739438,0.376206,1.002603,0.0000,0.0000,0.0000,0.105092,0.105092,0.104986,0.000000,0.000000,0.000000,0.753706,0.379088,1.010590,0.064451,0.013018,0.036078,0.131867,45.385567,44.709551,-2.909968,1.909578,-1.573452,-2.890000,1.890000,-1.527950,0.074196,0.076076,0.136505
1778249457.121389,0.739588,0.376257,1.002670,0.0000,0.0000,0.0000,0.105092,0.105092,0.104986,0.000000,0.000000,0.000000,0.753706,0.379088,1.010590,0.064432,0.012921,0.036146,0.131853,45.397753,44.722740,-2.909890,1.909501,-1.573473,-2.890000,1.890000,-1.527950,0.073903,0.075781,0.136568
1778249457.131726,0.739699,0.376292,1.002721,0.0000,0.0000,0.0000,0.105092,0.105092,0.104986,0.000000,0.000000,0.000000,0.753706,0.379088,1.010590,0.064420,0.012858,0.036191,0.131840,45.403288,44.729269,-2.909813,1.909425,-1.573493,-2.890000,1.890000,-1.527950,0.073684,0.075561,0.136614
1778249457.141406,0.739844,0.376337,1.002789,0.0000,0.0000,0.0000,0.105092,0.105092,0.104986,0.000000,0.000000,0.000000,0.753706,0.379088,1.010590,0.064406,0.012782,0.036242,0.131827,45.409123,44.736273,-2.909755,1.909368,-1.573508,-2.890000,1.890000,-1.527950,0.073393,0.075270,0.136672
1778249457.151407,0.739985,0.376379,1.002860,0.0000,0.0000,0.0000,0.105092,0.105092,0.104986,0.000000,0.000000,0.000000,0.753706,0.379088,1.010590,0.064397,0.012716,0.036282,0.131813,45.414034,44.742306,-2.909679,1.909291,-1.573528,-2.890000,1.890000,-1.527950,0.073101,0.074979,0.136732
1778249457.161627,0.740124,0.376417,1.002931,0.0000,0.0000,0.0000,0.105092,0.105092,0.104986,0.000000,0.000000,0.000000,0.753706,0.379088,1.010590,0.064397,0.012716,0.036282,0.131813,45.414034,44.742306,-2.909583,1.909195,-1.573552,-2.890000,1.890000,-1.527950,0.072808,0.074688,0.136791
1778249457.171853,0.740260,0.376453,1.003004,0.0000,0.0000,0.0000,0.105092,0.105092,0.104986,0.000000,0.000000,0.000000,0.753706,0.379088,1.010590,0.064389,0.012621,0.036328,0.131787,45.420302,44.750524,-2.909505,1.909117,-1.573572,-2.890000,1.890000,-1.527950,0.072513,0.074394,0.136849
1778249457.181412,0.740394,0.376485,1.003078,0.0000,0.0000,0.0000,0.105092,0.105092,0.104986,0.000000,0.000000,0.000000,0.753706,0.379088,1.010590,0.064391,0.012590,0.036335,0.131774,45.422476,44.753479,-2.909447,1.909058,-1.573587,-2.890000,1.890000,-1.527950,0.072215,0.074099,0.136908
1778249457.191445,0.740526,0.376515,1.003154,0.0000,0.0000,0.0000,0.105092,0.105092,0.104986,0.000000,0.000000,0.000000,0.753706,0.379088,1.010590,0.064396,0.012572,0.036333,0.131761,45.423993,44.755690,-2.909368,1.908979,-1.573606,-2.890000,1.890000,-1.527950,0.071913,0.073800,0.136967
1778249457.201501,0.740656,0.376542,1.003230,0.0000,0.0000,0.0000,0.105092,0.105092,0.104986,0.000000,0.000000,0.000000,0.753706,0.379088,1.010590,0.064404,0.012565,0.036321,0.131748,45.424907,44.757237,-2.909268,1.908879,-1.573631,-2.890000,1.890000,-1.527950,0.071608,0.073498,0.137026
1778249457.211340,0.740785,0.376567,1.003308,0.0000,0.0000,0.0000,0.105092,0.105092,0.104986,0.000000,0.000000,0.000000,0.753706,0.379088,1.010590,0.064415,0.012567,0.036301,0.131735,45.425577,44.758462,-2.909208,1.908818,-1.573646,-2.890000,1.890000,-1.527950,0.071300,0.073193,0.137087
1778249457.221920,0.740912,0.376590,1.003387,0.0000,0.0000,0.0000,0.105092,0.105092,0.104986,0.000000,0.000000,0.000000,0.753706,0.379088,1.010590,0.064428,0.012579,0.036274,0.131723,45.426480,44.759835,-2.909126,1.908736,-1.573666,-2.890000,1.890000,-1.527950,0.070987,0.072883,0.137147
1778249457.231760,0.741038,0.376611,1.003466,0.0000,0.0000,0.0000,0.105092,0.105092,0.104986,0.000000,0.000000,0.000000,0.753706,0.379088,1.010590,0.064428,0.012579,0.036274,0.131723,45.426480,44.759835,-2.909022,1.908631,-1.573691,-2.890000,1.890000,-1.527950,0.070669,0.072569,0.137207
1778249457.241528,0.741163,0.376631,1.003547,0.0000,0.0000,0.0000,0.105092,0.105092,0.104986,0.000000,0.000000,0.000000,0.753706,0.379088,1.010590,0.064444,0.012600,0.036239,0.131710,45.427352,44.761125,-2.908938,1.908547,-1.573712,-2.890000,1.890000,-1.527950,0.070348,0.072251,0.137269
1778249457.251448,0.741288,0.376649,1.003628,0.0000,0.0000,0.0000,0.105092,0.105092,0.104986,0.000000,0.000000,0.000000,0.753706,0.379088,1.010590,0.064461,0.012628,0.036198,0.131698,45.427865,44.762015,-2.908853,1.908461,-1.573732,-2.890000,1.890000,-1.527950,0.070022,0.071928,0.137330
1778249457.261708,0.741411,0.376666,1.003709,0.0000,0.0000,0.0000,0.105092,0.105092,0.104986,0.000000,0.000000,0.000000,0.753706,0.379088,1.010590,0.064501,0.012705,0.036099,0.131673,45.429337,44.764126,-2.908766,1.908373,-1.573753,-2.890000,1.890000,-1.527950,0.069691,0.071601,0.137393
1778249457.271712,0.741534,0.376683,1.003791,0.0000,0.0000,0.0000,0.105092,0.105092,0.104986,0.000000,0.000000,0.000000,0.753706,0.379088,1.010590,0.064524,0.012752,0.036042,0.131661,45.430358,44.765418,-2.908678,1.908285,-1.573774,-2.890000,1.890000,-1.527950,0.069355,0.071269,0.137455
1778249457.281670,0.741656,0.376698,1.003873,0.0000,0.0000,0.0000,0.105092,0.105092,0.104986,0.000000,0.000000,0.000000,0.753706,0.379088,1.010590,0.064548,0.012804,0.035981,0.131648,45.431493,44.766773,-2.908589,1.908195,-1.573795,-2.890000,1.890000,-1.527950,0.069015,0.070931,0.137519
1778249457.291671,0.741778,0.376712,1.003956,0.0000,0.0000,0.0000,0.105092,0.105092,0.104986,0.000000,0.000000,0.000000,0.753706,0.379088,1.010590,0.064548,0.012804,0.035981,0.131648,45.431493,44.766773,-2.908499,1.908104,-1.573817,-2.890000,1.890000,-1.527950,0.068669,0.070589,0.137582
1778249457.301639,0.741900,0.376726,1.004038,0.0000,0.0000,0.0000,0.105092,0.105092,0.104986,0.000000,0.000000,0.000000,0.753706,0.379088,1.010590,0.064599,0.012922,0.035847,0.131623,45.433954,44.769600,-2.908407,1.908012,-1.573838,-2.890000,1.890000,-1.527950,0.068319,0.070242,0.137647
1778249457.311850,0.742021,0.376740,1.004121,0.0000,0.0000,0.0000,0.105092,0.105092,0.104986,0.000000,0.000000,0.000000,0.753706,0.379088,1.010590,0.064625,0.012986,0.035776,0.131610,45.435229,44.771019,-2.908337,1.907941,-1.573855,-2.890000,1.890000,-1.527950,0.067964,0.069889,0.137712
1778249457.321444,0.742142,0.376754,1.004204,0.0000,0.0000,0.0000,0.105092,0.105092,0.104986,0.000000,0.000000,0.000000,0.753706,0.379088,1.010590,0.064653,0.013051,0.035703,0.131597,45.437453,44.773348,-2.908243,1.907847,-1.573876,-2.890000,1.890000,-1.527950,0.067604,0.069531,0.137778
1778249457.332484,0.742235,0.376763,1.004267,0.0000,0.0000,0.0000,0.105092,0.105092,0.104986,0.000000,0.000000,0.000000,0.753706,0.379088,1.010590,0.064671,0.013108,0.035648,0.131585,45.414284,44.748300,-2.908172,1.907776,-1.573891,-2.890000,1.890000,-1.527950,0.067336,0.069264,0.137822
1778249457.341369,0.742362,0.376790,1.004347,0.0000,0.0000,0.0000,0.105092,0.105092,0.104986,0.000000,0.000000,0.000000,0.753706,0.379088,1.010590,0.064696,0.013104,0.035606,0.131572,45.475761,44.804935,-2.908089,1.907692,-1.573894,-2.890000,1.890000,-1.527950,0.067093,0.069021,0.137832
1778249457.352103,0.742457,0.376837,1.004399,0.0000,0.0000,0.0000,0.105092,0.105092,0.104986,0.000000,0.000000,0.000000,0.753706,0.379088,1.010590,0.064719,0.012953,0.035619,0.131561,45.591199,44.910404,-2.908018,1.907619,-1.573892,-2.890000,1.890000,-1.527950,0.066804,0.068736,0.137824
1778249457.361809,0.742603,0.376944,1.004437,0.0000,0.0000,0.0000,0.105092,0.105092,0.104986,0.000000,0.000000,0.000000,0.753706,0.379088,1.010590,0.064719,0.012953,0.035619,0.131561,45.591199,44.910404,-2.907964,1.907559,-1.573901,-2.890000,1.890000,-1.527950,0.066563,0.068516,0.137844
1778249457.372265,0.742775,0.377065,1.004461,0.0000,0.0000,0.0000,0.105092,0.105092,0.104986,0.000000,0.000000,0.000000,0.753706,0.379088,1.010590,0.064583,0.011953,0.036210,0.131535,45.792148,45.084802,-2.907927,1.907515,-1.573906,-2.890000,1.890000,-1.527950,0.066380,0.068359,0.137863
1778249457.381403,0.742959,0.377176,1.004493,0.0000,0.0000,0.0000,0.105092,0.105092,0.104986,0.000000,0.000000,0.000000,0.753706,0.379088,1.010590,0.064465,0.011468,0.036575,0.131517,45.703982,44.999591,-2.907908,1.907492,-1.573906,-2.890000,1.890000,-1.527950,0.066282,0.068277,0.137868
1778249457.391813,0.743142,0.377275,1.004534,0.0000,0.0000,0.0000,0.105092,0.105092,0.104986,0.000000,0.000000,0.000000,0.753706,0.379088,1.010590,0.064357,0.011043,0.036896,0.131495,45.655609,44.955408,-2.907890,1.907470,-1.573904,-2.890000,1.890000,-1.527950,0.066193,0.068204,0.137864
1778249457.401474,0.743275,0.377345,1.004569,0.0000,0.0000,0.0000,0.105092,0.105092,0.104986,0.000000,0.000000,0.000000,0.753706,0.379088,1.010590,0.064284,0.010746,0.037109,0.131472,45.650815,44.953109,-2.907879,1.907456,-1.573901,-2.890000,1.890000,-1.527950,0.066134,0.068156,0.137855
1778249457.411729,0.743447,0.377429,1.004619,0.0000,0.0000,0.0000,0.105092,0.105092,0.104986,0.000000,0.000000,0.000000,0.753706,0.379088,1.010590,0.064196,0.010383,0.037364,0.131447,45.654558,44.960229,-2.907871,1.907446,-1.573896,-2.890000,1.890000,-1.527950,0.066092,0.068123,0.137840
1778249457.421910,0.743613,0.377504,1.004673,0.0000,0.0000,0.0000,0.105092,0.105092,0.104986,0.000000,0.000000,0.000000,0.753706,0.379088,1.010590,0.064196,0.010383,0.037364,0.131447,45.654558,44.960229,-2.907866,1.907439,-1.573891,-2.890000,1.890000,-1.527950,0.066058,0.068097,0.137820
1778249457.431451,0.743771,0.377571,1.004731,0.0000,0.0000,0.0000,0.105092,0.105092,0.104986,0.000000,0.000000,0.000000,0.753706,0.379088,1.010590,0.064051,0.009778,0.037774,0.131392,45.662667,44.974113,-2.907861,1.907432,-1.573884,-2.890000,1.890000,-1.527950,0.066038,0.068082,0.137805
1778249457.441638,0.743925,0.377630,1.004792,0.0000,0.0000,0.0000,0.105092,0.105092,0.104986,0.000000,0.000000,0.000000,0.753706,0.379088,1.010590,0.063993,0.009542,0.037932,0.131364,45.664091,44.978057,-2.907857,1.907426,-1.573876,-2.890000,1.890000,-1.527950,0.066016,0.068065,0.137783
1778249457.451628,0.744036,0.377668,1.004840,0.0000,0.0000,0.0000,0.105092,0.105092,0.104986,0.000000,0.000000,0.000000,0.753706,0.379088,1.010590,0.063957,0.009395,0.038030,0.131340,45.665199,44.980740,-2.907853,1.907421,-1.573867,-2.890000,1.890000,-1.527950,0.065997,0.068049,0.137758
1778249457.461805,0.744181,0.377713,1.004908,0.0000,0.0000,0.0000,0.105092,0.105092,0.104986,0.000000,0.000000,0.000000,0.753706,0.379088,1.010590,0.063919,0.009227,0.038134,0.131315,45.665489,44.982722,-2.907850,1.907417,-1.573859,-2.890000,1.890000,-1.527950,0.065980,0.068035,0.137732
1778249457.471556,0.744322,0.377752,1.004978,0.0000,0.0000,0.0000,0.105092,0.105092,0.104986,0.000000,0.000000,0.000000,0.753706,0.379088,1.010590,0.063892,0.009094,0.038211,0.131292,45.665210,44.984079,-2.907848,1.907414,-1.573853,-2.890000,1.890000,-1.527950,0.065965,0.068023,0.137707
1778249457.481477,0.744459,0.377785,1.005051,0.0000,0.0000,0.0000,0.105092,0.105092,0.104986,0.000000,0.000000,0.000000,0.753706,0.379088,1.010590,0.063875,0.009000,0.038262,0.131270,45.663246,44.983531,-2.907844,1.907410,-1.573843,-2.890000,1.890000,-1.527950,0.065950,0.068010,0.137679
1778249457.491500,0.744559,0.377807,1.005107,0.0000,0.0000,0.0000,0.105092,0.105092,0.104986,0.000000,0.000000,0.000000,0.753706,0.379088,1.010590,0.063869,0.008946,0.038285,0.131252,45.663701,44.984748,-2.907841,1.907406,-1.573835,-2.890000,1.890000,-1.527950,0.065940,0.068001,0.137659
1778249457.502258,0.744691,0.377831,1.005184,0.0000,0.0000,0.0000,0.105092,0.105092,0.104986,0.000000,0.000000,0.000000,0.753706,0.379088,1.010590,0.063869,0.008946,0.038285,0.131252,45.663701,44.984748,-2.907839,1.907403,-1.573828,-2.890000,1.890000,-1.527950,0.065927,0.067988,0.137631
1778249457.511670,0.744821,0.377852,1.005264,0.0000,0.0000,0.0000,0.105092,0.105092,0.104986,0.000000,0.000000,0.000000,0.753706,0.379088,1.010590,0.062196,0.008655,0.037282,0.129775,45.638593,44.961539,-2.907836,1.907400,-1.573818,-2.890000,1.890000,-1.527950,0.065914,0.067976,0.137604
1778249457.521904,0.744948,0.377868,1.005345,0.0000,0.0000,0.0000,0.105092,0.105092,0.104986,0.000000,0.000000,0.000000,0.753706,0.379088,1.010590,0.061303,0.008540,0.036714,0.128544,45.619675,44.943442,-2.907832,1.907395,-1.573807,-2.890000,1.890000,-1.527950,0.065901,0.067963,0.137576
1778249457.531616,0.745073,0.377882,1.005428,0.0000,0.0000,0.0000,0.105092,0.105092,0.104986,0.000000,0.000000,0.000000,0.753706,0.379088,1.010590,0.060426,0.008445,0.036135,0.127138,45.600693,44.925078,-2.907830,1.907393,-1.573800,-2.890000,1.890000,-1.527950,0.065888,0.067951,0.137548
1778249457.541689,0.745197,0.377893,1.005511,0.0000,0.0000,0.0000,0.105092,0.105092,0.104986,0.000000,0.000000,0.000000,0.753706,0.379088,1.010590,0.059563,0.008368,0.035550,0.125621,45.582315,44.907220,-2.907826,1.907389,-1.573790,-2.890000,1.890000,-1.527950,0.065875,0.067938,0.137520
1778249457.551386,0.745318,0.377901,1.005596,0.0000,0.0000,0.0000,0.105092,0.105092,0.104986,0.000000,0.000000,0.000000,0.753706,0.379088,1.010590,0.058712,0.008307,0.034959,0.124038,45.565271,44.890612,-2.907823,1.907385,-1.573781,-2.890000,1.890000,-1.527950,0.065862,0.067925,0.137492
1778249457.561819,0.745438,0.377908,1.005680,0.0000,0.0000,0.0000,0.105092,0.105092,0.104986,0.000000,0.000000,0.000000,0.753706,0.379088,1.010590,0.057874,0.008261,0.034368,0.122420,45.549513,44.875280,-2.907820,1.907382,-1.573772,-2.890000,1.890000,-1.527950,0.065852,0.067915,0.137471
1778249457.571533,0.745556,0.377913,1.005765,0.0000,0.0000,0.0000,0.105092,0.105092,0.104986,0.000000,0.000000,0.000000,0.753706,0.379088,1.010590,0.057049,0.008225,0.033775,0.120785,45.535886,44.861917,-2.907816,1.907378,-1.573762,-2.890000,1.890000,-1.527950,0.065839,0.067901,0.137443
1778249457.581559,0.745642,0.377916,1.005827,0.0000,0.0000,0.0000,0.105092,0.105092,0.104986,0.000000,0.000000,0.000000,0.753706,0.379088,1.010590,0.057049,0.008225,0.033775,0.120785,45.535886,44.861917,-2.907811,1.907373,-1.573756,-2.890000,1.890000,-1.527950,0.065820,0.067883,0.137422
1778249457.591868,0.745755,0.377918,1.005912,0.0000,0.0000,0.0000,0.105092,0.105092,0.104986,0.000000,0.000000,0.000000,0.753706,0.379088,1.010590,0.055657,0.008187,0.032744,0.117760,45.509119,44.836521,-2.907807,1.907368,-1.573748,-2.890000,1.890000,-1.527950,0.065801,0.067864,0.137398
1778249457.602390,0.745866,0.377921,1.005996,0.0000,0.0000,0.0000,0.105092,0.105092,0.104986,0.000000,0.000000,0.000000,0.753706,0.379088,1.010590,0.054880,0.008170,0.032156,0.116210,45.502841,44.829929,-2.907802,1.907363,-1.573738,-2.890000,1.890000,-1.527950,0.065783,0.067846,0.137370
1778249457.611629,0.745977,0.377923,1.006078,0.0000,0.0000,0.0000,0.105092,0.105092,0.104986,0.000000,0.000000,0.000000,0.753706,0.379088,1.010590,0.054880,0.008170,0.032156,0.116210,45.502841,44.829929,-2.907798,1.907358,-1.573729,-2.890000,1.890000,-1.527950,0.065767,0.067830,0.137344
1778249457.621716,0.746087,0.377924,1.006159,0.0000,0.0000,0.0000,0.105092,0.105092,0.104986,0.000000,0.000000,0.000000,0.753706,0.379088,1.010590,0.053328,0.008150,0.031016,0.113095,45.491603,44.818120,-2.907795,1.907355,-1.573722,-2.890000,1.890000,-1.527950,0.065750,0.067813,0.137315
1778249457.631429,0.746196,0.377925,1.006239,0.0000,0.0000,0.0000,0.105092,0.105092,0.104986,0.000000,0.000000,0.000000,0.753706,0.379088,1.010590,0.052565,0.008141,0.030460,0.111545,45.485569,44.812071,-2.907791,1.907350,-1.573713,-2.890000,1.890000,-1.527950,0.065738,0.067801,0.137295
1778249457.642015,0.746277,0.377926,1.006297,0.0000,0.0000,0.0000,0.105092,0.105092,0.104986,0.000000,0.000000,0.000000,0.753706,0.379088,1.010590,0.052565,0.008141,0.030460,0.111545,45.485569,44.812071,-2.907787,1.907346,-1.573704,-2.890000,1.890000,-1.527950,0.065723,0.067785,0.137267
1778249457.651538,0.746384,0.377928,1.006374,0.0000,0.0000,0.0000,0.105092,0.105092,0.104986,0.000000,0.000000,0.000000,0.753706,0.379088,1.010590,0.051255,0.008124,0.029508,0.108700,45.474836,44.801290,-2.907783,1.907342,-1.573695,-2.890000,1.890000,-1.527950,0.065708,0.067769,0.137240
1778249457.661393,0.746488,0.377929,1.006450,0.0000,0.0000,0.0000,0.105092,0.105092,0.104986,0.000000,0.000000,0.000000,0.753706,0.379088,1.010590,0.050524,0.008112,0.028983,0.107256,45.481216,44.807995,-2.907779,1.907338,-1.573689,-2.890000,1.890000,-1.527950,0.065689,0.067751,0.137215
1778249457.671465,0.746589,0.377931,1.006524,0.0000,0.0000,0.0000,0.105092,0.105092,0.104986,0.000000,0.000000,0.000000,0.753706,0.379088,1.010590,0.049818,0.008098,0.028459,0.105819,45.467361,44.794597,-2.907773,1.907332,-1.573682,-2.890000,1.890000,-1.527950,0.065667,0.067729,0.137194
1778249457.681366,0.746688,0.377934,1.006598,0.0000,0.0000,0.0000,0.105092,0.105092,0.104986,0.000000,0.000000,0.000000,0.753706,0.379088,1.010590,0.049121,0.008079,0.027942,0.104394,45.465564,44.792395,-2.907768,1.907327,-1.573673,-2.890000,1.890000,-1.527950,0.065652,0.067714,0.137174
1778249457.691806,0.746763,0.377937,1.006652,0.0000,0.0000,0.0000,0.105092,0.105092,0.104986,0.000000,0.000000,0.000000,0.753706,0.379088,1.010590,0.049121,0.008079,0.027942,0.104394,45.465564,44.792395,-2.907765,1.907323,-1.573666,-2.890000,1.890000,-1.527950,0.065633,0.067695,0.137147
