{
  "rows": 901,
  "duration_s": 8.999842882156372,
  "force_on_s": 1.009915828704834,
  "force_off_s": 4.009865999221802,
  "tail_start_s": 5.999842882156372,
  "peak_abs_x_mm": 55.26699999999995,
  "final_x_mm": 38.549999999999976,
  "tail_std_x_mm": 4.852634822090642,
  "tail_range_x_mm": 16.716999999999977,
  "peak_abs_y_mm": 87.12599999999998,
  "final_y_mm": 19.075999999999983,
  "tail_std_y_mm": 20.12843287916954,
  "tail_range_y_mm": 65.93199999999999,
  "peak_abs_z_mm": 54.2459999999999,
  "final_z_mm": 28.047000000000043,
  "tail_std_z_mm": 8.42550093770295,
  "tail_range_z_mm": 26.19899999999986,
  "max_qdot_cmd_norm": 0.083039,
  "max_tau_norm": 44.968829,
  "max_tau_max_abs": 43.924634
}